word/0/@_form,word/0/lemma/@_entry,word/0/lemma/@_POS,word/1/@_form,word/1/lemma/@_entry,word/1/lemma/@_POS,word/2/@_form,word/3/@_form,word/3/lemma/@_entry,word/3/lemma/@_POS,word/4/@_form,word/4/lemma/@_entry,word/4/lemma/@_POS,word/5/@_form,word/5/lemma/@_entry,word/5/lemma/@_POS,word/6/@_form,word/7/@_form,word/7/lemma/@_entry,word/7/lemma/@_POS,word/8/@_form,word/8/lemma/@_entry,word/8/lemma/@_POS,word/9/@_form,word/9/lemma/@_entry,word/9/lemma/@_POS,word/10/@_form,word/10/lemma/@_entry,word/10/lemma/@_POS,word/11/@_form,word/11/lemma/@_entry,word/11/lemma/@_POS,word/12/@_form,word/12/lemma/@_entry,word/12/lemma/@_POS,word/13/@_form,word/13/lemma/@_entry,word/13/lemma/@_POS,word/14/@_form,word/14/lemma/@_entry,word/14/lemma/@_POS,word/15/@_form,word/15/lemma/@_entry,word/15/lemma/@_POS,word/16/@_form,word/16/lemma/@_entry,word/16/lemma/@_POS,word/17/@_form,word/17/lemma/@_entry,word/17/lemma/@_POS,word/18/@_form,word/18/lemma/@_entry,word/18/lemma/@_POS,word/2/lemma/@_entry,word/2/lemma/@_POS,word/6/lemma/@_entry,word/6/lemma/@_POS,word/19/@_form,word/19/lemma/@_entry,word/19/lemma/@_POS,word/20/@_form,word/20/lemma/@_entry,word/20/lemma/@_POS,word/21/@_form,word/21/lemma/@_entry,word/21/lemma/@_POS,word/22/@_form,word/22/lemma/@_entry,word/22/lemma/@_POS,word/23/@_form,word/23/lemma/@_entry,word/23/lemma/@_POS,word/24/@_form,word/24/lemma/@_entry,word/24/lemma/@_POS,word/25/@_form,word/25/lemma/@_entry,word/25/lemma/@_POS,word/26/@_form,word/26/lemma/@_entry,word/26/lemma/@_POS,word/27/@_form,word/27/lemma/@_entry,word/27/lemma/@_POS,word/28/@_form,word/28/lemma/@_entry,word/28/lemma/@_POS,word/29/@_form,word/29/lemma/@_entry,word/29/lemma/@_POS,word/30/@_form,word/30/lemma/@_entry,word/30/lemma/@_POS,word/31/@_form,word/31/lemma/@_entry,word/31/lemma/@_POS,word/32/@_form,word/32/lemma/@_entry,word/32/lemma/@_POS,word/33/@_form,word/33/lemma/@_entry,word/33/lemma/@_POS,word/34/@_form,word/34/lemma/@_entry,word/34/lemma/@_POS,word/35/@_form,word/35/lemma/@_entry,word/35/lemma/@_POS,word/36/@_form,word/37/@_form,word/37/lemma/@_entry,word/37/lemma/@_POS,word/38/@_form,word/38/lemma/@_entry,word/38/lemma/@_POS,word/39/@_form,word/39/lemma/@_entry,word/39/lemma/@_POS,word/40/@_form,word/40/lemma/@_entry,word/40/lemma/@_POS,word/41/@_form,word/41/lemma/@_entry,word/41/lemma/@_POS,word/42/@_form,word/42/lemma/@_entry,word/42/lemma/@_POS,word/43/@_form,word/43/lemma/@_entry,word/43/lemma/@_POS,word/44/@_form,word/44/lemma/@_entry,word/44/lemma/@_POS,word/45/@_form,word/45/lemma/@_entry,word/45/lemma/@_POS,word/46/@_form,word/46/lemma/@_entry,word/46/lemma/@_POS,word/47/@_form,word/47/lemma/@_entry,word/47/lemma/@_POS,word/48/@_form,word/48/lemma/@_entry,word/48/lemma/@_POS,word/49/@_form,word/49/lemma/@_entry,word/49/lemma/@_POS,word/36/lemma/@_entry,word/36/lemma/@_POS,word/50/@_form,word/50/lemma/@_entry,word/50/lemma/@_POS,word/51/@_form,word/51/lemma/@_entry,word/51/lemma/@_POS,word/52/@_form,word/52/lemma/@_entry,word/52/lemma/@_POS,word/53/@_form,word/53/lemma/@_entry,word/53/lemma/@_POS,word/54/@_form,word/54/lemma/@_entry,word/54/lemma/@_POS,word/55/@_form,word/55/lemma/@_entry,word/55/lemma/@_POS,word/56/@_form,word/56/lemma/@_entry,word/56/lemma/@_POS,word/57/@_form,word/57/lemma/@_entry,word/57/lemma/@_POS,word/58/@_form,word/58/lemma/@_entry,word/58/lemma/@_POS,word/59/@_form,word/59/lemma/@_entry,word/59/lemma/@_POS,word/60/@_form,word/60/lemma/@_entry,word/60/lemma/@_POS,word/61/@_form,word/61/lemma/@_entry,word/61/lemma/@_POS,word/62/@_form,word/62/lemma/@_entry,word/62/lemma/@_POS,word/63/@_form,word/63/lemma/@_entry,word/63/lemma/@_POS,word/64/@_form,word/64/lemma/@_entry,word/64/lemma/@_POS,word/65/@_form,word/65/lemma/@_entry,word/65/lemma/@_POS
o(/ti,ὅστις,pronoun,oi(,ὁ,article,*(rwmai/wn,strathgoi\,στρατηγός,noun,*kornh/lios,Κορνήλιος,proper,kai\,καί,conjunction,*koroui=nos,kai\,καί,conjunction,*de/kios,Δέκιος,proper,dhmo/ths,δημότης,noun,*sauni/tas,Σαυνῖται,proper,nikh/santes,νικάω,verb,u(pe/lipon,ὑπολείπω,verb,*kampanoi=s,Καμπανοί,proper,fu/lakas,φύλαξ,noun,pro\s,πρός,preposition,ta\s,ὁ,article,*saunitw=n,Σαυνῖται,proper,e)pidroma/s,ἐπιδρομή,noun,,,,,,,,,,,,,,,,,,,,,,,,,,,,,,,,,,,,,,,,,,,,,,,,,,,,,,,,,,,,,,,,,,,,,,,,,,,,,,,,,,,,,,,,,,,,,,,,,,,,,,,,,,,,,,,,,,,,,,,,,,,,,,,,,,,,,,,,,,,,,,,,,
oi(,ὁ,article,de\,δέ,particle,fu/lakes,oi(/de,ὅδε,pronoun,*kampanoi=s,Καμπανοί,proper,a(brodiai/tois,ἁβροδίαιτος,adjective,kai\,polutele/sin,πολυτελής,adverb,ou)=si,εἰμί,verb,koinwnou=ntes,κοινωνέω,verb,e)fqei/ronto,φθείρω,verb,ta\s,ὁ,article,gnw/mas,γνώμη,noun,kai\,καί,conjunction,e)fqo/noun,φθονέω,verb,w(=n,ὅς,pronoun,e)/xousin,ἔχω,verb,a)gaqw=n,ἀγαθός,adjective,au)toi\,αὐτός,pronoun,φύλαξ,noun,καί,conjunction,peno/menoi,πένομαι,verb,kai\,καί,conjunction,ta\,ὁ,article,xre/a,χρέος,noun,dedio/tes,δείδω,verb,ta\,ὁ,article,e)n,ἐν,preposition,*(rw/mh|,,,,,,,,,,,,,,,,,,,,,,,,,,,,,,,,,,,,,,,,,,,,,,,,,,,,,,,,,,,,,,,,,,,,,,,,,,,,,,,,,,,,,,,,,,,,,,,,,,,,,,,,,,,,,,,,,,,,,,,
te/los,τέλος,noun,de\,δέ,particle,e)pebou/leuon,tou\s,ὁ,article,ce/nous,ξένος,noun,e(autw=n,ἑαυτοῦ,pronoun,a)nelo/ntes,e(/kastoi,ἕκαστος,adjective,th\n,ὁ,article,periousi/an,περιουσία,noun,katasxei=n,κατασχάω,verb,kai\,καί,conjunction,ta\s,ὁ,article,gunai=kas,γυνή,noun,e)s,εἰς,preposition,ga/mon,γάμος,adjective,prosagage/sqai,προσάγω,verb,,,,,,,ἐπιβουλεύω,verb,ἀναιρέω,verb,,,,,,,,,,,,,,,,,,,,,,,,,,,,,,,,,,,,,,,,,,,,,,,,,,,,,,,,,,,,,,,,,,,,,,,,,,,,,,,,,,,,,,,,,,,,,,,,,,,,,,,,,,,,,,,,,,,,,,,,,,,,,,,,,,,,,,,,,,,,,
kai\,καί,conjunction,ta/xa,τάχα,adjective,a)\n,e)/pracan,πράσσω,verb,ai)sxro\n,αἰσχρός,adjective,ou(/tw,οὕτως,adverb,mu/sos,ei),εἰ,conjunction,mh\,μή,conjunction,*ma/merkos,Μάμερκος,proper,e(/teros,ἕτερος,adjective,*(rwmai/wn,,,strathgo/s,στρατηγός,noun,e)pi\,ἐπί,preposition,*sauni/tas,Σαυνῖται,proper,o(deu/wn,ὁδεύω,verb,e)/maqe,μανθάνω,verb,to\,ὁ,article,bou/leuma,βούλευμα,noun,ἄν,particle,μύσος,adjective,tw=n,ὁ,article,fula/kwn,φύλαξ,noun,kai\,καί,conjunction,e)pikru/yas,ἐπικρύπτω,verb,tou\s,ὁ,article,me\n,μέν,particle,au)tw=n,αὐτός,pronoun,e)cw/plise,ἐξοπλίζω,verb,kai\,καί,conjunction,a)fh=ken,ἀφήκω,verb,oi(=a,οἷος,adjective,kekmhko/tas,κάμνω,verb,tou\s,ὁ,article,de\,δέ,particle,ponhrote/rous,πονηρός,adjective,e)ke/leusen,κελεύω,verb,e)s,εἰς,preposition,*(rw/mhn,e)pi/,ἐπί,preposition,tina,τις,pronoun,xrei/an,χρεία,noun,e)pei/gesqai,ἐπείγω,verb,xili/arxo/n,χιλίαρχος,noun,te,τε,particle,au)toi=s,αὐτός,pronoun,sune/pemyen,συμπέμπω,verb,w(=|,ὅς,pronoun,ei)/rhto,ἐρῶ,verb,a)fanw=s,ἀφανής,adjective,au)tou\s,αὐτός,pronoun,fula/ssein,φυλάσσω,verb,,,,,,,,,,,,,,,,,,,,,,,,,,,,,,,,,,,,,,,,,,,,,,,,,,
e(ka/teroi,ἑκάτερος,adjective,d',δέ,particle,u(pw/pteuon,memhnu=sqai,μηνύω,verb,kai\,καί,conjunction,peri\,περί,preposition,*tarraki/nhn,a)fi/stantai/,ἀφίστημι,verb,te,τε,particle,tou=,ὁ,article,xilia/rxou,χιλίαρχος,noun,kai\,καί,conjunction,tou\s,ὁ,article,e)pi\,ἐπί,preposition,tw=n,ὁ,article,e)/rgwn,ἔργον,noun,e)n,ἐν,preposition,toi=s,ὁ,article,a)groi=s,ἀγρός,noun,ὑποπτεύω,verb,,,dedeme/nous,δέω,verb,e)klu/santes,ἐκλύω,verb,kai\,καί,conjunction,o(pli/santes,ὁπλίζω,verb,w(s,ὡς,conjunction,e)du/nanto,δύναμαι,verb,h)/launon,ἐλαύνω,verb,e)s,εἰς,preposition,*(rw/mhn,,,o(mou=,ὁμοῦ,adverb,dismu/rioi,δισμύριοι,adjective,gegono/tes,γίγνομαι,verb,,,,,,,,,,,,,,,,,,,,,,,,,,,,,,,,,,,,,,,,,,,,,,,,,,,,,,,,,,,,,,,,,,,,,,,,,,,,,,,,,,,,,,,,,,,,,,,,,,,,,,,,,
e)/ti,ἔτι,adverb,d',δέ,particle,au)tw=n,o(do\n,ὁδός,adjective,h(me/ras,ἡμέρα,noun,mia=s,εἷς,adjective,a)pexo/ntwn,u(ph/nta,ὑπαντάω,verb,*koroui=nos,,,kai\,καί,conjunction,parastratopedeu/sas,παραστρατοπεδεύω,verb,e)n,ἐν,preposition,toi=s,ὁ,article,o)/resi,ὄρος,adjective,toi=s,ὁ,article,*)albanw=n,,,h)remei/,,,periskopw=n,περισκοπέω,verb,te,τε,particle,αὐτός,pronoun,ἀπέχω,verb,to\,ὁ,article,e)/rgon,ἔργον,noun,e)/ti,ἔτι,adverb,kai\,καί,conjunction,me/ga,μέγας,adverb,h(gou/menos,ἡγέομαι,verb,a)pegnwko/si,ἀπογιγνώσκω,verb,ma/xesqai,μάχομαι,verb,,,,,,,,,,,,,,,,,,,,,,,,,,,,,,,,,,,,,,,,,,,,,,,,,,,,,,,,,,,,,,,,,,,,,,,,,,,,,,,,,,,,,,,,,,,,,,,,,,,,,,,,,,,,,,,,,,,,,
oi(,ὁ,article,de\,δέ,particle,e)pemi/gnunto,a)llh/lois,ἀλλήλων,pronoun,kru/fa,κρύφα,adverb,kai\,καί,conjunction,o)durmoi\,kai\,καί,conjunction,da/krua,δάκρυον,noun,tw=n,ὁ,article,fula/kwn,φύλαξ,noun,h)=n,εἰμί,verb,w(s,ὡς,conjunction,e)n,ἐν,preposition,oi)kei/ois,οἰκεῖος,adjective,kai\,καί,conjunction,fi/lois,φίλος,adjective,a(martei=n,ἁμαρτάνω,verb,me\n,μέν,particle,ἐπιμίγνυμι,verb,ὀδυρμός,noun,o(mologou/ntwn,ὁμολογέω,verb,th\n,ὁ,article,de\,δέ,particle,ai)ti/an,αἰτία,noun,e)s,εἰς,preposition,ta\,ὁ,article,xre/a,χρέος,noun,fero/ntwn,φέρω,verb,ta\,ὁ,article,e)n,ἐν,preposition,*(rw/mh|,,,,,,,,,,,,,,,,,,,,,,,,,,,,,,,,,,,,,,,,,,,,,,,,,,,,,,,,,,,,,,,,,,,,,,,,,,,,,,,,,,,,,,,,,,,,,,,,,,,,,,,,,,,,,,
w(=n,ὅς,pronoun,o(,ὁ,article,*koroui=nos,ai)sqano/menos,αἰσθάνομαι,verb,kai\,καί,conjunction,o)knw=n,ὀκνέω,verb,a(/yasqai,politikou=,πολιτικός,adjective,kai\,καί,conjunction,tosou/tou,τοσοῦτος,adjective,fo/nou,φόνος,noun,sunebou/leuse,συμβουλεύω,verb,th=|,ὁ,article,boulh=|,βουλεύς,noun,ta\,ὁ,article,xre/a,χρέος,noun,toi=s,ὁ,article,a)ndra/si,ἀνήρ,noun,meqei=nai,μεθίημι,verb,,,ἅπτω,verb,to/n,ὁ,article,te,τε,particle,po/lemon,πόλεμος,noun,e)cai/rwn,ἐξαίρω,verb,e)pi\,ἐπί,preposition,me/ga,μέγας,adverb,ei),εἰ,conjunction,tosw=nde,τοσόσδε,adjective,a)ndrw=n,ἀνήρ,noun,du/naito,δύναμαι,verb,krath=sai,κρατέω,verb,maxome/nwn,μάχομαι,verb,e)c,ἐκ,preposition,a)pognw/sews,ἀπόγνωσις,noun,kai\,καί,conjunction,ta\s,ὁ,article,suno/dous,σύνοδος,noun,au)tw=n,kai\,καί,conjunction,e)pimici/as,ἐπιμιξία,adjective,e)n,ἐν,preposition,u(ponoi/a|,ὑπόνοια,noun,tiqe/menos,τίθημι,verb,mh\,μή,conjunction,ou)d',οὐδέ,particle,o(,ὁ,article,i)/dios,ἴδιος,adjective,au)tw=|,αὐτός,pronoun,strato\s,στρατός,noun,e)s,εἰς,preposition,pa/nta,πᾶς,adjective,αὐτός,pronoun,h)=|,εἰμί,verb,pisto/s,πιστός,adjective,a(/te,ἅτε,adverb,suggenei=s,συγγενεύς,noun,o)/ntes,εἰμί,verb,e)kei/nwn,ἐκεῖνος,pronoun,kai\,καί,conjunction,ou)x,οὐ,adverb,h(=sson,ἥσσων,adverb,au)tw=n,αὐτός,pronoun,ai)tiw/menoi,αἰτιάομαι,verb,ta\,ὁ,article,xre/a,χρέος,noun,,,,,,,,,
sfale/nta,σφάλλω,verb,de\,δέ,particle,kinduneu/sein,e)/fh,φημί,verb,peri\,περί,preposition,meizo/nwn,μέγας,adverb,,,,,,,,,,,,,,,,,,,,,,,,,,,,,,,,,,,,,,κινδυνεύω,verb,,,,,,,,,,,,,,,,,,,,,,,,,,,,,,,,,,,,,,,,,,,,,,,,,,,,,,,,,,,,,,,,,,,,,,,,,,,,,,,,,,,,,,,,,,,,,,,,,,,,,,,,,,,,,,,,,,,,,,,,,,,,,,,,,,,,,,,,,,,,,,,
kai\,καί,conjunction,th\n,ὁ,article,ni/khn,ei),εἰ,conjunction,krath/seien,κρατέω,verb,a)tuxesta/thn,ἀτυχής,adverb,e)/sesqai,th=|,ὁ,article,po/lei,πόλις,adjective,kat',κατά,preposition,oi)kei/wn,οἰκεῖος,adjective,tosw=nde,τοσόσδε,adjective,,,,,,,,,,,,,,,,,,,,,,νίκη,noun,εἰμί,verb,,,,,,,,,,,,,,,,,,,,,,,,,,,,,,,,,,,,,,,,,,,,,,,,,,,,,,,,,,,,,,,,,,,,,,,,,,,,,,,,,,,,,,,,,,,,,,,,,,,,,,,,,,,,,,,,,,,,,,,,,,,,,,,,,,,,,,,,,,,,,
oi(=s,ὅς,pronoun,h(,ὁ,article,boulh\,peisqei=sa,πείθω,verb,ta\s,ὁ,article,me\n,μέν,particle,tw=n,xrew=n,χρέα,adjective,a)pokopa\s,ἀποκοπή,noun,e)yhfi/sato,ψηφίζομαι,verb,pa=si,πᾶς,adjective,*(rwmai/ois,,,toi=s,ὁ,article,de\,δέ,particle,to/te,τότε,adverb,e)xqroi=s,ἐχθρός,adjective,kai\,καί,conjunction,a)/deian,ἄδεια,noun,,,,βουλή,noun,ὁ,article,,,,,,,,,,,,,,,,,,,,,,,,,,,,,,,,,,,,,,,,,,,,,,,,,,,,,,,,,,,,,,,,,,,,,,,,,,,,,,,,,,,,,,,,,,,,,,,,,,,,,,,,,,,,,,,,,,,,,,,,,,,,,,,,,,,,,,,,,,,,,
oi(,ὁ,article,me\n,μέν,particle,dh\,ta\,ὁ,article,o(/pla,ὅπλον,noun,a)poqe/menoi,ἀποτίθημι,verb,kath/|esan,e)s,εἰς,preposition,th\n,ὁ,article,po/lin,πόλις,adjective,,,,,,,,,,,,,,,,,,,,,,,,,,,,δή,particle,κάτειμι,verb,,,,,,,,,,,,,,,,,,,,,,,,,,,,,,,,,,,,,,,,,,,,,,,,,,,,,,,,,,,,,,,,,,,,,,,,,,,,,,,,,,,,,,,,,,,,,,,,,,,,,,,,,,,,,,,,,,,,,,,,,,,,,,,,,,,,,,,,,,,,,
o(/ti,ὅστις,pronoun,*ma/llios,Μάλλιος,proper,*torkoua/tos,o(,ὁ,article,u(/patos,ὕπατος,adjective,toiou=tos,τοιοῦτος,adjective,h)=n,th\n,ὁ,article,a)reth/n,ἀρετή,noun,,,,,,,,,,,,,,,,,,,,,,,,,,,,,,,,,εἰμί,verb,,,,,,,,,,,,,,,,,,,,,,,,,,,,,,,,,,,,,,,,,,,,,,,,,,,,,,,,,,,,,,,,,,,,,,,,,,,,,,,,,,,,,,,,,,,,,,,,,,,,,,,,,,,,,,,,,,,,,,,,,,,,,,,,,,,,,,,,,,,,,
tou/tw|,οὗτος,pronoun,path\r,πατήρ,noun,e)gege/nhto,mikrolo/gos,μικρολόγος,adjective,kai\,καί,conjunction,a)melh\s,ἀμελής,adjective,e)s,au)to/n,αὐτός,pronoun,,,,,,,,,,,,,,,,,,,,,,,,,,,,,,,,,,γίγνομαι,verb,εἰς,preposition,,,,,,,,,,,,,,,,,,,,,,,,,,,,,,,,,,,,,,,,,,,,,,,,,,,,,,,,,,,,,,,,,,,,,,,,,,,,,,,,,,,,,,,,,,,,,,,,,,,,,,,,,,,,,,,,,,,,,,,,,,,,,,,,,,,,,,,,,,,,,
kai\,καί,conjunction,e)n,ἐν,preposition,a)groi=s,au)to\n,αὐτός,pronoun,ei)=xe,ἔχω,verb,meta\,μετά,preposition,tw=n,qerapo/ntwn,θεράπων,noun,e)rgazo/meno/n,ἐργάζομαι,verb,te,τε,particle,kai\,καί,conjunction,trefo/menon,τρέφω,verb,,,,,,,,,,,,,,,,,,,,,,ἀγρός,noun,ὁ,article,,,,,,,,,,,,,,,,,,,,,,,,,,,,,,,,,,,,,,,,,,,,,,,,,,,,,,,,,,,,,,,,,,,,,,,,,,,,,,,,,,,,,,,,,,,,,,,,,,,,,,,,,,,,,,,,,,,,,,,,,,,,,,,,,,,,,,,,,,,,,
grayame/nou,γράφω,verb,de\,δέ,particle,au)to\n,e)pi\,ἐπί,preposition,polloi=s,πολύς,adjective,a)dikh/masi,ἀδίκημα,noun,*pompwni/ou,dhma/rxou,δήμαρχος,noun,kai\,καί,conjunction,me/llontos,μέλλω,verb,e)rei=n,ἐρέω,verb,ti,τις,pronoun,kai\,καί,conjunction,peri\,περί,preposition,th=s,ὁ,article,e)s,εἰς,preposition,to\n,ὁ,article,pai=da,παῖς,adjective,kakw/sews,κάκωσις,noun,αὐτός,pronoun,Πομπώνιος,proper,o(,ὁ,article,pai=s,πᾶς,adjective,o(/de,ὅδε,pronoun,*ma/llios,Μάλλιος,proper,h(=ken,ἥκω,verb,e)pikru/ptwn,ἐπικρύπτω,verb,cifi/dion,ξιφίδιον,noun,e)s,εἰς,preposition,th\n,ὁ,article,oi)ki/an,οἰκία,noun,tou=,ὁ,article,dhma/rxou,δήμαρχος,noun,kai\,καί,conjunction,tuxei=n,τυγχάνω,verb,h)ci/wsen,ἀξιόω,verb,au)tou=,αὐτός,pronoun,mo/nou,μόνος,adjective,w(s,dh/,δή,particle,ti,τις,pronoun,le/cwn,λέγω,verb,xrh/simon,χρήσιμος,adjective,e)s,εἰς,preposition,th\n,ὁ,article,di/khn,δίκη,adjective,,,,,,,,,,,,,,,,,,,ὡς,conjunction,,,,,,,,,,,,,,,,,,,,,,,,,,,,,,,,,,,,,,,,,,,,,,,,
u(podexqei\s,ὑποδέχομαι,verb,de\,δέ,particle,kai\,le/gein,λέγω,verb,a)rxo/menos,ἄρχω,verb,e)pe/kleise,ἐπικλείω,verb,ta\s,qu/ras,θύρα,noun,kai\,καί,conjunction,to\,ὁ,article,ci/fos,ξίφος,noun,e)pispa/sas,ἐπισπάω,verb,h)pei/lei,ἀπειλέω,verb,tw=|,ὁ,article,dhma/rxw|,δήμαρχος,noun,ktenei=n,κτείνω,verb,au)to/n,αὐτός,pronoun,ei),εἰ,conjunction,mh\,μή,conjunction,καί,conjunction,ὁ,article,o)mo/seien,ὄμνυμι,verb,o(/ti,ὅστις,pronoun,lu/sei,λύω,verb,tw=|,ὁ,article,patri\,πατήρ,noun,th\n,ὁ,article,di/khn,δίκη,adjective,,,,,,,,,,,,,,,,,,,,,,,,,,,,,,,,,,,,,,,,,,,,,,,,,,,,,,,,,,,,,,,,,,,,,,,,,,,,,,,,,,,,,,,,,,,,,,,,,,,,,,,,,,,,,,,,,,,,,,,,
kai\,καί,conjunction,o(,ὁ,article,me\n,w)/mose,ὄμνυμι,verb,kai\,καί,conjunction,die/lusen,διαλύω,verb,e)kqe/menos,tw=|,ὁ,article,dh/mw|,δῆμος,noun,to\,ὁ,article,sumba/n,συμβαίνω,verb,,,,,,,,,,,,,,,,,,,,,,,,,μέν,particle,ἐκτίθημι,verb,,,,,,,,,,,,,,,,,,,,,,,,,,,,,,,,,,,,,,,,,,,,,,,,,,,,,,,,,,,,,,,,,,,,,,,,,,,,,,,,,,,,,,,,,,,,,,,,,,,,,,,,,,,,,,,,,,,,,,,,,,,,,,,,,,,,,,,,,,,,,
o(,ὁ,article,de\,δέ,particle,*ma/llios,e)c,ἐκ,preposition,e)kei/nou,ἐκεῖνος,pronoun,lampro\s,λαμπρός,adjective,h)=n,e)painou/menos,ἐπαινέω,verb,o(/ti,ὅστις,pronoun,toio/sde,τοιόσδε,adjective,e)s,εἰς,preposition,toio/nde,τοιόσδε,adjective,pate/ra,πατήρ,noun,e)gege/nhto,γίγνομαι,verb,,,,,,,,,,,,,,,,Μάλλιος,proper,εἰμί,verb,,,,,,,,,,,,,,,,,,,,,,,,,,,,,,,,,,,,,,,,,,,,,,,,,,,,,,,,,,,,,,,,,,,,,,,,,,,,,,,,,,,,,,,,,,,,,,,,,,,,,,,,,,,,,,,,,,,,,,,,,,,,,,,,,,,,,,,,,,,,,
o(,ὁ,article,de\,δέ,particle,au)to\n,ei)s,εἰς,preposition,monomaxi/an,μονομαχία,noun,proukalei=to,προκαλέω,verb,skw/ptwn,e)s,εἰς,preposition,au)to/n,αὐτός,pronoun,,,,,,,,,,,,,,,,,,,,,,,,,,,,,,,αὐτός,pronoun,εἰσλάω,verb,,,,,,,,,,,,,,,,,,,,,,,,,,,,,,,,,,,,,,,,,,,,,,,,,,,,,,,,,,,,,,,,,,,,,,,,,,,,,,,,,,,,,,,,,,,,,,,,,,,,,,,,,,,,,,,,,,,,,,,,,,,,,,,,,,,,,,,,,,,,,
o(,ὁ,article,de\,δέ,particle,te/ws,me\n,μέν,particle,au(tou=,ἑαυτοῦ,pronoun,katei=xe,κατέχω,verb,meta\,de/,δέ,particle,ou),οὐ,adverb,fe/rwn,φέρω,verb,e)/ti,ἔτι,adverb,to\,ὁ,article,e)re/qisma,ἐρέθισμα,noun,a)nth/lase,ἀντελαύνω,verb,to\n,ὁ,article,i(/ppon,ἵππος,noun,,,,,,,,,,τέως,adverb,μετά,preposition,,,,,,,,,,,,,,,,,,,,,,,,,,,,,,,,,,,,,,,,,,,,,,,,,,,,,,,,,,,,,,,,,,,,,,,,,,,,,,,,,,,,,,,,,,,,,,,,,,,,,,,,,,,,,,,,,,,,,,,,,,,,,,,,,,,,,,,,,,,,,
o(/ti,ὅστις,pronoun,*sauni=tai,Σαυνῖται,proper,e)s,th\n,ὁ,article,*fregellanw=n,,,e)mbalo/ntes,ἐμβάλλω,verb,e)po/rqoun,*(rwmai=oi,,,de\,δέ,particle,*saunitw=n,Σαυνῖται,proper,kai\,καί,conjunction,*dauni/wn,,,o)gdoh/konta,ὀγδοήκοντα,noun,kw/mas,κώμη,noun,kai\,καί,conjunction,mi/an,εἷς,adjective,ei(=lon,αἱρέω,verb,kai\,καί,conjunction,a)/ndras,ἀνήρ,noun,εἰς,preposition,πορθέω,verb,e)c,ἐκ,preposition,au)tw=n,αὐτός,pronoun,xili/ous,χίλιοι,adjective,kai\,καί,conjunction,dismuri/ous,δισμύριοι,adjective,a)nelo/ntes,ἀναιρέω,verb,a)pane/sthsan,ἀναύω,verb,au)tou\s,αὐτός,pronoun,a)po\,ἀπό,preposition,th=s,ὁ,article,*frege/llhs,,,,,,,,,,,,,,,,,,,,,,,,,,,,,,,,,,,,,,,,,,,,,,,,,,,,,,,,,,,,,,,,,,,,,,,,,,,,,,,,,,,,,,,,,,,,,,,,,,,,,,,,,,,,,,
kai\,καί,conjunction,pa/lin,πάλιν,adverb,e)s,*(rw/mhn,,,e)pre/sbeuon,πρεσβεύω,verb,oi(,ὁ,article,*sauni=tai,nekra\,νεκρός,noun,sw/mata,σῶμα,adjective,a)ndrw=n,ἀνήρ,noun,fe/rontes,φέρω,verb,w(s,ὡς,conjunction,ai)ti/ous,αἴτιος,adjective,tou=de,ὅδε,pronoun,tou=,ὁ,article,pole/mou,πόλεμος,noun,gegono/tas,γίγνομαι,verb,a)nh|rhko/tes,ἀναιρέω,verb,kai\,καί,conjunction,εἰς,preposition,Σαυνῖται,proper,xrusi/on,χρυσίον,noun,w(s,ὡς,conjunction,a)po\,ἀπό,preposition,th=s,ὁ,article,e)kei/nwn,ἐκεῖνος,pronoun,periousi/as,περιουσία,noun,peporisme/non,πορίζω,verb,,,,,,,,,,,,,,,,,,,,,,,,,,,,,,,,,,,,,,,,,,,,,,,,,,,,,,,,,,,,,,,,,,,,,,,,,,,,,,,,,,,,,,,,,,,,,,,,,,,,,,,,,,,,,,,,,,,,,,,,
e)f',ἐπί,preposition,oi(=s,ὅς,pronoun,au)tou\s,h(,ὁ,article,boulh\,βουλή,noun,pa/nu,πάνυ,adverb,nomi/zousa,tetru=sqai,τρύω,verb,prosedo/ka,προσδοκάω,verb,kakopaqou=ntas,κακοπαθέω,verb,e)ndw/sein,ἐνδίδωμι,verb,peri\,περί,preposition,th=s,ὁ,article,h(gemoni/as,ἡγεμονία,noun,,,,,,,,,,,,,,,,αὐτός,pronoun,νομίζω,verb,,,,,,,,,,,,,,,,,,,,,,,,,,,,,,,,,,,,,,,,,,,,,,,,,,,,,,,,,,,,,,,,,,,,,,,,,,,,,,,,,,,,,,,,,,,,,,,,,,,,,,,,,,,,,,,,,,,,,,,,,,,,,,,,,,,,,,,,,,,,,
oi(,ὁ,article,de\,δέ,particle,ta\,me\n,μέν,particle,a)/lla,ἄλλος,adjective,e)de/xonto,δέχομαι,verb,kai\,ei)/,εἰ,conjunction,ti,τις,pronoun,kai\,καί,conjunction,a)nte/legon,ἀντιλέγω,verb,h)\,ἠέ,conjunction,parh|tou=nto,παραιτέομαι,verb,kai\,καί,conjunction,pareka/loun,παρακαλέω,verb,h)\,ἠέ,conjunction,e)s,εἰς,preposition,ta\s,ὁ,article,po/leis,πόλις,adjective,ὁ,article,καί,conjunction,a)neti/qento,ἀνατίθημι,verb,,,,,,,,,,,,,,,,,,,,,,,,,,,,,,,,,,,,,,,,,,,,,,,,,,,,,,,,,,,,,,,,,,,,,,,,,,,,,,,,,,,,,,,,,,,,,,,,,,,,,,,,,,,,,,,,,,,,,,,,,,,,,,,,,,,,,,,,,,
peri\,περί,preposition,de\,δέ,particle,th=s,h(gemoni/as,ἡγεμονία,noun,ou)k,οὐ,adverb,a)nasxo/menoi,ἀνέχω,verb,pa/lin,ou)d',οὐδέ,particle,a)kou=sai,ἀκέω,verb,ou)k,οὐ,adverb,e)kdwso/menoi,ἐκδίδωμι,verb,dh\,δή,particle,ta\s,ὁ,article,po/leis,πόλις,adjective,e)/fasan,φημί,verb,h(/kein,ἥκω,verb,a)ll',ἀλλά,adverb,e)s,εἰς,preposition,fili/an,φιλία,noun,ὁ,article,πάλιν,adverb,suna/contes,συνάγνυμι,verb,,,,,,,,,,,,,,,,,,,,,,,,,,,,,,,,,,,,,,,,,,,,,,,,,,,,,,,,,,,,,,,,,,,,,,,,,,,,,,,,,,,,,,,,,,,,,,,,,,,,,,,,,,,,,,,,,,,,,,,,,,,,,,,,,,,,,,,,,,
lusa/menoi,λύω,verb,dh\,δή,particle,tou=,xrusi/ou,χρυσίον,noun,tou\s,ὁ,article,ai)xmalw/tous,αἰχμάλωτος,adjective,a)ph/|esan,o)rgh=|,ὀργή,noun,kai\,καί,conjunction,th\n,ὁ,article,pei=ran,πεῖρα,noun,e)/xontes,ἔχω,verb,th\n,ὁ,article,peri\,περί,preposition,th=s,ὁ,article,h(gemoni/as,ἡγεμονία,noun,,,,,,,,,,ὁ,article,ἄπειμι,verb,,,,,,,,,,,,,,,,,,,,,,,,,,,,,,,,,,,,,,,,,,,,,,,,,,,,,,,,,,,,,,,,,,,,,,,,,,,,,,,,,,,,,,,,,,,,,,,,,,,,,,,,,,,,,,,,,,,,,,,,,,,,,,,,,,,,,,,,,,,,,
kai\,καί,conjunction,*(rwmai=oi,,,me\n,e)yhfi/zonto,ψηφίζομαι,verb,mhde\,μηδέ,particle,presbei/as,πρέσβεια,noun,e)/ti,para\,παρά,preposition,*saunitw=n,Σαυνῖται,proper,prosi/esqai,προσίημι,verb,a)ll',ἀλλά,adverb,a)/spondon,ἄσπονδος,adjective,kai\,καί,conjunction,a)kh/rukton,ἀκήρυκτος,adjective,po/lemon,πόλεμος,noun,au)toi=s,αὐτός,pronoun,polemei=n,πολεμέω,verb,e(/ws,ἕως,conjunction,kata\,κατά,preposition,μέν,particle,ἔτι,adverb,kra/tos,κράτος,noun,e)ce/lwsi,ἐξαιρέω,verb,qeo\s,θεός,noun,d',δέ,particle,e)neme/shse,νεμεσάω,verb,th=s,ὁ,article,megalhgori/as,μεγαληγορία,noun,kai\,καί,conjunction,u(/steron,ὕστερος,adjective,h(tth/qhsan,ἡσσάομαι,verb,u(po\,ὑπό,preposition,*saunitw=n,Σαυνῖται,proper,kai\,καί,conjunction,u(po\,ὑπό,preposition,zugo\n,ζυγόν,noun,h)/xqhsan,ἄγω,verb,oi(,ὁ,article,*(rwmai=oi,,,,,,,,,,,,,,,,,,,,,,,,,,,,,,,,,,,,,,,,,,,,,,,,,,,,,,,,,,,,,,,,,,,,,,,,,,,,,,,,,,,,,,,,,
e)s,εἰς,preposition,ga\r,γάρ,particle,stenw/taton,xw=ron,χῶρος,noun,tou/tous,οὗτος,pronoun,sugklei/santes,συγκλείω,verb,oi(,*sauni=tai,Σαυνῖται,proper,tou=,ὁ,article,*ponti/ou,πόντιος,adjective,sfw=n,σφεῖς,pronoun,strathgou=ntos,στρατηγέω,verb,kai\,καί,conjunction,limw=|,λιμός,noun,piezome/nwn,πιέζω,verb,*(rwmai/wn,,,oi(,ὁ,article,strathgoi\,στρατηγός,noun,sfw=n,σφεῖς,pronoun,στενός,adjective,ὁ,article,presbeusa/menoi,πρεσβεύω,verb,pareka/loun,παρακαλέω,verb,to\n,ὁ,article,*po/ntion,πόντιος,adjective,kataqe/sqai,κατατίθημι,verb,*(rwmai/ois,,,xa/rin,χάρις,noun,h(\n,ὅς,pronoun,ou),οὐ,adverb,polloi\,πολύς,adjective,pare/xousi,παρέχω,verb,kairoi/,καιρός,noun,,,,,,,,,,,,,,,,,,,,,,,,,,,,,,,,,,,,,,,,,,,,,,,,,,,,,,,,,,,,,,,,,,,,,,,,,,,,,,,,,,,,,,,,,,,,,,,,,,,,,,,,,
o(,ὁ,article,de\,δέ,particle,a)pekri/nato,mh\,μή,conjunction,dei=n,δέω,verb,mhde\,μηδέ,particle,presbeu/ein,e)/ti,ἔτι,adverb,pro\s,πρός,preposition,au)to/n,αὐτός,pronoun,ei),εἰ,conjunction,mh\,μή,conjunction,ta\,ὁ,article,o(/pla,ὅπλον,noun,kai\,καί,conjunction,au(tou\s,ἑαυτοῦ,pronoun,paradoi=en,παραδέω,verb,,,,,,,ἀποκρίνω,verb,πρεσβεύω,verb,,,,,,,,,,,,,,,,,,,,,,,,,,,,,,,,,,,,,,,,,,,,,,,,,,,,,,,,,,,,,,,,,,,,,,,,,,,,,,,,,,,,,,,,,,,,,,,,,,,,,,,,,,,,,,,,,,,,,,,,,,,,,,,,,,,,,,,,,,,,,
qrh=nos,θρῆνος,noun,ou)=n,οὖν,particle,h)=n,oi(=a,οἷος,adjective,po/lews,πόλις,adjective,a(lou/shs,ἁλίσκομαι,verb,,,,,,,,,,,,,,,,,,,,,,,,,,,,,,,,,,,,,,εἰμί,verb,,,,,,,,,,,,,,,,,,,,,,,,,,,,,,,,,,,,,,,,,,,,,,,,,,,,,,,,,,,,,,,,,,,,,,,,,,,,,,,,,,,,,,,,,,,,,,,,,,,,,,,,,,,,,,,,,,,,,,,,,,,,,,,,,,,,,,,,,,,,,,,
kai\,καί,conjunction,oi(,ὁ,article,strathgoi\,die/triyan,διατρίβω,verb,me\n,μέν,particle,e)/ti,ἔτι,adverb,a)/llas,h(me/ras,ἡμέρα,noun,o)knou=ntes,ὀκνέω,verb,a)na/cio/n,ἀναξέω,verb,ti,τις,pronoun,th=s,ὁ,article,po/lews,πόλις,adjective,e)rga/sasqai,ἐργάζομαι,verb,,,,,,,,,,,,,,,,στρατηγός,noun,ἄλλος,adjective,,,,,,,,,,,,,,,,,,,,,,,,,,,,,,,,,,,,,,,,,,,,,,,,,,,,,,,,,,,,,,,,,,,,,,,,,,,,,,,,,,,,,,,,,,,,,,,,,,,,,,,,,,,,,,,,,,,,,,,,,,,,,,,,,,,,,,,,,,,,,
w(s,ὡς,conjunction,d',δέ,particle,ou)/te,mhxanh\,μηχανή,noun,swthri/as,σωτηρία,noun,e)fai/neto,φαίνω,verb,o(/,te,τε,particle,limo\s,λιμός,noun,e)pi/ezen,πιέζω,verb,au)tou/s,αὐτός,pronoun,kai\,καί,conjunction,neo/ths,νεότης,noun,h)=n,εἰμί,verb,pe/nte,πέντε,adverb,muria/dwn,μυριάς,noun,h(\n,ὅς,pronoun,w)/knoun,ὀκνέω,verb,fqeirome/nhn,φθείρω,verb,οὔτε,adverb,ὅς,pronoun,u(peridei=n,ὑπερεῖδον,verb,e)pe/treyan,ἐπιτρέπω,verb,e(autou\s,ἑαυτοῦ,pronoun,tw=|,ὁ,article,*ponti/w|,πόντιος,adjective,kai\,καί,conjunction,pareka/loun,παρακαλέω,verb,ei)/te,εἴτε,adverb,ktei/nein,κτείνω,verb,ei)/te,εἴτε,adverb,pwlei=n,πωλέω,verb,ei)/te,εἴτε,adverb,fula/ssein,φυλάσσω,verb,e)pi\,ἐπί,preposition,lu/trois,λύτρον,noun,e(/loito,αἱρέω,verb,mhde\n,μηδείς,pronoun,e)s,sw/mata,σῶμα,adjective,a)ndrw=n,ἀνήρ,noun,a)tuxou/ntwn,ἀτυχέω,verb,u(bri/sai,ὑβρίζω,verb,,,,,,,,,,,,,,,,,,,,,,,,,,,,εἰς,preposition,,,,,,,,,,,,,,,,,,,,,,,,,,,,,,,,,,,,,,,,,,,,,,,,
o(,ὁ,article,de\,δέ,particle,tw=|,patri\,πατήρ,noun,sunebouleu/eto,συμβουλεύω,verb,metapemya/menos,μεταπέμπω,verb,au)to\n,e)k,ἐκ,preposition,tou=,ὁ,article,*kaudi/ou,,,fero/menon,φέρω,verb,u(po\,ὑπό,preposition,gh/rws,γῆρας,noun,a(ma/ch|,ἄμαξα,noun,,,,,,,,,,,,,,,,ὁ,article,αὐτός,pronoun,,,,,,,,,,,,,,,,,,,,,,,,,,,,,,,,,,,,,,,,,,,,,,,,,,,,,,,,,,,,,,,,,,,,,,,,,,,,,,,,,,,,,,,,,,,,,,,,,,,,,,,,,,,,,,,,,,,,,,,,,,,,,,,,,,,,,,,,,,,,,
kai\,καί,conjunction,o(,ὁ,article,presbu/ths,e)/fh,φημί,verb,e(\n,εἷς,adjective,e)/stin,εἰμί,verb,w)=,pai=,παῖς,adjective,mega/lhs,μέγας,adverb,e)/xqras,ἔχθρα,noun,fa/rmakon,φάρμακον,noun,eu)ergesi/as,εὐεργεσία,noun,h)\,ἠέ,conjunction,kola/sews,κόλασις,noun,u(perbolh/,ὑπερβολή,noun,,,,,,,,,,,,,πρεσβύτης,noun,ὦ,interjection,,,,,,,,,,,,,,,,,,,,,,,,,,,,,,,,,,,,,,,,,,,,,,,,,,,,,,,,,,,,,,,,,,,,,,,,,,,,,,,,,,,,,,,,,,,,,,,,,,,,,,,,,,,,,,,,,,,,,,,,,,,,,,,,,,,,,,,,,,,,,
ai(,ὁ,article,me\n,μέν,particle,ou)=n,kola/seis,κόλασις,noun,kataplh/ssousin,καταπλήσσω,verb,ai(,ὁ,article,de\,eu)ergesi/ai,εὐεργεσία,noun,prosa/gontai,προσάγω,verb,,,,,,,,,,,,,,,,,,,,,,,,,,,,,,,οὖν,particle,δέ,particle,,,,,,,,,,,,,,,,,,,,,,,,,,,,,,,,,,,,,,,,,,,,,,,,,,,,,,,,,,,,,,,,,,,,,,,,,,,,,,,,,,,,,,,,,,,,,,,,,,,,,,,,,,,,,,,,,,,,,,,,,,,,,,,,,,,,,,,,,,,,,
i)/sqi,εἰμί,verb,ni/khn,νίκη,noun,th/nde,prw/thn,πρότερος,adjective,kai\,καί,conjunction,megi/sthn,μέγας,adverb,qhsauri/zein,th\n,ὁ,article,eu)tuxi/an,εὐτυχία,noun,,,,,,,,,,,,,,,,,,,,,,,,,,,,,,,ὅδε,pronoun,θησαυρίζω,verb,,,,,,,,,,,,,,,,,,,,,,,,,,,,,,,,,,,,,,,,,,,,,,,,,,,,,,,,,,,,,,,,,,,,,,,,,,,,,,,,,,,,,,,,,,,,,,,,,,,,,,,,,,,,,,,,,,,,,,,,,,,,,,,,,,,,,,,,,,,,,
kai\,καί,conjunction,pa/ntas,πᾶς,adjective,a)po/luson,a)paqei=s,ἀπαθέω,verb,mh/t',μήτε,particle,e)nubri/sas,ἐνυβρίζω,verb,mh/t',a)felo/menos,ἀφαιρέω,verb,mhde/n,μηδείς,pronoun,i(/na,ἵνα,conjunction,sw=on,σῶς,noun,h)=|,εἰμί,verb,soi,σύ,pronoun,to\,ὁ,article,me/geqos,μέγεθος,adjective,th=s,ὁ,article,eu)ergesi/as,εὐεργεσία,noun,,,,,,,ἀπολύω,verb,μήτε,particle,,,,,,,,,,,,,,,,,,,,,,,,,,,,,,,,,,,,,,,,,,,,,,,,,,,,,,,,,,,,,,,,,,,,,,,,,,,,,,,,,,,,,,,,,,,,,,,,,,,,,,,,,,,,,,,,,,,,,,,,,,,,,,,,,,,,,,,,,,,,,
ei)si\,εἰμί,verb,d',δέ,particle,w(s,a)kou/w,ἀκούω,verb,filotimo/tatoi,φιλότιμος,adjective,,,,,,,,,,,,,,,,,,,,,,,,,,,,,,,,,,,,,,,,,ὡς,conjunction,,,,,,,,,,,,,,,,,,,,,,,,,,,,,,,,,,,,,,,,,,,,,,,,,,,,,,,,,,,,,,,,,,,,,,,,,,,,,,,,,,,,,,,,,,,,,,,,,,,,,,,,,,,,,,,,,,,,,,,,,,,,,,,,,,,,,,,,,,,,,,,
a)lla\,ἀλλά,adverb,mo/nais,μόνος,adjective,eu)ergesi/ais,h(ttw/menoi,ἡσσάομαι,verb,diagwniou=ntai/,διαγωνίζομαι,verb,soi,σύ,pronoun,peri\,th=sde,ὅδε,pronoun,th=s,ὁ,article,xa/ritos,χάρις,noun,,,,,,,,,,,,,,,,,,,,,,,,,,,,εὐεργεσία,noun,περί,preposition,,,,,,,,,,,,,,,,,,,,,,,,,,,,,,,,,,,,,,,,,,,,,,,,,,,,,,,,,,,,,,,,,,,,,,,,,,,,,,,,,,,,,,,,,,,,,,,,,,,,,,,,,,,,,,,,,,,,,,,,,,,,,,,,,,,,,,,,,,,,,
e)/xeis,ἔχω,verb,e)ne/xuron,ἐνέχυρον,noun,th/nde,th\n,ὁ,article,eu)ergesi/an,εὐεργεσία,noun,ei)rh/nhs,εἰρήνη,noun,a)qana/tou,labei=n,λαμβάνω,verb,,,,,,,,,,,,,,,,,,,,,,,,,,,,,,,,,,ὅδε,pronoun,ἀθάνατος,adjective,,,,,,,,,,,,,,,,,,,,,,,,,,,,,,,,,,,,,,,,,,,,,,,,,,,,,,,,,,,,,,,,,,,,,,,,,,,,,,,,,,,,,,,,,,,,,,,,,,,,,,,,,,,,,,,,,,,,,,,,,,,,,,,,,,,,,,,,,,,,,
h)\n,ἐάν,conjunction,de/,δέ,particle,se,tau=ta,οὗτος,pronoun,mh\,μή,conjunction,pei/qh|,πείθω,verb,ktei=non,a(/pantas,ἅπας,adjective,o(malw=s,ὁμαλός,adjective,mhd',μηδέ,particle,a)/ggelon,ἄγγελος,noun,u(polipw/n,ὑπολείπω,verb,,,,,,,,,,,,,,,,,,,,,,σύ,pronoun,κτείνω,verb,,,,,,,,,,,,,,,,,,,,,,,,,,,,,,,,,,,,,,,,,,,,,,,,,,,,,,,,,,,,,,,,,,,,,,,,,,,,,,,,,,,,,,,,,,,,,,,,,,,,,,,,,,,,,,,,,,,,,,,,,,,,,,,,,,,,,,,,,,,,,
le/gw,λέγω,verb,d',δέ,particle,e)kei=na,me\n,μέν,particle,ai(rou/menos,αἱρέω,verb,tau=ta,οὗτος,pronoun,d',w(s,ὡς,conjunction,a)nagkai=a,ἀναγκαῖος,adjective,,,,,,,,,,,,,,,,,,,,,,,,,,,,,,,ἐκεῖνος,pronoun,δέ,particle,,,,,,,,,,,,,,,,,,,,,,,,,,,,,,,,,,,,,,,,,,,,,,,,,,,,,,,,,,,,,,,,,,,,,,,,,,,,,,,,,,,,,,,,,,,,,,,,,,,,,,,,,,,,,,,,,,,,,,,,,,,,,,,,,,,,,,,,,,,,,
*(rwmai=oi,,,ga\r,γάρ,particle,o(tiou=n,u(brisqe/ntes,ὑβρίζω,verb,a)munou=ntai/,ἀμύνω,verb,se,σύ,pronoun,pa/ntws,,,,,,,,,,,,,,,,,,,,,,,,,,,,,,,,,,,,,ὁτιοῦν,adverb,πάντως,adverb,,,,,,,,,,,,,,,,,,,,,,,,,,,,,,,,,,,,,,,,,,,,,,,,,,,,,,,,,,,,,,,,,,,,,,,,,,,,,,,,,,,,,,,,,,,,,,,,,,,,,,,,,,,,,,,,,,,,,,,,,,,,,,,,,,,,,,,,,,,,,
a)munei=sqai,ἀμύνω,verb,de\,δέ,particle,me/llontas,au)tou\s,αὐτός,pronoun,prokata/blapte,προκαταβλάπτω,verb,,,,,,,,,,,,,,,,,,,,,,,,,,,,,,,,,,,,,,,,,μέλλω,verb,,,,,,,,,,,,,,,,,,,,,,,,,,,,,,,,,,,,,,,,,,,,,,,,,,,,,,,,,,,,,,,,,,,,,,,,,,,,,,,,,,,,,,,,,,,,,,,,,,,,,,,,,,,,,,,,,,,,,,,,,,,,,,,,,,,,,,,,,,,,,,,
mei=zon,μέγας,adverb,d',δέ,particle,ou)k,a)\n,ἄν,particle,eu(/rois,εὑρίσκω,verb,bla/bos,βλάβος,noun,ne/wn,o(mou=,ὁμοῦ,adverb,pe/nte,πέντε,adverb,muria/dwn,μυριάς,noun,,,,,,,,,,,,,,,,,,,,,,,,,,,,οὐ,adverb,νέος,adjective,,,,,,,,,,,,,,,,,,,,,,,,,,,,,,,,,,,,,,,,,,,,,,,,,,,,,,,,,,,,,,,,,,,,,,,,,,,,,,,,,,,,,,,,,,,,,,,,,,,,,,,,,,,,,,,,,,,,,,,,,,,,,,,,,,,,,,,,,,,,,
o(,ὁ,article,me\n,μέν,particle,tosau=ta,ei)=pen,εἶπον,verb,o(,ὁ,article,de\,δέ,particle,pai=s,a)nte/lecen,ἀντιλέγω,verb,,,,,,,,,,,,,,,,,,,,,,,,,,,,,,,,,,τοσοῦτος,adjective,πᾶς,adjective,,,,,,,,,,,,,,,,,,,,,,,,,,,,,,,,,,,,,,,,,,,,,,,,,,,,,,,,,,,,,,,,,,,,,,,,,,,,,,,,,,,,,,,,,,,,,,,,,,,,,,,,,,,,,,,,,,,,,,,,,,,,,,,,,,,,,,,,,,,,,
o(/ti,ὅστις,pronoun,me/n,μέν,particle,w)=,pa/ter,πατήρ,noun,e)nantiw/tata,ἐναντίος,adjective,ei)=pas,εἶπον,verb,a)llh/lois,ou),οὐ,adverb,qauma/zw,θαυμάζω,verb,,,,,,,,,,,,,,,,,,,,,,,,,,,,,,,ὦ,interjection,ἀλλήλων,pronoun,,,,,,,,,,,,,,,,,,,,,,,,,,,,,,,,,,,,,,,,,,,,,,,,,,,,,,,,,,,,,,,,,,,,,,,,,,,,,,,,,,,,,,,,,,,,,,,,,,,,,,,,,,,,,,,,,,,,,,,,,,,,,,,,,,,,,,,,,,,,,
proei=pas,προεῖπον,verb,ga\r,γάρ,particle,e)rei=n,u(perbola\s,ὑπερβολή,noun,e(kate/rwn,ἑκάτερος,adjective,,,,,,,,,,,,,,,,,,,,,,,,,,,,,,,,,,,,,,,,,ἐρέω,verb,,,,,,,,,,,,,,,,,,,,,,,,,,,,,,,,,,,,,,,,,,,,,,,,,,,,,,,,,,,,,,,,,,,,,,,,,,,,,,,,,,,,,,,,,,,,,,,,,,,,,,,,,,,,,,,,,,,,,,,,,,,,,,,,,,,,,,,,,,,,,,,
e)gw\,ἐγώ,pronoun,de\,δέ,particle,ou),ktenw=,κτείνω,verb,me\n,μέν,particle,a)/ndras,ἀνήρ,noun,tosou/tous,ne/mesi/n,νέμεσις,noun,te,τε,particle,qeou=,θεός,noun,fulasso/menos,φυλάσσω,verb,kai\,καί,conjunction,fqo/non,φθόνος,noun,a)nqrw/pwn,ἄνθρωπος,noun,ai)dou/menos,αἰδέομαι,verb,kai\,καί,conjunction,ta\,ὁ,article,e)/qnh,ἔθνος,adjective,ta\s,ὁ,article,οὐ,adverb,τοσοῦτος,adjective,e)s,εἰς,preposition,a)llh/lous,ἀλλήλων,pronoun,e)lpi/das,ἐλπίς,noun,ou)k,οὐ,adverb,a)fairh/somai,ἀφαιρέω,verb,di',διά,preposition,a)nhke/stou,ἀνήκεστος,adjective,kakou=,κακός,adjective,,,,,,,,,,,,,,,,,,,,,,,,,,,,,,,,,,,,,,,,,,,,,,,,,,,,,,,,,,,,,,,,,,,,,,,,,,,,,,,,,,,,,,,,,,,,,,,,,,,,,,,,,,,,,,,,,,,,,
peri\,περί,preposition,de\,δέ,particle,th=s,a)fe/sews,ἄφεσις,noun,ou)d',οὐδέ,particle,au)tw=|,αὐτός,pronoun,me/n,moi,ἐγώ,pronoun,dokei=,δοκέω,verb,*(rwmai/wn,,,polla\,πολύς,adjective,kai\,καί,conjunction,deina\,δεινός,adjective,dedrako/twn,δράω,verb,h(ma=s,ἐγώ,pronoun,kai\,καί,conjunction,xwri/a,χωρίον,noun,kai\,καί,conjunction,po/leis,πόλις,adjective,ὁ,article,μέν,particle,h(mete/ras,ἡμέτερος,adjective,e)/ti,ἔτι,adverb,nu=n,νῦν,adverb,e)xo/ntwn,ἔχω,verb,tou/sde,ὅδε,pronoun,tou\s,ὁ,article,ei)lhmme/nous,λαμβάνω,verb,a)polu/ein,ἀπολύω,verb,panto\s,πᾶς,adjective,a)paqei=s,ἀπαθέω,verb,,,,,,,,,,,,,,,,,,,,,,,,,,,,,,,,,,,,,,,,,,,,,,,,,,,,,,,,,,,,,,,,,,,,,,,,,,,,,,,,,,,,,,,,,,,,,,,,,,,,,,,,,,,,,,,
ou),οὐ,adverb,poih/sw,ποιέω,verb,,,,,,,,,,,,,,,,,,,,,,,,,,,,,,,,,,,,,,,,,,,,,,,,,,,,,,,,,,,,,,,,,,,,,,,,,,,,,,,,,,,,,,,,,,,,,,,,,,,,,,,,,,,,,,,,,,,,,,,,,,,,,,,,,,,,,,,,,,,,,,,,,,,,,,,,,,,,,,,,,,,,,,,,,,,,,,,,,,,,,,,,,,,,,,,,
e)mplhci/a,ἐμπληξία,noun,ga\r,γάρ,particle,h(,a)/logos,ἄλογος,adjective,filanqrwpi/a,φιλανθρωπία,noun,,,,,,,,,,,,,,,,,,,,,,,,,,,,,,,,,,,,,,,,,ὁ,article,,,,,,,,,,,,,,,,,,,,,,,,,,,,,,,,,,,,,,,,,,,,,,,,,,,,,,,,,,,,,,,,,,,,,,,,,,,,,,,,,,,,,,,,,,,,,,,,,,,,,,,,,,,,,,,,,,,,,,,,,,,,,,,,,,,,,,,,,,,,,,,
e)pisko/pei,ἐπισκοπέω,verb,de/,δέ,particle,parei\s,e)me/,ἐγώ,pronoun,kai\,καί,conjunction,to\,ὁ,article,tw=n,*saunitw=n,Σαυνῖται,proper,,,,,,,,,,,,,,,,,,,,,,,,,,,,,,,,,,παρίημι,verb,ὁ,article,,,,,,,,,,,,,,,,,,,,,,,,,,,,,,,,,,,,,,,,,,,,,,,,,,,,,,,,,,,,,,,,,,,,,,,,,,,,,,,,,,,,,,,,,,,,,,,,,,,,,,,,,,,,,,,,,,,,,,,,,,,,,,,,,,,,,,,,,,,,,
w(=n,ὅς,pronoun,pai=des,παῖς,adjective,kai\,pate/res,πατήρ,noun,kai\,καί,conjunction,a)delfoi\,ἀδελφός,adjective,teqna=sin,u(po\,ὑπό,preposition,*(rwmai/wn,,,kai\,καί,conjunction,kth/mata,κτῆμα,noun,kai\,καί,conjunction,xrh/mata,χρῆμα,adjective,a)fh|rhme/noi,ἀφαιρέω,verb,xrh/|zousi,χρῄζω,verb,paramuqi/as,παραμυθία,noun,,,,,,,,,,καί,conjunction,θνήσκω,verb,,,,,,,,,,,,,,,,,,,,,,,,,,,,,,,,,,,,,,,,,,,,,,,,,,,,,,,,,,,,,,,,,,,,,,,,,,,,,,,,,,,,,,,,,,,,,,,,,,,,,,,,,,,,,,,,,,,,,,,,,,,,,,,,,,,,,,,,,,,,,
fu/sei,φύσις,noun,de\,δέ,particle,gau=ron,o(,ὁ,article,nenikhkw/s,νικάω,verb,kai\,καί,conjunction,ta\,ke/rdh,κέρδος,noun,perible/pontai,περιβλέπω,verb,,,,,,,,,,,,,,,,,,,,,,,,,,,,,,,γαῦρος,adjective,ὁ,article,,,,,,,,,,,,,,,,,,,,,,,,,,,,,,,,,,,,,,,,,,,,,,,,,,,,,,,,,,,,,,,,,,,,,,,,,,,,,,,,,,,,,,,,,,,,,,,,,,,,,,,,,,,,,,,,,,,,,,,,,,,,,,,,,,,,,,,,,,,,,
ti/s,τίς,pronoun,ou)=n,οὖν,particle,a)ne/cetai/,mou,ἐγώ,pronoun,tou/sde,ὅδε,pronoun,mh\,μή,conjunction,ktei/nein,mhde\,μηδέ,particle,pwlei=n,πωλέω,verb,mhde\,μηδέ,particle,zhmiou=n,ζημιόω,verb,a)ll',ἀλλά,adverb,w(s,ὡς,conjunction,eu)erge/tas,εὐεργέτης,noun,a)paqei=s,ἀπαθέω,verb,prope/mpein,προπέμπω,verb,,,,,,,,,,ἀνέχω,verb,κτείνω,verb,,,,,,,,,,,,,,,,,,,,,,,,,,,,,,,,,,,,,,,,,,,,,,,,,,,,,,,,,,,,,,,,,,,,,,,,,,,,,,,,,,,,,,,,,,,,,,,,,,,,,,,,,,,,,,,,,,,,,,,,,,,,,,,,,,,,,,,,,,,,,
dia\,διά,preposition,me\n,μέν,particle,dh\,tau=ta,οὗτος,pronoun,parw=men,πάρειμι,verb,ta\s,ὁ,article,u(perbola/s,e)pei\,ἐπεί,conjunction,th=s,ὁ,article,me\n,μέν,particle,ou),οὐ,adverb,ku/rios,κῦρος,noun,e)gw/,ἐγώ,pronoun,th=s,ὁ,article,d',δέ,particle,a)panqrwpote/ras,ἀπάνθρωπος,adjective,ou)k,οὐ,adverb,a)ne/xomai,ἀνέχω,verb,,,,δή,particle,ὑπερβολή,noun,,,,,,,,,,,,,,,,,,,,,,,,,,,,,,,,,,,,,,,,,,,,,,,,,,,,,,,,,,,,,,,,,,,,,,,,,,,,,,,,,,,,,,,,,,,,,,,,,,,,,,,,,,,,,,,,,,,,,,,,,,,,,,,,,,,,,,,,,,,,,
w(s,ὡς,conjunction,d',δέ,particle,a)\n,kai\,καί,conjunction,*(rwmai/wn,,,ti,τις,pronoun,tou=,fronh/matos,φρόνημα,noun,perie/loimi,περιαιρέω,verb,kai\,καί,conjunction,ta\,ὁ,article,pro\s,πρός,preposition,tou\s,ὁ,article,a)/llous,ἄλλος,adjective,a)dia/blhtos,ἀδιάβλητος,adjective,ei)/hn,εἰμί,verb,o(/pla,ὅπλον,noun,me\n,μέν,particle,au)tou/s,αὐτός,pronoun,ἄν,particle,ὁ,article,oi(=s,ὅς,pronoun,e)xrh/santo,χράω,verb,a)ei\,ἀεί,adverb,kaq',κατά,preposition,h(mw=n,ἐγώ,pronoun,a)fairh/somai,ἀφαιρέω,verb,kai\,καί,conjunction,xrh/matakai\,,,ga\r,γάρ,particle,tau=ta,οὗτος,pronoun,e)/xousi,ἔχω,verb,par',παρά,preposition,h(mw=n',ἡμός,adjective,e)kpe/myw,ἐκπέμπω,verb,d',δέ,particle,u(po\,ὑπό,preposition,zugo\n,ζυγόν,noun,sw/ous,h(=|,ὅς,pronoun,tini\,τις,pronoun,ai)sxu/nh|,αἰσχύνη,adjective,kai\,καί,conjunction,au)toi\,αὐτός,pronoun,kat',κατά,preposition,a)/llwn,ἄλλος,adjective,e)xrh/santo,χράω,verb,kai\,καί,conjunction,ei)rh/nhn,εἰρήνη,noun,ei)=nai,εἰμί,verb,toi=s,ὁ,article,e)/qnesi,ἔθνος,adjective,σῶς,noun,sunqh/somai,συνθέω,verb,tw=n,ὁ,article,te,τε,particle,i(ppe/wn,ἱππεύς,noun,e)pile/comai,ἐπιλέγω,verb,tou\s,ὁ,article,e)pifanesta/tous,ἐπιφανής,adverb,o(/mhra,ὅμηρος,noun,tw=nde,ὅδε,pronoun,tw=n,ὁ,article,sunqhkw=n,συνθήκη,noun,e(/ws,ἕως,conjunction,a(/pas,ἅπας,adjective,o(,ὁ,article,dh=mos,δῆμος,noun,e)piyhfi/sh|,ἐπιψηφίζω,verb
kai\,καί,conjunction,ta/de,ὅδε,pronoun,poiw=n,h(gou=mai,ἡγέομαι,verb,nenikhko/tos,νικάω,verb,te,τε,particle,e)/rga,poih/sein,ποιέω,verb,kai\,καί,conjunction,filanqrw/pou,φιλάνθρωπος,adjective,*(rwmai/ous,,,te,τε,particle,a)gaph/sein,ἀγαπάω,verb,o(/sa,ὅσος,adjective,kai\,καί,conjunction,au)toi/,αὐτός,pronoun,fa/skontes,φάσκω,verb,a)reth=s,ἀρετή,noun,a)ntipoiei=sqai,ἀντιποιέω,verb,ποιέω,verb,ἔργον,noun,polla/kis,πολλάκις,adverb,e)s,εἰς,preposition,a)/llous,ἄλλος,adjective,e)/drasan,δράω,verb,,,,,,,,,,,,,,,,,,,,,,,,,,,,,,,,,,,,,,,,,,,,,,,,,,,,,,,,,,,,,,,,,,,,,,,,,,,,,,,,,,,,,,,,,,,,,,,,,,,,,,,,,,,,,,,,,,,,,,,,,,,,,,,,,
tau=ta,οὗτος,pronoun,tou=,ὁ,article,*ponti/ou,le/gontos,λέγω,verb,o(,ὁ,article,presbu/ths,πρεσβύτης,noun,e)da/kruse/,te,τε,particle,kai\,καί,conjunction,e)piba\s,ἐπιβαίνω,verb,th=s,ὁ,article,a)ph/nhs,ἀπήνη,noun,e)s,εἰς,preposition,to\,ὁ,article,*kau/dion,,,a)ph/launen,ἀπελαύνω,verb,,,,,,,,,,πόντιος,adjective,δακρύω,verb,,,,,,,,,,,,,,,,,,,,,,,,,,,,,,,,,,,,,,,,,,,,,,,,,,,,,,,,,,,,,,,,,,,,,,,,,,,,,,,,,,,,,,,,,,,,,,,,,,,,,,,,,,,,,,,,,,,,,,,,,,,,,,,,,,,,,,,,,,,,,
o(,ὁ,article,de\,δέ,particle,*po/ntios,tou\s,ὁ,article,pre/sbeis,πρέσβις,noun,kale/sas,καλέω,verb,h)/reto,ei)/,εἰ,conjunction,tis,τις,pronoun,ei)rhnodi/khs,,,au)toi=s,αὐτός,pronoun,parei/h,πάρειμι,verb,,,,,,,,,,,,,,,,,,,,,,Πόντις,proper,αἴρω,verb,,,,,,,,,,,,,,,,,,,,,,,,,,,,,,,,,,,,,,,,,,,,,,,,,,,,,,,,,,,,,,,,,,,,,,,,,,,,,,,,,,,,,,,,,,,,,,,,,,,,,,,,,,,,,,,,,,,,,,,,,,,,,,,,,,,,,,,,,,,,,
toi=s,ὁ,article,de\,δέ,particle,parh=n,ou)dei\s,οὐδείς,pronoun,w(s,ὡς,conjunction,e)pi\,ἐπί,preposition,a)/spondon,kai\,καί,conjunction,a)kh/rukton,ἀκήρυκτος,adjective,po/lemon,πόλεμος,noun,e)strateuko/si,στρατεύω,verb,,,,,,,,,,,,,,,,,,,,,,,,,πάρειμι,verb,ἄσπονδος,adjective,,,,,,,,,,,,,,,,,,,,,,,,,,,,,,,,,,,,,,,,,,,,,,,,,,,,,,,,,,,,,,,,,,,,,,,,,,,,,,,,,,,,,,,,,,,,,,,,,,,,,,,,,,,,,,,,,,,,,,,,,,,,,,,,,,,,,,,,,,,,,
toi=s,ὁ,article,ou)=n,οὖν,particle,u(pa/tois,kai\,καί,conjunction,toi=s,ὁ,article,a)/llois,ἄλλος,adjective,a)/rxousi,th=s,ὁ,article,stratia=s,στρατία,noun,kai\,καί,conjunction,panti\,πᾶς,adjective,tw=|,ὁ,article,plh/qei,πλῆθος,noun,le/gein,λέγω,verb,e)ke/leue,κελεύω,verb,tou\s,ὁ,article,pre/sbeis,πρέσβις,noun,h(mei=s,ἐγώ,pronoun,a)ei\,ἀεί,adverb,ὕπατος,adjective,ἄρχω,verb,*(rwmai/ois,,,e)spendo/meqa,σπένδω,verb,fili/an,φιλία,noun,h(\n,ὅς,pronoun,au)toi\,αὐτός,pronoun,dielu/sate,διαλύω,verb,*sidikhnoi=s,,,toi=s,ὁ,article,h(mete/rois,ἡμέτερος,adjective,e)xqroi=s,ἐχθρός,adjective,summaxou=ntes,συμμαχέω,verb,,,,,,,,,,,,,,,,,,,,,,,,,,,,,,,,,,,,,,,,,,,,,,,,,,,,,,,,,,,,,,,,,,,,,,,,,,,,,,,,,,,,,,,,,,,,,,,,,,,,,,,,,,,,
ei)=t',εἶτα,adverb,au)=qis,αὖθις,adverb,au)=,fili/as,φίλιος,adjective,h(mi=n,ἐγώ,pronoun,genome/nhs,γίγνομαι,verb,*neapoli/tais,e)polemei=te,πολεμέω,verb,toi=s,ὁ,article,h(mete/rois,ἡμέτερος,adjective,gei/tosin,γείτων,noun,,,,,,,,,,,,,,,,,,,,,,,,,αὖ,interjection,Νεαπόλιτος,proper,,,,,,,,,,,,,,,,,,,,,,,,,,,,,,,,,,,,,,,,,,,,,,,,,,,,,,,,,,,,,,,,,,,,,,,,,,,,,,,,,,,,,,,,,,,,,,,,,,,,,,,,,,,,,,,,,,,,,,,,,,,,,,,,,,,,,,,,,,,,,
kai\,καί,conjunction,ou)k,οὐ,adverb,h)gnoou=men,o(/ti,ὅστις,pronoun,tau=t',οὗτος,pronoun,h)=n,εἰμί,verb,u(mi=n,paraskeuh\,παρασκευή,noun,pleoneci/as,πλεονεξία,noun,e)pi\,ἐπί,preposition,o(/lhn,ὅλος,adjective,th\n,ὁ,article,*)itali/an,Ἰταλία,proper,,,,,,,,,,,,,,,,,,,ἀγνοέω,verb,σύ,pronoun,,,,,,,,,,,,,,,,,,,,,,,,,,,,,,,,,,,,,,,,,,,,,,,,,,,,,,,,,,,,,,,,,,,,,,,,,,,,,,,,,,,,,,,,,,,,,,,,,,,,,,,,,,,,,,,,,,,,,,,,,,,,,,,,,,,,,,,,,,,,,
e)/n,ἐν,preposition,te,τε,particle,tai=s,prote/rais,πρότερος,adjective,ma/xais,μάχη,noun,polla\,πολύς,adjective,para\,th\n,ὁ,article,a)peiri/an,ἀπειρία,noun,tw=n,ὁ,article,h(mete/rwn,ἡμέτερος,adjective,strathgw=n,στρατηγός,noun,prolabo/ntes,προλαμβάνω,verb,ou)de\n,οὐδείς,pronoun,e)pedei/casqe,ἐπιδείκνυμι,verb,me/trion,μέτριος,adjective,e)s,εἰς,preposition,h(ma=s,ἐγώ,pronoun,ou)d',οὐδέ,particle,ὁ,article,παρά,preposition,h)rkei=sqe,ἀρκέω,verb,th\n,ὁ,article,xw/ran,χώρα,noun,porqou=ntes,πορθέω,verb,kai\,καί,conjunction,xwri/a,χωρίον,noun,kai\,καί,conjunction,po/leis,πόλις,adjective,e)/xontes,ἔχω,verb,a)llotri/as,ἀλλότριος,adjective,kai\,καί,conjunction,klhrou/xous,κλήρουχος,noun,e)s,εἰς,preposition,au)ta\,αὐτός,pronoun,pe/mpontes,πέμπω,verb,a)lla\,ἀλλά,adverb,kai\,καί,conjunction,presbeusame/nwn,h(mw=n,ἐγώ,pronoun,di\s,δίς,adverb,pro\s,πρός,preposition,u(ma=s,σύ,pronoun,kai\,καί,conjunction,polla\,πολύς,adjective,sugxwrou/ntwn,συγχωρέω,verb,u(perh/fana,ὑπερήφανος,adjective,h(mi=n,ἐγώ,pronoun,a)/lla,ἄλλος,adjective,e)peta/ssete,ἐπιτάσσω,verb,th\n,ὁ,article,a)rxh\n,ἀρχή,noun,πρεσβεύω,verb,o(/lhn,ὅλος,adjective,a)poqe/sqai,ἀποτίθημι,verb,kai\,καί,conjunction,u(mw=n,σύ,pronoun,u(pakou/ein,ὑπακούω,verb,w(/sper,ὥσπερ,adverb,ou),οὐ,adverb,spendome/nous,σπένδω,verb,a)ll',ἀλλά,adverb,e(alwko/tas,ἁλίσκομαι,verb,,,,,,,,,,,,,,,,,,
kai\,καί,conjunction,e)pi\,ἐπί,preposition,toi=sde,to\n,ὁ,article,po/lemon,πόλεμος,noun,to/nde,ὅδε,pronoun,a)/spondon,kai\,καί,conjunction,a)kh/rukton,ἀκήρυκτος,adjective,e)yhfi/sasqe,ψηφίζομαι,verb,kat',κατά,preposition,a)ndrw=n,ἀνήρ,noun,pote\,ποτός,adjective,fi/lwn,φίλος,adjective,kata\,κατά,preposition,*sabi/nwn,Σαβῖνος,proper,e)kgo/nwn,κίκω,verb,tw=n,ὁ,article,u(mi=n,σύ,pronoun,ὅδε,pronoun,ἄσπονδος,adjective,sunoikou/ntwn,συνοικέω,verb,,,,,,,,,,,,,,,,,,,,,,,,,,,,,,,,,,,,,,,,,,,,,,,,,,,,,,,,,,,,,,,,,,,,,,,,,,,,,,,,,,,,,,,,,,,,,,,,,,,,,,,,,,,,,,,,,,,,,,,,,,,,,,,,,,,,,,,,,,
e(/neka,ἕνεκα,preposition,me\n,μέν,particle,ou)=n,th=s,ὁ,article,u(mete/ras,ὑμέτερος,adjective,pleoneci/as,πλεονεξία,noun,e)/dei,kai\,καί,conjunction,ta\,ὁ,article,par',παρά,preposition,h(mw=n,ἐγώ,pronoun,u(mi=n,σύ,pronoun,a)/sponda,ἄσπονδος,adjective,ei)=nai,εἰμί,verb,,,,,,,,,,,,,,,,οὖν,particle,δέω,verb,,,,,,,,,,,,,,,,,,,,,,,,,,,,,,,,,,,,,,,,,,,,,,,,,,,,,,,,,,,,,,,,,,,,,,,,,,,,,,,,,,,,,,,,,,,,,,,,,,,,,,,,,,,,,,,,,,,,,,,,,,,,,,,,,,,,,,,,,,,,,
e)gw\,ἐγώ,pronoun,ne/mesi/n,νέμεσις,noun,te,qew=n,θέα,noun,ai)dou/menos,αἰδέομαι,verb,h(\n,ὅς,pronoun,u(mei=s,u(perei/desqe,ὑπερείδω,verb,kai\,καί,conjunction,suggenei/as,συγγένεια,noun,kai\,καί,conjunction,fili/as,φίλιος,adjective,th=s,ὁ,article,pote\,ποτός,adjective,mnhmoneu/wn,μνημονεύω,verb,di/dwmi,δίδωμι,verb,e(/kaston,ἕκαστος,adjective,u(mw=n,σύ,pronoun,su\n,σύν,preposition,τε,particle,σύ,pronoun,i(mati/w|,ἱμάτιον,adjective,sw=on,σώω,verb,u(po\,ὑπό,preposition,zugo\n,ζυγόν,noun,a)pelqei=n,ἀπέρχομαι,verb,h)\n,ἐάν,conjunction,o)mo/shte,ὄμνυμι,verb,th/n,ὁ,article,te,τε,particle,gh=n,γῆ,noun,kai\,καί,conjunction,ta\,ὁ,article,xwri/a,χωρίον,noun,pa/nq',πᾶς,adjective,h(mi=n,ἐγώ,pronoun,a)podw/sein,ἀποδίδωμι,verb,kai\,καί,conjunction,tou\s,klhrou/xous,κλήρουχος,noun,a)po\,ἀπό,preposition,tw=n,ὁ,article,po/lewn,πόλις,adjective,a)pa/cein,ἀπάγω,verb,kai\,καί,conjunction,mhde/,μηδέ,particle,pot',ποτέ,particle,e)pi\,ἐπί,preposition,*sauni/tas,Σαυνῖται,proper,strateu/sein,στρατεύω,verb,,,,,,,ὁ,article,,,,,,,,,,,,,,,,,,,,,,,,,,,,,,,,,,,,,,,,,,,,,,,,
a)paggelqe/ntwn,ἀπαγγέλλω,verb,de\,δέ,particle,tou/twn,e)s,εἰς,preposition,to\,ὁ,article,strato/pedon,στρατόπεδον,noun,o)lofurmo\s,h)=n,εἰμί,verb,kai\,καί,conjunction,qrh=nos,θρῆνος,noun,e)pi\,ἐπί,preposition,plei=ston,πλεῖστος,adjective,,,,,,,,,,,,,,,,,,,,,,οὗτος,pronoun,ὀλοφυρμός,noun,,,,,,,,,,,,,,,,,,,,,,,,,,,,,,,,,,,,,,,,,,,,,,,,,,,,,,,,,,,,,,,,,,,,,,,,,,,,,,,,,,,,,,,,,,,,,,,,,,,,,,,,,,,,,,,,,,,,,,,,,,,,,,,,,,,,,,,,,,,,,
qana/tou,θάνατος,adjective,ga\r,γάρ,particle,h(gou=nto,ei)=nai,εἰμί,verb,xei/rona,χείρων,adverb,th\n,ὁ,article,u(/brin,th\n,ὁ,article,u(po\,ὑπό,preposition,tw=|,ὁ,article,zugw=|,ζυγόν,noun,,,,,,,,,,,,,,,,,,,,,,,,,ἁγέομαι,verb,ὕβρις,noun,,,,,,,,,,,,,,,,,,,,,,,,,,,,,,,,,,,,,,,,,,,,,,,,,,,,,,,,,,,,,,,,,,,,,,,,,,,,,,,,,,,,,,,,,,,,,,,,,,,,,,,,,,,,,,,,,,,,,,,,,,,,,,,,,,,,,,,,,,,,,
w(s,ὡς,conjunction,de\,δέ,particle,kai\,peri\,περί,preposition,tw=n,ὁ,article,i(ppe/wn,ἱππεύς,noun,e)pu/qonto,au)=qis,αὖθις,adverb,e)qrh/noun,θρηνέω,verb,e)pi\,ἐπί,preposition,plei=ston,πλεῖστος,adjective,,,,,,,,,,,,,,,,,,,,,,,,,καί,conjunction,πύθω,verb,,,,,,,,,,,,,,,,,,,,,,,,,,,,,,,,,,,,,,,,,,,,,,,,,,,,,,,,,,,,,,,,,,,,,,,,,,,,,,,,,,,,,,,,,,,,,,,,,,,,,,,,,,,,,,,,,,,,,,,,,,,,,,,,,,,,,,,,,,,,,
u(po\,ὑπό,preposition,de\,δέ,particle,a)pori/as,au)ta\,αὐτός,pronoun,e)de/xonto,δέχομαι,verb,kai\,καί,conjunction,tou\s,o(/rkous,ὅρκος,noun,w)/mnuon,ὄμνυμι,verb,o(/,ὅς,pronoun,te,τε,particle,*po/ntios,Πόντις,proper,kai\,καί,conjunction,oi(,ὁ,article,*(rwmai/wn,,,u(/patoi,ὕπατος,adjective,du/o,δύο,adjective,o)/ntes,εἰμί,verb,*postou/mio/s,Ποστούμιος,proper,ἀπορία,noun,ὁ,article,te,τε,particle,kai\,καί,conjunction,*ou)etou/rios,,,kai\,καί,conjunction,tamiai,,,du/o,δύο,adjective,kai\,καί,conjunction,tacia/rxai,ταξιάρχης,noun,te/ssares,τέσσαρες,noun,kai\,καί,conjunction,xili/arxoi,χιλίαρχος,noun,dw/deka,δώδεκα,adjective,su/mpantes,σύμπας,adjective,o(/soi,ὅσος,adjective,meta\,μετά,preposition,tou\s,ὁ,article,diefqarme/nous,διαφθείρω,verb,h)=rxon,,,,,,,,,,,,,,,,,,,,,,,,,,,,,,,,,,,,,,,,ἄρχω,verb,,,,,,,,,,,,,,,,,,,,,,,,,,,,,,,,,,,,,,,,,,,,,,,,
genome/nwn,γίγνομαι,verb,de\,δέ,particle,tw=n,o(/rkwn,ὅρκος,noun,o(,ὁ,article,me\n,μέν,particle,*po/ntios,paralu/sas,παραλύω,verb,ti,τις,pronoun,tou=,ὁ,article,diateixi/smatos,διατείχισμα,noun,kai\,καί,conjunction,dusi\,δύο,adjective,do/rasin,δόρυ,noun,e)s,εἰς,preposition,th\n,ὁ,article,gh=n,γῆ,noun,e)mpephgo/sin,ἐμπήγνυμι,verb,e)pika/rsion,ἐπικάρσιος,adjective,ὁ,article,Πόντις,proper,a)/llo,ἄλλος,adjective,e)piqei/s,ἐπιτίθημι,verb,e)ce/pempe,ἐκπέμπω,verb,*(rwmai/wn,,,e(/kaston,ἕκαστος,adjective,u(po\,ὑπό,preposition,tou/tw|,οὗτος,pronoun,,,,,,,,,,,,,,,,,,,,,,,,,,,,,,,,,,,,,,,,,,,,,,,,,,,,,,,,,,,,,,,,,,,,,,,,,,,,,,,,,,,,,,,,,,,,,,,,,,,,,,,,,,,,,,,,,,,,,,,,
kai/,καί,conjunction,tina,τις,pronoun,u(pozu/gia,e)/dwken,δίδωμι,verb,au)toi=s,αὐτός,pronoun,e)s,εἰς,preposition,tou\s,a)rrwstou=ntas,ἀρρωστέω,verb,kai\,καί,conjunction,trofh/n,τροφή,noun,a)/xri,ἄχρι,adverb,th=s,ὁ,article,*(rw/mhs,,,fe/resqai,φέρω,verb,,,,,,,,,,,,,,,,ὑποζύγιον,noun,ὁ,article,,,,,,,,,,,,,,,,,,,,,,,,,,,,,,,,,,,,,,,,,,,,,,,,,,,,,,,,,,,,,,,,,,,,,,,,,,,,,,,,,,,,,,,,,,,,,,,,,,,,,,,,,,,,,,,,,,,,,,,,,,,,,,,,,,,,,,,,,,,,,
du/natai,δύναμαι,verb,d',δέ,particle,e)moi\,dokei=n,δοκέω,verb,to\,ὁ,article,ei)=dos,εἶδος,noun,th=s,a)fe/sews,ἄφεσις,noun,o(\,ὅς,pronoun,kalou=sin,καλέω,verb,oi(,ἕ,pronoun,th=|de,ὅδε,pronoun,zugo/n,ζυγόν,noun,o)neidi/zein,ὀνειδίζω,verb,w(s,ὡς,conjunction,dorialw/tois,δοριάλωτος,adjective,,,,,,,,,,ἐγώ,pronoun,ὁ,article,,,,,,,,,,,,,,,,,,,,,,,,,,,,,,,,,,,,,,,,,,,,,,,,,,,,,,,,,,,,,,,,,,,,,,,,,,,,,,,,,,,,,,,,,,,,,,,,,,,,,,,,,,,,,,,,,,,,,,,,,,,,,,,,,,,,,,,,,,,,,
a)paggelqei/shs,ἀπαγγέλλω,verb,de\,δέ,particle,th=s,sumfora=s,συμφορά,noun,e)s,εἰς,preposition,th\n,ὁ,article,po/lin,oi)mwgh\,οἰμωγή,noun,kai\,καί,conjunction,qrh=nos,θρῆνος,noun,h)=n,εἰμί,verb,w(s,ὡς,conjunction,e)pi\,ἐπί,preposition,pe/nqei,πένθος,noun,kai\,καί,conjunction,ai(,ὁ,article,gunai=kes,γυνή,noun,e)ko/ptonto,κόπτω,verb,tou\s,ὁ,article,ὁ,article,πόλις,adjective,ai)sxrw=s,αἰσχρός,adjective,periseswsme/nous,περισώζω,verb,w(s,ὡς,conjunction,a)pofano/ntas,,,h(/,ὅς,pronoun,te,τε,particle,boulh\,βουλή,noun,th\n,ὁ,article,e)pipo/rfuron,ἐπιπόρφυρος,adjective,e)sqh=ta,ἐσθής,noun,a)pe/qeto,ἀποτίθημι,verb,kai\,καί,conjunction,qusi/ai,θυσία,noun,kai\,καί,conjunction,ga/moi,γάμος,adjective,kai\,καί,conjunction,o(/sa,ὅσος,adjective,a)/lla,toiouto/tropa,τοιουτότροπος,adjective,e)pe/sxeto,ἐπέχω,verb,e)pi\,ἐπί,preposition,to\,ὁ,article,e)/tos,ἔτος,noun,o(/lon,ὅλος,adjective,e(/ws,ἕως,conjunction,th\n,ὁ,article,sumfora\n,συμφορά,noun,a)ne/labon,ἀναλαμβάνω,verb,,,,,,,,,,ἄλλος,adjective,,,,,,,,,,,,,,,,,,,,,,,,,,,,,,,,,,,,,,,,,,,,,,,,
tw=n,ὁ,article,de\,δέ,particle,a)feime/nwn,oi(,ὁ,article,me\n,μέν,particle,e)s,εἰς,preposition,tou\s,a)grou\s,ἀγρός,noun,die/feugon,διαφεύγω,verb,u(po\,ὑπό,preposition,ai)dou=s,αἰδώ,noun,oi(,ὁ,article,de\,δέ,particle,nukto\s,νύξ,adjective,e)s,εἰς,preposition,th\n,ὁ,article,po/lin,πόλις,adjective,e)sh/|esan,εἴσειμι,verb,,,,ἀφίημι,verb,ὁ,article,,,,,,,,,,,,,,,,,,,,,,,,,,,,,,,,,,,,,,,,,,,,,,,,,,,,,,,,,,,,,,,,,,,,,,,,,,,,,,,,,,,,,,,,,,,,,,,,,,,,,,,,,,,,,,,,,,,,,,,,,,,,,,,,,,,,,,,,,,,,,
oi(,ὁ,article,de\,δέ,particle,a)/rxontes,h(me/ras,ἡμέρα,noun,me\n,μέν,particle,e)sh=lqon,εἰσέρχομαι,verb,u(p',a)na/gkhs,ἀνάγκη,noun,kai\,καί,conjunction,ta\,ὁ,article,shmei=a,σημεῖον,noun,th=s,ὁ,article,a)rxh=s,ἀρχή,noun,e)pe/keito,ἐπίκειμαι,verb,au)toi=s,αὐτός,pronoun,e)/prasson,πράσσω,verb,de\,δέ,particle,ou)de/n,οὐδείς,pronoun,,,,ἄρχων,noun,ὑπό,preposition,,,,,,,,,,,,,,,,,,,,,,,,,,,,,,,,,,,,,,,,,,,,,,,,,,,,,,,,,,,,,,,,,,,,,,,,,,,,,,,,,,,,,,,,,,,,,,,,,,,,,,,,,,,,,,,,,,,,,,,,,,,,,,,,,,,,,,,,,,,,,
*denta/tw|,,,kata\,κατά,preposition,zh=lon,a)reth=s,ἀρετή,noun,ei(/peto,ἕπομαι,verb,newn,,,loga/dwn,plh=qos,πλῆθος,noun,o)ktakosi/wn,ὀκτακόσιοι,adjective,e)pi\,ἐπί,preposition,pa/nta,πᾶς,adjective,ta\,ὁ,article,e)/rga,ἔργον,noun,e(/toimoi,ἑτοῖμος,adjective,,,,,,,,,,,,,,,,ζῆλος,noun,λογάδες,noun,,,,,,,,,,,,,,,,,,,,,,,,,,,,,,,,,,,,,,,,,,,,,,,,,,,,,,,,,,,,,,,,,,,,,,,,,,,,,,,,,,,,,,,,,,,,,,,,,,,,,,,,,,,,,,,,,,,,,,,,,,,,,,,,,,,,,,,,,,,,,
kai\,καί,conjunction,baru\s,βαρύς,adjective,h)=n,th=|,ὁ,article,boulh=|,βουλεύς,noun,para\,παρά,preposition,ta\s,e)kklhsi/as,ἐκκλησία,noun,,,,,,,,,,,,,,,,,,,,,,,,,,,,,,,,,,εἰμί,verb,ὁ,article,,,,,,,,,,,,,,,,,,,,,,,,,,,,,,,,,,,,,,,,,,,,,,,,,,,,,,,,,,,,,,,,,,,,,,,,,,,,,,,,,,,,,,,,,,,,,,,,,,,,,,,,,,,,,,,,,,,,,,,,,,,,,,,,,,,,,,,,,,,,,
o(/ti,ὅστις,pronoun,*keltw=n,Κελτός,proper,*seno/nwn,polu\,πολύς,adjective,plh=qos,πλῆθος,noun,*turrhnoi=s,Τυρρηνός,proper,sunema/xoun,kata\,κατά,preposition,*(rwmai/wn,,,,,,,,,,,,,,,,,,,,,,,,,,,,,,,,,,,συμμαχέω,verb,,,,,,,,,,,,,,,,,,,,,,,,,,,,,,,,,,,,,,,,,,,,,,,,,,,,,,,,,,,,,,,,,,,,,,,,,,,,,,,,,,,,,,,,,,,,,,,,,,,,,,,,,,,,,,,,,,,,,,,,,,,,,,,,,,,,,,,,,,,,,
*(rwmai=oi,,,de\,δέ,particle,e)s,ta\s,ὁ,article,*seno/nwn,,,po/leis,πόλις,adjective,e)pre/sbeuon,kai\,καί,conjunction,e)neka/loun,ἐγκαλέω,verb,o(/ti,ὅστις,pronoun,o)/ntes,εἰμί,verb,e)/nspondoi,ἔνσπονδος,adjective,misqoforou=si,μισθοφορέω,verb,kata\,κατά,preposition,*(rwmai/wn,,,,,,,,,,,,,,,εἰς,preposition,πρεσβεύω,verb,,,,,,,,,,,,,,,,,,,,,,,,,,,,,,,,,,,,,,,,,,,,,,,,,,,,,,,,,,,,,,,,,,,,,,,,,,,,,,,,,,,,,,,,,,,,,,,,,,,,,,,,,,,,,,,,,,,,,,,,,,,,,,,,,,,,,,,,,,,,,
tou/sde,ὅδε,pronoun,tou\s,ὁ,article,pre/sbeis,*brito/maris,,,meta\,μετά,preposition,tw=n,ὁ,article,khrukei/wn,kai\,καί,conjunction,th=s,ὁ,article,i(era=s,ἱερεύς,adjective,stolh=s,στολή,noun,kate/temen,κατατέμνω,verb,e)s,εἰς,preposition,polla\,πολύς,adjective,kai\,καί,conjunction,die/rriyen,διαρρίπτω,verb,e)gkalw=n,ἐγκαλέω,verb,o(/ti,ὅστις,pronoun,au)tou=,αὐτός,pronoun,πρέσβις,noun,κηρύκειον,noun,o(,ὁ,article,path\r,πατήρ,noun,e)n,ἐν,preposition,*turrhni/a|,Τυρρήνιος,proper,polemw=n,πολεμέω,verb,a)nh/|rhto,ἀναιρέω,verb,u(po\,ὑπό,preposition,*(rwmai/wn,,,,,,,,,,,,,,,,,,,,,,,,,,,,,,,,,,,,,,,,,,,,,,,,,,,,,,,,,,,,,,,,,,,,,,,,,,,,,,,,,,,,,,,,,,,,,,,,,,,,,,,,,,,,,,,,,,,,,,,
*kornh/lios,Κορνήλιος,proper,de\,δέ,particle,o(,u(/patos,ὕπατος,adjective,tou=,ὁ,article,mu/sous,μύσος,adjective,e)n,o(dw=|,ὁδός,adjective,puqo/menos,πύθω,verb,ta\,ὁ,article,me\n,μέν,particle,*turrhnw=n,Τυρρηνός,proper,ei)/asen,ἀίω,verb,e)s,εἰς,preposition,de\,δέ,particle,ta\s,ὁ,article,*seno/nwn,,,po/leis,πόλις,adjective,sunto/nw|,σύντονος,adjective,ὁ,article,ἐν,preposition,spoudh=|,σπουδή,noun,dia\,διά,preposition,*sabi/nwn,Σαβῖνος,proper,kai\,καί,conjunction,*pikenti/nwn,,,e)sbalw\n,εἰσβάλλω,verb,pa/nta,πᾶς,adjective,kaqh/|rei,καθαιρέω,verb,kai\,καί,conjunction,e)nepi/mprh,ἐμπίμπρημι,verb,kai\,καί,conjunction,ta\s,ὁ,article,me\n,μέν,particle,gunai=kas,γυνή,noun,kai\,καί,conjunction,ta\,ὁ,article,paidi/a,παιδία,noun,h)ndrapodi/zeto,tou\s,ὁ,article,de\,δέ,particle,h(bw=ntas,ἡβάω,verb,pa/ntas,πᾶς,adjective,e)/kteine,ἐκτείνω,verb,plh\n,πλήν,preposition,*britoma/rios,,,o(\n,ὅς,pronoun,deinw=s,δεινός,adjective,ai)kisa/menos,αἰκίζομαι,verb,h)=gen,ἄγω,verb,e)s,εἰς,preposition,to\n,ὁ,article,ἀνδραποδίζω,verb,qri/ambon,θρίαμβος,adjective,,,,,,,,,,,,,,,,,,,,,,,,,,,,,,,,,,,,,,,,,,,,,
oi(,ὁ,article,de\,δέ,particle,*seno/nwn,o(/soi,ὅσος,adjective,h)=san,εἰμί,verb,e)n,ἐν,preposition,*turrhni/a|,puqo/menoi,πύθω,verb,a)nh|rh=sqai,ἀναιρέω,verb,*turrhnou\s,Τυρρηνός,proper,h)=gon,ἄγω,verb,e)pi\,ἐπί,preposition,*(rw/mhs,,,,,,,,,,,,,,,,,,,,,,,Τυρρήνιος,proper,,,,,,,,,,,,,,,,,,,,,,,,,,,,,,,,,,,,,,,,,,,,,,,,,,,,,,,,,,,,,,,,,,,,,,,,,,,,,,,,,,,,,,,,,,,,,,,,,,,,,,,,,,,,,,,,,,,,,,,,,,,,,,,,,,,,,,,,,,,,,
kai\,καί,conjunction,pollw=n,πολύς,adjective,metacu\,genome/nwn,γίγνομαι,verb,oi(,ὁ,article,*se/nones,,,ou)/te,patri/das,πατρίς,adjective,e)/xontes,ἔχω,verb,e)s,εἰς,preposition,a(\s,ὅς,pronoun,diafu/gwsin,διαφεύγω,verb,o)rgizo/menoi/,ὀργίζω,verb,te,τε,particle,tw=n,ὁ,article,gegono/twn,γίγνομαι,verb,e)ne/pipton,ἐμπίτνω,verb,tw=|,ὁ,article,*domiti/w|,,,μεταξύ,adverb,οὔτε,adverb,kai\,καί,conjunction,diefqa/rhsan,διαφθείρω,verb,polloi/,πολύς,adjective,,,,,,,,,,,,,,,,,,,,,,,,,,,,,,,,,,,,,,,,,,,,,,,,,,,,,,,,,,,,,,,,,,,,,,,,,,,,,,,,,,,,,,,,,,,,,,,,,,,,,,,,,,,,,,,,,,,,,,,,,,,,,,,,,,,,
to\,ὁ,article,de\,δέ,particle,loipo\n,sfa=s,σφεῖς,pronoun,au)tou\s,αὐτός,pronoun,diexrw=nto,διαχράομαι,verb,manikw=s,,,,,,,,,,,,,,,,,,,,,,,,,,,,,,,,,,,,,λοιπός,adjective,μανικός,adjective,,,,,,,,,,,,,,,,,,,,,,,,,,,,,,,,,,,,,,,,,,,,,,,,,,,,,,,,,,,,,,,,,,,,,,,,,,,,,,,,,,,,,,,,,,,,,,,,,,,,,,,,,,,,,,,,,,,,,,,,,,,,,,,,,,,,,,,,,,,,,
kai\,καί,conjunction,di/kh,δίκη,adjective,me\n,h(/de,ὅδε,pronoun,paranomi/as,παρανομία,noun,e)s,εἰς,preposition,pre/sbeis,e)ge/neto,γίγνομαι,verb,*se/nosin,,,,,,,,,,,,,,,,,,,,,,,,,,,,,,,,,μέν,particle,πρέσβις,noun,,,,,,,,,,,,,,,,,,,,,,,,,,,,,,,,,,,,,,,,,,,,,,,,,,,,,,,,,,,,,,,,,,,,,,,,,,,,,,,,,,,,,,,,,,,,,,,,,,,,,,,,,,,,,,,,,,,,,,,,,,,,,,,,,,,,,,,,,,,,,
o(/ti,ὅστις,pronoun,*kornh/lios,Κορνήλιος,proper,e)pi\,katafra/ktwn,κατάφρακτος,adjective,deka,,,new=n,ναός,noun,e)qea=to,th\n,ὁ,article,mega/lhn,μέγας,adverb,*(ella/da,Ἑλλάς,proper,kai/,καί,conjunction,tis,τις,pronoun,e)n,ἐν,preposition,*ta/ranti,Τάρας,proper,dhmagwgo\s,δημαγωγός,noun,*filo/xaris,,,ai)sxrw=s,αἰσχρός,adjective,te,τε,particle,bebiwkw\s,βιόω,verb,ἐπί,preposition,θεάομαι,verb,kai\,καί,conjunction,para\,παρά,preposition,tou=to,οὗτος,pronoun,kalou/menos,καλέω,verb,*qai/+s,Θαίς,proper,palaiw=n,παλαιός,adjective,tou\s,ὁ,article,*taranti/nous,Ταράντινος,proper,a)nemi/mnhske,ἀναμιμνήσκω,verb,sunqhkw=n,συνθήκη,noun,mh\,μή,conjunction,plei=n,πλέω,verb,*(rwmai/ous,,,pro/sw,πρόσω,adverb,*lakini/as,Λακίνιος,proper,a)/kras,ἄκρος,adjective,parocu/nas,παροξύνω,verb,te,e)/peisen,ἐφίζω,verb,e)panaxqh=nai,ἐπανάγω,verb,tw=|,ὁ,article,*kornhli/w|,Κορνήλιος,proper,,,,,,,,,,,,,,,,,,,,,,,,,,,,τε,particle,,,,,,,,,,,,,,,,,,,,,,,,,,,,,,,,,,,,,,,,,,,,,,,,
kai\,καί,conjunction,te/ssaras,τέσσαρες,noun,me\n,au)tou=,αὐτός,pronoun,nau=s,ναῦς,noun,kate/dusan,καταδύω,verb,oi(,*taranti=noi,Ταραντῖνοι,proper,mi/an,εἷς,adjective,de\,δέ,particle,e)/labon,λαμβάνω,verb,au)toi=s,αὐτός,pronoun,a)ndra/sin,ἀνήρ,noun,,,,,,,,,,,,,,,,,,,μέν,particle,ὁ,article,,,,,,,,,,,,,,,,,,,,,,,,,,,,,,,,,,,,,,,,,,,,,,,,,,,,,,,,,,,,,,,,,,,,,,,,,,,,,,,,,,,,,,,,,,,,,,,,,,,,,,,,,,,,,,,,,,,,,,,,,,,,,,,,,,,,,,,,,,,,,
e)/s,εἰς,preposition,te,τε,particle,*qouri/ous,e)gklh/mata,ἔγκλημα,noun,poiou/menoi,ποιέω,verb,o(/ti,ὅστις,pronoun,*(/ellhnes,o)/ntes,εἰμί,verb,e)pi\,ἐπί,preposition,*(rwmai/ous,,,kate/fugon,καταφεύγω,verb,a)nti\,ἀντί,preposition,sfw=n,σφεῖς,pronoun,kai\,καί,conjunction,parelqei=n,παρέρχομαι,verb,au)tou\s,αὐτός,pronoun,e)pe/keina,ἐπέκεινα,adverb,ai)/tioi,αἴτιος,adjective,ma/lista,μάλιστα,adverb,Θούριος,proper,Ἕλλην,proper,e)gege/nhnto,γίγνομαι,verb,tou\s,ὁ,article,me\n,μέν,particle,e)pifanei=s,ἐπιφαίνω,verb,au)tw=n,αὐτός,pronoun,e)ce/balon,ἐκβάλλω,verb,th\n,ὁ,article,de\,δέ,particle,po/lin,πόλις,adjective,dih/rpasan,διαρπάζω,verb,kai\,καί,conjunction,tou\s,ὁ,article,*(rwmai/wn,,,frourou\s,φρουρός,noun,u(pospo/ndous,ὑπόσπονδος,adjective,a)fh=kan,ἀφίημι,verb,,,,,,,,,,,,,,,,,,,,,,,,,,,,,,,,,,,,,,,,,,,,,,,,,,,,,,,,,,,,,,,,,,,,,,,,,,,,,,,,,,,,,,,,,,,,,
*(rwmai=oi,,,de\,δέ,particle,tou/twn,puqo/menoi,πύθω,verb,pre/sbeis,πρέσβις,noun,e)s,εἰς,preposition,*taranta,pe/mpousi,πέμπω,verb,tou\s,ὁ,article,me\n,μέν,particle,ai)xmalw/tous,αἰχμάλωτος,adjective,keleu/ontes,κελεύω,verb,ou(\s,ὅς,pronoun,ou),οὐ,adverb,polemou=ntas,πολεμέω,verb,a)lla\,ἀλλά,adverb,qewme/nous,θεάομαι,verb,e)/labon,λαμβάνω,verb,a)podou=nai,ἀποδίδωμι,verb,οὗτος,pronoun,,,*qouri/wn,Θούριος,proper,d',δέ,particle,ou(\s,ὅς,pronoun,e)ce/balon,ἐκβάλλω,verb,ei)s,εἰς,preposition,th\n,ὁ,article,po/lin,πόλις,adjective,katagagei=n,κατάγω,verb,a(/,ὅς,pronoun,te,τε,particle,dihrpa/kesan,διαρπάζω,verb,au)tou/s,αὐτός,pronoun,h)\,ἠέ,conjunction,th\n,ὁ,article,zhmi/an,ζημία,noun,tw=n,ὁ,article,a)polome/nwn,ἀπόλλυμι,verb,a)poti=sai,sfi/si,σφεῖς,pronoun,d',δέ,particle,e)kdou=nai,ἐκδίδωμι,verb,tou\s,ὁ,article,ai)ti/ous,αἴτιος,adjective,th=s,ὁ,article,paranomi/as,παρανομία,noun,ei),εἰ,conjunction,*(rwmai/wn,,,e)qe/lousin,ἐθέλω,verb,ei)=nai,εἰμί,verb,fi/loi,φίλος,adjective,,,,ἀποτίνω,verb,,,,,,,,,,,,,,,,,,,,,,,,,,,,,,,,,,,,,,,,,,,,,,,,
oi(,ὁ,article,de\,δέ,particle,tou\s,pre/sbeis,πρέσβις,noun,mo/lis,μόλις,adverb,pote\,ποτός,adjective,e)pi\,to\,ὁ,article,koino\n,κοινός,adjective,e)ph/gagon,ἐπάγω,verb,kai\,καί,conjunction,e)pelqo/ntas,ἐπέρχομαι,verb,e)xleu/azon,χλευάζω,verb,ei)/,εἰ,conjunction,ti,τις,pronoun,mh\,μή,conjunction,kalw=s,καλός,noun,e(llhni/seian,ἑλληνίζω,verb,,,,ὁ,article,ἐπί,preposition,,,,,,,,,,,,,,,,,,,,,,,,,,,,,,,,,,,,,,,,,,,,,,,,,,,,,,,,,,,,,,,,,,,,,,,,,,,,,,,,,,,,,,,,,,,,,,,,,,,,,,,,,,,,,,,,,,,,,,,,,,,,,,,,,,,,,,,,,,,,,
e)/skwpton,εἰσλάω,verb,de\,δέ,particle,kai\,th\n,ὁ,article,stolh\n,στολή,noun,au)tw=n,αὐτός,pronoun,kai\,to\,ὁ,article,e)pipo/rfuron,ἐπιπόρφυρος,adjective,,,,,,,,,,,,,,,,,,,,,,,,,,,,,,,καί,conjunction,καί,conjunction,,,,,,,,,,,,,,,,,,,,,,,,,,,,,,,,,,,,,,,,,,,,,,,,,,,,,,,,,,,,,,,,,,,,,,,,,,,,,,,,,,,,,,,,,,,,,,,,,,,,,,,,,,,,,,,,,,,,,,,,,,,,,,,,,,,,,,,,,,,,,
*filwni/dhs,Φιλωνίδης,proper,de/,δέ,particle,tis,a)nh\r,ἀνήρ,noun,geloi=os,γέλοιος,adjective,kai\,καί,conjunction,filoskw/mmwn,*postoumi/w|,Ποστούμιος,proper,tw=|,τίς,pronoun,th=s,ὁ,article,presbei/as,πρέσβεια,noun,h(goume/nw|,ἡγέομαι,verb,proselqw\n,προσέρχομαι,verb,a)pestra/fh,ἀποστρέφω,verb,te,τε,particle,kai\,καί,conjunction,e)piku/yas,ἐπικύπτω,verb,th\n,ὁ,article,e)sqh=ta,ἐσθής,noun,τις,pronoun,φιλοσκώμμων,adverb,a)nesu/rato,ἀνασύρομαι,verb,th\n,ὁ,article,e(autou=,ἑαυτοῦ,pronoun,kai\,καί,conjunction,tou=,ὁ,article,presbeutou=,πρεσβευτής,noun,kathsxhmo/nhsen,κατασχημονέω,verb,,,,,,,,,,,,,,,,,,,,,,,,,,,,,,,,,,,,,,,,,,,,,,,,,,,,,,,,,,,,,,,,,,,,,,,,,,,,,,,,,,,,,,,,,,,,,,,,,,,,,,,,,,,,,,,,,,,,,,,,
kai\,καί,conjunction,to\,ὁ,article,me\n,qe/atron,θέατρον,noun,e)/paizen,παίω,verb,w(s,ὡς,conjunction,e)pi\,geloi/w|,γέλοιος,adjective,*postou/mios,Ποστούμιος,proper,de\,δέ,particle,protei/nas,προτείνω,verb,to\,ὁ,article,memolusme/non,μολύνω,verb,e)kplunei=te,ἐκπλύνω,verb,e)/fh,φημί,verb,tou=to,οὗτος,pronoun,ai(/mati,αἷμα,noun,pollw=|,πολύς,adjective,toiou/tois,τοιοῦτος,adjective,μέν,particle,ἐπί,preposition,a)resko/menoi,ἀρέσκω,verb,ge/lwsin,γέλως,noun,,,,,,,,,,,,,,,,,,,,,,,,,,,,,,,,,,,,,,,,,,,,,,,,,,,,,,,,,,,,,,,,,,,,,,,,,,,,,,,,,,,,,,,,,,,,,,,,,,,,,,,,,,,,,,,,,,,,,,,,,,,,,,,,,,,,,,,
kai\,καί,conjunction,ou)de\n,οὐδείς,pronoun,tw=n,*taranti/nwn,Ταράντινος,proper,a)pokriname/nwn,ἀποκρίνω,verb,a)ph=lqon,ἀπέρχομαι,verb,oi(,pre/sbeis,πρέσβις,noun,,,,,,,,,,,,,,,,,,,,,,,,,,,,,,,,,,ὁ,article,ὁ,article,,,,,,,,,,,,,,,,,,,,,,,,,,,,,,,,,,,,,,,,,,,,,,,,,,,,,,,,,,,,,,,,,,,,,,,,,,,,,,,,,,,,,,,,,,,,,,,,,,,,,,,,,,,,,,,,,,,,,,,,,,,,,,,,,,,,,,,,,,,,,
o(,ὁ,article,de\,δέ,particle,*postou/mios,th\n,ὁ,article,u(/brin,ὕβρις,noun,e)k,ἐκ,preposition,th=s,e)sqh=tos,ἐσθής,noun,ou)k,οὐ,adverb,a)poplu/nas,ἀποπλύνω,verb,e)pe/deice,ἐπιδείκνυμι,verb,*(rwmai/ois',,,kai\,καί,conjunction,o(,ὁ,article,dh=mos,δῆμος,noun,a)ganaktw=n,ἀγανακτέω,verb,*ai)mili/w|,Αἰμίλιος,proper,polemou=nti,πολεμέω,verb,*sauni/tais,Σαυνῖται,proper,Ποστούμιος,proper,ὁ,article,e)pe/steile,ἐπιστέλλω,verb,ta\,ὁ,article,me\n,μέν,particle,*saunitw=n,Σαυνῖται,proper,e)n,ἐν,preposition,tw=|,ὁ,article,paro/nti,πάρειμι,verb,e)a=n,ἀίω,verb,ei)s,εἰς,preposition,de\,δέ,particle,th\n,ὁ,article,*taranti/nwn,Ταράντινος,proper,ei)sba/llein,εἰσβάλλω,verb,kai\,καί,conjunction,au)tou\s,αὐτός,pronoun,e)f',ἐπί,preposition,oi(=s,ὅς,pronoun,h)ci/oun,oi(,ὁ,article,pre/sbeis,πρέσβις,noun,e)s,εἰς,preposition,diallaga\s,διαλλαγή,noun,prokale/sasqai,προκαλέω,verb,a)\n,ἄν,particle,d',δέ,particle,a)peiqw=si,ἀπειθέω,verb,polemei=n,πολεμέω,verb,kata\,κατά,preposition,kra/tos,κράτος,noun,,,,,,,ἀξιόω,verb,,,,,,,,,,,,,,,,,,,,,,,,,,,,,,,,,,,,,,,,,,,,,,,,
o(,ὁ,article,me\n,μέν,particle,dh\,ta/de,ὅδε,pronoun,prou/teine,προτείνω,verb,toi=s,ὁ,article,*taranti/nois,oi(,ὁ,article,de\,δέ,particle,ou)k,οὐ,adverb,e)ge/lwn,γελάω,verb,e)/ti,ἔτι,adverb,th\n,ὁ,article,stratia\n,στρατία,noun,o(rw=ntes,ὁράω,verb,a)ll',ἀλλά,adverb,e)gi/gnonto,γίγνομαι,verb,tai=s,ὁ,article,gnw/mais,γνώμη,noun,δή,particle,Ταράντινος,proper,a)gxw/maloi,ἀγχώμαλος,adjective,me/xri,μέχρι,preposition,tis,τις,pronoun,a)porou=si,ἀφοράω,verb,kai\,καί,conjunction,bouleuome/nois,βουλεύω,verb,e)/fh,φημί,verb,to\,ὁ,article,me\n,μέν,particle,e)kdou=nai/,ἐκδίδωμι,verb,tinas,τις,pronoun,h)/dh,ἤδη,adverb,dedoulwme/nwn,δουλόω,verb,ei)=nai,εἰμί,verb,to\,ὁ,article,de\,δέ,particle,polemei=n,πολεμέω,verb,mo/nous,e)pisfale/s,ἐπισφαλής,adverb,,,,,,,,,,,,,,,,,,,,,,,,,,,,,,,,,,,,,μόνος,adjective,,,,,,,,,,,,,,,,,,,,,,,,,,,,,,,,,,,,,,,,,,,,,,,,
ei),εἰ,conjunction,de\,δέ,particle,kai\,th=s,ὁ,article,e)leu\qeri/as,,,e)gkratw=s,ἐγκρατής,adjective,e(co/meqa,kai\,καί,conjunction,polemh/somen,πολεμέω,verb,e)c,ἐκ,preposition,i)/sou,ἴσος,adjective,*pu/rron,Πύρρος,proper,e)c,ἐκ,preposition,*)hpei/rou,Ἤπειρος,proper,to\n,ὁ,article,basile/a,βασιλεύς,noun,kalw=men,καλέω,verb,kai\,καί,conjunction,strathgo\n,στρατηγός,noun,καί,conjunction,ἔχω,verb,a)pofh/nwmen,ἀποφαίνω,verb,tou=de,ὅδε,pronoun,tou=,ὁ,article,pole/mou,πόλεμος,noun,,,,,,,,,,,,,,,,,,,,,,,,,,,,,,,,,,,,,,,,,,,,,,,,,,,,,,,,,,,,,,,,,,,,,,,,,,,,,,,,,,,,,,,,,,,,,,,,,,,,,,,,,,,,,,,,,,,,,,,,,,,,,,,,,
o(\,ὅς,pronoun,kai\,καί,conjunction,ge/gonen,,,,,,,,,,,,,,,,,,,,,,,,,,,,,,,,,,,,,,,,,,,,,,,γίγνομαι,verb,,,,,,,,,,,,,,,,,,,,,,,,,,,,,,,,,,,,,,,,,,,,,,,,,,,,,,,,,,,,,,,,,,,,,,,,,,,,,,,,,,,,,,,,,,,,,,,,,,,,,,,,,,,,,,,,,,,,,,,,,,,,,,,,,,,,,,,,,,,,,,,
*oti,,,meta\,μετά,preposition,to\,naua/gion,ναυάγιον,noun,o(,ὁ,article,*pu/rros,Πύρρος,proper,o(,basileu\s,βασιλεύς,noun,th=s,ὁ,article,*)hpei/rou,Ἤπειρος,proper,e)s,εἰς,preposition,to\n,ὁ,article,*ta/ranta,Τάρας,proper,kath/geto,κατάγω,verb,kai\,καί,conjunction,oi(,ὁ,article,*taranti=noi,Ταραντῖνοι,proper,to/te,τότε,adverb,ma/lista,μάλιστα,adverb,ὁ,article,ὁ,article,tou\s,ὁ,article,basilikou\s,βασιλικός,adjective,e)baru/nonto,βαρύνω,verb,e)soikizome/nous,εἰσοικίζω,verb,te,τε,particle,para\,παρά,preposition,sfa=s,σφεῖς,pronoun,bi/a|,βία,adjective,kai\,καί,conjunction,fanerw=s,φανερός,adjective,e)nubri/zontas,ἐνυβρίζω,verb,tai=s,ὁ,article,au)tw=n,αὐτός,pronoun,gunaici\,γυνή,noun,kai\,καί,conjunction,paisi/n,παῖς,adjective,,,,,,,,,,,,,,,,,,,,,,,,,,,,,,,,,,,,,,,,,,,,,,,,,,,,,,,,,,,,,,,,,,,,,,,,,,,,,,,,,,,,,,,,,,,,,
w(s,ὡς,conjunction,de\,δέ,particle,kai\,ta\,ὁ,article,sussi/tia,συσσίτιον,noun,sfw=n,σφεῖς,pronoun,o(,*pu/rros,Πύρρος,proper,kai\,καί,conjunction,ta\s,ὁ,article,a)/llas,ἄλλος,adjective,suno/dous,σύνοδος,noun,kai\,καί,conjunction,diatriba\s,διατριβή,noun,w(s,ὡς,conjunction,ou),οὐ,adverb,prepou/sas,πρέπω,verb,pole/mw|,πόλεμος,noun,die/lue,διαλύω,verb,καί,conjunction,ὁ,article,gumna/sia/,γυμνάσιον,noun,te,τε,particle,e)/nopla,ἔνοπλος,adjective,e)/tassen,ἐτάζω,verb,au)toi=s,αὐτός,pronoun,kai\,καί,conjunction,qa/naton,θάνατος,adjective,toi=s,ὁ,article,a)melou=sin,ἀμελέω,verb,w(/rize,ὁρίζω,verb,to/te,τότε,adverb,dh\,δή,particle,kai\,καί,conjunction,pa/mpan,πάμπαν,adverb,a)h/qesin,ἀήθης,adjective,e)/rgois,ἔργον,noun,kai\,καί,conjunction,e)pita/gmasi,ka/mnontes,κάμνω,verb,oi(,ὁ,article,*taranti=noi,Ταραντῖνοι,proper,th=s,ὁ,article,po/lews,πόλις,adjective,w(s,ὡς,conjunction,a)llotri/as,ἀλλότριος,adjective,e)s,εἰς,preposition,tou\s,ὁ,article,a)grou\s,ἀγρός,noun,a)pedi/draskon,ἀποδιδράσκω,verb,,,,,,,ἐπίταγμα,noun,,,,,,,,,,,,,,,,,,,,,,,,,,,,,,,,,,,,,,,,,,,,,,,,
kai\,καί,conjunction,o(,ὁ,article,basileu\s,ta\s,ὁ,article,qu/ras,θύρα,noun,a)pe/kleie,ἀποκλείω,verb,kai\,froura\s,φρουρά,noun,e)fi/sth,ἐφίστημι,verb,,,,,,,,,,,,,,,,,,,,,,,,,,,,,,,βασιλεύς,noun,καί,conjunction,,,,,,,,,,,,,,,,,,,,,,,,,,,,,,,,,,,,,,,,,,,,,,,,,,,,,,,,,,,,,,,,,,,,,,,,,,,,,,,,,,,,,,,,,,,,,,,,,,,,,,,,,,,,,,,,,,,,,,,,,,,,,,,,,,,,,,,,,,,,,
kai\,καί,conjunction,oi(,ὁ,article,*taranti=noi,th=s,ὁ,article,a)bouli/as,ἀβουλία,noun,sfw=n,σφεῖς,pronoun,h)|sqa/nonto,safw=s,σαφής,adverb,,,,,,,,,,,,,,,,,,,,,,,,,,,,,,,,,,Ταραντῖνοι,proper,αἰσθάνομαι,verb,,,,,,,,,,,,,,,,,,,,,,,,,,,,,,,,,,,,,,,,,,,,,,,,,,,,,,,,,,,,,,,,,,,,,,,,,,,,,,,,,,,,,,,,,,,,,,,,,,,,,,,,,,,,,,,,,,,,,,,,,,,,,,,,,,,,,,,,,,,,,
o(/ti,ὅστις,pronoun,o(/soi,ὅσος,adjective,e)n,*(rhgi/w|,,,*(rwmai/wn,,,e)pi\,ἐπί,preposition,swthri/a|,kai\,καί,conjunction,fulakh=|,φυλακεύς,noun,th=s,ὁ,article,po/lews,πόλις,adjective,mh/,μή,conjunction,ti,τις,pronoun,pa/qoien,πάσχω,verb,u(po\,ὑπό,preposition,tw=n,ὁ,article,e)xqrw=n,ἐχθρός,adjective,pare/menon,παραμένω,verb,au)toi/,αὐτός,pronoun,ἐν,preposition,σωτηρία,noun,te,τε,particle,kai\,καί,conjunction,*de/kios,Δέκιος,proper,o(,ὁ,article,h(gemw\n,ἡγεμών,noun,au)tw=n,αὐτός,pronoun,toi=s,ὁ,article,a)gaqoi=s,ἀγαθός,adjective,tw=n,ὁ,article,*(rhgi/nwn,,,fqonh/santes,φθονέω,verb,kai\,καί,conjunction,fula/cantes,φυλάσσω,verb,au)tou\s,αὐτός,pronoun,eu)wxoume/nous,εὐωχέω,verb,e)n,ἐν,preposition,e(orth=|,ἑορτή,adjective,die/fqeiran,kai\,καί,conjunction,tai=s,ὁ,article,gunaici\n,γυνή,noun,a)kousi/ais,ἀκουσία,adjective,sunh=san,σύνειμι,verb,,,,,,,,,,,,,,,,,,,,,,,,,διαφθείρω,verb,,,,,,,,,,,,,,,,,,,,,,,,,,,,,,,,,,,,,,,,,,,,,,,,
pro/fasin,πρόφασις,noun,de\,δέ,particle,th=s,paranomi/as,παρανομία,noun,e)/feron,φέρω,verb,o(/ti,ὅστις,pronoun,*(rhgi=noi,th\n,ὁ,article,froura\n,φρουρά,noun,proedi/dosan,προδίδωμι,verb,*pu/rrw|,Πύρρος,proper,,,,,,,,,,,,,,,,,,,,,,,,,ὁ,article,,,,,,,,,,,,,,,,,,,,,,,,,,,,,,,,,,,,,,,,,,,,,,,,,,,,,,,,,,,,,,,,,,,,,,,,,,,,,,,,,,,,,,,,,,,,,,,,,,,,,,,,,,,,,,,,,,,,,,,,,,,,,,,,,,,,,,,,,,,,,,,
kai\,καί,conjunction,*de/kios,Δέκιος,proper,me\n,a)nti\,ἀντί,preposition,froura/rxou,φρούραρχος,noun,tu/rannos,τύραννος,noun,h)=n,kai\,καί,conjunction,fili/an,φιλία,noun,e)/qeto,ἔθω,verb,*mamerti/nois,Μαμερτῖνοι,proper,toi=s,ὁ,article,e)pi\,ἐπί,preposition,tou=,ὁ,article,porqmou=,πορθμός,noun,tou=,ὁ,article,*sikelikou=,Σικελικός,adjective,katw|khme/nois,κατοικέω,verb,ou),οὐ,adverb,μέν,particle,εἰμί,verb,pro\,πρό,preposition,pollou=,πολύς,adjective,ka)kei/nois,ἐκεῖνος,pronoun,e)s,εἰς,preposition,i)di/ous,ἴδιος,adjective,ce/nous,ξένος,noun,o(/moia,ὅμοιος,adjective,dedrako/sin,δράω,verb,,,,,,,,,,,,,,,,,,,,,,,,,,,,,,,,,,,,,,,,,,,,,,,,,,,,,,,,,,,,,,,,,,,,,,,,,,,,,,,,,,,,,,,,,,,,,,,,,,,,,,,,,,,,,,,,,,,,,
a)lgh/santa,ἀλγέω,verb,d',δέ,particle,au)to\n,toi=s,ὁ,article,o)fqalmoi=s,ὀφθαλμός,noun,kai\,καί,conjunction,toi=s,e)n,ἐν,preposition,*(rhgi/w|,,,i)atroi=s,ἰατρός,noun,a)pistou=nta,ἀπιστέω,verb,meta/pemptos,μετάπεμπτος,adjective,a)po\,ἀπό,preposition,*messh/nhs,Μεσσήνη,proper,e)qera/peue,θεραπεύω,verb,*(rhgi=nos,,,a)nh/r,ἀνήρ,noun,metw|khkw\s,μετοικέω,verb,e)s,εἰς,preposition,αὐτός,pronoun,ὁ,article,*messh/nhn,Μεσσήνη,proper,pro\,πρό,preposition,pollou=,πολύς,adjective,o(/ti,ὅστις,pronoun,*(rhgi=nos,,,h)=n,εἰμί,verb,a)gnoou/menos,ἀγνοέω,verb,,,,,,,,,,,,,,,,,,,,,,,,,,,,,,,,,,,,,,,,,,,,,,,,,,,,,,,,,,,,,,,,,,,,,,,,,,,,,,,,,,,,,,,,,,,,,,,,,,,,,,,,,,,,,,,,,,,,,,,,
ou(=tos,οὗτος,pronoun,au)to\n,αὐτός,pronoun,e)/peisen,e)pi\,ἐπί,preposition,a)pallagh=|,ἀπαλλαγή,noun,sunto/mw|,σύντομος,adjective,farma/kwn,a)nasxe/sqai,ἀνέχω,verb,qermw=n,θέρμα,adjective,kai\,καί,conjunction,xri/sas,χρίω,verb,toi=s,ὁ,article,katakai/ousi,κατακαίω,verb,kai\,καί,conjunction,dapanw=sin,δαπανάω,verb,e)ke/leusen,κελεύω,verb,a)nasxe/sqai,ἀνέχω,verb,tou=,ὁ,article,po/nou,πόνος,noun,ἐφίζω,verb,φάρμακον,noun,me/xri,μέχρι,preposition,au)to\s,αὐτός,pronoun,e)pane/lqoi,ἐπανέρχομαι,verb,kai\,καί,conjunction,laqw\n,λανθάνω,verb,e)/pleusen,πλέω,verb,e)s,εἰς,preposition,*messh/nhn,Μεσσήνη,proper,,,,,,,,,,,,,,,,,,,,,,,,,,,,,,,,,,,,,,,,,,,,,,,,,,,,,,,,,,,,,,,,,,,,,,,,,,,,,,,,,,,,,,,,,,,,,,,,,,,,,,,,,,,,,,,,,,,,,
o(,ὁ,article,d',δέ,particle,e)s,polu\,πολύς,adjective,th=s,ὁ,article,o)du/nhs,ὀδύνη,noun,a)nasxo/menos,a)peni/yato,ἀπονίζω,verb,kai\,καί,conjunction,eu(=re,εὑρίσκω,verb,tou\s,ὁ,article,o)fqalmou\s,ὀφθαλμός,noun,dedapanhme/nous,δαπανάω,verb,,,,,,,,,,,,,,,,,,,εἰς,preposition,ἀνέχω,verb,,,,,,,,,,,,,,,,,,,,,,,,,,,,,,,,,,,,,,,,,,,,,,,,,,,,,,,,,,,,,,,,,,,,,,,,,,,,,,,,,,,,,,,,,,,,,,,,,,,,,,,,,,,,,,,,,,,,,,,,,,,,,,,,,,,,,,,,,,,,,
*fabri/kios,,,de\,δέ,particle,u(po\,*(rwmai/wn,,,e)pi\,ἐπί,preposition,diorqw/sei,διόρθωσις,noun,tw=nde,pemfqei\s,πέμπω,verb,th/n,ὁ,article,te,τε,particle,po/lin,πόλις,adjective,toi=s,ὁ,article,e)/ti,ἔτι,adverb,*(rhgi/nois,,,loipoi=s,λοιπός,adjective,a)pedi/dou,ἀποδίδωμι,verb,kai\,καί,conjunction,tw=n,ὁ,article,frourw=n,φρουρά,noun,ὑπό,preposition,ὅδε,pronoun,tou\s,ὁ,article,ai)ti/ous,αἴτιος,adjective,th=s,ὁ,article,a)posta/sews,ἀπόστασις,noun,e)s,εἰς,preposition,*(rw/mhn,,,e)/pemyen,πέμπω,verb,oi(\,ἕ,pronoun,mastigwqe/ntes,μαστιγόω,verb,e)n,ἐν,preposition,a)gora=|,ἀγορά,noun,me/sh|,μέσος,adjective,ta\s,ὁ,article,kefala\s,κεφαλή,noun,a)peko/phsan,ἀποκόπτω,verb,kai\,καί,conjunction,e)cerri/fhsan,ἐκρίπτω,verb,a)/tafoi,,,,,,,,,,,,,,,,,,,,,,,,,,,,,,,,,,,,,,,,ἄταφος,adjective,,,,,,,,,,,,,,,,,,,,,,,,,,,,,,,,,,,,,,,,,,,,,,,,
*de/kios,Δέκιος,proper,de\,δέ,particle,fulasso/menos,a)melw=s,ἀμελής,adjective,oi(=a,οἷος,adjective,phro/s,πηρός,adjective,e(auto\n,diexrh/sato,διαχράω,verb,,,,,,,,,,,,,,,,,,,,,,,,,,,,,,,,,,φυλάσσω,verb,ἑαυτοῦ,pronoun,,,,,,,,,,,,,,,,,,,,,,,,,,,,,,,,,,,,,,,,,,,,,,,,,,,,,,,,,,,,,,,,,,,,,,,,,,,,,,,,,,,,,,,,,,,,,,,,,,,,,,,,,,,,,,,,,,,,,,,,,,,,,,,,,,,,,,,,,,,,,
o(/ti,ὅστις,pronoun,o(,ὁ,article,*pu/rros,o(,ὁ,article,basileu\s,βασιλεύς,noun,th=s,ὁ,article,*)hpei/rou,nikh/sas,νικάω,verb,tou\s,ὁ,article,*(rwmai/ous,,,kai\,καί,conjunction,a)nalabei=n,ἀναλαμβάνω,verb,xrh/|zwn,χρῄζω,verb,th\n,ὁ,article,stratia\n,στρατία,noun,e)k,ἐκ,preposition,ma/xhs,μάχη,noun,eu)to/nou,εὔτονος,adjective,kai\,καί,conjunction,Πύρρος,proper,Ἤπειρος,proper,*(rwmai/ous,,,e)lpi/zwn,ἐλπίζω,verb,e)s,εἰς,preposition,dialu/seis,διάλυσις,noun,to/te,τότε,adverb,ma/lista,μάλιστα,adverb,e)ndw/sein,ἐνδίδωμι,verb,e)/pempen,πέμπω,verb,e)s,εἰς,preposition,*(rw/mhn,,,*kine/an,Κινέης,proper,to\n,ὁ,article,*qessalo/n,Θεσσαλός,proper,do/can,δόξα,noun,e)pi\,ἐπί,preposition,lo/gois,λόγος,noun,e)/xonta,ἔχω,verb,mimei=sqai,th\n,ὁ,article,*dhmosqe/nous,Δημοσθένης,proper,a)reth/n,ἀρετή,noun,,,,,,,,,,,,,,,,,,,,,,,,,,,,,,,μιμέομαι,verb,,,,,,,,,,,,,,,,,,,,,,,,,,,,,,,,,,,,,,,,,,,,,,,,
kai\,καί,conjunction,parelqw\n,παρέρχομαι,verb,o(,*kine/as,Κινέης,proper,e)s,εἰς,preposition,to\,ὁ,article,bouleuth/rion,a)/lla,ἄλλος,adjective,te,τε,particle,polla\,πολύς,adjective,peri\,περί,preposition,tou=,ὁ,article,basile/ws,βασιλεύς,noun,e)semnolo/gei,σεμνολογέω,verb,kai\,καί,conjunction,th\n,ὁ,article,e)pi\,ἐπί,preposition,tw=|,ὁ,article,a)gw=ni,ἀγών,noun,ὁ,article,βουλευτήριον,noun,metriopa/qeian,μετριοπάθεια,adjective,katelogi/zeto,καταλογίζομαι,verb,mh/t',μήτε,particle,e)pi\,ἐπί,preposition,th\n,ὁ,article,po/lin,πόλις,adjective,eu)qu\s,εὐθύς,adverb,e)la/santos,ἐλαύνω,verb,mh/t',μήτε,particle,e)pi\,ἐπί,preposition,to\,ὁ,article,h(sshme/non,ἡσσάομαι,verb,strato/pedon,στρατόπεδον,noun,,,,,,,,,,,,,,,,,,,,,,,,,,,,,,,,,,,,,,,,,,,,,,,,,,,,,,,,,,,,,,,,,,,,,,,,,,,,,,,,,,,,,,,,,,,,,,,,,,,,,,
e)di/dou,δίδωμι,verb,d',δέ,particle,au)toi=s,ei)rh/nhn,εἰρήνη,noun,kai\,καί,conjunction,fili/an,φιλία,noun,kai\,summaxi/an,συμμαχία,noun,pro\s,πρός,preposition,*pu/rron,Πύρρος,proper,ei),εἰ,conjunction,*taranti/nous,Ταράντινος,proper,me\n,μέν,particle,e)s,εἰς,preposition,tau=ta,οὗτος,pronoun,sumperila/boien,συμπεριλαμβάνω,verb,tou\s,ὁ,article,d',δέ,particle,a)/llous,ἄλλος,adjective,αὐτός,pronoun,καί,conjunction,*(/ellhnas,Ἕλλην,proper,tou\s,ὁ,article,e)n,ἐν,preposition,*)itali/a|,Ἰταλία,proper,katoikou=ntas,κατοικέω,verb,e)leuqe/rous,ἐλεύθερος,adjective,kai\,καί,conjunction,au)tono/mous,αὐτόνομος,adjective,e)w=|en,ἀίω,verb,*leukanoi=s,Λευκανοί,proper,de\,δέ,particle,kai\,καί,conjunction,*sauni/tais,Σαυνῖται,proper,kai\,καί,conjunction,*dauni/ois,,,kai\,καί,conjunction,*bretti/ois,Βρέττιος,proper,a)podoi=en,o(/sa,ὅσος,adjective,au)tw=n,αὐτός,pronoun,e)/xousi,ἔχω,verb,pole/mw|,πόλεμος,noun,labo/ntes,λαμβάνω,verb,,,,,,,,,,,,,,,,,,,,,,,,,ἀποδέω,verb,,,,,,,,,,,,,,,,,,,,,,,,,,,,,,,,,,,,,,,,,,,,,,,,
kai\,καί,conjunction,gignome/nwn,γίγνομαι,verb,e)/fh,tou/twn,οὗτος,pronoun,*pu/rron,Πύρρος,proper,a)podw/sein,ἀποδίδωμι,verb,au)toi=s,tou\s,ὁ,article,ai)xmalw/tous,αἰχμάλωτος,adjective,a)/neu,ἄνευ,preposition,lu/trwn,λύτρον,noun,,,,,,,,,,,,,,,,,,,,,,,,,φημί,verb,αὐτός,pronoun,,,,,,,,,,,,,,,,,,,,,,,,,,,,,,,,,,,,,,,,,,,,,,,,,,,,,,,,,,,,,,,,,,,,,,,,,,,,,,,,,,,,,,,,,,,,,,,,,,,,,,,,,,,,,,,,,,,,,,,,,,,,,,,,,,,,,,,,,,,,,
oi(,ἕ,pronoun,d',δέ,particle,e)nedoi/azon,e)pi\,ἐπί,preposition,plei=ston,πλεῖστος,adjective,th=|,ὁ,article,te,do/ch|,δόξα,noun,tou=,ὁ,article,*pu/rrou,Πύρρος,proper,kai\,καί,conjunction,tw=|,ὁ,article,sumbebhko/ti,συμβαίνω,verb,pa/qei,πάθος,adjective,kataplage/ntes,καταπλάσσω,verb,e(/ws,ἕως,conjunction,*)/appios,Ἄππιος,proper,*klau/dios,Κλαύδιος,proper,o(,ὁ,article,ἐνδοιάζω,verb,τε,particle,*kai=kos,,,e)pi/klhsin,ἐπίκλησις,noun,h)/dh,ἤδη,adverb,tetuflwme/nos,τυφλόω,verb,e)s,εἰς,preposition,to\,ὁ,article,bouleuth/rion,βουλευτήριον,noun,toi=s,ὁ,article,paisi\n,παῖς,adjective,au(to\n,ἑαυτοῦ,pronoun,a)gagei=n,ἄγω,verb,keleu/sas,κέλλω,verb,h)xqo/mhn,ἄχθομαι,verb,ei)=pen,εἶπον,verb,o(/ti,ὅστις,pronoun,mh\,μή,conjunction,ble/pw,βλέπω,verb,,,,,,,,,,,,,,,,,,,,,,,,,,,,,,,,,,,,,,,,,,,,,,,,,,,,,,,,,,,,,,,,,,,,,,,,,,,,,,,,,,,,,,,,,,
nu=n,νῦν,adverb,d',δέ,particle,o(/ti,a)kou/w,ἀκούω,verb,,,,,,,,,,,,,,,,,,,,,,,,,,,,,,,,,,,,,,,,,,,,ὅστις,pronoun,,,,,,,,,,,,,,,,,,,,,,,,,,,,,,,,,,,,,,,,,,,,,,,,,,,,,,,,,,,,,,,,,,,,,,,,,,,,,,,,,,,,,,,,,,,,,,,,,,,,,,,,,,,,,,,,,,,,,,,,,,,,,,,,,,,,,,,,,,,,,,,
ta\,ὁ,article,ga\r,γάρ,particle,toiau=ta,u(mw=n,σύ,pronoun,bouleu/mata,βούλευμα,noun,h)ci/oun,ἀξιόω,verb,mh/q',o(ra=n,ὁράω,verb,mh/t',μήτε,particle,a)kou/ein,ἀκούω,verb,oi(\,ἕ,pronoun,di',διά,preposition,e(\n,εἷς,adjective,a)tu/xhma,ἀτύχημα,noun,a)qro/ws,ἀθρόος,adjective,ou(/tws,οὕτως,adverb,e(autw=n,ἑαυτοῦ,pronoun,e)kle/lhsqe,ἐκλανθάνω,verb,kai\,καί,conjunction,τοιοῦτος,adjective,μήτε,particle,to\n,ὁ,article,tou=to,οὗτος,pronoun,dra/santa,δράω,verb,au)to/n,αὐτός,pronoun,te,τε,particle,kai\,καί,conjunction,tou\s,ὁ,article,e)pagagome/nous,ἐπάγω,verb,au)to\n,αὐτός,pronoun,bouleu/esqe,βουλεύω,verb,fi/lous,φίλος,adjective,a)nti\,ἀντί,preposition,polemi/wn,πολέμιος,adjective,qe/sqai,τίθημι,verb,kai\,καί,conjunction,ta\,τίς,pronoun,tw=n,ὁ,article,progo/nwn,kth/mata,κτῆμα,noun,*leukanoi=s,Λευκανοί,proper,kai\,καί,conjunction,*bretti/ois,Βρέττιος,proper,dou=nai,δίδωμι,verb,,,,,,,,,,,,,,,,,,,,,,,,,πρόγονος,adjective,,,,,,,,,,,,,,,,,,,,,,,,,,,,,,,,,,,,,,,,,,,,,,,,
ti/,τίς,pronoun,tou=t',οὗτος,pronoun,e)sti\n,h)\,ἠέ,conjunction,*(rwmai/ous,,,e)pi\,ἐπί,preposition,*makedo/si,gene/sqai,γίγνομαι,verb,,,,,,,,,,,,,,,,,,,,,,,,,,,,,,,,,,εἰμί,verb,Μακεδών,proper,,,,,,,,,,,,,,,,,,,,,,,,,,,,,,,,,,,,,,,,,,,,,,,,,,,,,,,,,,,,,,,,,,,,,,,,,,,,,,,,,,,,,,,,,,,,,,,,,,,,,,,,,,,,,,,,,,,,,,,,,,,,,,,,,,,,,,,,,,,,,
kai\,καί,conjunction,tau=ta/,οὗτος,pronoun,tines,ei)rh/nhn,εἰρήνη,noun,a)nti\,ἀντί,preposition,doulei/as,δουλεία,noun,tolmw=sin,o)noma/zein,ὀνομάζω,verb,,,,,,,,,,,,,,,,,,,,,,,,,,,,,,,,,,τις,pronoun,τολμάω,verb,,,,,,,,,,,,,,,,,,,,,,,,,,,,,,,,,,,,,,,,,,,,,,,,,,,,,,,,,,,,,,,,,,,,,,,,,,,,,,,,,,,,,,,,,,,,,,,,,,,,,,,,,,,,,,,,,,,,,,,,,,,,,,,,,,,,,,,,,,,,,
a)/lla,ἄλλος,adjective,te,τε,particle,polla\,o(/moia,ὅμοιος,adjective,tou/tois,οὗτος,pronoun,o(,ὁ,article,*)/appios,ei)pw\n,εἶπον,verb,kai\,καί,conjunction,e)reqi/sas,ἐρεθίζω,verb,e)shgh/sato,εἰσηγέομαι,verb,*pu/rron,Πύρρος,proper,ei),εἰ,conjunction,de/oito,δέομαι,verb,th=s,ὁ,article,*(rwmai/wn,,,fili/as,φιλία,noun,kai\,καί,conjunction,summaxi/as,συμμαχία,noun,πολύς,adjective,Ἄππιος,proper,e)c,ἐκ,preposition,*)itali/as,Ἰταλία,proper,a)pelqo/nta,ἀπέρχομαι,verb,presbeu/ein,πρεσβεύω,verb,paro/nta,πάρειμι,verb,de\,δέ,particle,mh/te,μήτε,particle,fi/lon,φίλος,adjective,h(gei=sqai,ἡγέομαι,verb,mh/te,μήτε,particle,su/mmaxon,σύμμαχος,adjective,mh/te,μήτε,particle,*(rwmai/ois,,,dikasth\n,δικαστής,noun,h)\,ἠέ,conjunction,diaithth/n,διαιτητής,noun,,,,,,,,,,,,,,,,,,,,,,,,,,,,,,,,,,,,,,,,,,,,,,,,,,,,,,,,,,,,,,,,,,,,,,,,,,,,,,,,,,,,,,,,,,,,,
kai\,καί,conjunction,h(,ὁ,article,boulh\,tau=q',οὗτος,pronoun,a(/per,ὅς,pronoun,kai\,καί,conjunction,*)/appios,ei)=pen,εἶπον,verb,a)pekri/nato,ἀποκρίνω,verb,*kine/a|,Κινέης,proper,,,,,,,,,,,,,,,,,,,,,,,,,,,,βουλή,noun,Ἄππιος,proper,,,,,,,,,,,,,,,,,,,,,,,,,,,,,,,,,,,,,,,,,,,,,,,,,,,,,,,,,,,,,,,,,,,,,,,,,,,,,,,,,,,,,,,,,,,,,,,,,,,,,,,,,,,,,,,,,,,,,,,,,,,,,,,,,,,,,,,,,,,,,
*laioui/nw|,,,d',δέ,particle,a)/lla,du/o,δύο,adjective,te/lh,τέλος,noun,katale/gontes,καταλέγω,verb,e)kh/rucan,ou(/tws,οὕτως,adverb,ei)/,εἰ,conjunction,tis,τις,pronoun,a)nti\,ἀντί,preposition,tw=n,ὁ,article,a)polwlo/twn,ἀπόλλυμι,verb,au(to\n,ἑαυτοῦ,pronoun,e)pidi/dwsin,ἐπιδίδωμι,verb,e)s,εἰς,preposition,th\n,ὁ,article,stratia\n,στρατία,noun,a)pogra/fesqai,ἀπογράφω,verb,ἄλλος,adjective,κηρύσσω,verb,,,,,,,,,,,,,,,,,,,,,,,,,,,,,,,,,,,,,,,,,,,,,,,,,,,,,,,,,,,,,,,,,,,,,,,,,,,,,,,,,,,,,,,,,,,,,,,,,,,,,,,,,,,,,,,,,,,,,,,,,,,,,,,,,,,,,,,,,,,,,
kai\,καί,conjunction,o(,ὁ,article,*kine/as,e)/ti,ἔτι,adverb,parw/n,πάρειμι,verb,kai\,καί,conjunction,qew/menos,au)tou\s,αὐτός,pronoun,w)qoume/nous,ὠθέω,verb,e)s,εἰς,preposition,ta\s,ὁ,article,a)pografa/s,ἀπογραφή,noun,le/getai,λέγω,verb,pro\s,πρός,preposition,to\n,ὁ,article,*pu/rron,Πύρρος,proper,e)panelqw\n,ἐπανέρχομαι,verb,ei)pei=n,εἶπον,verb,o(/ti,ὅστις,pronoun,Κινέης,proper,θεάομαι,verb,pro\s,πρός,preposition,u(/dran,ὕδρα,noun,e)sti\n,εἰμί,verb,au)toi=s,αὐτός,pronoun,o(,ὁ,article,po/lemos,πόλεμος,noun,,,,,,,,,,,,,,,,,,,,,,,,,,,,,,,,,,,,,,,,,,,,,,,,,,,,,,,,,,,,,,,,,,,,,,,,,,,,,,,,,,,,,,,,,,,,,,,,,,,,,,,,,,,,,,,,,,,,,,,,,,,
oi(,ὁ,article,de\,δέ,particle,ou),*kine/an,Κινέης,proper,a)lla\,ἀλλά,adverb,*pu/rron,Πύρρος,proper,au)to\n,ei)pei=n,εἶπον,verb,tou=to,οὗτος,pronoun,to\,ὁ,article,e)/pos,ἔπος,adjective,i)do/nta,εἶδον,verb,th\n,ὁ,article,stratia\n,στρατία,noun,tw=n,ὁ,article,*(rwmai/wn,,,th=s,ὁ,article,prote/ras,πρότερος,adjective,plei/ona,πλείων,verb,οὐ,adverb,αὐτός,pronoun,,,,,,,,,,,,,,,,,,,,,,,,,,,,,,,,,,,,,,,,,,,,,,,,,,,,,,,,,,,,,,,,,,,,,,,,,,,,,,,,,,,,,,,,,,,,,,,,,,,,,,,,,,,,,,,,,,,,,,,,,,,,,,,,,,,,,,,,,,,,,
kai\,καί,conjunction,ga\r,γάρ,particle,o(,e(/teros,ἕτερος,adjective,u(/patos,ὕπατος,adjective,tw=|,ὁ,article,*laioui/nw|,*korougka/nios,,,h(=ken,ἥκω,verb,e)k,ἐκ,preposition,*turrhni/as,Τυρρήνιος,proper,meq',μετά,preposition,h(=s,ὅς,pronoun,ei)=xe,ἔχω,verb,paraskeuh=s,παρασκευή,noun,,,,,,,,,,,,,ὁ,article,,,,,,,,,,,,,,,,,,,,,,,,,,,,,,,,,,,,,,,,,,,,,,,,,,,,,,,,,,,,,,,,,,,,,,,,,,,,,,,,,,,,,,,,,,,,,,,,,,,,,,,,,,,,,,,,,,,,,,,,,,,,,,,,,,,,,,,,,,,,,,,
le/getai,λέγω,verb,de\,δέ,particle,kai\,ta)=lla,ἄλλος,adjective,peri\,περί,preposition,th=s,ὁ,article,*(rw/mhs,punqanome/nw|,πυνθάνομαι,verb,*pu/rrw|,Πύρρος,proper,*kine/as,Κινέης,proper,ei)pei=n,εἶπον,verb,o(/ti,ὅστις,pronoun,po/lis,πόλις,adjective,e)sti\,εἰμί,verb,strathgw=n,στρατηγός,noun,o(/lh,ὅλος,adjective,kai\,καί,conjunction,tou=,ὁ,article,*pu/rrou,Πύρρος,proper,καί,conjunction,,,qauma/santos,θαυμάζω,verb,metalabw\n,μεταλαμβάνω,verb,fa/nai,φαίνω,verb,basile/wn,βασίλη,noun,ma=llon,μᾶλλον,adverb,h)\,ἠέ,conjunction,strathgw=n,στρατηγός,noun,,,,,,,,,,,,,,,,,,,,,,,,,,,,,,,,,,,,,,,,,,,,,,,,,,,,,,,,,,,,,,,,,,,,,,,,,,,,,,,,,,,,,,,,,,,,,,,,,,,,,,,,,,,,,,,,,,,,,,,,
*pu/rros,Πύρρος,proper,d',δέ,particle,w(s,ou)de\n,οὐδείς,pronoun,ei)rhnai=o/n,εἰρηναῖος,adjective,oi(,ὁ,article,para\,th=s,ὁ,article,boulh=s,βουλεύς,noun,a)ph/nthsen,ἀπαντάω,verb,e)pi\,ἐπί,preposition,th\n,ὁ,article,*(rw/mhn,,,h)pei/geto,ἐπείγω,verb,pa/nta,πᾶς,adjective,dh|w=n,δηιόω,verb,,,,,,,,,,ὡς,conjunction,παρά,preposition,,,,,,,,,,,,,,,,,,,,,,,,,,,,,,,,,,,,,,,,,,,,,,,,,,,,,,,,,,,,,,,,,,,,,,,,,,,,,,,,,,,,,,,,,,,,,,,,,,,,,,,,,,,,,,,,,,,,,,,,,,,,,,,,,,,,,,,,,,,,,
kai\,καί,conjunction,fqa/nei,φθάνω,verb,me\n,e)s,εἰς,preposition,po/lin,πόλις,adjective,*)anagni/an,,,barei=an,d',δέ,particle,e)/xwn,ἔχω,verb,h)/dh,ἤδη,adverb,th\n,ὁ,article,stratia\n,στρατία,noun,u(po\,ὑπό,preposition,lei/as,λεία,noun,kai\,καί,conjunction,plh/qous,πλῆθος,noun,ai)xmalw/twn,αἰχμάλωτος,adjective,a)naqe/menos,ἀνατίθημι,verb,ma/xhn,μάχη,noun,μέν,particle,βαρύς,adjective,a)ne/strefen,ἀναστρέφω,verb,e)pi\,ἐπί,preposition,*kampani/as,,,h(goume/nwn,ἡγέομαι,verb,tw=n,ὁ,article,e)lefa/ntwn,ἐλέφας,adjective,kai\,καί,conjunction,th\n,ὁ,article,stratia\n,στρατία,noun,e)s,εἰς,preposition,xeimasi/an,χειμασία,noun,kata\,κατά,preposition,po/leis,πόλις,adjective,dih/|rei,διαιρέω,verb,,,,,,,,,,,,,,,,,,,,,,,,,,,,,,,,,,,,,,,,,,,,,,,,,,,,,,,,,,,,,,,,,,,,,,,,,,,,,,,,,,,,,,,,,,,,,,,,,,,
*(rwmai/wn,,,de\,δέ,particle,pre/sbeis,au)to\n,αὐτός,pronoun,h)ci/oun,ἀξιόω,verb,lu=sai,λύω,verb,th=|,po/lei,πόλις,adjective,tou\s,ὁ,article,ai)xmalw/tous,αἰχμάλωτος,adjective,h)\,ἠέ,conjunction,a)ntilabei=n,ἀντινέω,verb,o(/sous,ὅσος,adjective,e)/xousi,ἔχω,verb,*taranti/nwn,Ταράντινος,proper,kai\,καί,conjunction,tw=n,ὁ,article,a)/llwn,ἄλλος,adjective,summa/xwn,σύμμαχος,adjective,πρέσβις,noun,ὁ,article,au)tou=,αὐτός,pronoun,,,,,,,,,,,,,,,,,,,,,,,,,,,,,,,,,,,,,,,,,,,,,,,,,,,,,,,,,,,,,,,,,,,,,,,,,,,,,,,,,,,,,,,,,,,,,,,,,,,,,,,,,,,,,,,,,,,,,,,,,,,,,,,,,,,,,,,,,,
o(,ὁ,article,de\,δέ,particle,spendome/nois,me\n,μέν,particle,e)/fh,φημί,verb,kaqa/per,καθά,adverb,proei=pe,*kine/as,Κινέης,proper,xariei=sqai,χαρίζομαι,verb,tou\s,ὁ,article,ai)xmalw/tous,αἰχμάλωτος,adjective,polemou=si,πολεμέω,verb,d',δέ,particle,ou),οὐ,adverb,dw/sein,δίδωμι,verb,e)f',ἐπί,preposition,e(auto\n,ἑαυτοῦ,pronoun,a)/ndras,ἀνήρ,noun,toiou/tous,τοιοῦτος,adjective,σπένδω,verb,προεῖπον,verb,kai\,καί,conjunction,tosou/tous,τοσοῦτος,adjective,,,,,,,,,,,,,,,,,,,,,,,,,,,,,,,,,,,,,,,,,,,,,,,,,,,,,,,,,,,,,,,,,,,,,,,,,,,,,,,,,,,,,,,,,,,,,,,,,,,,,,,,,,,,,,,,,,,,,,,,,,,,,,,,,,,,,,,
e)ce/nize,ξενίζω,verb,d',δέ,particle,au)tou\s,basilikw=s,βασιλικός,adjective,kai\,καί,conjunction,to\n,ὁ,article,th=s,presbei/as,πρέσβεια,noun,h(gou/menon,ἡγέομαι,verb,*fabri/kion,,,punqano/menos,πυνθάνομαι,verb,e)n,ἐν,preposition,th=|,ὁ,article,po/lei,πόλις,adjective,me/ga,μέγας,adverb,du/nasqai,δύναμαι,verb,kai\,καί,conjunction,deinw=s,δεινός,adjective,pe/nesqai,πένομαι,verb,αὐτός,pronoun,ὁ,article,kaqwmi/lei,καθομιλέω,verb,le/gwn,λέγω,verb,ei),εἰ,conjunction,pra/ceien,πράσσω,verb,au)tw=|,αὐτός,pronoun,ta\s,ὁ,article,dialu/seis,διάλυσις,noun,u(postra/thgon,ὑποστράτηγος,noun,kai\,καί,conjunction,koinwno\n,κοινωνός,noun,tw=n,ὁ,article,paro/ntwn,πάρειμι,verb,a)gaqw=n,ἀγαθός,adjective,a)pa/cein,ἀπάγω,verb,e)s,εἰς,preposition,*)/hpeiron,Ἤπειρος,proper,,,,,,,,,,,,,,,,,,,,,,,,,,,,,,,,,,,,,,,,,,,,,,,,,,,,,,,,,,,,,,,,,,,,,,,,,,,,,,,,,,,,,,,,,,,,,
xrh/mata/,χρῆμα,adjective,te,τε,particle,au)to\n,labei=n,λαμβάνω,verb,e)nteu=qen,ἐντεῦθεν,adverb,h)/dh,ἤδη,adverb,pareka/lei,pro/fasin,πρόφασις,noun,w(s,ὡς,conjunction,dw/sonta,δίδωμι,verb,toi=s,ὁ,article,th\n,ὁ,article,ei)rh/nhn,εἰρήνη,noun,e)rgasame/nois,ἐργάζομαι,verb,,,,,,,,,,,,,,,,αὐτός,pronoun,παρακαλέω,verb,,,,,,,,,,,,,,,,,,,,,,,,,,,,,,,,,,,,,,,,,,,,,,,,,,,,,,,,,,,,,,,,,,,,,,,,,,,,,,,,,,,,,,,,,,,,,,,,,,,,,,,,,,,,,,,,,,,,,,,,,,,,,,,,,,,,,,,,,,,,,
e)pigela/sas,ἐπιγελάω,verb,d',δέ,particle,o(,*fabri/kios,,,peri\,περί,preposition,me\n,μέν,particle,tw=n,koinw=n,κοινός,adjective,ou)d',οὐδέ,particle,a)pekri/nato,ἀποκρίνω,verb,th\n,ὁ,article,d',δέ,particle,e)mh/n,ἐμός,adjective,e)/fh,φημί,verb,parrhsi/an,παρρησία,noun,ou)/te,οὔτε,adverb,tw=n,ὁ,article,sw=n,σός,adjective,fi/lwn,φίλος,adjective,ὁ,article,ὁ,article,ou)dei\s,οὐδείς,pronoun,ou)/te,οὔτε,adverb,au)to\s,αὐτός,pronoun,oi)/seis,φέρω,verb,su/,σύ,pronoun,w)=,ὦ,interjection,basileu=,βασιλεύς,noun,,,,,,,,,,,,,,,,,,,,,,,,,,,,,,,,,,,,,,,,,,,,,,,,,,,,,,,,,,,,,,,,,,,,,,,,,,,,,,,,,,,,,,,,,,,,,,,,,,,,,,,,,,,,,,,,,,,,,,,,
kai\,καί,conjunction,th\n,ὁ,article,peni/an,th\n,ὁ,article,e)mautou=,ἐμαυτοῦ,pronoun,makari/zw,μακαρίζω,verb,ma=llon,h)\,ἠέ,conjunction,to\n,ὁ,article,tw=n,ὁ,article,tura/nnwn,τύραννος,noun,plou=ton,πλοῦτος,noun,o(mou=,ὁμοῦ,adverb,kai\,καί,conjunction,fo/bon,φόβος,noun,,,,,,,,,,,,,πενία,noun,μᾶλλον,adverb,,,,,,,,,,,,,,,,,,,,,,,,,,,,,,,,,,,,,,,,,,,,,,,,,,,,,,,,,,,,,,,,,,,,,,,,,,,,,,,,,,,,,,,,,,,,,,,,,,,,,,,,,,,,,,,,,,,,,,,,,,,,,,,,,,,,,,,,,,,,,
oi(,ὁ,article,de\,δέ,particle,ou)x,ou(/tw,οὕτως,adverb,fasi\n,φημί,verb,au)to/n,αὐτός,pronoun,a)ll',o(/ti,ὅστις,pronoun,mou,ἐγώ,pronoun,th=s,ὁ,article,fu/sews,φύσις,noun,*)hpeirw=tai,Ἠπειρώτης,proper,metalabo/ntes,μεταλαμβάνω,verb,e)me\,ἐγώ,pronoun,sou=,σύ,pronoun,proqh/sousin,προθέω,verb,,,,,,,,,,οὐ,adverb,ἀλλά,adverb,,,,,,,,,,,,,,,,,,,,,,,,,,,,,,,,,,,,,,,,,,,,,,,,,,,,,,,,,,,,,,,,,,,,,,,,,,,,,,,,,,,,,,,,,,,,,,,,,,,,,,,,,,,,,,,,,,,,,,,,,,,,,,,,,,,,,,,,,,,,,
o(pote/rws,ὁπότερος,adjective,d',δέ,particle,ou)=n,a)pekri/nato,ἀποκρίνω,verb,qauma/sas,θαυμάζω,verb,au)to\n,αὐτός,pronoun,tou=,fronh/matos,φρόνημα,noun,o(,ὁ,article,*pu/rros,Πύρρος,proper,e(te/ran,ἕτερος,adjective,o(do\n,ὁδός,adjective,e)s,εἰς,preposition,ta\s,ὁ,article,diallaga\s,διαλλαγή,noun,e)peno/ei,ἐπινοέω,verb,kai\,καί,conjunction,tou\s,ὁ,article,ai)xmalw/tous,αἰχμάλωτος,adjective,οὖν,particle,ὁ,article,e)s,εἰς,preposition,tw=n,ὁ,article,*kroni/wn,Κρόνια,proper,th\n,ὁ,article,e(orth\n,ἑορτή,adjective,e)/pempen,πέμπω,verb,a)/neu,ἄνευ,preposition,fula/kwn,φύλαξ,noun,e)f',ἐπί,preposition,w(=|,ὅς,pronoun,dexome/nhs,δέχομαι,verb,me\n,μέν,particle,th=s,ὁ,article,po/lews,πόλις,adjective,a(\,ὅς,pronoun,o(,ὁ,article,*pu/rros,Πύρρος,proper,protei/nei,me/nein,μένω,verb,kai\,καί,conjunction,th=s,ὁ,article,ai)xmalwsi/as,αἰχμαλωσία,noun,a)polelu/sqai,ἀπολύω,verb,mh\,μή,conjunction,dexome/nhs,δέχομαι,verb,de\,δέ,particle,e(orta/santas,ἑορτάζω,verb,e)panh/kein,ἐπανήκω,verb,e)s,εἰς,preposition,au)to/n,αὐτός,pronoun,,,,προτείνω,verb,,,,,,,,,,,,,,,,,,,,,,,,,,,,,,,,,,,,,,,,,,,,,,,,
tou/tous,οὗτος,pronoun,h(,ὁ,article,boulh/,pa/nu,πάνυ,adverb,parakalou=ntas,παρακαλέω,verb,kai\,καί,conjunction,e)na/gontas,e)s,εἰς,preposition,ta\s,ὁ,article,dialu/seis,διάλυσις,noun,e)ke/leusen,κελεύω,verb,e(orta/santas,ἑορτάζω,verb,*pu/rrw|,Πύρρος,proper,paradou=nai,παραδίδωμι,verb,sfa=s,σφεῖς,pronoun,au)tou\s,αὐτός,pronoun,e)n,ἐν,preposition,h(me/ra|,ἡμέρα,noun,r(hth=|,ῥητός,adjective,βουλή,noun,ἐνάγω,verb,kai\,καί,conjunction,qa/naton,θάνατος,adjective,e)pe/tace,ἐπιτάσσω,verb,toi=s,ὁ,article,a)poleifqei=si,ἀπολείπω,verb,th=s,ὁ,article,h(me/ras,ἡμέρα,noun,,,,,,,,,,,,,,,,,,,,,,,,,,,,,,,,,,,,,,,,,,,,,,,,,,,,,,,,,,,,,,,,,,,,,,,,,,,,,,,,,,,,,,,,,,,,,,,,,,,,,,,,,,,,,,,,,,,,,,,,
oi(,ὁ,article,de\,δέ,particle,kai\,au)th\n,αὐτός,pronoun,a(/pantes,ἅπας,adjective,e)fu/lacan,φυλάσσω,verb,kai\,*pu/rrw|,Πύρρος,proper,polemhte/a,πολεμητέον,adjective,pa/ntws,πάντως,adverb,au)=qis,αὖθις,adverb,e)do/kei,δοκέω,verb,,,,,,,,,,,,,,,,,,,,,,καί,conjunction,καί,conjunction,,,,,,,,,,,,,,,,,,,,,,,,,,,,,,,,,,,,,,,,,,,,,,,,,,,,,,,,,,,,,,,,,,,,,,,,,,,,,,,,,,,,,,,,,,,,,,,,,,,,,,,,,,,,,,,,,,,,,,,,,,,,,,,,,,,,,,,,,,,,,
o(/ti,ὅστις,pronoun,to\n,ὁ,article,*pu/rron,h)/dh,ἤδη,adverb,me\n,μέν,particle,ta\,ὁ,article,*(rwmai/wn,kate/plhssen,καταπλήσσω,verb,e)ta/rasse,ταράσσω,verb,de\,δέ,particle,kai\,καί,conjunction,ta\,ὁ,article,e)n,ἐν,preposition,*molossoi=s,Μολοσσός,proper,qorubou/mena,θορυβέω,verb,,,,,,,,,,,,,Πύρρος,proper,,,,,,,,,,,,,,,,,,,,,,,,,,,,,,,,,,,,,,,,,,,,,,,,,,,,,,,,,,,,,,,,,,,,,,,,,,,,,,,,,,,,,,,,,,,,,,,,,,,,,,,,,,,,,,,,,,,,,,,,,,,,,,,,,,,,,,,,,,,,,,,
*)agaqoklh=s,Ἀγάθοκλεης,proper,te,τε,particle,a)/rxwn,*sikeli/an,Σικελία,proper,a)/rti,ἄρτι,adverb,e)teqnh/kei,θνήσκω,verb,ou(=,qugate/ra,θυγάτηρ,adjective,*la/nassan,Λάνασσα,proper,e)/xwn,ἔχω,verb,o,,,*pu/rros,Πύρρος,proper,e)n,ἐν,preposition,tai=s,ὁ,article,gunaici/,γυνή,noun,th\n,ὁ,article,nh=son,νῆσος,noun,oi)kei/an,οἰκεῖος,adjective,a)nti\,ἀντί,preposition,ἄρχων,noun,ἕ,pronoun,th=s,ὁ,article,*)itali/as,Ἰταλία,proper,perieble/peto,περιβλέπω,verb,,,,,,,,,,,,,,,,,,,,,,,,,,,,,,,,,,,,,,,,,,,,,,,,,,,,,,,,,,,,,,,,,,,,,,,,,,,,,,,,,,,,,,,,,,,,,,,,,,,,,,,,,,,,,,,,,,,,,,,,,,,,,,,,,,,,
w)/knei,ὀκνέω,verb,d',δέ,particle,o(/mws,e)/ti,ἔτι,adverb,tou\s,ὁ,article,e)pikale/santas,ἐπικαλέω,verb,a)/neu,tino\s,τις,pronoun,ei)rh/nhs,εἰρήνη,noun,katalipei=n,καταλιμπάνω,verb,,,,,,,,,,,,,,,,,,,,,,,,,,,,ὅμως,conjunction,ἄνευ,preposition,,,,,,,,,,,,,,,,,,,,,,,,,,,,,,,,,,,,,,,,,,,,,,,,,,,,,,,,,,,,,,,,,,,,,,,,,,,,,,,,,,,,,,,,,,,,,,,,,,,,,,,,,,,,,,,,,,,,,,,,,,,,,,,,,,,,,,,,,,,,,
a)/smenos,ἄσμενος,adjective,ou)=n,οὖν,particle,th=s,profa/sews,πρόφασις,noun,th=s,ὁ,article,peri\,περί,preposition,to\n,au)to/molon,αὐτόμολος,adjective,e)piba\s,ἐπιβαίνω,verb,e)martu/rei,μαρτυρέω,verb,toi=s,ὁ,article,u(pa/tois,ὕπατος,adjective,kai\,καί,conjunction,*kine/an,Κινέης,proper,e)/pempen,πέμπω,verb,e)s,εἰς,preposition,*(rw/mhn,,,xa/rin,χάρις,noun,o(mologh/sonta,ὁμολογέω,verb,ὁ,article,ὁ,article,th=s,ὁ,article,swthri/as,σωτηρία,noun,tou=,ὁ,article,basile/ws,βασιλεύς,noun,kai\,καί,conjunction,tou\s,ὁ,article,ai)xmalw/tous,αἰχμάλωτος,adjective,a)moibh\n,ἀμοιβή,noun,a)/gonta,ἄγω,verb,ei)rh/nhn,εἰρήνη,noun,te,τε,particle,o(/th|,,,du/naito,δύναμαι,verb,pra/conta,πράσσω,verb,,,,,,,,,,,,,,,,,,,,,,,,,,,,,,,,,,,,,,,,,,,,,,,,,,,,,,,,,,,,,,,,,,,,,,,,,,,,,,,,,,,,,,,,,,,,,,,,,,,
dw=ra,δῶρον,noun,d',δέ,particle,o(,*kine/as,Κινέης,proper,e)/fere,φέρω,verb,polla\,πολύς,adjective,me\n,a)ndra/si,ἀνήρ,noun,polla\,πολύς,adjective,de\,δέ,particle,gunaici/,γυνή,noun,filoxrh/maton,φιλοχρήματος,adjective,kai\,καί,conjunction,filo/dwron,φιλόδωρος,adjective,ei)=nai,εἰμί,verb,th\n,ὁ,article,po/lin,πόλις,adjective,puqo/menos,πύθω,verb,kai\,καί,conjunction,ὁ,article,μέν,particle,ta\s,ὁ,article,gunai=kas,γυνή,noun,i)sxu/ein,ἰσχύω,verb,para\,παρά,preposition,*(rwmai/ois,,,e)k,ἐκ,preposition,palaiou=,παλαιός,adjective,,,,,,,,,,,,,,,,,,,,,,,,,,,,,,,,,,,,,,,,,,,,,,,,,,,,,,,,,,,,,,,,,,,,,,,,,,,,,,,,,,,,,,,,,,,,,,,,,,,,,,,,,,,,,,,,,,,,,,,,
oi(,ὁ,article,de\,δέ,particle,peri\,me\n,μέν,particle,tw=n,ὁ,article,dw/rwn,δῶρον,noun,e)nekeleu/santo,a)llh/lois,ἀλλήλων,pronoun,,,,,,,,,,,,,,,,,,,,,,,,,,,,,,,,,,περί,preposition,ἐγκελεύω,verb,,,,,,,,,,,,,,,,,,,,,,,,,,,,,,,,,,,,,,,,,,,,,,,,,,,,,,,,,,,,,,,,,,,,,,,,,,,,,,,,,,,,,,,,,,,,,,,,,,,,,,,,,,,,,,,,,,,,,,,,,,,,,,,,,,,,,,,,,,,,,
kai/,καί,conjunction,fasin,φημί,verb,ou)de/na,labei=n,λαμβάνω,verb,ou)de/n,οὐδείς,pronoun,ou)/te,οὔτε,adverb,a)/ndra,ou)/te,οὔτε,adverb,gunai=ka,γυνή,noun,,,,,,,,,,,,,,,,,,,,,,,,,,,,,,,οὐδείς,pronoun,ἀνήρ,noun,,,,,,,,,,,,,,,,,,,,,,,,,,,,,,,,,,,,,,,,,,,,,,,,,,,,,,,,,,,,,,,,,,,,,,,,,,,,,,,,,,,,,,,,,,,,,,,,,,,,,,,,,,,,,,,,,,,,,,,,,,,,,,,,,,,,,,,,,,,,,
a)pekri/nanto,ἀποκρίνω,verb,d',δέ,particle,au)tw=|,kaqa\,καθά,adverb,kai\,καί,conjunction,pro/teron,πρότερος,adjective,a)pelqo/nta,*pu/rron,Πύρρος,proper,e)c,ἐκ,preposition,*)itali/as,Ἰταλία,proper,presbeu/ein,πρεσβεύω,verb,pro\s,πρός,preposition,au)tou\s,αὐτός,pronoun,a)/neu,ἄνευ,preposition,dw/rwn,δῶρον,noun,,,,,,,,,,,,,αὐτός,pronoun,ἀπέρχομαι,verb,,,,,,,,,,,,,,,,,,,,,,,,,,,,,,,,,,,,,,,,,,,,,,,,,,,,,,,,,,,,,,,,,,,,,,,,,,,,,,,,,,,,,,,,,,,,,,,,,,,,,,,,,,,,,,,,,,,,,,,,,,,,,,,,,,,,,,,,,,,,,
a)porh/sein,ἀπορέω,verb,ga\r,γάρ,particle,ou)deno\s,tw=n,ὁ,article,dikai/wn,δίκαιος,adjective,,,,,,,,,,,,,,,,,,,,,,,,,,,,,,,,,,,,,,,,,οὐδείς,pronoun,,,,,,,,,,,,,,,,,,,,,,,,,,,,,,,,,,,,,,,,,,,,,,,,,,,,,,,,,,,,,,,,,,,,,,,,,,,,,,,,,,,,,,,,,,,,,,,,,,,,,,,,,,,,,,,,,,,,,,,,,,,,,,,,,,,,,,,,,,,,,,,
tou\s,ὁ,article,de\,δέ,particle,pre/sbeis,kai\,καί,conjunction,au)toi\,αὐτός,pronoun,polutelw=s,πολυτελής,adverb,e)ce/nizon,kai\,καί,conjunction,*pu/rrw|,Πύρρος,proper,tou\s,ὁ,article,*taranti/nwn,Ταράντινος,proper,kai\,καί,conjunction,tw=n,ὁ,article,a)/llwn,ἄλλος,adjective,au)tou=,αὐτός,pronoun,summa/xwn,σύμμαχος,adjective,ai)xmalw/tous,αἰχμάλωτος,adjective,a)nte/pempon,ἀντέπειμι,verb,,,,πρέσβις,noun,ξενίζω,verb,,,,,,,,,,,,,,,,,,,,,,,,,,,,,,,,,,,,,,,,,,,,,,,,,,,,,,,,,,,,,,,,,,,,,,,,,,,,,,,,,,,,,,,,,,,,,,,,,,,,,,,,,,,,,,,,,,,,,,,,,,,,,,,,,,,,,,,,,,,,,
o(,ὁ,article,me\n,μέν,particle,dh\,*pu/rros,Πύρρος,proper,e)pi\,ἐπί,preposition,tou/tois,οὗτος,pronoun,e)s,*sikeli/an,Σικελία,proper,die/plei,διαπλέω,verb,meta/,μετά,preposition,te,τε,particle,tw=n,ὁ,article,e)lefa/ntwn,ἐλέφας,adjective,kai\,καί,conjunction,o)ktakisxili/wn,ὀκτακισχίλιοι,adjective,i(ppe/wn,ἱππεύς,noun,u(posxo/menos,ὑπέχω,verb,toi=s,ὁ,article,summa/xois,σύμμαχος,adjective,δή,particle,εἰς,preposition,e)k,ἐκ,preposition,*sikeli/as,Σικελία,proper,e)panh/cein,ἐπανήκω,verb,e)s,εἰς,preposition,th\n,ὁ,article,*)itali/an,Ἰταλία,proper,,,,,,,,,,,,,,,,,,,,,,,,,,,,,,,,,,,,,,,,,,,,,,,,,,,,,,,,,,,,,,,,,,,,,,,,,,,,,,,,,,,,,,,,,,,,,,,,,,,,,,,,,,,,,,,,,,,,,,,,,,,
kai\,καί,conjunction,e)panh=lqen,ἐπανέρχομαι,verb,e)/tei,tri/tw=|,,,*karxhdoni/wn,Καρχηδόνιος,proper,au)to\n,αὐτός,pronoun,e)celasa/ntwn,e)k,ἐκ,preposition,*sikeli/as,Σικελία,proper,,,,,,,,,,,,,,,,,,,,,,,,,,,,,,,ἔτος,noun,ἐξελαύνω,verb,,,,,,,,,,,,,,,,,,,,,,,,,,,,,,,,,,,,,,,,,,,,,,,,,,,,,,,,,,,,,,,,,,,,,,,,,,,,,,,,,,,,,,,,,,,,,,,,,,,,,,,,,,,,,,,,,,,,,,,,,,,,,,,,,,,,,,,,,,,,,
o(/ti,ὅστις,pronoun,*pu/rros,Πύρρος,proper,meta\,th\n,ὁ,article,ma/xhn,μάχη,noun,kai\,καί,conjunction,ta\s,pro\s,πρός,preposition,*(rwmai/ous,,,sunqh/kas,συνθήκη,noun,e)s,εἰς,preposition,*sikeli/an,Σικελία,proper,die/plei,διαπλέω,verb,u(posxo/menos,ὑπέχω,verb,toi=s,ὁ,article,summa/xois,σύμμαχος,adjective,e)k,ἐκ,preposition,*sikeli/as,Σικελία,proper,e)panh/cein,ἐπανήκω,verb,μετά,preposition,ὁ,article,e)s,εἰς,preposition,*)itali/an,Ἰταλία,proper,,,,,,,,,,,,,,,,,,,,,,,,,,,,,,,,,,,,,,,,,,,,,,,,,,,,,,,,,,,,,,,,,,,,,,,,,,,,,,,,,,,,,,,,,,,,,,,,,,,,,,,,,,,,,,,,,,,,,,,,,,,,,,,,,,,,,,,
kai\,καί,conjunction,e)panh=lqen,ἐπανέρχομαι,verb,e)/tei,tri/tw|,τρίτος,adjective,*karxhdoni/wn,Καρχηδόνιος,proper,au)to\n,αὐτός,pronoun,e)celasa/ntwn,e)k,ἐκ,preposition,*sikeli/as,Σικελία,proper,h)/dh,ἤδη,adverb,kai\,καί,conjunction,toi=s,ὁ,article,*sikeliw/tais,Σικελιώτης,proper,baru\n,βαρύς,adjective,e)pi/,ἐπί,preposition,te,τε,particle,ceni/ais,ξενία,noun,kai\,καί,conjunction,xorhgi/ais,χορηγία,noun,ἔτος,noun,ἐξελαύνω,verb,kai\,καί,conjunction,frourai=s,φρουρά,noun,kai\,καί,conjunction,e)sforai=s,εἰσφορά,noun,geno/menon,γίγνομαι,verb,,,,,,,,,,,,,,,,,,,,,,,,,,,,,,,,,,,,,,,,,,,,,,,,,,,,,,,,,,,,,,,,,,,,,,,,,,,,,,,,,,,,,,,,,,,,,,,,,,,,,,,,,,,,,,,,,,,,,,,,,,,,,,
o(,ὁ,article,me\n,μέν,particle,dh\,plou/sios,πλούσιος,adjective,e)n,ἐν,preposition,tw=nde,ὅδε,pronoun,gegonw\s,e)s,εἰς,preposition,to\,ὁ,article,*(rh/gion,,,die/plei,διαπλέω,verb,nausi\,ναῦς,noun,katafra/ktois,κατάφρακτος,adjective,de/ka,δέκα,verb,kai\,καί,conjunction,e(kato/n,ἑκατόν,noun,forti/si,φορτίς,noun,de\,δέ,particle,kai\,καί,conjunction,δή,particle,γίγνομαι,verb,o(lka/si,ὁλκάς,noun,polu\,πολύς,adjective,plei/osin,πλείων,verb,,,,,,,,,,,,,,,,,,,,,,,,,,,,,,,,,,,,,,,,,,,,,,,,,,,,,,,,,,,,,,,,,,,,,,,,,,,,,,,,,,,,,,,,,,,,,,,,,,,,,,,,,,,,,,,,,,,,,,,,,,,,,,,,,,,,
oi(,ὁ,article,de\,δέ,particle,*karxhdo/nioi,dianaumaxh/santes,διαναυμαχέω,verb,au)tw=|,αὐτός,pronoun,kate/dusan,καταδύω,verb,nau=s,e(bdomh/konta,ἑβδομήκοντα,verb,kai\,καί,conjunction,ta\s,ὁ,article,loipa\s,λοιπός,adjective,a)/plous,ἄπλοος,adjective,e)poi/hsan,ποιέω,verb,plh\n,πλήν,preposition,dw/deka,δώδεκα,adjective,mo/nwn,μόνος,adjective,ai(=s,ὅς,pronoun,o(,ὁ,article,*pu/rros,Πύρρος,proper,Καρχηδόνιος,proper,ναῦς,noun,diafugw\n,διαφεύγω,verb,e)ti/nuto,τίνυμαι,verb,*lokrou\s,Λοκρός,proper,tou\s,ὁ,article,e)pizefuri/ous,,,o(/ti,ὅστις,pronoun,froura\n,φρουρά,noun,au)tou=,αὐτός,pronoun,kai\,καί,conjunction,to\n,ὁ,article,frou/rarxon,φρούραρχος,noun,au)th=s,αὐτός,pronoun,u(bri/santas,ὑβρίζω,verb,e)s,εἰς,preposition,au)tou/s,αὐτός,pronoun,a)nh|rh/kesan,ἀναιρέω,verb,,,,,,,,,,,,,,,,,,,,,,,,,,,,,,,,,,,,,,,,,,,,,,,,,,,,,,,,,,,,,,,,,,,,,,,,,,,,,,,,,,,,,,,,,,,,,
w)mw=s,ὠμός,adjective,d',δέ,particle,au)tou\s,kai\,καί,conjunction,pikrw=s,πικρός,adjective,ktei/nwn,κτείνω,verb,te,kai\,καί,conjunction,sulw=n,συλάω,verb,o(,ὁ,article,*pu/rros,Πύρρος,proper,ou)de\,οὐδέ,particle,tw=n,ὁ,article,a)naqhma/twn,ἀνάθημα,noun,th=s,ὁ,article,*persefo/nhs,Φερσέφασσα,proper,a)pe/sxeto,ἀπέχω,verb,e)piskw/yas,ἐπισκώπτω,verb,th\n,ὁ,article,αὐτός,pronoun,τε,particle,a)/kairon,ἄκαιρος,adjective,qeose/beian,θεοσέβεια,noun,ei)=nai,εἰμί,verb,deisidaimoni/an,δεισιδαιμονία,noun,to\,ὁ,article,de\,δέ,particle,sulle/cai,συλλέγω,verb,plou=ton,πλοῦτος,noun,a)/ponon,ἄπονος,adjective,eu)bouli/an,εὐβουλία,noun,,,,,,,,,,,,,,,,,,,,,,,,,,,,,,,,,,,,,,,,,,,,,,,,,,,,,,,,,,,,,,,,,,,,,,,,,,,,,,,,,,,,,,,,,,,,,,,,,,,,,,,,,,,,,,,
a)naxqe/nta,ἀνάγω,verb,d',δέ,particle,au)to\n,meta\,μετά,preposition,tw=n,ὁ,article,su/lwn,σύλη,noun,xeimw\n,u(pe/labe,ὑπολαμβάνω,verb,kai\,καί,conjunction,tw=n,ὁ,article,new=n,ναός,noun,ta\s,ὁ,article,me\n,μέν,particle,kate/duse,καταδύω,verb,kai\,καί,conjunction,die/fqeiren,διαφθείρω,verb,au)toi=s,αὐτός,pronoun,a)ndra/si,ἀνήρ,noun,ta\s,ὁ,article,αὐτός,pronoun,χειμών,noun,d',δέ,particle,e)s,εἰς,preposition,th\n,ὁ,article,gh=n,γῆ,noun,e)ce/rriyen,ἐκρίπτω,verb,,,,,,,,,,,,,,,,,,,,,,,,,,,,,,,,,,,,,,,,,,,,,,,,,,,,,,,,,,,,,,,,,,,,,,,,,,,,,,,,,,,,,,,,,,,,,,,,,,,,,,,,,,,,,,,,,,,,,,,,,,,,,,
ta\,ὁ,article,de\,δέ,particle,i(era\,pa/nta,πᾶς,adjective,sw=a,σῶς,noun,o(,ὁ,article,klu/dwn,e)s,εἰς,preposition,tou\s,ὁ,article,*lokrw=n,Λοκρός,proper,lime/nas,λιμήν,noun,e)panh/gagen,ἐπανάγω,verb,w(/ste,ὥστε,conjunction,kai\,καί,conjunction,*pu/rron,Πύρρος,proper,o)ye\,ὀψέ,adverb,th=s,ὁ,article,a)sebei/as,ἀσέβεια,noun,ai)sqo/menon,αἰσθάνομαι,verb,ἱερά,noun,κλύδων,adjective,a)naqei=nai/,ἀνατίθημι,verb,te,τε,particle,au)ta\,αὐτός,pronoun,e)s,εἰς,preposition,to\,ὁ,article,i(ero\n,ἱερόν,noun,th=|,ὁ,article,*persefo/nh|,Φερσέφασσα,proper,kai\,καί,conjunction,qusi/ais,θυσία,noun,i(la/skesqai,ἱλάσκομαι,verb,th\n,ὁ,article,qeo\n,θεός,noun,pollai=s,πολύς,adjective,,,,,,,,,,,,,,,,,,,,,,,,,,,,,,,,,,,,,,,,,,,,,,,,,,,,,,,,,,,,,,,,,,,,,,,,,,,,,,,,,,,,,,,,,,,,,,,,,,,
tw=n,ὁ,article,de\,δέ,particle,i(erw=n,ou)k,οὐ,adverb,a)pantw/ntwn,ἀπαντάω,verb,e)/ti,ἔτι,adverb,ma=llon,e)cemai/neto,ἐκμαίνω,verb,kai\,καί,conjunction,tou\s,ὁ,article,peri\,περί,preposition,th=s,ὁ,article,i(erosuli/as,ἱεροσυλία,noun,au)tw=|,αὐτός,pronoun,sumbouleu/santas,συμβουλεύω,verb,h)\,ἠέ,conjunction,le/gonti,λέγω,verb,sunqeme/nous,συντίθημι,verb,h)\,ἠέ,conjunction,ἱερά,noun,μᾶλλον,adverb,diakonhsame/nous,διακονέω,verb,to\,ὁ,article,e)/rgon,ἔργον,noun,e)/kteinen,ἐκτείνω,verb,,,,,,,,,,,,,,,,,,,,,,,,,,,,,,,,,,,,,,,,,,,,,,,,,,,,,,,,,,,,,,,,,,,,,,,,,,,,,,,,,,,,,,,,,,,,,,,,,,,,,,,,,,,,,,,,,,,,,,,,,,,,,,,,,
o(,ὁ,article,me\n,μέν,particle,dh\,*pu/rros,Πύρρος,proper,ou(/tws,οὕτως,adverb,e)pepra/xei,πράσσω,verb,kakw=s,,,,,,,,,,,,,,,,,,,,,,,,,,,,,,,,,,,,,δή,particle,κακός,adjective,,,,,,,,,,,,,,,,,,,,,,,,,,,,,,,,,,,,,,,,,,,,,,,,,,,,,,,,,,,,,,,,,,,,,,,,,,,,,,,,,,,,,,,,,,,,,,,,,,,,,,,,,,,,,,,,,,,,,,,,,,,,,,,,,,,,,,,,,,,,,
