word/0/@_form,word/0/lemma/@_entry,word/0/lemma/@_POS,word/1/@_form,word/1/lemma/@_entry,word/1/lemma/@_POS,word/2/@_form,word/2/lemma/@_entry,word/2/lemma/@_POS,word/3/@_form,word/3/lemma/@_entry,word/3/lemma/@_POS,word/4/@_form,word/4/lemma/@_entry,word/4/lemma/@_POS,word/5/@_form,word/6/@_form,word/6/lemma/@_entry,word/6/lemma/@_POS,word/7/@_form,word/7/lemma/@_entry,word/7/lemma/@_POS,word/8/@_form,word/8/lemma/@_entry,word/8/lemma/@_POS,word/9/@_form,word/9/lemma/@_entry,word/9/lemma/@_POS,word/10/@_form,word/10/lemma/@_entry,word/10/lemma/@_POS,word/11/@_form,word/11/lemma/@_entry,word/11/lemma/@_POS,word/12/@_form,word/12/lemma/@_entry,word/12/lemma/@_POS,word/13/@_form,word/13/lemma/@_entry,word/13/lemma/@_POS,word/14/@_form,word/14/lemma/@_entry,word/14/lemma/@_POS,word/15/@_form,word/15/lemma/@_entry,word/15/lemma/@_POS,word/16/@_form,word/16/lemma/@_entry,word/16/lemma/@_POS,word/17/@_form,word/17/lemma/@_entry,word/17/lemma/@_POS,word/18/@_form,word/18/lemma/@_entry,word/18/lemma/@_POS,word/19/@_form,word/19/lemma/@_entry,word/19/lemma/@_POS,word/20/@_form,word/20/lemma/@_entry,word/20/lemma/@_POS,word/21/@_form,word/21/lemma/@_entry,word/21/lemma/@_POS,word/22/@_form,word/22/lemma/@_entry,word/22/lemma/@_POS,word/23/@_form,word/23/lemma/@_entry,word/23/lemma/@_POS,word/24/@_form,word/24/lemma/@_entry,word/24/lemma/@_POS,word/25/@_form,word/25/lemma/@_entry,word/25/lemma/@_POS,word/26/@_form,word/26/lemma/@_entry,word/26/lemma/@_POS,word/27/@_form,word/27/lemma/@_entry,word/27/lemma/@_POS,word/5/lemma/@_entry,word/5/lemma/@_POS,word/28/@_form,word/28/lemma/@_entry,word/28/lemma/@_POS,word/29/@_form,word/29/lemma/@_entry,word/29/lemma/@_POS,word/30/@_form,word/30/lemma/@_entry,word/30/lemma/@_POS
tw=,ὁ,article,kala/qw,κάλαθος,noun,katio/ntos,κάτειμι,verb,e)pifqe/gcasqe,ἐπιφθέγγομαι,verb,gunai=kes,γυνή,noun,'*da/mater,me/ga,μέγας,adverb,xai=re,χαίρω,verb,polu/trofe,πολύτροφος,adjective,poulume/dimne',,,,,,,,,,,,,,,,,,,,,,,,,,,,,,,,,,,,,,,,,,,,,,,,,,,,,,,,,,,,,,,,,,,
to\n,ὁ,article,ka/laqon,κάλαθος,noun,katio/nta,κάτειμι,verb,xamai\,χαμαί,adverb,qasei=sqe,,,be/baloi,mhd',μηδέ,particle,a)po\,ἀπό,preposition,tw=,ὁ,article,te/geos,τέγος,noun,mhd',μηδέ,particle,u(yo/qen,ὑψόθεν,adverb,au)ga/sshsqe,αὐγάζω,verb,mh\,μή,conjunction,pai=s,πᾶς,adjective,mhde\,μηδέ,particle,guna\,γυνή,noun,mhd',μηδέ,particle,a(\,ὅς,pronoun,katexeu/ato,καταχέω,verb,xai/tan,χαίτη,noun,mhd',μηδέ,particle,o(/k',ὅτε,conjunction,a)f',ἀπό,preposition,au(ale/wn,αὐαλέος,adjective,stoma/twn,στόμα,noun,ptu/wmes,πτύω,verb,a)/pastoi,ἄπαστος,adjective,,,,,,,,,,,
e(/speros,ἕσπερος,adjective,e)k,ἐκ,preposition,nefe/wn,νέφος,noun,e)ske/yato,σκέπτομαι,verb,pani/ka,,,nei=tai),,,,,,,,,,,,,,,,,,,,,,,,,,,,,,,,,,,,,,,,,,,,,,,,,,,,,,,,,,,,,,,,,,,νέομαι,verb,,,,,,,,,
e(/speros,ἕσπερος,adjective,o(/ste,ὅστε,pronoun,piei=n,πίνω,verb,*dama/tera,,,mw=nos,μόνος,adjective,e)/peisen,a(rpagi/mas,ἁρπάγιμος,adjective,o(/k',ὅτε,conjunction,a)/pusta,ἄπυστος,adjective,mete/stixen,μεταστείχω,verb,i)/xnia,ἴχνιον,noun,kw/ras,κόρη,noun,,,,,,,,,,,,,,,,,,,,,,,,,,,,,,,,,,,,,,,,,,,,,,,,,ἐφίζω,verb,,,,,,,,,
po/tnia,πότνια,noun,pw=s,πῶς,adverb,se,σύ,pronoun,du/nanto,δύναμαι,verb,po/des,πούς,noun,fe/ren,e)/st',εἰμί,verb,e)pi\,ἐπί,preposition,duqma/s,δυθμή,adjective,e)/st',ἔστε,conjunction,e)pi\,ἐπί,preposition,tw\s,τώς,adverb,me/lanas,μέλας,adjective,kai\,καί,conjunction,o(/pa,ὅπη,adverb,ta\,ὁ,article,xru/sea,χρύσεος,adjective,ma=la,μᾶλον,noun,,,,,,,,,,,,,,,,,,,,,,,,,,,,,,,φέρω,verb,,,,,,,,,
ou),οὐ,adverb,pi/es,πίνω,verb,ou)d',οὐδέ,particle,a)/r',ἄρα,particle,e)/des,ἔδω,verb,th=non,xro/non,χρόνος,noun,ou)de\,οὐδέ,particle,loe/ssa,,,,,,,,,,,,,,,,,,,,,,,,,,,,,,,,,,,,,,,,,,,,,,,,,,,,,,,,,,,,ἐκεῖνος,pronoun,,,,,,,,,
tri\s,τρίς,adverb,me\n,μέν,particle,dh\,δή,particle,die/bas,διαβαίνω,verb,*)axelw/ion,Ἀχελώιος,proper,a)rgurodi/nan,tossa/ki,τοσάκις,adverb,d',δέ,particle,a)ena/wn,ἀέναος,adjective,potamw=n,ποταμός,noun,e)pe/rasas,ἐπιρραίνω,verb,e(/kaston,ἕκαστος,adjective,tri\s,τρίς,adverb,d',δέ,particle,e)pi\,ἐπί,preposition,*kallixo/rwi,,,xama/dis,χαμάδις,adverb,e)kaqi/ssao,καθίζω,verb,frhti/,,,au)stale/a,αὐσταλέος,adjective,a)/poto/s,ἄποτος,adjective,te,τε,particle,kai\,καί,conjunction,ou),οὐ,adverb,fa/ges,ἐσθίω,verb,ou)de\,οὐδέ,particle,loe/ssa,,,,,,ἀργυροδίνης,noun,,,,,,,,,
mh\,μή,conjunction,mh\,μή,conjunction,tau=ta,οὗτος,pronoun,le/gwmes,λέγω,verb,a(\,ὅς,pronoun,da/kruon,a)/gage,ἄγω,verb,*dhoi=,,,,,,,,,,,,,,,,,,,,,,,,,,,,,,,,,,,,,,,,,,,,,,,,,,,,,,,,,,,,,,,δάκρυον,noun,,,,,,,,,
ka/llion,κάλλιον,adverb,w(s,ὡς,conjunction,poli/essin,πόλις,adjective,e(ado/ta,ἁνδάνω,verb,te/qmia,θέσμιος,adjective,dw=ke,,,,,,,,,,,,,,,,,,,,,,,,,,,,,,,,,,,,,,,,,,,,,,,,,,,,,,,,,,,,,,,,,,,δίδωμι,verb,,,,,,,,,
ka/llion,κάλλιον,adverb,w(s,ὡς,conjunction,kala/man,καλάμη,noun,te,τε,particle,kai\,καί,conjunction,i(era\,dra/gmata,δράγμα,noun,pra/ta,πρᾶτος,adjective,a)staxu/wn,ἄσταχυς,noun,a)pe/koye,ἀποκόπτω,verb,kai\,καί,conjunction,e)n,ἐν,preposition,bo/as,βόα,noun,h(=ke,ἥκω,verb,path=sai,πατέω,verb,a(ni/ka,ἡνίκα,adverb,*tripto/lemos,Τριπτόλεμος,proper,a)gaqa\n,ἀγαθός,adjective,e)dida/sketo,διδάσκω,verb,te/xnan,τέχνη,noun,,,,,,,,,,,,,,,,,,,,,,,,,ἱερός,adjective,,,,,,,,,
ka/llion,κάλλιον,adverb,w(s,ὡς,conjunction,i(/na,ἵνα,conjunction,kai/,καί,conjunction,tis,τις,pronoun,u(perbasi/as,a)le/htai),ἀλάομαι,verb,p,,,i)de/sqai,εἶδον,verb,ou)/pw,οὔπω,adverb,ta\n,ὁ,article,*knidi/an,Κνίδιος,proper,e)/ti,ἔτι,adverb,*dw/tion,,,i(ro\n,ἱερός,adjective,e)/naion,ναίω,verb,tei=,,,d',δέ,particle,au)ta=i,αὐτός,pronoun,kalo\n,καλός,noun,a)/lsos,ἄλσος,noun,e)poih/santo,ποιέω,verb,*pelasgoi/,Πελασγός,proper,de/ndresin,δένδρον,adjective,a)mfilafe/s,ἀμφιλαφής,adverb,,,,,,,,,,ὑπερβασία,noun,,,,,,,,,
dia/,διά,preposition,ken,ἄν,particle,mo/lis,μόλις,adverb,h)=nqen,ἔρχομαι,verb,o)isto/s,ὀιστός,adjective,,,,,,,,,,,,,,,,,,,,,,,,,,,,,,,,,,,,,,,,,,,,,,,,,,,,,,,,,,,,,,,,,,,,,,,,,,,,,,
e)n,ἐν,preposition,pi/tus,πίτυς,adjective,e)n,ἐν,preposition,mega/lai,μέγας,adverb,ptele/ai,πτελέα,noun,e)/san,e)n,ἐν,preposition,de\,δέ,particle,kai\,καί,conjunction,o)/xnai,ὄχνη,noun,e)n,ἐν,preposition,de\,δέ,particle,kala\,καλός,noun,gluku/mala,γλυκύμαλον,noun,,,,,,,,,,,,,,,,,,,,,,,,,,,,,,,,,,,,,,,,,,,εἰμί,verb,,,,,,,,,
to\,ὁ,article,d',δέ,particle,w(/st',ὥστε,conjunction,a)le/ktrinon,,,u(/dwr,ὕδωρ,noun,e)c,a)mara=n,ἀμάρα,noun,a)ne/que,ἀναθύω,verb,,,,,,,,,,,,,,,,,,,,,,,,,,,,,,,,,,,,,,,,,,,,,,,,,,,,,,,,,,,,,ἐκ,preposition,,,,,,,,,
qea\,θεά,noun,d',δέ,particle,e)pemai/neto,ἐπιμαίνομαι,verb,xw/rwi,χῶρος,noun,o(/sson,ὅσος,adjective,*)eleusi=ni,*trio/pai,,,q',τε,particle,o(/son,ὅσος,adjective,o(kko/son,,,*)/ennai,,,,,,,,,,,,,,,,,,,,,,,,,,,,,,,,,,,,,,,,,,,,,,,,,,,,,,Ἐλευσίς,proper,,,,,,,,,
a)ll',ἀλλά,adverb,o(/ka,,,*triopi/daisin,,,o(,ὁ,article,decio\s,δεξιός,adjective,a)/xqeto,dai/mwn,δαίμων,adjective,touta/kis,τουτάκις,adverb,a(,ὁ,article,xei/rwn,χείρων,adverb,*)erusi/xqonos,Ἐρυσίχθων,proper,a(/yato,ἅπτω,verb,bwla/,βουλή,noun,,,,,,,,,,,,,,,,,,,,,,,,,,,,,,,,,,,,,,,,,,,,,,ἄχθομαι,verb,,,,,,,,,
seu/at',σεύω,verb,e)/xwn,ἔχω,verb,qera/pontas,θεράπων,noun,e)ei/kosi,εἴκοσι,verb,pa/ntas,πᾶς,adjective,e)n,a)kma=i,ἀκμή,noun,pa/ntas,πᾶς,adjective,d',δέ,particle,a)ndrogi/gantas,,,o(/lan,ὅλος,adjective,po/lin,πόλις,adjective,a)rki/os,,,a)=rai,αἴρω,verb,a)mfo/teron,ἀμφότερος,adjective,pele/kessi,πέλεκυς,adjective,kai\,καί,conjunction,a)ci/naisin,ἀξίνη,noun,o(pli/ssas,ὁπλίζω,verb,e)s,εἰς,preposition,de\,δέ,particle,to\,ὁ,article,ta=s,ὁ,article,*da/matros,,,a)naide/es,ἀναιδής,adjective,e)/dramon,τρέχω,verb,a)/lsos,ἄλσος,noun,,,,ἐν,preposition,,,,,,,,,
h)=s,εἰμί,verb,de/,δέ,particle,tis,τις,pronoun,ai)/geiros,αἴγειρος,noun,me/ga,μέγας,adverb,de/ndreon,ai)qe/ri,αἰθήρ,noun,ku=ron,κυρέω,verb,tw=i,τίς,pronoun,e)/pi,ἐπί,preposition,tai\,ὁ,article,nu/mfai,νύμφη,noun,poti\,πρός,preposition,tw)/ndion,ἔνδιον,noun,e(yio/wnto,ἑψιάομαι,verb,a(\,ὅς,pronoun,pra/ta,πράτης,noun,plagei=sa,πλάσσω,verb,kako\n,κακός,adjective,me/los,μέλος,noun,i)/axen,ἰάχω,verb,a)/llais,ἄλλος,adjective,,,,,,,,,,,,,,,,,,,δένδρεον,noun,,,,,,,,,
a)/isqeto,,,*dama/thr,,,o(/ti,ὅστις,pronoun,oi(,ὁ,article,cu/lon,ξύλον,adjective,i(ero\n,a)/lgei,ἄλγος,noun,ei)=pe,εἶπον,verb,de\,δέ,particle,xwsame/na,χόω,verb,'ti/s,τίς,pronoun,moi,ἐγώ,pronoun,kala\,καλός,noun,de/ndrea,δένδρεον,noun,ko/ptei',κόπτω,verb,,,,,,,,,,,,,,,,,,,,,,,,,,,,,,,,,,,,,,,,ἱερός,adjective,,,,,,,,,
au)ti/ka,αὐτίκα,adverb,*niki/ppai,,,ta\n,ὁ,article,oi(,ὁ,article,po/lis,πόλις,adjective,a)ra/teiran,damosi/an,δημόσιος,adjective,e)/stasan,ἵστημι,verb,e)ei/sato,εἴδομαι,verb,ge/nto,γέντο,verb,de\,δέ,particle,xeiri/,χείρ,noun,ste/mmata,στέμμα,noun,kai\,καί,conjunction,ma/kwna,μήκων,noun,katwmadi/an,κατωμάδιος,adjective,d',δέ,particle,e)/xe,ἔχω,verb,klai=da,,,,,,,,,,,,,,,,,,,,,,,,,,,,,,,,,,,,,,,,
fa=,φημί,verb,de\,δέ,particle,parayu/xoisa,παραψύχω,verb,kako\n,κακός,adjective,kai\,καί,conjunction,a)naide/a,fw=ta,φάος,adjective,'te/knon,τέκνον,noun,o(/tis,ὅστις,pronoun,ta\,ὁ,article,qeoi=sin,θεός,noun,a)neime/na,ἀνίημι,verb,de/ndrea,δένδρεον,noun,ko/pteis,κόπτω,verb,te/knon,τέκνον,noun,e)li/nuson,ἐλινύω,verb,te/knon,τέκνον,noun,polu/qeste,πολύθεστος,adjective,tokeu=si,τοκεύς,noun,pau/eo,παύω,verb,kai\,καί,conjunction,qera/pontas,θεράπων,noun,a)po/trepe,ἀποτρέπω,verb,mh/,μή,conjunction,ti,τις,pronoun,xalefqh=i,,,po/tnia,πότνια,noun,*dama/thr,,,ἀναιδής,adjective,ta=s,ὁ,article,i(ero\n,ἱερός,adjective,e)kkerai/+zeis',ἐκκεραίζω,verb
ta\n,ὁ,article,d',δέ,particle,a)/r',ἄρα,particle,u(poble/yas,ὑποβλέπω,verb,xalepw/teron,χαλεπός,adjective,h)e\,kunago\n,κυναγός,adjective,w)/resin,ὦρος,noun,e)n,ἐν,preposition,*tmari/oisin,,,u(poble/pei,ὑποβλέπω,verb,a)/ndra,ἀνήρ,noun,le/aina,λέαινα,noun,w)moto/kos,ὠμοτόκος,adjective,ta=s,ὁ,article,fanti\,φημί,verb,pe/lein,πέλω,verb,blosurw/taton,βλοσυρός,adjective,o)/mma,ὄμμα,noun,'xa/zeu',χάζομαι,verb,e)/fa,φημί,verb,'mh/,ἁμός,adjective,toi,σύ,pronoun,pe/lekun,πέλεκυς,adjective,me/gan,μέγας,adverb,e)n,ἐν,preposition,xroi\+,χρώς,noun,pacw=,,,ἠέ,conjunction,,,,,,,,,
tau=ta,οὗτος,pronoun,d',δέ,particle,e)mo\n,ἐμός,adjective,qhsei=,τίθημι,verb,stegano\n,στεγανός,adjective,do/mon,w(=i,ὅς,pronoun,e)/ni,ἐν,preposition,dai=tas,δαίς,adjective,ai)e\n,ἀεί,adverb,e)moi=s,ἐμός,adjective,e(ta/roisin,ἑταῖρος,noun,a)/dhn,ἅδην,adverb,qumare/as,θυμαρής,adjective,a)cw=',ἄγνυμι,verb,,,,,,,,,,,,,,,,,,,,,,,,,,,,,,,,,,,,,,,,δόμος,noun,,,,,,,,,
ei(=pen,εἶπον,verb,o(,ὁ,article,pai=s,πᾶς,adjective,*ne/mesis,Νέμεσις,proper,de\,δέ,particle,kaka\n,e)gra/yato,γράφω,verb,fwna/n,φωνή,noun,,,,,,,,,,,,,,,,,,,,,,,,,,,,,,,,,,,,,,,,,,,,,,,,,,,,,,,,,,,,,κακός,adjective,,,,,,,,,
*dama/thr,,,d',δέ,particle,a)/fato/n,ἄφατος,adjective,ti,τις,pronoun,kote/ssato,κοτέω,verb,ei)/sato,d',δέ,particle,a(,ὁ,article,qeu/s,,,,,,,,,,,,,,,,,,,,,,,,,,,,,,,,,,,,,,,,,,,,,,,,,,,,,,,,,,,,εἶμι,verb,,,,,,,,,
i)/qmata,ἴθμα,noun,me\n,μέν,particle,xe/rsw,χέρσος,noun,kefala\,κεφαλή,noun,de/,δέ,particle,oi(,a(/yat',ἅπτω,verb,*)olu/mpw,Ὄλυμπος,proper,,,,,,,,,,,,,,,,,,,,,,,,,,,,,,,,,,,,,,,,,,,,,,,,,,,,,,,,,,,,,ἕ,pronoun,,,,,,,,,
oi(\,ἕ,pronoun,me\n,μέν,particle,a)/r',ἄρα,particle,h(miqnh=tes,ἡμιθνής,noun,e)pei\,ἐπεί,conjunction,ta\n,po/tnian,πότνια,noun,ei)=don,εἶδον,verb,e)capi/nas,ἐξαίφνης,adverb,a)po/rousan,ἀπορούω,verb,e)ni\,ἐν,preposition,drusi\,δρῦς,noun,xalko\n,χαλκός,noun,a)fe/ntes,ἀφίημι,verb,,,,,,,,,,,,,,,,,,,,,,,,,,,,,,,,,,,,,,,,,,,ὁ,article,,,,,,,,,
a(\,ὅς,pronoun,d',δέ,particle,a)/llws,ἄλλως,adverb,me\n,μέν,particle,e)/asen,ἀίω,verb,a)nagkai/ai,ga\r,γάρ,particle,e(/ponto,ἕπομαι,verb,despotika\n,δεσποτικός,adjective,u(po\,ὑπό,preposition,xei=ra,χείρ,noun,baru\n,βαρύς,adjective,d',δέ,particle,a)pamei/yat',ἀπαμείβομαι,verb,a)/nakta,ἄναξ,noun,'nai\,ναί,adverb,nai/,ναί,adverb,teu/xeo,τεύχω,verb,dw=ma,δῶμα,noun,ku/on,κύων,noun,ku/on,κύων,noun,w(=i,ὅς,pronoun,e)/ni,ἐν,preposition,dai=tas,δαίς,adjective,poihsei=s,ποιέω,verb,,,,,,,,,,ἀνάγκη,noun,,,,,,,,,
qaminai\,θαμινός,adverb,ga\r,γάρ,particle,e)s,εἰς,preposition,u(/steron,ὕστερος,adjective,ei)lapi/nai,εἰλαπίνη,noun,toi',,,,,,,,,,,,,,,,,,,,,,,,,,,,,,,,,,,,,,,,,,,,,,,,,,,,,,,,,,,,,,,,,,,σύ,pronoun,,,,,,,,,
a(\,ὅς,pronoun,me\n,μέν,particle,to/ss',τόσος,adjective,ei)poi=s',εἶπον,verb,*)erusi/xqoni,Ἐρυσίχθων,proper,teu=xe,ponhra/,πονηρός,adjective,,,,,,,,,,,,,,,,,,,,,,,,,,,,,,,,,,,,,,,,,,,,,,,,,,,,,,,,,,,,,,,,τεύχω,verb,,,,,,,,,
au)ti/ka,αὐτίκα,adverb,oi(,ὁ,article,xalepo/n,χαλεπός,adjective,te,τε,particle,kai\,καί,conjunction,a)/grion,e)/mbale,ἐμβάλλω,verb,limo/n,λιμός,noun,ai)/qwna,αἴθων,noun,kratero/n,κρατερός,adjective,mega/lai,μέγας,adverb,d',δέ,particle,e)streu/geto,στρεύγομαι,verb,nou/swi,,,,,,,,,,,,,,,,,,,,,,,,,,,,,,,,,,,,,,,,,,,,,ἄγριος,adjective,,,,,,,,,
sxe/tlios,σχέτλιος,adjective,o(/ssa,ὅσος,adjective,pa/saito,πάομαι,verb,to/swn,τόσος,adjective,e)/xen,ἔχω,verb,i(/meros,au)=tis,αὖθις,adverb,,,,,,,,,,,,,,,,,,,,,,,,,,,,,,,,,,,,,,,,,,,,,,,,,,,,,,,,,,,,,,,,ἵμερος,adjective,,,,,,,,,
ei)/kati,εἴκοσι,verb,dai=ta,δαίτης,noun,pe/nonto,πένομαι,verb,duw/deka,δυώδεκα,adjective,d',δέ,particle,oi)=non,a)/fusson,ἀφύσσω,verb,,,,,,,,,,,,,,,,,,,,,,,,,,,,,,,,,,,,,,,,,,,,,,,,,,,,,,,,,,,,,,,,οἶνον,noun,,,,,,,,,
to/ssa,τόσος,adjective,*diw/nuson,Διόνυσος,proper,ga\r,γάρ,particle,a(\,ὅς,pronoun,kai\,καί,conjunction,*da/matra,xale/ptei,χαλέπτω,verb,,,,,,,,,,,,,,,,,,,,,,,,,,,,,,,,,,,,,,,,,,,,,,,,,,,,,,,,,,,,,,,,,,,,,,,,,,
kai\,καί,conjunction,ga\r,γάρ,particle,ta=i,ὁ,article,*da/matri,,,sunwrgi/sqh,συνοργίζομαι,verb,*dio/nusos,,,,,,,,,,,,,,,,,,,,,,,,,,,,,,,,,,,,,,,,,,,,,,,,,,,,,,,,,,,,,,,,,,,Διόνυσος,proper,,,,,,,,,
ou)/te,οὔτε,adverb,nin,νιν,pronoun,ei)s,εἰς,preposition,e)ra/nws,ἔρανος,noun,ou)/te,οὔτε,adverb,cundei/pnia,pe/mpon,πέμπω,verb,ai)do/menoi,αἰδέομαι,verb,gone/es,γονεύς,noun,proxana\,,,d',δέ,particle,eu(ri/sketo,εὑρίσκω,verb,pa=sa,πᾶς,adjective,,,,,,,,,,,,,,,,,,,,,,,,,,,,,,,,,,,,,,,,,,,,,,συνδείπνιον,noun,,,,,,,,,
h)=nqon,ἔρχομαι,verb,*)itwnia/dos,Ἰτωνιάς,proper,nin,νιν,pronoun,*)aqanai/as,Ἀθήνη,proper,e)p',ἐπί,preposition,a)/eqla,*)ormeni/dai,Ὀρμενίδης,proper,kale/ontes,καλέω,verb,,,,,,,,,,,,,,,,,,,,,,,,,,,,,,,,,,,,,,,,,,,,,,,,,,,,,,,,,,,,,ἆθλον,noun,,,,,,,,,
a)p',ἀπό,preposition,w)=n,οὖν,particle,a)rnh/sato,ἀρνέομαι,verb,ma/thr,μήτηρ,noun,'ou)k,οὐ,adverb,e)/ndoi,xqizo\s,χθιζός,adjective,ga\r,γάρ,particle,e)pi\,ἐπί,preposition,*krannw=na,Κραννών,proper,be/bake,βάζω,verb,te/lqos,τέλθος,noun,a)paithsw=n,ἀπαιτέω,verb,e(kato\n,ἑκατόν,noun,bo/as',βοάω,verb,,,,,,,,,,,,,,,,,,,,,,,,,,,,,,,,,,,,,,,,ἔνδοι,adverb,,,,,,,,,
h)=nqe,ἔρχομαι,verb,*polucw/,Πολυξώ,proper,ma/thr,μήτηρ,noun,*)aktori/wnos,Ἀκτορίων,proper,e)pei\,ἐπεί,conjunction,ga/mon,a)/rtue,ἀρτύω,verb,paidi/,παῖς,adjective,a)mfo/teron,ἀμφότερος,adjective,*trio/pan,Τριόπης,proper,te,τε,particle,kai\,καί,conjunction,ui(e/a,υἱός,noun,kiklh/skoisa,κικλήσκω,verb,,,,,,,,,,,,,,,,,,,,,,,,,,,,,,,,,,,,,,,,,,,γάμος,adjective,,,,,,,,,
ta\n,ὁ,article,de\,δέ,particle,guna\,γυνή,noun,baru/qumos,βαρύθυμος,adjective,a)mei/beto,ἀμείβω,verb,da/kru,xe/oisa,,,'nei=tai/,νέομαι,verb,toi,σύ,pronoun,*trio/pas,Τριόπης,proper,*)erusi/xqona,Ἐρυσίχθων,proper,d',δέ,particle,h)/lase,ἐλαύνω,verb,ka/pros,κάπρος,noun,*pi/ndon,Πίνδος,proper,a)n',ἀνά,preposition,eu)a/gkeian,,,d,,,d',δέ,particle,e)nne/a,ἐννέα,verb,fa/ea,φάος,adjective,kei=tai',κέω,verb,,,,,,,,,,,,,,,,,,,δάκρυον,noun,,,,,,,,,
deilai/a,δείλαιος,adjective,filo/tekne,φιλότεκνος,adjective,ti/,τίς,pronoun,d',δέ,particle,ou)k,οὐ,adverb,e)yeu/sao,ma=ter,μήτηρ,noun,,,,,,,,,,,,,,,,,,,,,,,,,,,,,,,,,,,,,,,,,,,,,,,,,,,,,,,,,,,,,,,,ψεύδω,verb,,,,,,,,,
dai/nuen,,,ei)lapi/nan,εἰλαπίνη,noun,tis,τις,pronoun,,,,,,,,,,,,,,,,,,,,,,,,,,,,,,,,,,,,,,,,,,,,,,,,,,,,,,,,,,,,,,,,,,,,,,,,,,,,,,,,,,,,
'e)n,ἐν,preposition,a)llotri/ois,ἀλλότριος,adjective,*)erusi/xqwn',,,,,,,,,,,,,,,,,,,,,,,,,,,,,,,,,,,,,,,,,,,,,,,,,,,,,,,,,,,,,,,,,,,,,,,,,,,,,,,,,,,,,,
a)/geto/,ἄγω,verb,tis,τις,pronoun,nu/mfan,νύμφη,noun,,,,,,,,,,,,,,,,,,,,,,,,,,,,,,,,,,,,,,,,,,,,,,,,,,,,,,,,,,,,,,,,,,,,,,,,,,,,,,,,,,,,
'*)erusi/xqona,,,di/skos,δίσκος,noun,e)/tuyen',τύφω,verb,h)\,ἠέ,conjunction,'e)/pes',,,e)c,i(/ppwn',ἵππος,noun,h)\,ἠέ,conjunction,'e)n,ἐν,preposition,*)/oqrui+,,,poi/mni',ποίμνιον,noun,a)miqrei=',ἀμιθρέω,verb,,,,,,,,,,,,,,,,,,,,,,,,,,,,,,,,,,,,,,,,,,,,,,,,,ἐκ,preposition,,,,,,,,,
e)ndo/muxos,ἐνδόμυχος,adjective,dh)/peita,ἔπειτα,adverb,pana/meros,πανήμερος,adverb,ei)lapinasta/s,εἰλαπιναστής,noun,h)/sqie,ἐσθίω,verb,muri/a,pa/nta,πᾶς,adjective,,,,,,,,,,,,,,,,,,,,,,,,,,,,,,,,,,,,,,,,,,,,,,,,,,,,,,,,,,,,,,,,μυρίος,adjective,,,,,,,,,
kaka\,κακός,adjective,d',δέ,particle,e)ca/lleto,ἐξάλλομαι,verb,gasth/r,γαστήρ,noun,ai)ei\,ἀεί,adverb,ma=llon,e)/donti,ἔδω,verb,ta\,ὁ,article,d',δέ,particle,e)s,εἰς,preposition,buqo\n,βυθός,noun,oi(=a,οἷος,adjective,qala/ssas,θάλασσα,noun,a)lema/tws,ἠλέματος,adjective,a)xa/rista,ἀχάριστος,adjective,kate/rreen,καταρρέω,verb,ei)/data,εἶδαρ,noun,pa/nta,πᾶς,adjective,,,,,,,,,,,,,,,,,,,,,,,,,,,,,,,μᾶλλον,adverb,,,,,,,,,
w(s,ὡς,conjunction,de\,δέ,particle,*mi/manti,Μίμας,proper,xiw/n,χιών,adjective,w(s,ὡς,conjunction,a)eli/wi,e)/ni,ἐν,preposition,plaggw/n,,,kai\,καί,conjunction,tou/twn,οὗτος,pronoun,e)/ti,ἔτι,adverb,mei=zon,μέγας,adverb,e)ta/keto,τήκω,verb,me/sf',μέσφα,adverb,e)pi\,ἐπί,preposition,neura/s,νευρά,noun,,,,,,,,,,,,,,,,,,,,,,,,,,,,,,,,,,,,,ἀέλιος,noun,,,,,,,,,
deilai/wi,δείλαιος,adjective,i)=ne/s,ἴς,adjective,te,τε,particle,kai\,καί,conjunction,o)ste/a,ὀστέον,noun,mw=non,e)/leifqen,λείπω,verb,,,,,,,,,,,,,,,,,,,,,,,,,,,,,,,,,,,,,,,,,,,,,,,,,,,,,,,,,,,,,,,,μόνος,adjective,,,,,,,,,
klai=e,κλαίω,verb,me\n,μέν,particle,a(,ὁ,article,ma/thr,μήτηρ,noun,baru\,βαρύς,adjective,d',e)/stenon,στένω,verb,ai(,ὁ,article,du/',δύη,adjective,a)delfai/,ἀδελφή,noun,xw(,ὁ,article,masto\s,μαστός,noun,to\n,ὁ,article,e)/pwne,,,kai\,καί,conjunction,ai(,ὁ,article,de/ka,δέκα,verb,polla/ki,πολλάκις,adverb,dw=lai,,,,,,,,,,,,,,,,,,,,,,,,,,,,,,δέ,particle,,,,,,,,,
kai\,καί,conjunction,d',δέ,particle,au)to\s,αὐτός,pronoun,*trio/pas,Τριόπης,proper,poliai=s,πολιά,noun,e)pi\,xei=ras,χείρ,noun,e)/balle,βάλλω,verb,toi=a,τοῖος,adjective,to\n,ὁ,article,ou)k,οὐ,adverb,a)i/onta,ἀίω,verb,*poseida/wna,Ποσειδεών,proper,kalistre/wn,καλιστρέω,verb,,,,,,,,,,,,,,,,,,,,,,,,,,,,,,,,,,,,,,,,,,,ἐπί,preposition,,,,,,,,,
'yeudopa/twr,ψευδοπάτωρ,noun,i)de\,ἰδέ,conjunction,to/nde,ὅδε,pronoun,teou=,σύ,pronoun,tri/ton,τρίτος,adjective,ei)/per,e)gw\,ἐγώ,pronoun,me/n,μέν,particle,seu=,σύ,pronoun,te,τε,particle,kai\,καί,conjunction,*ai)oli/dos,Αἰολεύς,proper,*kana/kas,Κανάκη,proper,ge/nos,γένος,noun,au)ta\r,ἀτάρ,particle,e)mei=o,ἐγώ,pronoun,tou=to,οὗτος,pronoun,to\,ὁ,article,dei/laion,δείλαιος,adjective,ge/neto,γίγνομαι,verb,bre/fos,βρέφος,noun,,,,,,,,,,,,,,,,,,,,,,εἴπερ,conjunction,,,,,,,,,
ai)/qe,εἴθε,interjection,ga\r,γάρ,particle,au)to/n,αὐτός,pronoun,blhto\n,βλητός,adjective,u(p',ὑπό,preposition,*)apo/llwnos,e)mai\,ἐμός,adjective,xe/res,χείρ,noun,e)ktere/ican,,,,,,,,,,,,,,,,,,,,,,,,,,,,,,,,,,,,,,,,,,,,,,,,,,,,,,,,,,,,Ἀπόλλων,proper,,,,,,,,,
nu=n,νῦν,adverb,de\,δέ,particle,kaka\,κακός,adjective,bou/brwstis,βούβρωστις,noun,e)n,ἐν,preposition,o)fqalmoi=si,ka/qhtai,καθίημι,verb,,,,,,,,,,,,,,,,,,,,,,,,,,,,,,,,,,,,,,,,,,,,,,,,,,,,,,,,,,,,,,,,ὀφθαλμός,noun,,,,,,,,,
h)/,ἠέ,conjunction,oi(,ἕ,pronoun,a)po/stason,ἀφίστημι,verb,xalepa\n,χαλεπός,adjective,no/son,νόσος,noun,h)e/,nin,νιν,pronoun,au)to/s,αὐτός,pronoun,bo/ske,βόσκω,verb,labw/n,λαμβάνω,verb,,,,,,,,,,,,,,,,,,,,,,,,,,,,,,,,,,,,,,,,,,,,,,,,,,,,,,,ἠέ,conjunction,,,,,,,,,
a(mai\,ἁμός,adjective,ga\r,γάρ,particle,a)peirh/kanti,ἀπεῖπον,verb,tra/pezai,τράπεζα,noun,,,,,,,,,,,,,,,,,,,,,,,,,,,,,,,,,,,,,,,,,,,,,,,,,,,,,,,,,,,,,,,,,,,,,,,,,,,,,,,,,
xh=rai,χήρα,noun,me\n,μέν,particle,ma/ndrai,μάνδρα,noun,keneai\,κενός,adjective,de/,δέ,particle,moi,au)/lies,,,h)/dh,ἤδη,adverb,tetrapo/dwn,τετράπους,noun,h)/dh,ἤδη,adverb,ga\r,γάρ,particle,a)parnh/santo,ἀπαρνέομαι,verb,ma/geiroi',μάγειρος,noun,,,,,,,,,,,,,,,,,,,,,,,,,,,,,,,,,,,,,,,,,,,,,,ἐγώ,pronoun,,,,,,,,,
a)lla\,ἀλλά,adverb,kai\,καί,conjunction,ou)rh=as,οὐρεύς,noun,megala=n,μέγας,adverb,u(pe/lusan,ὑπολύω,verb,a(maca=n,kai\,καί,conjunction,ta\n,ὁ,article,bw=n,βοῦς,noun,e)/fagen,ἐσθίω,verb,ta\n,ὁ,article,*(esti/ai,Ἑστία,proper,e)/trefe,τρέφω,verb,ma/thr,μήτηρ,noun,kai\,καί,conjunction,to\n,ὁ,article,a)eqlofo/ron,ἀθλοφόρος,adjective,kai\,καί,conjunction,to\n,ὁ,article,polemh/ion,πολεμήιος,adjective,i(/ppon,ἵππος,noun,kai\,καί,conjunction,ta\n,ὁ,article,ai)/louron,αἴλουρος,noun,ta\n,ὁ,article,e)/treme,τρέμω,verb,qhri/a,θηρίον,noun,mikka/,μικκός,adjective,ἄμαξα,noun,,,,,,,,,
me/sf',μέσφα,adverb,o(/ka,,,me\n,μέν,particle,*trio/pao,Τριόπης,proper,do/mois,δόμος,noun,e)/ni,xrh/mata,χρῆμα,adjective,kei=to,κέω,verb,mw=noi,,,a)/r',ἄρα,particle,oi)kei=oi,οἰκεῖος,adjective,qa/lamoi,θάλαμος,adjective,kako\n,κακός,adjective,h)pi/stanto,ἐπίσταμαι,verb,,,,,,,,,,,,,,,,,,,,,,,,,,,,,,,,,,,,,,,,,,,ἐν,preposition,,,,,,,,,
a)ll',ἀλλά,adverb,o(/ka,,,to\n,ὁ,article,baqu\n,βαθύς,adjective,oi)=kon,οἶκος,noun,a)nech/ranan,o)do/ntes,ὀδούς,noun,kai\,καί,conjunction,to/x',τότε,adverb,o(,ὁ,article,tw=,ὁ,article,basilh=os,βασιλεύς,noun,e)ni\,ἐν,preposition,trio/doisi,τρίοδος,noun,kaqh=sto,κάθημαι,verb,ai)ti/zwn,αἰτίζω,verb,a)ko/lws,ἄκολος,noun,te,τε,particle,kai\,καί,conjunction,e)/kbola,ἔκβολος,adjective,lu/mata,λῦμα,noun,daito/s,δαίς,adjective,,,,,,,,,,,,,,,,,,,ἀναξηραίνω,verb,,,,,,,,,
*da/mater,,,mh\,μή,conjunction,th=nos,ἐκεῖνος,pronoun,e)mi\n,ἐγώ,pronoun,fi/los,φίλος,adjective,o(/s,toi,τοι,particle,a)pexqh/s,ἀπεχθής,adverb,ei)/h,ἀίω,verb,mhd',μηδέ,particle,o(mo/toixos,ὁμότοιχος,adjective,,,,,,,,,,,,,,,,,,,,,,,,,,,,,,,,,,,,,,,,,,,,,,,,,,,,ὅς,pronoun,,,,,,,,,
e)moi\,ἐγώ,pronoun,kakogei/tones,κακογείτων,adjective,e)xqroi/,ἐχθρός,adjective,,,,,,,,,,,,,,,,,,,,,,,,,,,,,,,,,,,,,,,,,,,,,,,,,,,,,,,,,,,,,,,,,,,,,,,,,,,,,,,,,,,,
a)/isate,,,parqenikai/,παρθενική,noun,kai\,καί,conjunction,e)pifqe/gcasqe,ἐπιφθέγγομαι,verb,tekoi=sai,τίκτω,verb,*da/mater,me/ga,μέγας,adverb,xai=re,χαίρω,verb,polu/trofe,πολύτροφος,adjective,poulume/dimne',,,,,,,,,,,,,,,,,,,,,,,,,,,,,,,,,,,,,,,,,,,,,,,,,,,,,,,,,,,,,,,,,,,
xw)s,ὡς,conjunction,ai(,ὁ,article,to\n,ὁ,article,ka/laqon,κάλαθος,noun,leuko/trixes,λευκόθριξ,adjective,i(/ppoi,a)/gonti,ἄγω,verb,te/ssares,τέσσαρες,noun,w(\s,ὅς,pronoun,a(mi\n,ἐγώ,pronoun,mega/la,μέγας,adverb,qeo\s,θεός,noun,eu)rua/nassa,εὐρυάνασσα,noun,leuko\n,λευκός,adjective,e)/ar,ἔαρ,noun,leuko\n,λευκός,adjective,de\,δέ,particle,qe/ros,θέρος,noun,kai\,καί,conjunction,xei=ma,χεῖμα,noun,fe/roisa,φέρω,verb,h(cei=,ἥκω,verb,kai\,καί,conjunction,fqino/pwron,φθινόπωρον,noun,e)/tos,ἔτος,noun,d',δέ,particle,ei)s,εἰς,preposition,a)/llo,ἄλλος,adjective,ἵππος,noun,fulacei=,φυλάσσω,verb,,,,,,
w(s,ὡς,conjunction,d',δέ,particle,a)pedi/lwtoi,,,kai\,καί,conjunction,a)na/mpukes,,,a)/stu,pateu=mes,πατέω,verb,w(\s,ὅς,pronoun,po/das,πούς,noun,w(\s,ὅς,pronoun,kefala\s,κεφαλή,noun,panaphre/as,παναπηρής,adjective,e(/comes,ἔχω,verb,ai)ei/,ἀεί,adverb,,,,,,,,,,,,,,,,,,,,,,,,,,,,,,,,,,,,,,,,,,,ἄστυ,noun,,,,,,,,,
w(s,ὡς,conjunction,d',δέ,particle,ai(,ὁ,article,liknofo/roi,λικνοφόρος,adjective,xrusw=,χρυσός,noun,ple/a,li/kna,λίκνον,noun,fe/ronti,φέρω,verb,w(\s,ὅς,pronoun,a(me\s,,,to\n,ὁ,article,xruso\n,χρυσός,noun,a)feide/a,ἀφειδής,adverb,pasai/mesqa,,,,,,,,,,,,,,,,,,,,,,,,,,,,,,,,,,,,,,,,,,,,,πλέος,adjective,,,,,,,,,
me/sfa,μέσφα,adverb,ta\,τίς,pronoun,ta=s,ὁ,article,po/lios,πόλις,adjective,prutanh/ia,πρυτανεῖον,adjective,ta\s,a)tele/stws,ἀτέλεστος,adjective,ta\s,ὁ,article,de\,δέ,particle,telesfore/as,,,poti\,πρός,preposition,ta\n,ὁ,article,qeo\n,θεός,noun,a)/xris,ἄχρι,adverb,o(martei=n,ὁμαρτέω,verb,ai(/tines,ὅστις,pronoun,e(ch/konta,ἑξήκοντα,adjective,katw/terai,κάτος,adjective,,,,,,,,,,,,,,,,,,,,,,,,,,,,,,,ὁ,article,,,,,,,,,
ai(,ὁ,article,de\,δέ,particle,barei=ai,βαρύς,adjective,xa)/tis,ὅστις,pronoun,*)eleiqui/ai,,,tei/nei,xe/ra,χείρ,noun,xa)/tis,ὅστις,pronoun,e)n,ἐν,preposition,a)/lgei,ἄλγος,noun,w(\s,ὅς,pronoun,a(/lis,ἅλις,adverb,w(s,ὡς,conjunction,au)ta=n,αὐτός,pronoun,i(kano\n,ἱκανός,adjective,go/nu,γόνυ,noun,,,,,,,,,,,,,,,,,,,,,,,,,,,,,,,,,,,,,τείνω,verb,,,,,,,,,
tai=si,ὁ,article,de\,δέ,particle,*dhw/,Δηώ,proper,dwsei=,δίδωμι,verb,pa/nt',πᾶς,adjective,e)pi/mesta,kai\,καί,conjunction,w(s,ὡς,conjunction,poti\,πρός,preposition,nao\n,ναός,noun,i(/kwntai,ἱκνέομαι,verb,,,,,,,,,,,,,,,,,,,,,,,,,,,,,,,,,,,,,,,,,,,,,,,,,,,,ἐπίμεστος,adjective,,,,,,,,,
xai=re,χαίρω,verb,qea\,θεά,noun,kai\,καί,conjunction,ta/nde,ὅδε,pronoun,sa/w,σαόω,verb,po/lin,e)/n,ἐν,preposition,q',τε,particle,o(monoi/ai,ὁμόνοια,noun,e)/n,ἐν,preposition,t',τε,particle,eu)hpeli/ai,,,fe/re,φέρω,verb,d',δέ,particle,a)gro/qi,,,no/stima,νόστιμος,adjective,pa/nta,πᾶς,adjective,,,,,,,,,,,,,,,,,,,,,,,,,,,,,,,,,,πόλις,adjective,,,,,,,,,
fe/rbe,φέρβω,verb,bo/as,βόα,noun,fe/re,φέρω,verb,ma=la,μᾶλον,noun,fe/re,φέρω,verb,sta/xun,oi)=se,φέρω,verb,qerismo/n,θερισμός,noun,fe/rbe,φέρβω,verb,kai\,καί,conjunction,ei)ra/nan,εἰρήνη,noun,i(/n',ἵνα,conjunction,o(\s,ὅς,pronoun,a)/rose,ἀρόω,verb,th=nos,ἐκεῖνος,pronoun,a)ma/shi,,,,,,,,,,,,,,,,,,,,,,,,,,,,,,,,,,,,,,,στάχυς,adjective,,,,,,,,,
i(/laqi/,ἵλημι,verb,moi,ἐγώ,pronoun,tri/lliste,τρίλλιστος,adjective,me/ga,μέγας,adverb,krei/oisa,,,qea/wn,,,,,,,,,,,,,,,,,,,,,,,,,,,,,,,,,,,,,,,,,,,,,,,,,,,,,,,,,,,,,,,,,,,θέα,noun,,,,,,,,,
