word/0/@_form,word/0/lemma/@_entry,word/0/lemma/@_POS,word/1/@_form,word/2/@_form,word/2/lemma/@_entry,word/2/lemma/@_POS,word/3/@_form,word/3/lemma/@_entry,word/3/lemma/@_POS,word/4/@_form,word/4/lemma/@_entry,word/4/lemma/@_POS,word/5/@_form,word/5/lemma/@_entry,word/5/lemma/@_POS,word/6/@_form,word/6/lemma/@_entry,word/6/lemma/@_POS,word/7/@_form,word/7/lemma/@_entry,word/7/lemma/@_POS,word/8/@_form,word/8/lemma/@_entry,word/8/lemma/@_POS,word/9/@_form,word/9/lemma/@_entry,word/9/lemma/@_POS,word/10/@_form,word/1/lemma/@_entry,word/1/lemma/@_POS,word/10/lemma/@_entry,word/10/lemma/@_POS,word/11/@_form,word/11/lemma/@_entry,word/11/lemma/@_POS,word/12/@_form,word/12/lemma/@_entry,word/12/lemma/@_POS,word/13/@_form,word/13/lemma/@_entry,word/13/lemma/@_POS,word/14/@_form,word/14/lemma/@_entry,word/14/lemma/@_POS,word/15/@_form,word/15/lemma/@_entry,word/15/lemma/@_POS,word/16/@_form,word/16/lemma/@_entry,word/16/lemma/@_POS,word/17/@_form,word/17/lemma/@_entry,word/17/lemma/@_POS,word/18/@_form,word/18/lemma/@_entry,word/18/lemma/@_POS,word/19/@_form,word/19/lemma/@_entry,word/19/lemma/@_POS,word/20/@_form,word/20/lemma/@_entry,word/20/lemma/@_POS,word/21/@_form,word/21/lemma/@_entry,word/21/lemma/@_POS,word/22/@_form,word/22/lemma/@_entry,word/22/lemma/@_POS,word/23/@_form,word/23/lemma/@_entry,word/23/lemma/@_POS,word/24/@_form,word/24/lemma/@_entry,word/24/lemma/@_POS,word/25/@_form,word/25/lemma/@_entry,word/25/lemma/@_POS,word/26/@_form,word/26/lemma/@_entry,word/26/lemma/@_POS,word/27/@_form,word/27/lemma/@_entry,word/27/lemma/@_POS,word/28/@_form,word/28/lemma/@_entry,word/28/lemma/@_POS,word/29/@_form,word/29/lemma/@_entry,word/29/lemma/@_POS,word/30/@_form,word/30/lemma/@_entry,word/30/lemma/@_POS,word/31/@_form,word/31/lemma/@_entry,word/31/lemma/@_POS,word/32/@_form,word/32/lemma/@_entry,word/32/lemma/@_POS,word/33/@_form,word/33/lemma/@_entry,word/33/lemma/@_POS,word/34/@_form,word/34/lemma/@_entry,word/34/lemma/@_POS,word/35/@_form,word/35/lemma/@_entry,word/35/lemma/@_POS,word/36/@_form,word/36/lemma/@_entry,word/36/lemma/@_POS,word/37/@_form,word/37/lemma/@_entry,word/37/lemma/@_POS,word/38/@_form,word/38/lemma/@_entry,word/38/lemma/@_POS,word/39/@_form,word/39/lemma/@_entry,word/39/lemma/@_POS,word/40/@_form,word/40/lemma/@_entry,word/40/lemma/@_POS,word/41/@_form,word/41/lemma/@_entry,word/41/lemma/@_POS,word/42/@_form,word/42/lemma/@_entry,word/42/lemma/@_POS,word/43/@_form,word/43/lemma/@_entry,word/43/lemma/@_POS,word/44/@_form,word/44/lemma/@_entry,word/44/lemma/@_POS,word/45/@_form,word/45/lemma/@_entry,word/45/lemma/@_POS,word/46/@_form,word/46/lemma/@_entry,word/46/lemma/@_POS,word/47/@_form,word/47/lemma/@_entry,word/47/lemma/@_POS,word/48/@_form,word/48/lemma/@_entry,word/48/lemma/@_POS,word/49/@_form,word/50/@_form,word/50/lemma/@_entry,word/50/lemma/@_POS,word/51/@_form,word/51/lemma/@_entry,word/51/lemma/@_POS,word/52/@_form,word/52/lemma/@_entry,word/52/lemma/@_POS,word/53/@_form,word/53/lemma/@_entry,word/53/lemma/@_POS,word/54/@_form,word/54/lemma/@_entry,word/54/lemma/@_POS,word/55/@_form,word/55/lemma/@_entry,word/55/lemma/@_POS,word/56/@_form,word/56/lemma/@_entry,word/56/lemma/@_POS,word/57/@_form,word/58/@_form,word/58/lemma/@_entry,word/58/lemma/@_POS,word/59/@_form,word/59/lemma/@_entry,word/59/lemma/@_POS
cei=nos,ξένος,noun,*)atarnei/ths,tis,τις,pronoun,a)nh/reto,ἀναίρω,verb,*pittako\n,Πιττακός,adjective,ou(/tw,οὕτως,adverb,to\n,ὁ,article,*mutilhnai=on,Μυτιληναῖος,proper,pai=da,παῖς,adjective,to\n,ὁ,article,*(urra/dion,,,,,,,,,,,,,,,,,,,,,,,,,,,,,,,,,,,,,,,,,,,,,,,,,,,,,,,,,,,,,,,,,,,,,,,,,,,,,,,,,,,,,,,,,,,,,,,,,,,,,,,,,,,,,,,,,,,,,,,,,,,,,,,,,,,,,,,,,,,,,,,,,,,
'a)/tta,ἄττα,interjection,ge/ron,doio/s,,,me,ἐγώ,pronoun,kalei=,καλέω,verb,ga/mos,γάμος,adjective,,,,,,,,,,,,,,γέρων,noun,,,,,,,,,,,,,,,,,,,,,,,,,,,,,,,,,,,,,,,,,,,,,,,,,,,,,,,,,,,,,,,,,,,,,,,,,,,,,,,,,,,,,,,,,,,,,,,,,,,,,,,,,,,,,,,,,,,,,,,,,,,,,,,,,,,,,,,,,,,,,,,,,
h(,ὁ,article,mi/a,me\n,μέν,particle,dh/,δή,particle,nu/mfh,νύμφη,noun,kai\,καί,conjunction,plou/twi,πλοῦτος,noun,kai\,καί,conjunction,geneh=i,γενεά,noun,kat',κατά,preposition,e)me/,εἷς,adjective,ἐγώ,pronoun,h(,ὁ,article,d',δέ,particle,e(te/rh,ἕτερος,adjective,probe/bhke,προβαίνω,verb,,,,,,,,,,,,,,,,,,,,,,,,,,,,,,,,,,,,,,,,,,,,,,,,,,,,,,,,,,,,,,,,,,,,,,,,,,,,,,,,,,,,,,,,,,,,,,,,,,,,,,,,,,,,,,,,,,,,,,,,,,,,,,,,,,,
ti/,τίς,pronoun,lw/ion,,,,,,,,,,,,,,,,,,,,,,,,,,λωίων,adjective,,,,,,,,,,,,,,,,,,,,,,,,,,,,,,,,,,,,,,,,,,,,,,,,,,,,,,,,,,,,,,,,,,,,,,,,,,,,,,,,,,,,,,,,,,,,,,,,,,,,,,,,,,,,,,,,,,,,,,,,,,,,,,,,,,,,,,,,,,,,,,,,,
ei),εἰ,conjunction,d',a)/ge,ἄγε,adverb,su/m,,,moi,ἐγώ,pronoun,bou/leuson,βουλεύω,verb,pote/rhn,πότερος,adjective,ei)s,εἰς,preposition,u(me/naion,ὑμέναιος,noun,a)/gw',ἄγαμαι,verb,,δέ,particle,,,,,,,,,,,,,,,,,,,,,,,,,,,,,,,,,,,,,,,,,,,,,,,,,,,,,,,,,,,,,,,,,,,,,,,,,,,,,,,,,,,,,,,,,,,,,,,,,,,,,,,,,,,,,,,,,,,,,,,,,,,,,,,,,,,,,,,,,,,,,,,,,
,,,,,,,,,,,,,,,,,,,,,,,,,,,,,,,,,,,,,,,,,,,,,,,,,,,,,,,,,,,,,,,,,,,,,,,,,,,,,,,,,,,,,,,,,,,,,,,,,,,,,,,,,,,,,,,,,,,,,,,,,,,,,,,,,,,,,,,,,,,,,,,,,,,,,,,,,,,,,,,,,,,,,,,,,,,,,,,
o(,ὁ,article,de\,ski/pwna,σκίπων,noun,gerontiko\n,γεροντικός,adjective,o(/plon,ὅπλον,noun,a)ei/ras,ἀείρω,verb,'h)ni/de,ἤν,interjection,kei=noi/,ἐκεῖνος,pronoun,toi,τοι,particle,pa=n,πᾶς,adjective,e)re/ousin,δέ,particle,ἐρέω,verb,e)/pos',ἔπος,adjective,,,,,,,,,,,,,,,,,,,,,,,,,,,,,,,,,,,,,,,,,,,,,,,,,,,,,,,,,,,,,,,,,,,,,,,,,,,,,,,,,,,,,,,,,,,,,,,,,,,,,,,,,,,,,,,,,,,,,,,,,,,,,,,,,,,,,,,,,,,,
oi(\,ἕ,pronoun,d',a)/r',ἄρα,particle,u(po\,ὑπό,preposition,plhgh=isi,,,qoa\s,θοός,adjective,be/mbikas,βέμβιξ,noun,e)/xontes,ἔχω,verb,e)/strefon,στρέφω,verb,eu)rei/hi,,,pai=des,δέ,particle,παῖς,adjective,e)ni\,ἐν,preposition,trio/dwi,τρίοδος,noun,,,,,,,,,,,,,,,,,,,,,,,,,,,,,,,,,,,,,,,,,,,,,,,,,,,,,,,,,,,,,,,,,,,,,,,,,,,,,,,,,,,,,,,,,,,,,,,,,,,,,,,,,,,,,,,,,,,,,,,,,,,,,,,,,,,,,,,,,
'kei/nwn,ἐκεῖνος,pronoun,e)/rxeo',fhsi\,φημί,verb,'met',,,i)/xnia',ἴχνιον,noun,,,,,,,,,,,,,,,,,ἔρχομαι,verb,,,,,,,,,,,,,,,,,,,,,,,,,,,,,,,,,,,,,,,,,,,,,,,,,,,,,,,,,,,,,,,,,,,,,,,,,,,,,,,,,,,,,,,,,,,,,,,,,,,,,,,,,,,,,,,,,,,,,,,,,,,,,,,,,,,,,,,,,,,,,,,,,
xw),ὁ,article,me\n,e)pe/sth,ἐφίστημι,verb,plhsi/on,πλησίος,adjective,,,,,,,,,,,,,,,,,,,,μέν,particle,,,,,,,,,,,,,,,,,,,,,,,,,,,,,,,,,,,,,,,,,,,,,,,,,,,,,,,,,,,,,,,,,,,,,,,,,,,,,,,,,,,,,,,,,,,,,,,,,,,,,,,,,,,,,,,,,,,,,,,,,,,,,,,,,,,,,,,,,,,,,,,,,
oi(\,ἕ,pronoun,d',e)/legon,λέγω,verb,,,,,,,,,,,,,,,,,,,,,,,δέ,particle,,,,,,,,,,,,,,,,,,,,,,,,,,,,,,,,,,,,,,,,,,,,,,,,,,,,,,,,,,,,,,,,,,,,,,,,,,,,,,,,,,,,,,,,,,,,,,,,,,,,,,,,,,,,,,,,,,,,,,,,,,,,,,,,,,,,,,,,,,,,,,,,,
'th\n,ὁ,article,kata\,sauto\n,σαυτοῦ,pronoun,e)/la',ἐλαύνω,verb,,,,,,,,,,,,,,,,,,,,κατά,preposition,,,,,,,,,,,,,,,,,,,,,,,,,,,,,,,,,,,,,,,,,,,,,,,,,,,,,,,,,,,,,,,,,,,,,,,,,,,,,,,,,,,,,,,,,,,,,,,,,,,,,,,,,,,,,,,,,,,,,,,,,,,,,,,,,,,,,,,,,,,,,,,,,
tau=t',οὗτος,pronoun,a)i/wn,d,,,cei=nos,ξένος,noun,e)\fei/sato,,,mei/zonos,μέγας,adverb,oi)/kou,οἶκος,noun,dra/casqai,δράσσομαι,verb,pai/dwn,παῖς,adjective,klhdo/ni,κληδών,noun,sunqe/menos,ἀίω,verb,συντίθημι,verb,,,,,,,,,,,,,,,,,,,,,,,,,,,,,,,,,,,,,,,,,,,,,,,,,,,,,,,,,,,,,,,,,,,,,,,,,,,,,,,,,,,,,,,,,,,,,,,,,,,,,,,,,,,,,,,,,,,,,,,,,,,,,,,,,,,,,,,,,,,,,,,
th\n,ὁ,article,d',o)li/ghn,ὀλίγος,adjective,w(s,ὡς,conjunction,kei=nos,ἐκεῖνος,pronoun,e)s,εἰς,preposition,oi)ki/on,οἰκίον,noun,h)/geto,ἄγω,verb,nu/mfhn,νύμφη,noun,ou(/tw,οὕτως,adverb,kai\,δέ,particle,καί,conjunction,su/,σύ,pronoun,*di/wn,Δίος,proper,th\n,ὁ,article,kata\,κατά,preposition,sauto\n,σαυτοῦ,pronoun,e)/la,ἐλαύνω,verb,,,,,,,,,,,,,,,,,,,,,,,,,,,,,,,,,,,,,,,,,,,,,,,,,,,,,,,,,,,,,,,,,,,,,,,,,,,,,,,,,,,,,,,,,,,,,,,,,,,,,,,,,,,,,,,,,,,,,,,,,,,,,
ei)=pe/,εἶπον,verb,tis,*(hra/kleite,Ἡράκλειτος,proper,teo\n,τεός,adjective,mo/ron,μόρον,noun,e)s,εἰς,preposition,de/,δέ,particle,me,ἐγώ,pronoun,da/kru,δάκρυον,noun,h)/gagen,ἄγω,verb,e)mnh/sqhn,τις,pronoun,μιμνήσκω,verb,d',δέ,particle,o(ssa/kis,,,a)mfo/teroi,ἀμφότερος,adjective,h(/lion,ἥλιος,noun,e)n,ἐν,preposition,le/sxhi,,,katedu/samen,καταδύω,verb,,,,,,,,,,,,,,,,,,,,,,,,,,,,,,,,,,,,,,,,,,,,,,,,,,,,,,,,,,,,,,,,,,,,,,,,,,,,,,,,,,,,,,,,,,,,,,,,,,,,,,,,,,,,,,,,,,,,,,,,,,
a)lla\,ἀλλά,adverb,su\,me/n,μέν,particle,pou,πού,adverb,cei=n',ξένος,noun,'*alikarnhseu=,,,tetra/palai,τετράπαλαι,adverb,spodih/,σποδιά,noun,,,,,,,,σύ,pronoun,,,,,,,,,,,,,,,,,,,,,,,,,,,,,,,,,,,,,,,,,,,,,,,,,,,,,,,,,,,,,,,,,,,,,,,,,,,,,,,,,,,,,,,,,,,,,,,,,,,,,,,,,,,,,,,,,,,,,,,,,,,,,,,,,,,,,,,,,,,,,,,,,
ai(,ὁ,article,de\,teai\,τεός,adjective,zw/ousin,ζώω,verb,a)hdo/nes,ἀηδών,noun,h(=isin,ὅς,pronoun,o(,ὁ,article,pa/ntwn,πᾶς,adjective,a(rpakth\s,ἁρπακτής,noun,*)ai/dhs,Ἅιδης,proper,ou)k,δέ,particle,οὐ,adverb,e)pi\,ἐπί,preposition,xei=ra,χείρ,noun,balei=,βάλλω,verb,,,,,,,,,,,,,,,,,,,,,,,,,,,,,,,,,,,,,,,,,,,,,,,,,,,,,,,,,,,,,,,,,,,,,,,,,,,,,,,,,,,,,,,,,,,,,,,,,,,,,,,,,,,,,,,,,,,,,,,,,,,,,,,,,,,,,,
*ti/mwn,Τίμων,proper,ou),ga\r,γάρ,particle,e)/t',ἔτι,adverb,e)ssi/,εἰμί,verb,ti/,τίς,pronoun,toi,τοι,particle,sko/tos,σκότος,noun,h)\,ἠέ,conjunction,fa/os,φάος,adjective,e)xqro/n,οὐ,adverb,ἐχθρός,adjective,,,,,,,,,,,,,,,,,,,,,,,,,,,,,,,,,,,,,,,,,,,,,,,,,,,,,,,,,,,,,,,,,,,,,,,,,,,,,,,,,,,,,,,,,,,,,,,,,,,,,,,,,,,,,,,,,,,,,,,,,,,,,,,,,,,,,,,,,,,,,,,
'to\,ὁ,article,sko/tos,,,,,,,,,,,,,,,,,,,,,,,,,,σκότος,noun,,,,,,,,,,,,,,,,,,,,,,,,,,,,,,,,,,,,,,,,,,,,,,,,,,,,,,,,,,,,,,,,,,,,,,,,,,,,,,,,,,,,,,,,,,,,,,,,,,,,,,,,,,,,,,,,,,,,,,,,,,,,,,,,,,,,,,,,,,,,,,,,,
u(me/wn,σύ,pronoun,ga\r,plei/ones,πλείων,verb,ei)n,ἐν,preposition,*)ai/dhi',ἀείδω,verb,,,,,,,,,,,,,,,,,γάρ,particle,,,,,,,,,,,,,,,,,,,,,,,,,,,,,,,,,,,,,,,,,,,,,,,,,,,,,,,,,,,,,,,,,,,,,,,,,,,,,,,,,,,,,,,,,,,,,,,,,,,,,,,,,,,,,,,,,,,,,,,,,,,,,,,,,,,,,,,,,,,,,,,,,
ko/gxos,κόγχος,noun,e)gw\,*zefuri=ti,Ζεφυρῖτις,proper,pa/lai,πάλαι,adverb,te/ras,τέρας,noun,,,,,,,,,,,,,,,,,ἐγώ,pronoun,,,,,,,,,,,,,,,,,,,,,,,,,,,,,,,,,,,,,,,,,,,,,,,,,,,,,,,,,,,,,,,,,,,,,,,,,,,,,,,,,,,,,,,,,,,,,,,,,,,,,,,,,,,,,,,,,,,,,,,,,,,,,,,,,,,,,,,,,,,,,,,,,
a)lla\,ἀλλά,adverb,su\,nu=n,νῦν,adverb,me,ἐγώ,pronoun,*ku/pri,Κύπρις,proper,*selhnai/hs,σεληναῖος,adjective,a)/nqema,ἄνθεμα,noun,prw=ton,πρότερος,adjective,e)/xeis,ἔχω,verb,nauti/los,ναυτίλος,noun,o(\s,σύ,pronoun,ὅς,pronoun,pela/gessin,πέλαγος,noun,e)pe/pleon,ἐπιπλέω,verb,ei),εἰ,conjunction,me\n,μέν,particle,a)h=tai,ἀάω,verb,tei/nas,τείνω,verb,oi)kei/wn,οἰκεῖος,adjective,lai=fos,λαῖφος,noun,a)po\,ἀπό,preposition,proto/nwn,πρότονοι,noun,ei),εἰ,conjunction,de\,δέ,particle,*galhnai/h,γαληναίη,noun,liparh\,λιπαρός,adjective,qeo/s,θεός,noun,ou)=los,οὖλος,adjective,e)re/sswn,ἐρέσσω,verb,possi/,πούς,noun,nin,νιν,pronoun,w(/st',ὥστε,conjunction,e)/rgwi,ἔργον,noun,tou)/noma,ὄνομα,adjective,sumfe/retai,συμφέρω,verb,e)/st',ἔστε,conjunction,e)/peson,ἐφέζομαι,verb,para\,παρά,preposition,qi=nas,θίς,noun,*)iouli/das,ἰουλίς,adjective,o)/fra,ὄφρα,conjunction,ge/nwmai,γίγνομαι,verb,soi\,σύ,pronoun,to\,ὁ,article,peri/skepton,περίσκεπτος,adjective,pai/gnion,παίγνιον,noun,*)arsino/h,Ἀρσινόη,proper,mhde/,μηδέ,particle,moi,ἐγώ,pronoun,e)n,ἐν,preposition,qala/mhisin,e)/q',ἔτι,adverb,w(s,ὡς,conjunction,pa/ros,πάρος,preposition,ei)mi\,εἰμί,verb,ga\r,γάρ,particle,a)/pnous,ἄπνοος,adjective,ti/kthtai,τίκτω,verb,noterh=is',w)/eon,ὤεον,noun,a(lkuoni/s,ἀλκυονίς,noun
*kleini/ou,Κλεινίης,proper,a)lla\,qugatri\,θυγάτηρ,adjective,di/dou,δίδημι,verb,xa/rin,χάρις,noun,oi)=de,οἶδα,verb,ga\r,γάρ,particle,e)sqla/,ἐσθλός,adjective,r(e/zein,ῥέζω,verb,kai\,καί,conjunction,*smu/rnhs,ἀλλά,adverb,Σμύρνα,proper,e)sti\n,εἰμί,verb,a)p',ἀπό,preposition,*ai)oli/dos,Αἰολεύς,proper,,,,,,,,,,,,,,,,,,,,,,,,,,,,,,,,,,,,,,,,,,,,,,,,,,,,,,,,,,,,,,,,,,,,,,,,,,,,,,,,,,,,,,,,,,,,,,,,,,,,,,,,,,,,,,,,,,,,,,,,,,,,,,,,,,,,,,
tou=,ὁ,article,*sami/ou,po/nos,πόνος,noun,ei)mi\,εἰμί,verb,do/mwi,δόμος,noun,pote\,ποτός,adjective,qei=on,θεῖος,adjective,a)oido/n,ἀοιδός,noun,,,,,,,,Σάμιος,proper,,,,,,,,,,,,,,,,,,,,,,,,,,,,,,,,,,,,,,,,,,,,,,,,,,,,,,,,,,,,,,,,,,,,,,,,,,,,,,,,,,,,,,,,,,,,,,,,,,,,,,,,,,,,,,,,,,,,,,,,,,,,,,,,,,,,,,,,,,,,,,,,,
decame/nou,δέχομαι,verb,klei/w,d',δέ,particle,*eu)/ruton,Εὔρυτος,proper,o(/ss',ὅσος,adjective,e)/paqen,πάσχω,verb,kai\,καί,conjunction,canqh\n,ξανθός,adjective,*)io/leian,,,*(omh/reion,Ὁμήρειον,proper,de\,κλέω,verb,δέ,particle,kaleu=mai,καλέω,verb,gra/mma,γράμμα,noun,,,,,,,,,,,,,,,,,,,,,,,,,,,,,,,,,,,,,,,,,,,,,,,,,,,,,,,,,,,,,,,,,,,,,,,,,,,,,,,,,,,,,,,,,,,,,,,,,,,,,,,,,,,,,,,,,,,,,,,,,,,,,,,,,,,,,,,,,
*krewfu/lwi,,,*zeu=,fi/le,φίλος,adjective,tou=to,οὗτος,pronoun,me/ga,μέγας,adverb,,,,,,,,,,,,,,,,,Ζεύς,proper,,,,,,,,,,,,,,,,,,,,,,,,,,,,,,,,,,,,,,,,,,,,,,,,,,,,,,,,,,,,,,,,,,,,,,,,,,,,,,,,,,,,,,,,,,,,,,,,,,,,,,,,,,,,,,,,,,,,,,,,,,,,,,,,,,,,,,,,,,,,,,,,,
h)=lqe,ἔρχομαι,verb,*qeai/thtos,kaqarh\n,καθαρός,adjective,o(do/n,ὁδός,adjective,,,,,,,,,,,,,,,,,,,,Θεαίτητος,proper,,,,,,,,,,,,,,,,,,,,,,,,,,,,,,,,,,,,,,,,,,,,,,,,,,,,,,,,,,,,,,,,,,,,,,,,,,,,,,,,,,,,,,,,,,,,,,,,,,,,,,,,,,,,,,,,,,,,,,,,,,,,,,,,,,,,,,,,,,,,,,,,,
ei),εἰ,conjunction,d',e)pi\,ἐπί,preposition,kisso/n,κισσός,noun,to\n,ὁ,article,teo\n,τεός,adjective,ou)x,οὐ,adverb,au(/th,οὗτος,pronoun,*ba/kxe,Βάκχος,proper,ke/leuqos,κέλευθος,noun,a)/gei,δέ,particle,ἄγω,verb,,,,,,,,,,,,,,,,,,,,,,,,,,,,,,,,,,,,,,,,,,,,,,,,,,,,,,,,,,,,,,,,,,,,,,,,,,,,,,,,,,,,,,,,,,,,,,,,,,,,,,,,,,,,,,,,,,,,,,,,,,,,,,,,,,,,,,,,,,,,,,,
a)/llwn,ἄλλος,adjective,me\n,kh/rukes,κῆρυξ,noun,e)pi\,ἐπί,preposition,braxu\n,βραχύς,adjective,ou)/noma,ὄνομα,adjective,kairo/n,καιρός,noun,fqe/gcontai,φθέγγομαι,verb,kei/nou,ἐκεῖνος,pronoun,d',δέ,particle,*(ella\s,μέν,particle,Ἑλλάς,proper,a)ei\,ἀεί,adverb,sofi/hn,σοφία,noun,,,,,,,,,,,,,,,,,,,,,,,,,,,,,,,,,,,,,,,,,,,,,,,,,,,,,,,,,,,,,,,,,,,,,,,,,,,,,,,,,,,,,,,,,,,,,,,,,,,,,,,,,,,,,,,,,,,,,,,,,,,,,,,,,,,,,,,,,
mikrh/,μικρός,adjective,tis,*dio/nuse,Διόνυσος,proper,kala\,καλός,noun,prh/ssonti,πράσσω,verb,poihth=i,ποιητής,noun,r(h=sis,ῥῆσις,noun,,,,,,,,,,,τις,pronoun,,,,,,,,,,,,,,,,,,,,,,,,,,,,,,,,,,,,,,,,,,,,,,,,,,,,,,,,,,,,,,,,,,,,,,,,,,,,,,,,,,,,,,,,,,,,,,,,,,,,,,,,,,,,,,,,,,,,,,,,,,,,,,,,,,,,,,,,,,,,,,,,,
o(\,ὅς,pronoun,me\n,'nikw=',νικάω,verb,fhsi\,φημί,verb,to\,ὁ,article,makro/taton,μακρός,adjective,w(=i,ὅς,pronoun,de\,δέ,particle,su\,σύ,pronoun,mh\,μή,conjunction,pneu/shis,μέν,particle,,,e)pide/cios,ἐπιδέξιος,adjective,h)/n,ἐάν,conjunction,tis,τις,pronoun,e)/rhtai,ἔρομαι,verb,'pw=s,πῶς,adverb,e)/bales',βάλλω,verb,,,,,,,,,,,,,,,,,,,,,,,,,,,,,,,,,,,,,,,,,,,,,,,,,,,,,,,,,,,,,,,,,,,,,,,,,,,,,,,,,,,,,,,,,,,,,,,,,,,,,,,,,,,,,,,,,,,,,,,,,,,,,
fhsi/,φημί,verb,'sklhra\,ta\,ὁ,article,gigno/mena',γίγνομαι,verb,,,,,,,,,,,,,,,,,,,,σκληρός,adjective,,,,,,,,,,,,,,,,,,,,,,,,,,,,,,,,,,,,,,,,,,,,,,,,,,,,,,,,,,,,,,,,,,,,,,,,,,,,,,,,,,,,,,,,,,,,,,,,,,,,,,,,,,,,,,,,,,,,,,,,,,,,,,,,,,,,,,,,,,,,,,,,,
tw=i,τίς,pronoun,mermhri/canti,ta\,τίς,pronoun,mh',,,ndika,,,tou=to,οὗτος,pronoun,ge/noito,γίγνομαι,verb,tou)=pos,ἔπος,adjective,,,,,,,,μερμηρίζω,verb,,,,,,,,,,,,,,,,,,,,,,,,,,,,,,,,,,,,,,,,,,,,,,,,,,,,,,,,,,,,,,,,,,,,,,,,,,,,,,,,,,,,,,,,,,,,,,,,,,,,,,,,,,,,,,,,,,,,,,,,,,,,,,,,,,,,,,,,,,,,,,,,,
e)moi\,ἐγώ,pronoun,d',w)=nac,ἄναξ,noun,h(,ὁ,article,braxusullabi/h,βραχυσυλλαβία,noun,,,,,,,,,,,,,,,,,δέ,particle,,,,,,,,,,,,,,,,,,,,,,,,,,,,,,,,,,,,,,,,,,,,,,,,,,,,,,,,,,,,,,,,,,,,,,,,,,,,,,,,,,,,,,,,,,,,,,,,,,,,,,,,,,,,,,,,,,,,,,,,,,,,,,,,,,,,,,,,,,,,,,,,,
*th=ide,ὅδε,pronoun,*sa/wn,o(,ὁ,article,*di/kwnos,Δίκων,proper,*)aka/nqios,,,i(ero\n,ἱερός,adjective,u(/pnon,ὕπνον,noun,koima=tai,κοιμάω,verb,,,,,,,,Σάων,proper,,,,,,,,,,,,,,,,,,,,,,,,,,,,,,,,,,,,,,,,,,,,,,,,,,,,,,,,,,,,,,,,,,,,,,,,,,,,,,,,,,,,,,,,,,,,,,,,,,,,,,,,,,,,,,,,,,,,,,,,,,,,,,,,,,,,,,,,,,,,,,,,,
qnh/iskein,,,mh\,le/ge,λέγω,verb,tou\s,ὁ,article,a)gaqou/s,ἀγαθός,adjective,,,,,,,,,,,,,,,,,μή,conjunction,,,,,,,,,,,,,,,,,,,,,,,,,,,,,,,,,,,,,,,,,,,,,,,,,,,,,,,,,,,,,,,,,,,,,,,,,,,,,,,,,,,,,,,,,,,,,,,,,,,,,,,,,,,,,,,,,,,,,,,,,,,,,,,,,,,,,,,,,,,,,,,,,
*(hn,,,di/zhi,*ti/marxon,Τίμαρχος,proper,e)n,ἐν,preposition,*)/aidos,Αἵδης,proper,o)/fra,ὄφρα,conjunction,pu/qhai,πύθω,verb,h)/,ἠέ,conjunction,ti,τις,pronoun,peri\,περί,preposition,yuxh=s,,,ψυχή,noun,h)\,ἠέ,conjunction,pa/li,πάλιν,adverb,pw=s,πῶς,adverb,e)/seai,εἰμί,verb,di/zhsqai,δίζημαι,verb,fulh=s,φυλή,noun,*ptolemai/dos,Πτολεμαίς,proper,ui(e/a,υἱός,noun,patro/s,πατήρ,noun,*pausani/ou,Παυσανίης,proper,,,,,,,,,,,,,,,,,,,,,,,,,,,,,,,,,,,,,,,,,,,,,,,,,,,,,,,,,,,,,,,,,,,,,,,,,,,,,,,,,,,,,,,,,,,,,,,,,,,,,,,,,,,,,,,,,
dh/eis,δήω,verb,d',au)to\n,αὐτός,pronoun,e)n,ἐν,preposition,eu)sebe/wn,εὐσεβής,adjective,,,,,,,,,,,,,,,,,δέ,particle,,,,,,,,,,,,,,,,,,,,,,,,,,,,,,,,,,,,,,,,,,,,,,,,,,,,,,,,,,,,,,,,,,,,,,,,,,,,,,,,,,,,,,,,,,,,,,,,,,,,,,,,,,,,,,,,,,,,,,,,,,,,,,,,,,,,,,,,,,,,,,,,,
su/ntomos,σύντομος,adjective,h)=n,o(,ὁ,article,cei=nos,ξένος,noun,o(\,ὅς,pronoun,kai\,καί,conjunction,sti/xos,στίχος,adjective,ou),οὐ,adverb,makra\,μακρός,adjective,le/cwn,λέγω,verb,'*qh=ris,εἰμί,verb,,,*)aristai/ou,Ἀρισταῖος,proper,*krh/s',,,e)p',ἐπί,preposition,e)moi\,ἐγώ,pronoun,dolixo/s,δολιχός,adjective,,,,,,,,,,,,,,,,,,,,,,,,,,,,,,,,,,,,,,,,,,,,,,,,,,,,,,,,,,,,,,,,,,,,,,,,,,,,,,,,,,,,,,,,,,,,,,,,,,,,,,,,,,,,,,,,,,,,,,,,,,,,,,,,
*ku/zikon,Κύζικος,proper,h)\n,e)/lqhis,ἔρχομαι,verb,o)li/gos,ὀλίγος,adjective,po/nos,πόνος,noun,*(ippako\n,,,eu(rei=n,εὑρίσκω,verb,kai\,καί,conjunction,*didu/mhn,Διδύμη,proper,,,,,ἐάν,conjunction,,,,,,,,,,,,,,,,,,,,,,,,,,,,,,,,,,,,,,,,,,,,,,,,,,,,,,,,,,,,,,,,,,,,,,,,,,,,,,,,,,,,,,,,,,,,,,,,,,,,,,,,,,,,,,,,,,,,,,,,,,,,,,,,,,,,,,,,,,,,,,,,,
a)fanh\s,ἀφανής,adjective,ou)/,ti,τις,pronoun,ga\r,γάρ,particle,h(,ὁ,article,geneh/,γενεά,noun,,,,,,,,,,,,,,οὐ,adverb,,,,,,,,,,,,,,,,,,,,,,,,,,,,,,,,,,,,,,,,,,,,,,,,,,,,,,,,,,,,,,,,,,,,,,,,,,,,,,,,,,,,,,,,,,,,,,,,,,,,,,,,,,,,,,,,,,,,,,,,,,,,,,,,,,,,,,,,,,,,,,,,,
kai/,καί,conjunction,sfin,a)nihro\n,ἀνιαρός,adjective,me\n,μέν,particle,e)rei=s,ἐρέω,verb,e)/pos,ἔπος,adjective,e)/mpa,ἔμπας,adverb,de\,δέ,particle,le/cai,λέγω,verb,tou=q',οὗτος,pronoun,o(/ti,σφεῖς,pronoun,ὅστις,pronoun,to\n,ὁ,article,kei/nwn,ἐκεῖνος,pronoun,w(=d',ὧδε,adverb,e)pe/xw,ἐπέχω,verb,*kriti/hn,Κριτίης,proper,,,,,,,,,,,,,,,,,,,,,,,,,,,,,,,,,,,,,,,,,,,,,,,,,,,,,,,,,,,,,,,,,,,,,,,,,,,,,,,,,,,,,,,,,,,,,,,,,,,,,,,,,,,,,,,,,,,,,,,,,,,,,,,,
'*h,,,r(',u(po\,ὑπό,preposition,soi\,σύ,pronoun,*xari/das,,,a)napau/etai,ἀναπαύω,verb,,,,,,,,,,,,,,ἄρα,particle,,,,,,,,,,,,,,,,,,,,,,,,,,,,,,,,,,,,,,,,,,,,,,,,,,,,,,,,,,,,,,,,,,,,,,,,,,,,,,,,,,,,,,,,,,,,,,,,,,,,,,,,,,,,,,,,,,,,,,,,,,,,,,,,,,,,,,,,,,,,,,,,,
'ei),εἰ,conjunction,to\n,*)ari/mma,,,tou=,ὁ,article,*kurhnai/ou,Κυρηναῖος,proper,pai=da,παῖς,adjective,le/geis,λέγω,verb,u(p',ὑπό,preposition,e)moi/',ἐμός,adjective,,,,,ὁ,article,,,,,,,,,,,,,,,,,,,,,,,,,,,,,,,,,,,,,,,,,,,,,,,,,,,,,,,,,,,,,,,,,,,,,,,,,,,,,,,,,,,,,,,,,,,,,,,,,,,,,,,,,,,,,,,,,,,,,,,,,,,,,,,,,,,,,,,,,,,,,,,,,
w)=,ὦ,interjection,*xari/da,ti/,τίς,pronoun,ta\,ὁ,article,ne/rqe,νέρθε,adverb,,,,,,,,,,,,,,,,,,,,,,,,,,,,,,,,,,,,,,,,,,,,,,,,,,,,,,,,,,,,,,,,,,,,,,,,,,,,,,,,,,,,,,,,,,,,,,,,,,,,,,,,,,,,,,,,,,,,,,,,,,,,,,,,,,,,,,,,,,,,,,,,,,,,,,,,,,,,,,,,,,,
'polu\,πολύς,adjective,sko/tos',,,,,,,,,,,,,,,,,,,,,,,,,,σκότος,noun,,,,,,,,,,,,,,,,,,,,,,,,,,,,,,,,,,,,,,,,,,,,,,,,,,,,,,,,,,,,,,,,,,,,,,,,,,,,,,,,,,,,,,,,,,,,,,,,,,,,,,,,,,,,,,,,,,,,,,,,,,,,,,,,,,,,,,,,,,,,,,,,,
ai(,ὁ,article,d',a)/nodoi,ἄνοδος,noun,ti/,τίς,pronoun,,,,,,,,,,,,,,,,,,,,δέ,particle,,,,,,,,,,,,,,,,,,,,,,,,,,,,,,,,,,,,,,,,,,,,,,,,,,,,,,,,,,,,,,,,,,,,,,,,,,,,,,,,,,,,,,,,,,,,,,,,,,,,,,,,,,,,,,,,,,,,,,,,,,,,,,,,,,,,,,,,,,,,,,,,,
,,,,,,,,,,,,,,,,,,,,,,,,,,,,,,,,,,,,,,,,,,,,,,,,,,,,,,,,,,,,,,,,,,,,,,,,,,,,,,,,,,,,,,,,,,,,,,,,,,,,,,,,,,,,,,,,,,,,,,,,,,,,,,,,,,,,,,,,,,,,,,,,,,,,,,,,,,,,,,,,,,,,,,,,,,,,,,,
o(,ὁ,article,de\,*plou/twn,Πλούτων,proper,,,,,,,,,,,,,,,,,,,,,,,δέ,particle,,,,,,,,,,,,,,,,,,,,,,,,,,,,,,,,,,,,,,,,,,,,,,,,,,,,,,,,,,,,,,,,,,,,,,,,,,,,,,,,,,,,,,,,,,,,,,,,,,,,,,,,,,,,,,,,,,,,,,,,,,,,,,,,,,,,,,,,,,,,,,,,,
,,,,,,,,,,,,,,,,,,,,,,,,,,,,,,,,,,,,,,,,,,,,,,,,,,,,,,,,,,,,,,,,,,,,,,,,,,,,,,,,,,,,,,,,,,,,,,,,,,,,,,,,,,,,,,,,,,,,,,,,,,,,,,,,,,,,,,,,,,,,,,,,,,,,,,,,,,,,,,,,,,,,,,,,,,,,,,,
,,,,,,,,,,,,,,,,,,,,,,,,,,,,,,,,,,,,,,,,,,,,,,,,,,,,,,,,,,,,,,,,,,,,,,,,,,,,,,,,,,,,,,,,,,,,,,,,,,,,,,,,,,,,,,,,,,,,,,,,,,,,,,,,,,,,,,,,,,,,,,,,,,,,,,,,,,,,,,,,,,,,,,,,,,,,,,,
'ou(=tos,οὗτος,pronoun,e)mo\s,lo/gos,λόγος,noun,u)/mmin,σύ,pronoun,a)lhqino/s,ἀληθινός,adjective,,,,,,,,,,,,,,,,,ἐμός,adjective,,,,,,,,,,,,,,,,,,,,,,,,,,,,,,,,,,,,,,,,,,,,,,,,,,,,,,,,,,,,,,,,,,,,,,,,,,,,,,,,,,,,,,,,,,,,,,,,,,,,,,,,,,,,,,,,,,,,,,,,,,,,,,,,,,,,,,,,,,,,,,,,,
ei),εἰ,conjunction,de\,to\n,ὁ,article,h(du/n,ἡδύς,adjective,bou/lei,βούλομαι,verb,*pellai/ou,πελλαῖος,adjective,bou=s,βοῦς,noun,me/gas,μέγας,adverb,ei)n,ἐν,preposition,*)ai/dhi,Ἅιδης,proper,,δέ,particle,,,,,,,,,,,,,,,,,,,,,,,,,,,,,,,,,,,,,,,,,,,,,,,,,,,,,,,,,,,,,,,,,,,,,,,,,,,,,,,,,,,,,,,,,,,,,,,,,,,,,,,,,,,,,,,,,,,,,,,,,,,,,,,,,,,,,,,,,,,,,,,,,
dai/mona,δαίμων,adjective,ti/s,d',δέ,particle,eu)=,εὖ,adverb,oi)=de,οἶδα,verb,to\n,ὁ,article,*au)/rion,αὔριον,adverb,,,,,,,,,,,τίς,pronoun,,,,,,,,,,,,,,,,,,,,,,,,,,,,,,,,,,,,,,,,,,,,,,,,,,,,,,,,,,,,,,,,,,,,,,,,,,,,,,,,,,,,,,,,,,,,,,,,,,,,,,,,,,,,,,,,,,,,,,,,,,,,,,,,,,,,,,,,,,,,,,,,,
a(ni/ka,ἡνίκα,adverb,kai\,de/,δέ,particle,*xa/rmi,Χάρμις,proper,to\n,ὁ,article,o)fqalmoi=s,ὀφθαλμός,noun,xqizo\n,χθιζός,adjective,e)n,ἐν,preposition,a(mete/rois,ἡμέτερος,adjective,ta=i,ὁ,article,e(te/rai,καί,conjunction,ἕτερος,adjective,klau/santes,κλαίω,verb,e)qa/ptomen,θάπτω,verb,,,,,,,,,,,,,,,,,,,,,,,,,,,,,,,,,,,,,,,,,,,,,,,,,,,,,,,,,,,,,,,,,,,,,,,,,,,,,,,,,,,,,,,,,,,,,,,,,,,,,,,,,,,,,,,,,,,,,,,,,,,,,,,,,,,,,,,,,
ou)de\n,οὐδείς,pronoun,e)kei/nou,ei)=de,εἶδον,verb,path\r,πατήρ,noun,*diofw=n,,,xrh=m',χρήμη,noun,a)niaro/teron,ἀνιαρός,adjective,,,,,,,,,,,ἐκεῖνος,pronoun,,,,,,,,,,,,,,,,,,,,,,,,,,,,,,,,,,,,,,,,,,,,,,,,,,,,,,,,,,,,,,,,,,,,,,,,,,,,,,,,,,,,,,,,,,,,,,,,,,,,,,,,,,,,,,,,,,,,,,,,,,,,,,,,,,,,,,,,,,,,,,,,,
,,,,,,,,,,,,,,,,,,,,,,,,,,,,,,,,,,,,,,,,,,,,,,,,,,,,,,,,,,,,,,,,,,,,,,,,,,,,,,,,,,,,,,,,,,,,,,,,,,,,,,,,,,,,,,,,,,,,,,,,,,,,,,,,,,,,,,,,,,,,,,,,,,,,,,,,,,,,,,,,,,,,,,,,,,,,,,,
ti/s,τίς,pronoun,d',e)ssi/,εἰμί,verb,,,,,,,,,,,,,,,,,,,,,,,δέ,particle,,,,,,,,,,,,,,,,,,,,,,,,,,,,,,,,,,,,,,,,,,,,,,,,,,,,,,,,,,,,,,,,,,,,,,,,,,,,,,,,,,,,,,,,,,,,,,,,,,,,,,,,,,,,,,,,,,,,,,,,,,,,,,,,,,,,,,,,,,,,,,,,,
ma\,μά,particle,dai/monas,ou)/,οὐ,adverb,s',σύ,pronoun,a)\n,ἄν,particle,e)pe/gnwn,ἐπιγιγνώσκω,verb,ei),εἰ,conjunction,mh\,μή,conjunction,*timoqe/ou,Τιμόθεος,proper,patro\s,πατήρ,noun,e)ph=n,δαίμων,adjective,ἔπειμι,verb,o)/noma,ὄνομα,adjective,sth/lhi,,,kai\,καί,conjunction,*mh/qumna,Μήθυμνα,proper,teh\,τεός,adjective,po/lis,πόλις,adjective,,,,,,,,,,,,,,,,,,,,,,,,,,,,,,,,,,,,,,,,,,,,,,,,,,,,,,,,,,,,,,,,,,,,,,,,,,,,,,,,,,,,,,,,,,,,,,,,,,,,,,,,,,,,,,,,,,,,,,,,,,,,,
h)=,ἦ,adverb,me/ga,fhmi/,φημί,verb,xh=ron,χήρα,noun,a)nia=sqai,ἀνιάομαι,verb,so\n,σός,adjective,po/sin,πόσις,noun,*eu)qume/nh,Εὐθυμένης,proper,,,,,,,,μέγας,adverb,,,,,,,,,,,,,,,,,,,,,,,,,,,,,,,,,,,,,,,,,,,,,,,,,,,,,,,,,,,,,,,,,,,,,,,,,,,,,,,,,,,,,,,,,,,,,,,,,,,,,,,,,,,,,,,,,,,,,,,,,,,,,,,,,,,,,,,,,,,,,,,,,
*krhqi/da,,,th\n,polu/muqon,πολύμυθος,adjective,e)pistame/nhn,ἐφίστημι,verb,kala\,καλός,noun,pai/zein,παίω,verb,di/zhntai,δίζημαι,verb,*sami/wn,Σάμιος,proper,polla/ki,πολλάκις,adverb,qugate/res,θυγάτηρ,adjective,h(di/sthn,ὁ,article,ἡδύς,adjective,sune/riqon,συνέριθος,noun,a)ei\,ἀεί,adverb,la/lon,λάλος,adjective,,,,,,,,,,,,,,,,,,,,,,,,,,,,,,,,,,,,,,,,,,,,,,,,,,,,,,,,,,,,,,,,,,,,,,,,,,,,,,,,,,,,,,,,,,,,,,,,,,,,,,,,,,,,,,,,,,,,,,,,,,,,,,,,,,,,,,
h(\,ὅς,pronoun,d',a)pobri/zei,ἀποβρίζω,verb,e)nqa/de,ἐνθάδε,adverb,to\n,ὁ,article,pa/sais,πᾶς,adjective,u(/pnon,ὕπνον,noun,o)feilo/menon,ὀφείλω,verb,,,,,,,,δέ,particle,,,,,,,,,,,,,,,,,,,,,,,,,,,,,,,,,,,,,,,,,,,,,,,,,,,,,,,,,,,,,,,,,,,,,,,,,,,,,,,,,,,,,,,,,,,,,,,,,,,,,,,,,,,,,,,,,,,,,,,,,,,,,,,,,,,,,,,,,,,,,,,,,
w)/fele,ὀφείλω,verb,mhd',e)ge/nonto,γίγνομαι,verb,qoai\,θοός,adjective,ne/es,ναῦς,noun,,,,,,,,,,,,,,,,,μηδέ,particle,,,,,,,,,,,,,,,,,,,,,,,,,,,,,,,,,,,,,,,,,,,,,,,,,,,,,,,,,,,,,,,,,,,,,,,,,,,,,,,,,,,,,,,,,,,,,,,,,,,,,,,,,,,,,,,,,,,,,,,,,,,,,,,,,,,,,,,,,,,,,,,,,
ou),οὐ,adverb,ga\r,a)\n,ἄν,particle,h(mei=s,ἐγώ,pronoun,pai=da,παῖς,adjective,*dioklei/dou,Διοκλείδης,proper,*sw/polin,Σώπολις,proper,e)ste/nomen,στένω,verb,,,,,,,,γάρ,particle,,,,,,,,,,,,,,,,,,,,,,,,,,,,,,,,,,,,,,,,,,,,,,,,,,,,,,,,,,,,,,,,,,,,,,,,,,,,,,,,,,,,,,,,,,,,,,,,,,,,,,,,,,,,,,,,,,,,,,,,,,,,,,,,,,,,,,,,,,,,,,,,,
nu=n,νῦν,adverb,d',o(\,ὅς,pronoun,me\n,μέν,particle,ei)n,ἐν,preposition,a(li/,ἁλίς,noun,pou,πού,adverb,fe/retai,φέρω,verb,ne/kus,νέκυς,noun,a)nti\,ἀντί,preposition,d',δέ,particle,δέ,particle,e)kei/nou,ἐκεῖνος,pronoun,ou)/noma,ὄνομα,adjective,kai\,καί,conjunction,keneo\n,κενός,adjective,sh=ma,σῆμα,adjective,parerxo/meqa,παρέρχομαι,verb,,,,,,,,,,,,,,,,,,,,,,,,,,,,,,,,,,,,,,,,,,,,,,,,,,,,,,,,,,,,,,,,,,,,,,,,,,,,,,,,,,,,,,,,,,,,,,,,,,,,,,,,,,,,,,,,,,,,,,,,,,,,,
*na/cios,Νάξιος,proper,ou)k,e)pi\,ἐπί,preposition,gh=s,γῆ,noun,e)/qanen,θνήσκω,verb,*lu/kos,Λύκος,proper,a)ll',ἀλλά,adverb,e)ni\,ἐν,preposition,po/ntwi,πόντος,noun,nau=n,ναῦς,noun,a(/ma,οὐ,adverb,ἅμα,adverb,kai\,καί,conjunction,yuxh\n,ψυχή,noun,ei)=den,εἶδον,verb,a)pollume/nhn,ἀπόλλυμι,verb,e)/mporos,ἔμπορος,adjective,*ai)gi/nhqen,,,o(/t',ὅτε,conjunction,e)/plee,πλέω,verb,,,,,,,,,,,,,,,,,,,,,,,,,,,,,,,,,,,,,,,,,,,,,,,,,,,,,,,,,,,,,,,,,,,,,,,,,,,,,,,,,,,,,,,,,,,,,,,,,,,,,,,,,,,,,,,,,,,,,,,
xw)\,ὁ,article,me\n,e)n,ἐν,preposition,u(grh=i,,,nekro/s,νεκρός,noun,e)gw\,ἐγώ,pronoun,d',δέ,particle,a)/llws,ἄλλως,adverb,ou)/noma,ὄνομα,adjective,tu/mbos,τύμβος,noun,e)/xwn,μέν,particle,ἔχω,verb,khru/ssw,κηρύσσω,verb,pana/lhqes,,,e)/pos,ἔπος,adjective,to/de,ὅδε,pronoun,'feu=ge,φεύγω,verb,qala/sshi,θάλασσα,noun,summi/sgein,συμμίγνυμι,verb,e)ri/fwn,ἔριφος,noun,nauti/le,ναυτίλος,noun,duome/nwn',δύω,verb,,,,,,,,,,,,,,,,,,,,,,,,,,,,,,,,,,,,,,,,,,,,,,,,,,,,,,,,,,,,,,,,,,,,,,,,,,,,,,,,,,,,,,,,,,,,,,,,,,,,,,,,,,,,,,,,,
*dwdeke/th,δωδεκέτης,noun,to\n,pai=da,παῖς,adjective,path\r,πατήρ,noun,a)pe/qhke,ἀποτίθημι,verb,*fi/lippos,Φίλιππος,proper,e)nqa/de,ἐνθάδε,adverb,th\n,ὁ,article,pollh\n,πολύς,adjective,e)lpi/da,ἐλπίς,noun,*nikote/lhn,ὁ,article,,,,,,,,,,,,,,,,,,,,,,,,,,,,,,,,,,,,,,,,,,,,,,,,,,,,,,,,,,,,,,,,,,,,,,,,,,,,,,,,,,,,,,,,,,,,,,,,,,,,,,,,,,,,,,,,,,,,,,,,,,,,,,,,,,,,,,,,,,,,,,,,,
*)hw=ioi,,,*mela/nippon,e)qa/ptomen,θάπτω,verb,h)eli/ou,ἥλιος,noun,de/,δέ,particle,duome/nou,δύω,verb,*basilw\,,,ka/tqane,καταθνήσκω,verb,parqenikh/,παρθενική,noun,au)toxeri/,αὐτοχερί,adverb,,Μελάνιππος,proper,,,,,,,,,,,,,,,,,,,,,,,,,,,,,,,,,,,,,,,,,,,,,,,,,,,,,,,,,,,,,,,,,,,,,,,,,,,,,,,,,,,,,,,,,,,,,,,,,,,,,,,,,,,,,,,,,,,,,,,,,,,,,,,,,,,,,,,,,,,,,,,,,
zw/ein,ζώω,verb,ga\r,a)delfeo\n,ἀδελφός,adjective,e)n,ἐν,preposition,puri\,πῦρ,noun,qei=sa,τίθημι,verb,ou)k,οὐ,adverb,e)/tlh,τλάω,verb,,,,,,,,γάρ,particle,,,,,,,,,,,,,,,,,,,,,,,,,,,,,,,,,,,,,,,,,,,,,,,,,,,,,,,,,,,,,,,,,,,,,,,,,,,,,,,,,,,,,,,,,,,,,,,,,,,,,,,,,,,,,,,,,,,,,,,,,,,,,,,,,,,,,,,,,,,,,,,,,
di/dumon,δίδυμος,adjective,d',oi)=kos,οἶκος,noun,e)pei=de,ἐπεῖδον,verb,kako/n,κακός,adjective,patro\s,πατήρ,noun,*)aristi/ppoio,Ἀρίστιππος,proper,kath/fhsen,κατηφέω,verb,de\,δέ,particle,*kurh/nh,Κυρήνη,proper,pa=sa,δέ,particle,πᾶς,adjective,to\n,ὁ,article,eu)/teknon,εὔτεκνος,adjective,xh=ron,χήρα,noun,i)dou=sa,εἶδον,verb,do/mon,δόμος,noun,,,,,,,,,,,,,,,,,,,,,,,,,,,,,,,,,,,,,,,,,,,,,,,,,,,,,,,,,,,,,,,,,,,,,,,,,,,,,,,,,,,,,,,,,,,,,,,,,,,,,,,,,,,,,,,,,,,,,,,,,,,,,,,,
stis,,,e)mo\n,para\,παρά,preposition,sh=ma,σῆμα,adjective,fe/reis,φέρω,verb,po/da,πούς,noun,*kallima/xou,Καλλίμαχος,proper,me,ἐγώ,pronoun,i)/sqi,εἰμί,verb,*kurhnai/ou,Κυρηναῖος,proper,pai=da/,ἐμός,adjective,παῖς,adjective,te,τε,particle,kai\,καί,conjunction,geneth/n,γενετή,noun,,,,,,,,,,,,,,,,,,,,,,,,,,,,,,,,,,,,,,,,,,,,,,,,,,,,,,,,,,,,,,,,,,,,,,,,,,,,,,,,,,,,,,,,,,,,,,,,,,,,,,,,,,,,,,,,,,,,,,,,,,,,,,,,,,,,,,
ei)dei/hs,οἶδα,verb,d',a)/mfw,ἄμφω,noun,ken,ἄν,particle,,,,,,,,,,,,,,,,,,,,δέ,particle,,,,,,,,,,,,,,,,,,,,,,,,,,,,,,,,,,,,,,,,,,,,,,,,,,,,,,,,,,,,,,,,,,,,,,,,,,,,,,,,,,,,,,,,,,,,,,,,,,,,,,,,,,,,,,,,,,,,,,,,,,,,,,,,,,,,,,,,,,,,,,,,,
o(\,ὅς,pronoun,me/n,kote,ποτέ,particle,patri/dos,πατρίς,adjective,o(/plwn,ὅπλον,noun,h)=rcen,ἄρχω,verb,o(\,ὅς,pronoun,d',δέ,particle,h)/eisen,ἀείδω,verb,kre/ssona,κρείσσων,verb,baskani/hs,μέν,particle,βασκανία,noun,,,,,,,,,,,,,,,,,,,,,,,,,,,,,,,,,,,,,,,,,,,,,,,,,,,,,,,,,,,,,,,,,,,,,,,,,,,,,,,,,,,,,,,,,,,,,,,,,,,,,,,,,,,,,,,,,,,,,,,,,,,,,,,,,,,,,,,,,,,,,,,
ou),οὐ,adverb,ne/mesis,,,,,,,,,,,,,,,,,,,,,,,,,,νέμεσις,noun,,,,,,,,,,,,,,,,,,,,,,,,,,,,,,,,,,,,,,,,,,,,,,,,,,,,,,,,,,,,,,,,,,,,,,,,,,,,,,,,,,,,,,,,,,,,,,,,,,,,,,,,,,,,,,,,,,,,,,,,,,,,,,,,,,,,,,,,,,,,,,,,,
*mou=sai,Μοῦσα,proper,ga\r,o(/sous,ὅσος,adjective,i)/don,εἶδον,verb,o)/mmati,ὄμμα,noun,pai=das,παῖς,adjective,mh\,μή,conjunction,locw=i,,,poliou\s,πολιός,adjective,ou)k,οὐ,adverb,a)pe/qento,γάρ,particle,ἀποτίθημι,verb,fi/lous,φῖλος,noun,,,,,,,,,,,,,,,,,,,,,,,,,,,,,,,,,,,,,,,,,,,,,,,,,,,,,,,,,,,,,,,,,,,,,,,,,,,,,,,,,,,,,,,,,,,,,,,,,,,,,,,,,,,,,,,,,,,,,,,,,,,,,,,,,,,,,,,,,,,,
*,,,*)astaki/dhn,to\n,ὁ,article,*krh=ta,Κρής,proper,to\n,ὁ,article,ai)po/lon,αἰπόλος,adjective,h(/rpase,ἁρπάζω,verb,*nu/mfh,Νύμφης,proper,e)c,ἐκ,preposition,o)/reos,ὄρος,adjective,kai\,,,καί,conjunction,nu=n,νῦν,adverb,i(ero\s,ἱερός,adjective,*)astaki/dhs,,,,,,,,,,,,,,,,,,,,,,,,,,,,,,,,,,,,,,,,,,,,,,,,,,,,,,,,,,,,,,,,,,,,,,,,,,,,,,,,,,,,,,,,,,,,,,,,,,,,,,,,,,,,,,,,,,,,,,,,,,,,,,,,,,,,,,,,
ou)ke/ti,οὐκέτι,adverb,*diktai/hisin,u(po\,ὑπό,preposition,drusi/n,δρῦς,noun,ou)ke/ti,οὐκέτι,adverb,*da/fnin,Δάφνις,proper,poime/nes,ποιμήν,noun,*)astaki/dhn,,,d',δέ,particle,ai)e\n,ἀεί,adverb,a)eiso/meqa,,,ἀείδω,verb,,,,,,,,,,,,,,,,,,,,,,,,,,,,,,,,,,,,,,,,,,,,,,,,,,,,,,,,,,,,,,,,,,,,,,,,,,,,,,,,,,,,,,,,,,,,,,,,,,,,,,,,,,,,,,,,,,,,,,,,,,,,,,,,,,,,,,,,,,,,,,,
ei)/pas,εἶπον,verb,'*(/hlie,xai=re',χαίρω,verb,*kleo/mbrotos,Κλεόμβροτος,proper,*(wmbrakiw/ths,,,h(/lat',ἅλλομαι,verb,a)f',ἀπό,preposition,u(yhlou=,ὑψηλός,adjective,tei/xeos,τεῖχος,noun,ei)s,εἰς,preposition,*)ai/dhn,ἥλιος,noun,Ἅιδης,proper,a)/cion,ἄξιος,adjective,ou)de\n,οὐδείς,pronoun,i)dw\n,εἶδον,verb,qana/tou,θάνατος,adjective,kako/n,κακός,adjective,a)lla\,ἀλλά,adverb,*pla/twnos,Πλάτων,proper,e(\n,εἷς,adjective,to\,ὁ,article,peri\,περί,preposition,yuxh=s,ψυχή,noun,gra/mm',γράμμα,noun,a)naleca/menos,ἀναλέγω,verb,,,,,,,,,,,,,,,,,,,,,,,,,,,,,,,,,,,,,,,,,,,,,,,,,,,,,,,,,,,,,,,,,,,,,,,,,,,,,,,,,,,,,,,,,,,,,,,,,,,,,,,,
rws,,,*ai)eti/wnos,e)pi/staqmos,ἐπίσταθμος,adjective,*)amfipoli/tew,,,i(/drumai,ἱδρύω,verb,mikrw=i,μικρός,adjective,mikro\s,μικρός,adjective,e)pi\,ἐπί,preposition,proqu/rwi,,,loco\n,λοξός,adjective,o)/fin,,,ὄφις,noun,kai\,καί,conjunction,mou=non,μόνος,adjective,e)/xwn,ἔχω,verb,ci/fos,ξίφος,noun,,,,,,,,,,,,,,,,,,,,,,,,,,,,,,,,,,,,,,,,,,,,,,,,,,,,,,,,,,,,,,,,,,,,,,,,,,,,,,,,,,,,,,,,,,,,,,,,,,,,,,,,,,,,,,,,,,,,,,,,,,,,,,,,,,,
a)ndri\,ἀνδρίς,noun,ipeiwi,qumwqei\s,θυμόω,verb,pezo\n,πεζός,adjective,ka)me\,ἐγώ,pronoun,parwiki/sato,,,,,,,,,,,,,,,,,,,,,,,,,,,,,,,,,,,,,,,,,,,,,,,,,,,,,,,,,,,,,,,,,,,,,,,,,,,,,,,,,,,,,,,,,,,,,,,,,,,,,,,,,,,,,,,,,,,,,,,,,,,,,,,,,,,,,,,,,,,,,,,,,,,,,,,,,,,,,,,,,,
w)/mose,ὄμνυμι,verb,*kalli/gnwtos,*)iwni/di,Ἰωνίς,proper,mh/pot',μήποτε,adverb,e)kei/nhs,ἐκεῖνος,pronoun,e(/cein,ἔχω,verb,mh/te,μήτε,particle,fi/lon,φίλος,adjective,kre/ssona,κρείσσων,verb,mh/te,μήτε,particle,fi/lhn,Καλλίγνωτος,proper,φίλος,adjective,,,,,,,,,,,,,,,,,,,,,,,,,,,,,,,,,,,,,,,,,,,,,,,,,,,,,,,,,,,,,,,,,,,,,,,,,,,,,,,,,,,,,,,,,,,,,,,,,,,,,,,,,,,,,,,,,,,,,,,,,,,,,,,,,,,,,,,,,,,,,,,
,,,,,,,,,,,,,,,,,,,,,,,,,,,,,,,,,,,,,,,,,,,,,,,,,,,,,,,,,,,,,,,,,,,,,,,,,,,,,,,,,,,,,,,,,,,,,,,,,,,,,,,,,,,,,,,,,,,,,,,,,,,,,,,,,,,,,,,,,,,,,,,,,,,,,,,,,,,,,,,,,,,,,,,,,,,,,,,
a)lla\,ἀλλά,adverb,le/gousin,a)lhqe/a,ἀληθής,adjective,tou\s,ὁ,article,e)n,ἐν,preposition,e)/rwti,ἔρως,noun,o(/rkous,ὅρκος,noun,mh\,μή,conjunction,du/nein,δύω,verb,ou)/at',οὖς,noun,e)s,λέγω,verb,εἰς,preposition,a)qana/twn,ἀθάνατος,adjective,,,,,,,,,,,,,,,,,,,,,,,,,,,,,,,,,,,,,,,,,,,,,,,,,,,,,,,,,,,,,,,,,,,,,,,,,,,,,,,,,,,,,,,,,,,,,,,,,,,,,,,,,,,,,,,,,,,,,,,,,,,,,,,,,,,,,,,,,,,,
nu=n,νῦν,adverb,d',o(\,ὅς,pronoun,me\n,μέν,particle,a)rsenikw=i,ἀρσενικόν,noun,qe/retai,θέρω,verb,puri/,πῦρ,noun,,,,,,,,,,,δέ,particle,,,,,,,,,,,,,,,,,,,,,,,,,,,,,,,,,,,,,,,,,,,,,,,,,,,,,,,,,,,,,,,,,,,,,,,,,,,,,,,,,,,,,,,,,,,,,,,,,,,,,,,,,,,,,,,,,,,,,,,,,,,,,,,,,,,,,,,,,,,,,,,,,
th=s,ὁ,article,de\,talai/nhs,τάλας,adjective,nu/mfhs,νύμφη,noun,w(s,ὡς,conjunction,*megare/wn,Μεγάρη,proper,ou),οὐ,adverb,lo/gos,λόγος,noun,ou)d',οὐδέ,particle,a)riqmo/s,ἀριθμός,adjective,,δέ,particle,,,,,,,,,,,,,,,,,,,,,,,,,,,,,,,,,,,,,,,,,,,,,,,,,,,,,,,,,,,,,,,,,,,,,,,,,,,,,,,,,,,,,,,,,,,,,,,,,,,,,,,,,,,,,,,,,,,,,,,,,,,,,,,,,,,,,,,,,,,,,,,,,
ei)=xon,ἔχω,verb,a)po\,smikrw=n,μικρός,adjective,o)li/gon,ὀλίγος,adjective,bi/on,βίος,adjective,ou)/te,οὔτε,adverb,ti,τις,pronoun,deino/n,δεινός,adjective,r(e/zwn,ῥέζω,verb,ou)/t',οὔτε,adverb,a)dike/wn,ἀπό,preposition,ἀδικέω,verb,ou)de/na,οὐδείς,pronoun,,,,,,,,,,,,,,,,,,,,,,,,,,,,,,,,,,,,,,,,,,,,,,,,,,,,,,,,,,,,,,,,,,,,,,,,,,,,,,,,,,,,,,,,,,,,,,,,,,,,,,,,,,,,,,,,,,,,,,,,,,,,,,,,,,,,,,,,,,,,
gai=a,γαῖα,noun,fi/lh,*miku/los,,,ei)/,εἰ,conjunction,ti,τις,pronoun,ponhro\n,πονηρός,adjective,e)ph/inesa,ἐπαινέω,verb,mh/te,μήτε,particle,su\,σύ,pronoun,kou/fh,κοῦφος,adjective,gi/neo,φίλος,adjective,γίγνομαι,verb,mh/q',μήτε,particle,i(/lew,ἴλαος,noun,dai/mones,δαίμων,adjective,oi(/,ἕ,pronoun,m',ἐγώ,pronoun,e)/xete,ἔχω,verb,,,,,,,,,,,,,,,,,,,,,,,,,,,,,,,,,,,,,,,,,,,,,,,,,,,,,,,,,,,,,,,,,,,,,,,,,,,,,,,,,,,,,,,,,,,,,,,,,,,,,,,,,,,,,,,,,,,,,,,,,,,,,
*(hsio/dou,Ἡσίοδος,proper,to/,t',τε,particle,a)/eisma,ἄεισμα,noun,kai\,καί,conjunction,o(,ὁ,article,tro/pos,τρόπος,noun,,,,,,,,,,,ὁ,article,,,,,,,,,,,,,,,,,,,,,,,,,,,,,,,,,,,,,,,,,,,,,,,,,,,,,,,,,,,,,,,,,,,,,,,,,,,,,,,,,,,,,,,,,,,,,,,,,,,,,,,,,,,,,,,,,,,,,,,,,,,,,,,,,,,,,,,,,,,,,,,,,
ou),οὐ,adverb,to\n,a)oido/n,ἀοιδός,noun,e)/sxaton,σχέθω,verb,a)ll',ἀλλά,adverb,o)kne/w,ὀκνέω,verb,mh\,μή,conjunction,to\,ὁ,article,melixro/taton,μελιχρός,adjective,tw=n,ὁ,article,e)pe/wn,ὁ,article,ἔπος,adjective,o(,ὁ,article,*soleu\s,,,a)pema/cato,ἀπομάσσω,verb,,,,,,,,,,,,,,,,,,,,,,,,,,,,,,,,,,,,,,,,,,,,,,,,,,,,,,,,,,,,,,,,,,,,,,,,,,,,,,,,,,,,,,,,,,,,,,,,,,,,,,,,,,,,,,,,,,,,,,,,,,,,,,,,,,,,,,
xai/rete,χαίρω,verb,leptai/,r(h/sies,ῥῆσις,noun,*)arh/tou,Ἄρητος,proper,su/mbolon,σύμβολον,noun,a)grupni/hs,ἀγρυπνία,noun,,,,,,,,,,,,,,λεπτός,adjective,,,,,,,,,,,,,,,,,,,,,,,,,,,,,,,,,,,,,,,,,,,,,,,,,,,,,,,,,,,,,,,,,,,,,,,,,,,,,,,,,,,,,,,,,,,,,,,,,,,,,,,,,,,,,,,,,,,,,,,,,,,,,,,,,,,,,,,,,,,,,,,,,
e)xqai/rw,ἐχθαίρω,verb,to\,poi/hma,ποίημα,noun,to\,ὁ,article,kukliko/n,κυκλικός,adjective,ou)de\,οὐδέ,particle,keleu/qwi,κέλευθος,noun,xai/rw,χαίρω,verb,ti/s,τίς,pronoun,pollou\s,πολύς,adjective,w(=de,ὁ,article,ὧδε,adverb,kai\,καί,conjunction,w(=de,ὧδε,adverb,fe/rei,φέρω,verb,mise/w,μισέω,verb,kai\,καί,conjunction,peri/foiton,περίφοιτος,adjective,e)rw/menon,ἐράομαι,verb,ou)d',οὐδέ,particle,a)po\,ἀπό,preposition,krh/nhs,κρήνη,noun,pi/nw,πίνω,verb,,,,,,,,,,,,,,,,,,,,,,,,,,,,,,,,,,,,,,,,,,,,,,,,,,,,,,,,,,,,,,,,,,,,,,,,,,,,,,,,,,,,,,,,,,,,,,,,,,,,,,,,,,,,,,
sikxai/nw,,,pa/nta,ta\,ὁ,article,dhmo/sia,δημόσιος,adjective,,,,,,,,,,,,,,,,,,,,πᾶς,adjective,,,,,,,,,,,,,,,,,,,,,,,,,,,,,,,,,,,,,,,,,,,,,,,,,,,,,,,,,,,,,,,,,,,,,,,,,,,,,,,,,,,,,,,,,,,,,,,,,,,,,,,,,,,,,,,,,,,,,,,,,,,,,,,,,,,,,,,,,,,,,,,,,
*lusani/h,Λυσανίας,proper,su\,de\,δέ,particle,naixi\,,,kalo\s,καλός,noun,kalo/s,καλός,noun,a)lla\,ἀλλά,adverb,pri\n,πρίν,adverb,ei)pei=n,εἶπον,verb,tou=to,οὗτος,pronoun,safw=s,σύ,pronoun,σαφής,adverb,*)hxw/,Ἠχώ,proper,fhsi/,φημί,verb,tis,τις,pronoun,'a)/llos,ἄλλος,adjective,e)/xei',ἔχω,verb,,,,,,,,,,,,,,,,,,,,,,,,,,,,,,,,,,,,,,,,,,,,,,,,,,,,,,,,,,,,,,,,,,,,,,,,,,,,,,,,,,,,,,,,,,,,,,,,,,,,,,,,,,,,,,,,,,,,,,,,,,,,,,,,
e)/gxei,ἔγχος,noun,kai\,pa/lin,πάλιν,adverb,ei)pe\,εἶπον,verb,'*diokle/os',,,,,,,,,,,,,,,,,,,καί,conjunction,,,,,,,,,,,,,,,,,,,,,,,,,,,,,,,,,,,,,,,,,,,,,,,,,,,,,,,,,,,,,,,,,,,,,,,,,,,,,,,,,,,,,,,,,,,,,,,,,,,,,,,,,,,,,,,,,,,,,,,,,,,,,,,,,,,,,,,,,,,,,,,,,
ou)d',οὐδέ,particle,*)axelw=ios,kei/nou,ἐκεῖνος,pronoun,tw=n,ὁ,article,i(erw=n,ἱερά,noun,ai)sqa/netai,αἰσθάνομαι,verb,kua/qwn,κύαθος,noun,,,,,,,,,,,,,,,,,,,,,,,,,,,,,,,,,,,,,,,,,,,,,,,,,,,,,,,,,,,,,,,,,,,,,,,,,,,,,,,,,,,,,,,,,,,,,,,,,,,,,,,,,,,,,,,,,,,,,,,,,,,,,,,,,,,,,,,,,,,,,,,,,,,,,,,,,,,,,
kalo\s,καλός,noun,o(,pai=s,πᾶς,adjective,*)axelw=ie,,,li/hn,λίαν,adverb,kalo/s,καλός,noun,ei),εἰ,conjunction,de/,δέ,particle,tis,τις,pronoun,ou)xi/,οὐ,adverb,fhsi/n,ὁ,article,φημί,verb,e)pistai/mhn,ἐφίστημι,verb,mou=nos,μόνος,adjective,e)gw\,ἐγώ,pronoun,ta\,ὁ,article,kala/,καλός,noun,,,,,,,,,,,,,,,,,,,,,,,,,,,,,,,,,,,,,,,,,,,,,,,,,,,,,,,,,,,,,,,,,,,,,,,,,,,,,,,,,,,,,,,,,,,,,,,,,,,,,,,,,,,,,,,,,,,,,,,,,,,,,,,,
*qessalike\,Θεσσαλικός,adjective,*kleo/nike,ta/lan,τάλας,adjective,ta/lan,τάλας,adjective,ou),οὐ,adverb,ma\,μά,particle,to\n,ὁ,article,o)cu/n,ὀξύς,adjective,h(/lion,ἥλιος,noun,ou)k,οὐ,adverb,e)/gnwn,Κλεόνικος,proper,γιγνώσκω,verb,,,,,,,,,,,,,,,,,,,,,,,,,,,,,,,,,,,,,,,,,,,,,,,,,,,,,,,,,,,,,,,,,,,,,,,,,,,,,,,,,,,,,,,,,,,,,,,,,,,,,,,,,,,,,,,,,,,,,,,,,,,,,,,,,,,,,,,,,,,,,,,
sxe/tlie,σχέτλιος,adjective,pou=,ge/gonas,γίγνομαι,verb,,,,,,,,,,,,,,,,,,,,,,,πού,adverb,,,,,,,,,,,,,,,,,,,,,,,,,,,,,,,,,,,,,,,,,,,,,,,,,,,,,,,,,,,,,,,,,,,,,,,,,,,,,,,,,,,,,,,,,,,,,,,,,,,,,,,,,,,,,,,,,,,,,,,,,,,,,,,,,,,,,,,,,,,,,,,,,
o)ste/a,ὀστέον,noun,soi\,kai\,καί,conjunction,mou=non,μόνος,adjective,e)/ti,ἔτι,adverb,tri/xes,θρίξ,noun,,,,,,,,,,,,,,σύ,pronoun,,,,,,,,,,,,,,,,,,,,,,,,,,,,,,,,,,,,,,,,,,,,,,,,,,,,,,,,,,,,,,,,,,,,,,,,,,,,,,,,,,,,,,,,,,,,,,,,,,,,,,,,,,,,,,,,,,,,,,,,,,,,,,,,,,,,,,,,,,,,,,,,,
h)=,ἦ,adverb,r(a/,se,σύ,pronoun,dai/mwn,δαίμων,adjective,ou(mo\s,ἐμός,adjective,e)/xei,ἔχω,verb,xaleph=i,χαλεπός,adjective,d',δέ,particle,h)/nteo,ἄντομαι,verb,qeumori/hi,,,,ἄρα,particle,,,,,,,,,,,,,,,,,,,,,,,,,,,,,,,,,,,,,,,,,,,,,,,,,,,,,,,,,,,,,,,,,,,,,,,,,,,,,,,,,,,,,,,,,,,,,,,,,,,,,,,,,,,,,,,,,,,,,,,,,,,,,,,,,,,,,,,,,,,,,,,,,
,,,,,,,,,,,,,,,,,,,,,,,,,,,,,,,,,,,,,,,,,,,,,,,,,,,,,,,,,,,,,,,,,,,,,,,,,,,,,,,,,,,,,,,,,,,,,,,,,,,,,,,,,,,,,,,,,,,,,,,,,,,,,,,,,,,,,,,,,,,,,,,,,,,,,,,,,,,,,,,,,,,,,,,,,,,,,,,
*eu)ci/qeo/s,Εὐξίθεος,proper,se,sunh/rpase,συναρπάζω,verb,kai\,καί,conjunction,su\,σύ,pronoun,ga\r,γάρ,particle,e)lqw/n,ἔρχομαι,verb,to\n,ὁ,article,kalo/n,καλός,noun,w)=,ὦ,interjection,moxqh/r',σύ,pronoun,μοχθηρός,adjective,e)/blepes,βλέπω,verb,a)mfote/rois,ἀμφότερος,adjective,,,,,,,,,,,,,,,,,,,,,,,,,,,,,,,,,,,,,,,,,,,,,,,,,,,,,,,,,,,,,,,,,,,,,,,,,,,,,,,,,,,,,,,,,,,,,,,,,,,,,,,,,,,,,,,,,,,,,,,,,,,,,,,,,,,,,,,,,
*(wgreuth\s,,,*)epi/kudes,e)n,ἐν,preposition,ou)/resi,ὄρος,adjective,pa/nta,πᾶς,adjective,lagwo/n,λαγῶς,noun,difa=i,,,kai\,καί,conjunction,pa/shs,πᾶς,adjective,i)/xnia,ἴχνιον,noun,dorkali/dos,Ἐπικύδης,proper,δορκαλίς,noun,stei/bhi,,,kai\,καί,conjunction,nifetw=i,,,kexarhme/nos,χαίρω,verb,h)\n,ἐάν,conjunction,de/,δέ,particle,tis,τις,pronoun,ei)/phi,εἶπον,verb,'th=,τῆ,verb,to/de,ὅδε,pronoun,be/blhtai,βάλλω,verb,qhri/on',θηρίον,noun,ou)k,οὐ,adverb,e)/laben,λάπτω,verb,,,,,,,,,,,,,,,,,,,,,,,,,,,,,,,,,,,,,,,,,,,,,,,,,,,,,,,,,,,,,,,,,,,,,,,,,,,,,,,,,,,,,,,,,,,,,,,,,,,,,
xou)mo\s,,,e)/rws,toio/sde,τοιόσδε,adjective,,,,,,,,,,,,,,,,,,,,,,,ἔρος,noun,,,,,,,,,,,,,,,,,,,,,,,,,,,,,,,,,,,,,,,,,,,,,,,,,,,,,,,,,,,,,,,,,,,,,,,,,,,,,,,,,,,,,,,,,,,,,,,,,,,,,,,,,,,,,,,,,,,,,,,,,,,,,,,,,,,,,,,,,,,,,,,,,
ta\,ὁ,article,ga\r,feu/gonta,φεύγω,verb,diw/kein,διώκω,verb,oi)=de,οἶδα,verb,ta\,ὁ,article,d',δέ,particle,e)n,ἐν,preposition,me/sswi,μέσος,adjective,kei/mena,κεῖμαι,verb,parpe/tetai,γάρ,particle,,,,,,,,,,,,,,,,,,,,,,,,,,,,,,,,,,,,,,,,,,,,,,,,,,,,,,,,,,,,,,,,,,,,,,,,,,,,,,,,,,,,,,,,,,,,,,,,,,,,,,,,,,,,,,,,,,,,,,,,,,,,,,,,,,,,,,,,,,,,,,,,,
oi)=d',οἶδα,verb,o(/ti,mou,ἐγώ,pronoun,plou/tou,πλοῦτος,noun,keneai\,κενός,adjective,xe/res,χείρ,noun,a)lla\,ἀλλά,adverb,*me/nippe,Μένιππος,proper,mh\,μή,conjunction,le/ge,λέγω,verb,pro\s,ὅστις,pronoun,πρός,preposition,*xari/twn,Χάρις,proper,tou)mo\n,ἐμός,adjective,o)/neiron,ὄνειρος,noun,e)moi/,ἐμός,adjective,,,,,,,,,,,,,,,,,,,,,,,,,,,,,,,,,,,,,,,,,,,,,,,,,,,,,,,,,,,,,,,,,,,,,,,,,,,,,,,,,,,,,,,,,,,,,,,,,,,,,,,,,,,,,,,,,,,,,,,,,,,,,,,,,,,
a)lge/w,ἀλγέω,verb,th\n,dia\,διά,preposition,panto\s,πᾶς,adjective,e)/pos,ἔπος,adjective,to/de,ὅδε,pronoun,pikro\n,πικρός,adjective,a)kou/wn,ἀκούω,verb,,,,,,,,ὁ,article,,,,,,,,,,,,,,,,,,,,,,,,,,,,,,,,,,,,,,,,,,,,,,,,,,,,,,,,,,,,,,,,,,,,,,,,,,,,,,,,,,,,,,,,,,,,,,,,,,,,,,,,,,,,,,,,,,,,,,,,,,,,,,,,,,,,,,,,,,,,,,,,,
nai\,ναί,adverb,fi/le,tw=n,ὁ,article,para\,παρά,preposition,sou=,σύ,pronoun,tou=t',οὗτος,pronoun,a)nerasto/taton,ἀνέραστος,adjective,,,,,,,,,,,φίλος,adjective,,,,,,,,,,,,,,,,,,,,,,,,,,,,,,,,,,,,,,,,,,,,,,,,,,,,,,,,,,,,,,,,,,,,,,,,,,,,,,,,,,,,,,,,,,,,,,,,,,,,,,,,,,,,,,,,,,,,,,,,,,,,,,,,,,,,,,,,,,,,,,,,,
*)/artemi,Ἄρτεμις,proper,ti\n,to/d',ὅδε,pronoun,a)/galma,ἄγαλμα,noun,*filhrati\s,,,ei(/sato,ἵζω,verb,th=ide,ὅδε,pronoun,,,,,,,,,,,σύ,pronoun,,,,,,,,,,,,,,,,,,,,,,,,,,,,,,,,,,,,,,,,,,,,,,,,,,,,,,,,,,,,,,,,,,,,,,,,,,,,,,,,,,,,,,,,,,,,,,,,,,,,,,,,,,,,,,,,,,,,,,,,,,,,,,,,,,,,,,,,,,,,,,,,,
a)lla\,ἀλλά,adverb,su\,me\n,μέν,particle,de/cai,δέχομαι,verb,po/tnia,πότνια,noun,th\n,ὁ,article,de\,δέ,particle,sa/w,σαόω,verb,,,,,,,,σύ,pronoun,,,,,,,,,,,,,,,,,,,,,,,,,,,,,,,,,,,,,,,,,,,,,,,,,,,,,,,,,,,,,,,,,,,,,,,,,,,,,,,,,,,,,,,,,,,,,,,,,,,,,,,,,,,,,,,,,,,,,,,,,,,,,,,,,,,,,,,,,,,,,,,,,
ti/n,σύ,pronoun,me,leonta/gx',λεοντάγχης,noun,w)=na,ἄναξ,noun,suokto/ne,συοκτόνος,adjective,fh/ginon,φήγινος,adjective,o)/zon,ὄζος,noun,qh=ke,τίθημι,verb,'ti/s',τίς,pronoun,,,,,ἐγώ,pronoun,,,,,,,,,,,,,,,,,,,,,,,,,,,,,,,,,,,,,,,,,,,,,,,,,,,,,,,,,,,,,,,,,,,,,,,,,,,,,,,,,,,,,,,,,,,,,,,,,,,,,,,,,,,,,,,,,,,,,,,,,,,,,,,,,,,,,,,,,,,,,,,,,
*)arxi=nos,Ἀρχῖνος,proper,'poi=os',,,,,,,,,,,,,,,,,,,,,,,,,,ποῖος,adjective,,,,,,,,,,,,,,,,,,,,,,,,,,,,,,,,,,,,,,,,,,,,,,,,,,,,,,,,,,,,,,,,,,,,,,,,,,,,,,,,,,,,,,,,,,,,,,,,,,,,,,,,,,,,,,,,,,,,,,,,,,,,,,,,,,,,,,,,,,,,,,,,,
o(,ὁ,article,*krh/s,'de/xomai',δέχομαι,verb,,,,,,,,,,,,,,,,,,,,,,,Κρής,proper,,,,,,,,,,,,,,,,,,,,,,,,,,,,,,,,,,,,,,,,,,,,,,,,,,,,,,,,,,,,,,,,,,,,,,,,,,,,,,,,,,,,,,,,,,,,,,,,,,,,,,,,,,,,,,,,,,,,,,,,,,,,,,,,,,,,,,,,,,,,,,,,,
*battia/dew,,,para\,sh=ma,σῆμα,adjective,fe/reis,φέρω,verb,po/das,πούς,noun,eu)=,εὖ,adverb,me\n,μέν,particle,a)oidh/n,ἀοιδός,noun,ei)do/tos,οἶδα,verb,eu)=,εὖ,adverb,d',παρά,preposition,δέ,particle,oi)/nwi,οἶνον,noun,kai/ria,καίριος,adjective,suggela/sai,συγγελάω,verb,,,,,,,,,,,,,,,,,,,,,,,,,,,,,,,,,,,,,,,,,,,,,,,,,,,,,,,,,,,,,,,,,,,,,,,,,,,,,,,,,,,,,,,,,,,,,,,,,,,,,,,,,,,,,,,,,,,,,,,,,,,,,,,,,,,,,,
o(,ὁ,article,*lu/ktios,*menoi/tas,Μενοίτης,proper,ta\,ὁ,article,to/ca,τόξον,noun,tau=t',οὗτος,pronoun,e)peipw/n,ἐπεῖπον,verb,e)/qhke,τίθημι,verb,'th=,τῆ,verb,ke/ras,κέρας,noun,toi,Λύκτιος,proper,τοι,particle,di/dwmi,δίδωμι,verb,kai\,καί,conjunction,fare/trhn,φαρέτρα,noun,*sa/rapi,Σάραπις,proper,,,,,,,,,,,,,,,,,,,,,,,,,,,,,,,,,,,,,,,,,,,,,,,,,,,,,,,,,,,,,,,,,,,,,,,,,,,,,,,,,,,,,,,,,,,,,,,,,,,,,,,,,,,,,,,,,,,,,,,,,,,,,,,,,,,
tou\s,ὁ,article,d',o)istou/s,ὀιστός,adjective,e)/xousin,ἔχω,verb,'*esperi=tai',,,,,,,,,,,,,,,,,,,δέ,particle,,,,,,,,,,,,,,,,,,,,,,,,,,,,,,,,,,,,,,,,,,,,,,,,,,,,,,,,,,,,,,,,,,,,,,,,,,,,,,,,,,,,,,,,,,,,,,,,,,,,,,,,,,,,,,,,,,,,,,,,,,,,,,,,,,,,,,,,,,,,,,,,,
ta\,ὁ,article,dw=ra,ta)frodi/thi,,,*si=mon,Σῖμος,proper,h(,ὁ,article,peri/foitos,περίφοιτος,adjective,ei)ko/n',εἰκών,noun,au(th=s,ἑαυτοῦ,pronoun,e)/qhke,τίθημι,verb,th/n,ὁ,article,te,δῶρον,noun,τε,particle,mi/trhn,μίτρα,noun,h(ma=s,ἐγώ,pronoun,tou\s,ὁ,article,e)fi/lhse,φιλέω,verb,to/n,ὁ,article,te,τε,particle,pa=na,,,kai\,καί,conjunction,tou\s,ὁ,article,au)tou\s,αὐτός,pronoun,o(rh=i,ὁράω,verb,ta/laina,τάλας,adjective,qa/rsous,θάρσος,noun,,,,,,,,,,,,,,,,,,,,,,,,,,,,,,,,,,,,,,,,,,,,,,,,,,,,,,,,,,,,,,,,,,,,,,,,,,,,,,,,,,,,,,,,,,,,,,,,,,,,,,,,
*dh/mhtri,,,th=i,*pulai/hi,,,th=i,τῇ,adverb,tou=ton,οὗτος,pronoun,ou(k,ἐκ,preposition,*pelasgw=n,Πελασγός,proper,*)akri/sios,Ἀκρίσιος,proper,to\n,ὁ,article,nho\n,ναός,noun,e)dei/mato,τῇ,adverb,δέμω,verb,tau=q',οὗτος,pronoun,o(,ὁ,article,*naukrati/ths,Ναυκρατίτης,proper,kai\,καί,conjunction,th=i,τῇ,adverb,ka/tw,κάτος,adjective,qugatri/,θυγάτηρ,adjective,ta\,ὁ,article,dw=ra,δῶρον,noun,*timo/dhmos,Τιμόδημος,proper,ei(/sato,ἵζω,verb,tw=n,ὁ,article,kerde/wn,κέρδος,noun,dekateu/mata,δεκάτευμα,noun,,,,,,,,,,,,,,,,,,,,,,,,,,,,,,,,,,,,,,,,,,,,,,,,,,,,,,,,,,,,,,,,,,,,,,,,,,,,,,,,,,,,,,,,,,,,,,,,,,,,,
kai\,καί,conjunction,ga\r,eu)/caq',εὔχομαι,verb,ou(/tws,οὕτως,adverb,,,,,,,,,,,,,,,,,,,,γάρ,particle,,,,,,,,,,,,,,,,,,,,,,,,,,,,,,,,,,,,,,,,,,,,,,,,,,,,,,,,,,,,,,,,,,,,,,,,,,,,,,,,,,,,,,,,,,,,,,,,,,,,,,,,,,,,,,,,,,,,,,,,,,,,,,,,,,,,,,,,,,,,,,,,,
*(iere/h,,,*dh/mhtros,e)gw/,ἐγώ,pronoun,pote,ποτέ,particle,kai\,καί,conjunction,pa/lin,πάλιν,adverb,*kabei/rwn,Κάβειροι,proper,w)=ner,ἀνήρ,noun,kai\,καί,conjunction,mete/peita,μετέπειμι,verb,*dindumh/nhs,Δημήτηρ,proper,Δινδυμήνη,proper,h(,ὁ,article,grh=us,γραῦς,adjective,geno/mhn,γίγνομαι,verb,h(,ὁ,article,nu=n,νῦν,adverb,ko/nis,κόνις,noun,h(,ὁ,article,*no,,,pollw=n,πολύς,adjective,prostasi/h,προστασία,noun,ne/wn,νέος,adjective,gunaikw=n,γυνή,noun,,,,,,,,,,,,,,,,,,,,,,,,,,,,,,,,,,,,,,,,,,,,,,,,,,,,,,,,,,,,,,,,,,,,,,,,,,,,,,,,,,,,,,,,,,,,,,,,,,,,,,,,,,,
kai/,καί,conjunction,moi,te/xn',,,e)ge/nonto,γίγνομαι,verb,du/',δύη,adjective,a)/rsena,ἄρσην,noun,kh)pe/mus',,,e)kei/nwn,ἐκεῖνος,pronoun,eu)gh/rws,,,e)ni\,ἐν,preposition,xersi/n,ἐγώ,pronoun,χείρ,noun,,,,,,,,,,,,,,,,,,,,,,,,,,,,,,,,,,,,,,,,,,,,,,,,,,,,,,,,,,,,,,,,,,,,,,,,,,,,,,,,,,,,,,,,,,,,,,,,,,,,,,,,,,,,,,,,,,,,,,,,,,,,,,,,,,,,,,,,,,,,,,,
e(/rpe,ἕρπω,verb,xai/rwn,,,,,,,,,,,,,,,,,,,,,,,,,,χαίρω,verb,,,,,,,,,,,,,,,,,,,,,,,,,,,,,,,,,,,,,,,,,,,,,,,,,,,,,,,,,,,,,,,,,,,,,,,,,,,,,,,,,,,,,,,,,,,,,,,,,,,,,,,,,,,,,,,,,,,,,,,,,,,,,,,,,,,,,,,,,,,,,,,,,
h(/misu/,ἥμισυς,adjective,meu,yuxh=s,ψυχή,noun,e)/ti,ἔτι,adverb,to\,ὁ,article,pne/on,πνέω,verb,h(/misu,ἥμισυς,adjective,d',δέ,particle,ou)k,οὐ,adverb,oi)=d',οἶδα,verb,ei)/t',ἐγώ,pronoun,εἴτε,adverb,*)/eros,ἔρος,noun,ei)/t',εἴτε,adverb,*)ai/dhs,Ἅιδης,proper,h(/rpase,ἁρπάζω,verb,plh\n,πλήν,preposition,a)fane/s,ἀφανής,adjective,,,,,,,,,,,,,,,,,,,,,,,,,,,,,,,,,,,,,,,,,,,,,,,,,,,,,,,,,,,,,,,,,,,,,,,,,,,,,,,,,,,,,,,,,,,,,,,,,,,,,,,,,,,,,,,,,,,,,,,,,,,,,
h)=,ἦ,adverb,r(a/,tin',τις,pronoun,e)s,εἰς,preposition,pai/dwn,παῖς,adjective,pa/lin,πάλιν,adverb,w)/ixeto,οἴχομαι,verb,,,,,,,,,,,ἄρα,particle,,,,,,,,,,,,,,,,,,,,,,,,,,,,,,,,,,,,,,,,,,,,,,,,,,,,,,,,,,,,,,,,,,,,,,,,,,,,,,,,,,,,,,,,,,,,,,,,,,,,,,,,,,,,,,,,,,,,,,,,,,,,,,,,,,,,,,,,,,,,,,,,,
kai\,καί,conjunction,me\n,a)pei=pon,ἀπεῖπον,verb,polla/ki,πολλάκις,adverb,'th\n,ὁ,article,drh=stin,δρηστήρ,noun,mh\,μή,conjunction,u(pode/xesqe,ὑποδέχομαι,verb,ne/oi',νέω,verb,,,,,μέν,particle,,,,,,,,,,,,,,,,,,,,,,,,,,,,,,,,,,,,,,,,,,,,,,,,,,,,,,,,,,,,,,,,,,,,,,,,,,,,,,,,,,,,,,,,,,,,,,,,,,,,,,,,,,,,,,,,,,,,,,,,,,,,,,,,,,,,,,,,,,,,,,,,,
,,,,,,,,,,,,,,,,,,,,,,,,,,,,,,,,,,,,,,,,,,,,,,,,,,,,,,,,,,,,,,,,,,,,,,,,,,,,,,,,,,,,,,,,,,,,,,,,,,,,,,,,,,,,,,,,,,,,,,,,,,,,,,,,,,,,,,,,,,,,,,,,,,,,,,,,,,,,,,,,,,,,,,,,,,,,,,,
e)kei=se,ἐκεῖσε,adverb,ga\r,h(,ὁ,article,liqo/leustos,λιθόλευστος,adjective,kei/nh,ἐκεῖνος,pronoun,kai\,καί,conjunction,du/serws,δύσερως,adjective,oi)=d',οἶδα,verb,o(/ti,ὅστις,pronoun,pou,πού,adverb,stre/fetai,γάρ,particle,στρέφω,verb,,,,,,,,,,,,,,,,,,,,,,,,,,,,,,,,,,,,,,,,,,,,,,,,,,,,,,,,,,,,,,,,,,,,,,,,,,,,,,,,,,,,,,,,,,,,,,,,,,,,,,,,,,,,,,,,,,,,,,,,,,,,,,,,,,,,,,,,,,,,,,,
ei),εἰ,conjunction,me\n,e(kw\n,ἑκών,adjective,*)arxi=n',Ἀρχῖνος,proper,e)pekw/masa,ἐπικωμάζω,verb,muri/a,μυρίος,adjective,me/mfou,μέμφομαι,verb,ei),εἰ,conjunction,d',δέ,particle,a)/kwn,ἀέκων,adjective,h(/kw,μέν,particle,ἥκω,verb,th\n,ὁ,article,prope/teian,προπέτεια,noun,e)/a,ἀίω,verb,,,,,,,,,,,,,,,,,,,,,,,,,,,,,,,,,,,,,,,,,,,,,,,,,,,,,,,,,,,,,,,,,,,,,,,,,,,,,,,,,,,,,,,,,,,,,,,,,,,,,,,,,,,,,,,,,,,,,,,,,,,,,,,,,,,,,,
*akrhtos,,,kai\,*)/erws,ἔρως,noun,m',ἐγώ,pronoun,h)na/gkasan,ἀναγκάζω,verb,w(=n,ὅς,pronoun,o(\,ὅς,pronoun,me\n,μέν,particle,au)tw=n,αὐτός,pronoun,ei(=lken,ἕλκω,verb,o(\,καί,conjunction,ὅς,pronoun,d',δέ,particle,ou)k,οὐ,adverb,ei)/a,ἀίω,verb,th\n,ὁ,article,prope/teian,προπέτεια,noun,e)a=n,ἀίω,verb,,,,,,,,,,,,,,,,,,,,,,,,,,,,,,,,,,,,,,,,,,,,,,,,,,,,,,,,,,,,,,,,,,,,,,,,,,,,,,,,,,,,,,,,,,,,,,,,,,,,,,,,,,,,,,,,,,,,,,,,,,,,,
e)lqw\n,ἔρχομαι,verb,d',ou)k,οὐ,adverb,e)bo/hsa,βοάω,verb,ti/s,τίς,pronoun,h)\,ἠέ,conjunction,ti/nos,τίς,pronoun,a)ll',ἀλλά,adverb,e)fi/lhsa,φιλέω,verb,th\n,ὁ,article,flih/n,δέ,particle,φλιά,noun,,,,,,,,,,,,,,,,,,,,,,,,,,,,,,,,,,,,,,,,,,,,,,,,,,,,,,,,,,,,,,,,,,,,,,,,,,,,,,,,,,,,,,,,,,,,,,,,,,,,,,,,,,,,,,,,,,,,,,,,,,,,,,,,,,,,,,,,,,,,,,,
ei),εἰ,conjunction,tou=t',e)/st',εἰμί,verb,a)di/khm',ἀδίκημα,noun,a)dike/w,ἀδικέω,verb,,,,,,,,,,,,,,,,,οὗτος,pronoun,,,,,,,,,,,,,,,,,,,,,,,,,,,,,,,,,,,,,,,,,,,,,,,,,,,,,,,,,,,,,,,,,,,,,,,,,,,,,,,,,,,,,,,,,,,,,,,,,,,,,,,,,,,,,,,,,,,,,,,,,,,,,,,,,,,,,,,,,,,,,,,,,
e/lkos,,,e)/xwn,o(,ὁ,article,cei=nos,ξένος,noun,e)la/nqanen,λανθάνω,verb,,,,,,,,,,,,,,,,,ἔχω,verb,,,,,,,,,,,,,,,,,,,,,,,,,,,,,,,,,,,,,,,,,,,,,,,,,,,,,,,,,,,,,,,,,,,,,,,,,,,,,,,,,,,,,,,,,,,,,,,,,,,,,,,,,,,,,,,,,,,,,,,,,,,,,,,,,,,,,,,,,,,,,,,,,
w(s,ὡς,conjunction,a)nihro/n,pneu=ma,πνεῦμα,noun,dia\,διά,preposition,sthqe/wn,στῆθος,noun,ei)=des),εἶδον,verb,,,,,,,,,,,,,,ἀνιαρός,adjective,,,,,,,,,,,,,,,,,,,,,,,,,,,,,,,,,,,,,,,,,,,,,,,,,,,,,,,,,,,,,,,,,,,,,,,,,,,,,,,,,,,,,,,,,,,,,,,,,,,,,,,,,,,,,,,,,,,,,,,,,,,,,,,,,,,,,,,,,,,,,,,,,
a)nhga/geto,ἀνάγω,verb,to\,tri/ton,τρίτος,adjective,h(ni/k',ἡνίκα,adverb,e)/pine,πίνω,verb,ta\,ὁ,article,de\,δέ,particle,r(o/da,ῥόδον,noun,fulloboleu=nta,φυλλοβολέω,verb,tw)ndro\s,ἀνήρ,noun,a)po\,ὁ,article,ἀπό,preposition,stefa/nwn,στέφανος,noun,pa/nt',πᾶς,adjective,e)ge/nonto,γίγνομαι,verb,xamai/,χαμαί,adverb,,,,,,,,,,,,,,,,,,,,,,,,,,,,,,,,,,,,,,,,,,,,,,,,,,,,,,,,,,,,,,,,,,,,,,,,,,,,,,,,,,,,,,,,,,,,,,,,,,,,,,,,,,,,,,,,,,,,,,,,,,,,,,,,,,,
w)/pthtai,ὀπτάω,verb,me/ga,dh/,δή,particle,ti,τις,pronoun,,,,,,,,,,,,,,,,,,,,μέγας,adverb,,,,,,,,,,,,,,,,,,,,,,,,,,,,,,,,,,,,,,,,,,,,,,,,,,,,,,,,,,,,,,,,,,,,,,,,,,,,,,,,,,,,,,,,,,,,,,,,,,,,,,,,,,,,,,,,,,,,,,,,,,,,,,,,,,,,,,,,,,,,,,,,,
ma\,μά,particle,dai/monas,ou)k,οὐ,adverb,a)po\,ἀπό,preposition,r(usmou=,ῥυθμός,noun,ei)ka/zw,εἰκάζω,verb,fwro\s,φώρ,noun,d',δέ,particle,i)/xnia,ἴχνιον,noun,fw\r,φώρ,noun,e)/maqon,δαίμων,adjective,μανθάνω,verb,,,,,,,,,,,,,,,,,,,,,,,,,,,,,,,,,,,,,,,,,,,,,,,,,,,,,,,,,,,,,,,,,,,,,,,,,,,,,,,,,,,,,,,,,,,,,,,,,,,,,,,,,,,,,,,,,,,,,,,,,,,,,,,,,,,,,,,,,,,,,,,
e)/sti,εἰμί,verb,ti,nai\,ναί,adverb,to\n,ὁ,article,*pa=na,Πάν,proper,kekrumme/non,κρύπτω,verb,e)/sti,εἰμί,verb,ti,τις,pronoun,tau/thi,ταύτῃ,adverb,nai\,ναί,adverb,ma\,τις,pronoun,μά,particle,*diw/nuson,Διόνυσος,proper,pu=r,πῦρ,noun,u(po\,ὑπό,preposition,th=i,τῇ,adverb,spodi/hi,,,,,,,,,,,,,,,,,,,,,,,,,,,,,,,,,,,,,,,,,,,,,,,,,,,,,,,,,,,,,,,,,,,,,,,,,,,,,,,,,,,,,,,,,,,,,,,,,,,,,,,,,,,,,,,,,,,,,,,,,,,,,,,,,,
ou),οὐ,adverb,qarse/w,,,,,,,,,,,,,,,,,,,,,,,,,,θαρσέω,verb,,,,,,,,,,,,,,,,,,,,,,,,,,,,,,,,,,,,,,,,,,,,,,,,,,,,,,,,,,,,,,,,,,,,,,,,,,,,,,,,,,,,,,,,,,,,,,,,,,,,,,,,,,,,,,,,,,,,,,,,,,,,,,,,,,,,,,,,,,,,,,,,,
mh\,μή,conjunction,dh/,me,ἐγώ,pronoun,peri/pleke,περιπλέκω,verb,,,,,,,,,,,,,,,,,,,,δή,particle,,,,,,,,,,,,,,,,,,,,,,,,,,,,,,,,,,,,,,,,,,,,,,,,,,,,,,,,,,,,,,,,,,,,,,,,,,,,,,,,,,,,,,,,,,,,,,,,,,,,,,,,,,,,,,,,,,,,,,,,,,,,,,,,,,,,,,,,,,,,,,,,,
polla/ki,πολλάκις,adverb,lh/qei,toi=xon,τοῖχος,noun,u(potrw/gwn,ὑποτρώγω,verb,h(su/xios,ἡσύχιος,adverb,potamo/s,ποταμός,noun,,,,,,,,,,,,,,λανθάνω,verb,,,,,,,,,,,,,,,,,,,,,,,,,,,,,,,,,,,,,,,,,,,,,,,,,,,,,,,,,,,,,,,,,,,,,,,,,,,,,,,,,,,,,,,,,,,,,,,,,,,,,,,,,,,,,,,,,,,,,,,,,,,,,,,,,,,,,,,,,,,,,,,,,
tw=i,τίς,pronoun,kai\,nu=n,νῦν,adverb,dei/doika,δείδω,verb,*mene/cene,Μενέξενος,proper,mh/,μή,conjunction,me,ἐγώ,pronoun,pareisdu/s,παρεισδύνω,verb,ou(=tos,οὗτος,pronoun,o(seigarnhs,,,ei)s,καί,conjunction,εἰς,preposition,to\n,ὁ,article,e)/rwta,ἔρως,noun,ba/lhi,βάλλω,verb,,,,,,,,,,,,,,,,,,,,,,,,,,,,,,,,,,,,,,,,,,,,,,,,,,,,,,,,,,,,,,,,,,,,,,,,,,,,,,,,,,,,,,,,,,,,,,,,,,,,,,,,,,,,,,,,,,,,,,,,,,,,,,,,,,,,,,
'*lhfqh/sei,λαμβάνω,verb,peri/feuge,*mene/krates',,,ei)=pa,εἶπον,verb,*panh/mou,πάνημος,adjective,ei)ka/di,εἰκάς,noun,kai\,καί,conjunction,*lw/iou,,,th=i,τῇ,adverb,ti/ni,τίς,pronoun,,περιφεύγω,verb,,,,,,,,,,,,,,,,,,,,,,,,,,,,,,,,,,,,,,,,,,,,,,,,,,,,,,,,,,,,,,,,,,,,,,,,,,,,,,,,,,,,,,,,,,,,,,,,,,,,,,,,,,,,,,,,,,,,,,,,,,,,,,,,,,,,,,,,,,,,,,,,,
th=i,τῇ,adverb,deka/thi,h)=lqen,ἔρχομαι,verb,o(,ὁ,article,bou=s,βοῦς,noun,u(p',ὑπό,preposition,a)/rotron,ἄροτρον,adjective,e(kou/sios,ἑκούσιος,adjective,,,,,,,,δεκάτη,noun,,,,,,,,,,,,,,,,,,,,,,,,,,,,,,,,,,,,,,,,,,,,,,,,,,,,,,,,,,,,,,,,,,,,,,,,,,,,,,,,,,,,,,,,,,,,,,,,,,,,,,,,,,,,,,,,,,,,,,,,,,,,,,,,,,,,,,,,,,,,,,,,,
eu)=,εὖ,adverb,g',e)mo\s,ἐμός,adjective,*(ermh=s,Ἑρμῆς,proper,eu)=,εὖ,adverb,g',γε,particle,e)mo/s,ἐμός,adjective,,,,,,,,,,,γε,particle,,,,,,,,,,,,,,,,,,,,,,,,,,,,,,,,,,,,,,,,,,,,,,,,,,,,,,,,,,,,,,,,,,,,,,,,,,,,,,,,,,,,,,,,,,,,,,,,,,,,,,,,,,,,,,,,,,,,,,,,,,,,,,,,,,,,,,,,,,,,,,,,,
ou),οὐ,adverb,para\,ta\s,ὁ,article,ei)/kosi,εἴκοσι,verb,memfo/meqa,μέμφομαι,verb,,,,,,,,,,,,,,,,,παρά,preposition,,,,,,,,,,,,,,,,,,,,,,,,,,,,,,,,,,,,,,,,,,,,,,,,,,,,,,,,,,,,,,,,,,,,,,,,,,,,,,,,,,,,,,,,,,,,,,,,,,,,,,,,,,,,,,,,,,,,,,,,,,,,,,,,,,,,,,,,,,,,,,,,,
ws,,,a)gaqa\n,*polu/famos,πολύφαμος,adjective,a)neu/reto,ἀνευρίσκω,verb,ta\n,ὁ,article,e)paoida/n,ἐπαοιδή,noun,tw)rame/nwi,,,,,,,,,,,,,ἀγαθός,adjective,,,,,,,,,,,,,,,,,,,,,,,,,,,,,,,,,,,,,,,,,,,,,,,,,,,,,,,,,,,,,,,,,,,,,,,,,,,,,,,,,,,,,,,,,,,,,,,,,,,,,,,,,,,,,,,,,,,,,,,,,,,,,,,,,,,,,,,,,,,,,,,,,
nai\,ναί,adverb,*ga=n,ou)k,οὐ,adverb,a)maqh\s,ἀμαθής,adjective,o(,ὁ,article,*ku/klwy,Κύκλωψ,proper,,,,,,,,,,,,,,Γαῖα,proper,,,,,,,,,,,,,,,,,,,,,,,,,,,,,,,,,,,,,,,,,,,,,,,,,,,,,,,,,,,,,,,,,,,,,,,,,,,,,,,,,,,,,,,,,,,,,,,,,,,,,,,,,,,,,,,,,,,,,,,,,,,,,,,,,,,,,,,,,,,,,,,,,
ai(,ὁ,article,*mou=sai,to\n,ὁ,article,e)/rwta,ἔρως,noun,katisxai/nonti,,,*fi/lippe,Φίλιππος,proper,,,,,,,,,,,,,,Μοῦσα,proper,,,,,,,,,,,,,,,,,,,,,,,,,,,,,,,,,,,,,,,,,,,,,,,,,,,,,,,,,,,,,,,,,,,,,,,,,,,,,,,,,,,,,,,,,,,,,,,,,,,,,,,,,,,,,,,,,,,,,,,,,,,,,,,,,,,,,,,,,,,,,,,,,
h)=,ἦ,adverb,panake\s,pa/ntwn,πᾶς,adjective,fa/rmakon,φάρμακον,noun,a(,ὁ,article,sofi/a,σοφία,noun,,,,,,,,,,,,,,πανακής,adjective,,,,,,,,,,,,,,,,,,,,,,,,,,,,,,,,,,,,,,,,,,,,,,,,,,,,,,,,,,,,,,,,,,,,,,,,,,,,,,,,,,,,,,,,,,,,,,,,,,,,,,,,,,,,,,,,,,,,,,,,,,,,,,,,,,,,,,,,,,,,,,,,,
tou=to,οὗτος,pronoun,doke/w,xa),ἕ,pronoun,limo\s,λιμός,noun,e)/xei,ἔχω,verb,monon,,,e)s,εἰς,preposition,ta\,ὁ,article,ponhra/,πονηρός,adjective,tw)gaqo/n,ἀγαθός,adjective,,δοκέω,verb,,,,,,,,,,,,,,,,,,,,,,,,,,,,,,,,,,,,,,,,,,,,,,,,,,,,,,,,,,,,,,,,,,,,,,,,,,,,,,,,,,,,,,,,,,,,,,,,,,,,,,,,,,,,,,,,,,,,,,,,,,,,,,,,,,,,,,,,,,,,,,,,,
e)kko/ptei,ἐκκόπτω,verb,ta\n,filo/paida,φιλόπαις,noun,no/son,νόσος,noun,,,,,,,,,,,,,,,,,,,,ὁ,article,,,,,,,,,,,,,,,,,,,,,,,,,,,,,,,,,,,,,,,,,,,,,,,,,,,,,,,,,,,,,,,,,,,,,,,,,,,,,,,,,,,,,,,,,,,,,,,,,,,,,,,,,,,,,,,,,,,,,,,,,,,,,,,,,,,,,,,,,,,,,,,,,
e)/sq',ἔσθω,verb,a(mi\n,xa)kasta\s,,,a)fei/dea,,,potto\n,,,*)/erwta,ἔρως,noun,tou=t',οὗτος,pronoun,ei)=pai,εἶπον,verb,'kei/reu,κείρω,verb,ta\,ὁ,article,ptera\,ἐγώ,pronoun,πτερόν,noun,paida/rion,παιδάριον,noun,ou)d',οὐδέ,particle,o(/son,ὅσος,adjective,a)tta/rago/n,ἀττάραγος,adjective,tu,σύ,pronoun,dedoi/kames',,,,,,,,,,,,,,,,,,,,,,,,,,,,,,,,,,,,,,,,,,,,,,,,,,,,,,,,,,,,,,,,,,,,,,,,,,,,,,,,,,,,,,,,,,,,,,,,,,,,,,,,,,,,,,,,,,,,,,,,,,,,,,,
ai(,ὁ,article,ga\r,e)pwidai/,ἐπῳδή,noun,oi)/koi,οἴκοι,adverb,tw=,ὁ,article,xalepw=,χαλεπός,adjective,trau/matos,τραῦμα,noun,a)mfo/terai,ἀμφότερος,adjective,,,,,,,,γάρ,particle,,,,,,,,,,,,,,,,,,,,,,,,,,,,,,,,,,,,,,,,,,,,,,,,,,,,,,,,,,,,,,,,,,,,,,,,,,,,,,,,,,,,,,,,,,,,,,,,,,,,,,,,,,,,,,,,,,,,,,,,,,,,,,,,,,,,,,,,,,,,,,,,,
th\n,ὁ,article,a(li/hn,*eu)/dhmos,Εὔδημος,proper,a)f',ἀπό,preposition,h(=s,ὅς,pronoun,a(/la,ἅλς,adjective,lito\n,λιτός,adjective,e)pe/sqwn,ἐφίημι,verb,xeimw=nas,χειμών,noun,mega/lous,μέγας,adverb,e)ce/fugen,ἁλίη,noun,ἐκφεύγω,verb,dane/wn,δάνος,adjective,qh=ke,τίθημι,verb,qeoi=s,θεός,noun,*samo/qrhici,,,le/gwn,λέγω,verb,o(/ti,ὅστις,pronoun,th/nde,ὅδε,pronoun,kat',κατά,preposition,eu)xh/n,εὐχή,noun,w)=,ὦ,interjection,mega/loi,μέγας,adverb,swqei\s,σώζω,verb,e)c,ἐκ,preposition,a(lo\s,ἅλς,adjective,w(=d',ὧδε,adverb,e)/qeto,ἔθω,verb,,,,,,,,,,,,,,,,,,,,,,,,,,,,,,,,,,,,,,,,,,,,,,,,,,,,,,,,,,,,,,,,,,,,,,,,,,,,,,,,,,,,,,,,,,,,,,,
*eu)maqi/hn,εὐμάθεια,adjective,h)itei=to,didou\s,δίδωμι,verb,e)me\,ἐγώ,pronoun,*si=mos,Σῖμος,proper,o(,ὁ,article,*mi/kkou,,,tai=s,ὁ,article,*mou/sais,Μοῦσα,proper,,,,,αἰτέω,verb,,,,,,,,,,,,,,,,,,,,,,,,,,,,,,,,,,,,,,,,,,,,,,,,,,,,,,,,,,,,,,,,,,,,,,,,,,,,,,,,,,,,,,,,,,,,,,,,,,,,,,,,,,,,,,,,,,,,,,,,,,,,,,,,,,,,,,,,,,,,,,,,,
ai(\,ὅς,pronoun,de\,*glau=kos,Γλαύκος,proper,o(/kws,ὅπως,conjunction,e)/dosan,δίδωμι,verb,a)nt',ἀντί,preposition,o)li/gou,ὀλίγος,adjective,me/ga,μέγας,adverb,dw=ron,δῶρον,noun,,,,,δέ,particle,,,,,,,,,,,,,,,,,,,,,,,,,,,,,,,,,,,,,,,,,,,,,,,,,,,,,,,,,,,,,,,,,,,,,,,,,,,,,,,,,,,,,,,,,,,,,,,,,,,,,,,,,,,,,,,,,,,,,,,,,,,,,,,,,,,,,,,,,,,,,,,,,
e)gw\,ἐγώ,pronoun,d',a)na\,ἀνά,preposition,th=ide,ὅδε,pronoun,kexhnw/s,χάσκω,verb,kei=mai,κεῖμαι,verb,tou=,ὁ,article,*sami/ou,Σάμιος,proper,diplo/on,διπλόος,adjective,o(,ὁ,article,tragiko/s,δέ,particle,τραγικός,adjective,paidari/wn,παιδάριον,noun,*dio/nusos,Διόνυσος,proper,e)ph/koos,ἐπήκοος,adjective,,,,,,,,,,,,,,,,,,,,,,,,,,,,,,,,,,,,,,,,,,,,,,,,,,,,,,,,,,,,,,,,,,,,,,,,,,,,,,,,,,,,,,,,,,,,,,,,,,,,,,,,,,,,,,,,,,,,,,,,,,,,,,,,,,,,,,
oi(\,ἕ,pronoun,de\,le/gousin,λέγω,verb,'i(ero\s,ἱερός,adjective,d,,,plo/kamos',πλόκαμος,noun,tou)mo\n,ἐμός,adjective,o)/neiar,ὄνειαρ,adjective,e)moi/,ἐμός,adjective,,,,,δέ,particle,,,,,,,,,,,,,,,,,,,,,,,,,,,,,,,,,,,,,,,,,,,,,,,,,,,,,,,,,,,,,,,,,,,,,,,,,,,,,,,,,,,,,,,,,,,,,,,,,,,,,,,,,,,,,,,,,,,,,,,,,,,,,,,,,,,,,,,,,,,,,,,,,
th=s,ὁ,article,*)agora/nakto/s,me,ἐγώ,pronoun,le/ge,λέγω,verb,ce/ne,ξένος,noun,kwmiko\n,κωμικός,adjective,o)/ntws,ὄντως,adverb,a)gkei=sqai,ἀνάκειμαι,verb,ni/khs,νίκη,noun,ma/rtura,μάρτυς,noun,tou=,,,ὁ,article,*(rodi/ou,,,*pa/mfilon,Πάμφιλος,proper,ou),οὐ,adverb,me\n,μέν,particle,e)/rwti,ἔρως,noun,dedagme/non,δάκνω,verb,h(/misu,ἥμισυς,adjective,d',δέ,particle,o)pth=i,ὀπτός,adjective,i)sxa/di,ἰσχάς,noun,kai\,καί,conjunction,lu/xnois,λύχνον,noun,*)/isidos,Ἴσις,proper,ei)do/menon,εἴδομαι,verb,,,,,,,,,,,,,,,,,,,,,,,,,,,,,,,,,,,,,,,,,,,,,,,,,,,,,,,,,,,,,,,,,,,,,,,,,,,,,,,,,,,,,,,,,,,,,,,,,,,,,
th\n,ὁ,article,*frugi/hn,*ai)/sxrhn,,,a)gaqo\n,ἀγαθός,adjective,ga/la,γάλα,noun,pa=sin,πᾶς,adjective,e)n,ἐν,preposition,e)sqloi=s,ἐσθλός,adjective,*mi/kkos,,,kai\,καί,conjunction,zwh\n,Φρύγιος,proper,ζωή,noun,ou)=san,εἰμί,verb,e)ghroko/mei,γηροκομέω,verb,kai\,καί,conjunction,fqime/nhn,φθίω,verb,a)ne/qhken,ἀνατίθημι,verb,e)pessome/noisin,ἔπειμι,verb,o(ra=sqai,ὁράω,verb,h(,ὁ,article,grh=us,γραῦς,adjective,mastw=n,μαστός,noun,w(s,ὡς,conjunction,a)pe/xei,ἀπέχω,verb,xa/ritas,χάρις,noun,,,,,,,,,,,,,,,,,,,,,,,,,,,,,,,,,,,,,,,,,,,,,,,,,,,,,,,,,,,,,,,,,,,,,,,,,,,,,,,,,,,,,,,,,,,,,,,,,,,,,,,,
te/ssares,τέσσαρες,noun,ai(,*xa/rites,Χάρις,proper,poti\,πρός,preposition,ga\r,γάρ,particle,mi/a,εἷς,adjective,tai=s,ὁ,article,trisi\,τρεῖς,noun,th/nais,ἐκεῖνος,pronoun,a)/rti,ἄρτι,adverb,potepla/sqh,ὁ,article,προσπλάσσω,verb,kh)/ti,,,mu/roisi,μῦρος,noun,notei=,νοτέω,verb,,,,,,,,,,,,,,,,,,,,,,,,,,,,,,,,,,,,,,,,,,,,,,,,,,,,,,,,,,,,,,,,,,,,,,,,,,,,,,,,,,,,,,,,,,,,,,,,,,,,,,,,,,,,,,,,,,,,,,,,,,,,,,,,,,,,,,
eu)ai/wn,εὐαίων,noun,e)n,pa=sin,πᾶς,adjective,a)ri/zalos,,,*bereni/ka,Βερενίκη,proper,a(=s,ὅς,pronoun,a)/ter,ἄτερ,preposition,ou)d',οὐδέ,particle,au)tai\,αὐτός,pronoun,tai\,ὁ,article,*xa/rites,ἐν,preposition,Χάρις,proper,*xa/rites,Χάρις,proper,,,,,,,,,,,,,,,,,,,,,,,,,,,,,,,,,,,,,,,,,,,,,,,,,,,,,,,,,,,,,,,,,,,,,,,,,,,,,,,,,,,,,,,,,,,,,,,,,,,,,,,,,,,,,,,,,,,,,,,,,,,,,,,,,,,,,,,,,,,,
to\n,ὁ,article,to\,kalo\n,καλός,noun,melaneu=nta,μελαίνω,verb,*qeo/kriton,Θεόκριτος,proper,ei),εἰ,conjunction,me\n,μέν,particle,e)/m',ἐγώ,pronoun,e)/xqei,ἔχθος,noun,tetra/ki,τετράκις,adverb,misoi/hs,ὁ,article,μισέω,verb,ei),εἰ,conjunction,de\,δέ,particle,filei=,φιλέω,verb,file/ois,φιλέω,verb,,,,,,,,,,,,,,,,,,,,,,,,,,,,,,,,,,,,,,,,,,,,,,,,,,,,,,,,,,,,,,,,,,,,,,,,,,,,,,,,,,,,,,,,,,,,,,,,,,,,,,,,,,,,,,,,,,,,,,,,,,,,,,,,,,,
naixi\,,,pro\s,eu)xai/tew,εὐχαίτης,noun,*ganumh/deos,Γανυμήδης,proper,ou)ra/nie,οὐράνιος,adjective,*zeu=,Ζεύς,proper,,,,,,,,,,,,,,πρός,preposition,,,,,,,,,,,,,,,,,,,,,,,,,,,,,,,,,,,,,,,,,,,,,,,,,,,,,,,,,,,,,,,,,,,,,,,,,,,,,,,,,,,,,,,,,,,,,,,,,,,,,,,,,,,,,,,,,,,,,,,,,,,,,,,,,,,,,,,,,,,,,,,,,
kai\,καί,conjunction,su/,pot',ποτέ,particle,h)ra/sqhs,ἀράζω,verb,ou)ke/ti,οὐκέτι,adverb,makra\,μακρός,adjective,le/gw,λέγω,verb,,,,,,,,,,,σύ,pronoun,,,,,,,,,,,,,,,,,,,,,,,,,,,,,,,,,,,,,,,,,,,,,,,,,,,,,,,,,,,,,,,,,,,,,,,,,,,,,,,,,,,,,,,,,,,,,,,,,,,,,,,,,,,,,,,,,,,,,,,,,,,,,,,,,,,,,,,,,,,,,,,,,
kai\,καί,conjunction,pa/lin,*ei)lh/quia,Εἰλήθυια,proper,*lukaini/dos,λυκαινίς,noun,e)lqe\,ἔρχομαι,verb,kaleu/shs,καλέω,verb,eu)/loxos,εὔλυρος,adjective,w)di/nwn,ὠδίς,adjective,w(=de,ὧδε,adverb,su\n,σύν,preposition,eu)toki/hi,πάλιν,adverb,,,w(s,ὡς,conjunction,to/de,ὅδε,pronoun,nu=n,νῦν,adverb,me/n,μέν,particle,a)/nassa,ἄνασσα,adjective,ko/rhs,κόρη,noun,u(/per,ὑπέρ,preposition,a)nti\,ἀντί,preposition,de\,δέ,particle,paido/s,παῖς,adjective,u(/steron,ὕστερος,adjective,eu)w/dhs,εὐώδης,adverb,a)/llo,ἄλλος,adjective,ti,τις,pronoun,nho\s,ναός,noun,e)/xoi,ἔχω,verb,,,,,,,,,,,,,,,,,,,,,,,,,,,,,,,,,,,,,,,,,,,,,,,,,,,,,,,,,,,,,,,,,,,,,,,,,,,,,,,,,,,,,,,,,,,,,,,
to\,ὁ,article,xre/os,w(s,ὡς,conjunction,a)pe/xeis,ἀπέχω,verb,*)asklh/pie,,,to\,ὁ,article,pro\,πρό,preposition,gunaiko/s,γυνή,noun,*dhmodi/khs,,,*)ake/swn,,,w)/felen,χρέος,noun,ὀφείλω,verb,eu)ca/menos,εὔχομαι,verb,ginw/skein,γιγνώσκω,verb,h)/n,ἐάν,conjunction,d',δέ,particle,a)=ra,ἆρα,particle,la/qhi,λανθάνω,verb,kai/,καί,conjunction,min,μιν,pronoun,a)paith=is,,,fhsi\,φημί,verb,pare/cesqai,παρέχω,verb,maeturi/hn,,,o(,ὁ,article,pi/nac,πίναξ,adjective,,,,,,,,,,,,,,,,,,,,,,,,,,,,,,,,,,,,,,,,,,,,,,,,,,,,,,,,,,,,,,,,,,,,,,,,,,,,,,,,,,,,,,,,,,,,,,,,,,,,,
tw=i,τίς,pronoun,me,*kanwpi/tai,,,*kalli/stion,,,ei)/kosi,εἴκοσι,verb,mu/cais,μύξα,noun,plou/sion,πλούσιος,adjective,a(,ὁ,article,*kriti/ou,Κριτίης,proper,lu/xnon,λύχνον,noun,e)/qhke,ἐγώ,pronoun,τίθημι,verb,qew=i,θεός,noun,eu)came/na,εὔχομαι,verb,peri\,περί,preposition,paido\s,παῖς,adjective,*)apelli/dos,,,,,,,,,,,,,,,,,,,,,,,,,,,,,,,,,,,,,,,,,,,,,,,,,,,,,,,,,,,,,,,,,,,,,,,,,,,,,,,,,,,,,,,,,,,,,,,,,,,,,,,,,,,,,,,,,,,,,,,,,,,,,,,,,,
e)s,εἰς,preposition,d',e)ma\,ἐμός,adjective,fe/ggh,φέγγος,noun,a)qrh/sas,ἀθρέω,verb,fa/seis,φάσις,adjective,'*(/espere,ἕσπερος,adjective,pw=s,πῶς,adverb,e)/peses',πίπτω,verb,,,,,δέ,particle,,,,,,,,,,,,,,,,,,,,,,,,,,,,,,,,,,,,,,,,,,,,,,,,,,,,,,,,,,,,,,,,,,,,,,,,,,,,,,,,,,,,,,,,,,,,,,,,,,,,,,,,,,,,,,,,,,,,,,,,,,,,,,,,,,,,,,,,,,,,,,,,,
fhsi\n,φημί,verb,o(/,me,ἐγώ,pronoun,sth/sas,ἵστημι,verb,*eu)ai/netos,Εὐαίνετος,proper,ou),οὐ,adverb,ga\r,γάρ,particle,e)/gwge,ἐγώ,pronoun,ginw/skw),γιγνώσκω,verb,ni/khs,νίκη,noun,a)nni/,ὅς,pronoun,,,me,ἐγώ,pronoun,th=s,ὁ,article,i)di/hs,ἴδιος,adjective,a)gkei=sqai,ἀνάκειμαι,verb,xa/lkeion,χάλκειος,adjective,a)le/ktora,ἀλέκτωρ,adjective,*tundari/dhisi,,,,,,,,,,,,,,,,,,,,,,,,,,,,,,,,,,,,,,,,,,,,,,,,,,,,,,,,,,,,,,,,,,,,,,,,,,,,,,,,,,,,,,,,,,,,,,,,,,,,,,,,,,,,,,,,,,,,,,,,,,,,
pisteu/w,πιστεύω,verb,*fai/drou,paidi\,παῖς,adjective,*filoceni/dew,,,,,,,,,,,,,,,,,,,,,,Φαῖδρας,proper,,,,,,,,,,,,,,,,,,,,,,,,,,,,,,,,,,,,,,,,,,,,,,,,,,,,,,,,,,,,,,,,,,,,,,,,,,,,,,,,,,,,,,,,,,,,,,,,,,,,,,,,,,,,,,,,,,,,,,,,,,,,,,,,,,,,,,,,,,,,,,,,,
*)inaxi/hs,,,e(/sthken,e)n,ἐν,preposition,*)/isidos,Ἴσις,proper,h(,ὁ,article,*qa/lew,Θάλης,proper,pai=s,πᾶς,adjective,*ai)sxuli\s,,,*ei)rh/nhs,Εἰρήνη,proper,mhtro\s,μήτηρ,noun,u(posxesi/hi,ἵστημι,verb,,,,,,,,,,,,,,,,,,,,,,,,,,,,,,,,,,,,,,,,,,,,,,,,,,,,,,,,,,,,,,,,,,,,,,,,,,,,,,,,,,,,,,,,,,,,,,,,,,,,,,,,,,,,,,,,,,,,,,,,,,,,,,,,,,,,,,,,,,,,,,,,,
ti/s,τίς,pronoun,ce/nos,w)=,ὦ,interjection,nauhge/,ναυαγός,adjective,,,,,,,,,,,,,,,,,,,,ξένος,noun,,,,,,,,,,,,,,,,,,,,,,,,,,,,,,,,,,,,,,,,,,,,,,,,,,,,,,,,,,,,,,,,,,,,,,,,,,,,,,,,,,,,,,,,,,,,,,,,,,,,,,,,,,,,,,,,,,,,,,,,,,,,,,,,,,,,,,,,,,,,,,,,,
*leo/ntixos,Λεόντιχος,proper,e)nqa/de,,,,,,,,,,,,,,,,,,,,,,,,,,ἐνθάδε,adverb,,,,,,,,,,,,,,,,,,,,,,,,,,,,,,,,,,,,,,,,,,,,,,,,,,,,,,,,,,,,,,,,,,,,,,,,,,,,,,,,,,,,,,,,,,,,,,,,,,,,,,,,,,,,,,,,,,,,,,,,,,,,,,,,,,,,,,,,,,,,,,,,,
nekro/n,νεκρός,noun,eu(=re/,s',σύ,pronoun,e)p',ἐπί,preposition,ai)gialou=,αἰγιαλός,noun,xw=se/,χόω,verb,te,τε,particle,tw=ide,ὅδε,pronoun,ta/fwi,τάφος,noun,dakru/sas,δακρύω,verb,e)pi/khron,εὑρίσκω,verb,ἐπίκηρος,adjective,e(o\n,ἑός,adjective,bi/on,βίος,adjective,,,,,,,,,,,,,,,,,,,,,,,,,,,,,,,,,,,,,,,,,,,,,,,,,,,,,,,,,,,,,,,,,,,,,,,,,,,,,,,,,,,,,,,,,,,,,,,,,,,,,,,,,,,,,,,,,,,,,,,,,,,,,,,,,,,,,,,,,
ou)de\,οὐδέ,particle,ga\r,au)to/s,αὐτός,pronoun,h(/suxon,ἥσυχος,adjective,ai)qui/hi,,,d',δέ,particle,i)=sa,ἴσος,adjective,qalassoporei=,θαλασσοπορέω,verb,,,,,,,,γάρ,particle,,,,,,,,,,,,,,,,,,,,,,,,,,,,,,,,,,,,,,,,,,,,,,,,,,,,,,,,,,,,,,,,,,,,,,,,,,,,,,,,,,,,,,,,,,,,,,,,,,,,,,,,,,,,,,,,,,,,,,,,,,,,,,,,,,,,,,,,,,,,,,,,,
eu)dai/mwn,εὐδαίμων,adjective,o(/ti,ta)/lla,ἄλλος,adjective,manei\s,μαίνομαι,verb,w(rxai=os,,,*)ore/stas,Ὀρέστης,proper,leukaretanman,,,ou)k,οὐ,adverb,e)ma/nh,μαίνομαι,verb,mani/an,μανία,noun,ou)d',ὅστις,pronoun,οὐδέ,particle,e)/lab',λαμβάνω,verb,e)ce/tasin,ἐξέτασις,noun,tw=,ὁ,article,*fwke/os,Φωκεύς,proper,a(/tis,ὅστις,pronoun,e)le/gxei,ἐλέγχω,verb,to\n,ὁ,article,fi/lon,φίλος,adjective,a)llaix',,,e(\n,εἷς,adjective,dra=m',δρᾶμα,noun,e)di/dace,διδάσκω,verb,mo/non,μόνος,adjective,,,,,,,,,,,,,,,,,,,,,,,,,,,,,,,,,,,,,,,,,,,,,,,,,,,,,,,,,,,,,,,,,,,,,,,,,,,,,,,,,,,,,,,,,,,,,,,,,,,,,,,,
h)=,ἦ,adverb,ta/xa,ka,ἄν,particle,to\n,ὁ,article,e(tai=ron,ἑταῖρος,noun,a)pw/lese,ἀπόλλυμι,verb,tou=to,οὗτος,pronoun,poh/sas,ποιέω,verb,kh)gw\,ἐγώ,pronoun,tw\s,τώς,adverb,pollw\s,τάχα,adjective,πολύς,adjective,ou)ke/t',οὐκέτι,adverb,e)/xw,ἔχω,verb,*pula/das,Πυλάδης,proper,,,,,,,,,,,,,,,,,,,,,,,,,,,,,,,,,,,,,,,,,,,,,,,,,,,,,,,,,,,,,,,,,,,,,,,,,,,,,,,,,,,,,,,,,,,,,,,,,,,,,,,,,,,,,,,,,,,,,,,,,,,,,,,,,,,,,,
oi(/tines,ὅστις,pronoun,*)alei/oio,pare/rpete,παρέρπω,verb,sh=ma,σῆμα,adjective,*ki/mwnos,Κίμων,proper,i)/ste,οἶδα,verb,to\n,ὁ,article,*(ippai/ou,,,pai=da,παῖς,adjective,parerxo/menoi,παρέρχομαι,verb,,,,,,,,,,,,,,,,,,,,,,,,,,,,,,,,,,,,,,,,,,,,,,,,,,,,,,,,,,,,,,,,,,,,,,,,,,,,,,,,,,,,,,,,,,,,,,,,,,,,,,,,,,,,,,,,,,,,,,,,,,,,,,,,,,,,,,,,,,,,,,,,,,,,
*ai)/nie,Αἴνιος,proper,kai\,su\,σύ,pronoun,ga\r,γάρ,particle,w(=de,ὧδε,adverb,*mene/krates,,,ou)k,οὐ,adverb,e)pi\,ἐπί,preposition,poulu/,πολύς,adjective,h)=sqa,εἰμί,verb,,καί,conjunction,,,,,,,,,,,,,,,,,,,,,,,,,,,,,,,,,,,,,,,,,,,,,,,,,,,,,,,,,,,,,,,,,,,,,,,,,,,,,,,,,,,,,,,,,,,,,,,,,,,,,,,,,,,,,,,,,,,,,,,,,,,,,,,,,,,,,,,,,,,,,,,,,
ti/,τίς,pronoun,de/,cei/nwn,ξένος,noun,lw=iste,,,kateirga/sato,κατεργάζομαι,verb,,,,,,,,,,,,,,,,,δέ,particle,,,,,,,,,,,,,,,,,,,,,,,,,,,,,,,,,,,,,,,,,,,,,,,,,,,,,,,,,,,,,,,,,,,,,,,,,,,,,,,,,,,,,,,,,,,,,,,,,,,,,,,,,,,,,,,,,,,,,,,,,,,,,,,,,,,,,,,,,,,,,,,,,
h)=,ἦ,adverb,r(a,to\,ὁ,article,kai\,καί,conjunction,*ke/ntauron,Κένταυρος,proper,,,,,,,,,,,,,,,,,ἄρα,particle,,,,,,,,,,,,,,,,,,,,,,,,,,,,,,,,,,,,,,,,,,,,,,,,,,,,,,,,,,,,,,,,,,,,,,,,,,,,,,,,,,,,,,,,,,,,,,,,,,,,,,,,,,,,,,,,,,,,,,,,,,,,,,,,,,,,,,,,,,,,,,,,,
'o(/,ὁ,article,moi,peprwme/nos,πόρω,verb,u(/pnos,ὕπνος,noun,h)=lqen,ἔρχομαι,verb,o(,ὁ,article,de\,δέ,particle,tlh/mwn,τλήμων,adjective,oi)=nos,οἶνος,noun,e)/xei,ἔχω,verb,pro/fasin',ἐγώ,pronoun,πρόφασις,noun,,,,,,,,,,,,,,,,,,,,,,,,,,,,,,,,,,,,,,,,,,,,,,,,,,,,,,,,,,,,,,,,,,,,,,,,,,,,,,,,,,,,,,,,,,,,,,,,,,,,,,,,,,,,,,,,,,,,,,,,,,,,,,,,,,,,,,,,,,,,,,,
*kunqia/des,,,qarsei=te,ta\,ὁ,article,ga\r,γάρ,particle,tou=,ὁ,article,*krhto\s,Κρής,proper,*)exe/mma,,,kei=tai,κέω,verb,e)n,ἐν,preposition,*)ortugi/hi,Ὀρτυγία,proper,to/ca,θαρσέω,verb,τόξον,noun,par',παρά,preposition,*)arte/midi,Ἄρτεμις,proper,oi(=s,ὅς,pronoun,u(me/wn,σύ,pronoun,e)ke/nwsen,κενόω,verb,o)/ros,ὄρος,adjective,me/ga,μέγας,adverb,,,,,,,,,,,,,,,,,,,,,,,,,,,,,,,,,,,,,,,,,,,,,,,,,,,,,,,,,,,,,,,,,,,,,,,,,,,,,,,,,,,,,,,,,,,,,,,,,,,,,,,,,,,,,,,,,,,,,,,,,,
nu=n,νῦν,adverb,de\,pe/pautai,παύω,verb,ai)=ges,αἴξ,adjective,e)pei\,ἐπεί,conjunction,sponda\s,σπονδή,noun,h(,ὁ,article,qeo\s,θεός,noun,ei)rga/sato,ἐργάζομαι,verb,,,,,δέ,particle,,,,,,,,,,,,,,,,,,,,,,,,,,,,,,,,,,,,,,,,,,,,,,,,,,,,,,,,,,,,,,,,,,,,,,,,,,,,,,,,,,,,,,,,,,,,,,,,,,,,,,,,,,,,,,,,,,,,,,,,,,,,,,,,,,,,,,,,,,,,,,,,,
ou(/tws,οὕτως,adverb,u(pnw/sais,*kwnw/pion,κωνώπιον,noun,w(s,ὡς,conjunction,e)me\,ἐγώ,pronoun,poiei=s,ποιέω,verb,koima=sqai,κοιμάω,verb,yuxroi=s,ψυχρός,adjective,toi=sde,ὅδε,pronoun,para\,παρά,preposition,proqu/rois,ὑπνάω,verb,πρόθυρον,noun,,,,,,,,,,,,,,,,,,,,,,,,,,,,,,,,,,,,,,,,,,,,,,,,,,,,,,,,,,,,,,,,,,,,,,,,,,,,,,,,,,,,,,,,,,,,,,,,,,,,,,,,,,,,,,,,,,,,,,,,,,,,,,,,,,,,,,,,,,,,,,,
ou(/tws,οὕτως,adverb,u(pnw/sais,a)dikwta/th,ἄδικος,adjective,w(s,ὡς,conjunction,to\n,ὁ,article,e)rasth/n,ἐραστής,noun,koimi/zeis,κοιμίζω,verb,e)le/ou,ἔλεος,noun,d',δέ,particle,ou)d',οὐδέ,particle,o)/nar,ὑπνάω,verb,ὄναρ,noun,h)nti/asas,ἀντιάω,verb,,,,,,,,,,,,,,,,,,,,,,,,,,,,,,,,,,,,,,,,,,,,,,,,,,,,,,,,,,,,,,,,,,,,,,,,,,,,,,,,,,,,,,,,,,,,,,,,,,,,,,,,,,,,,,,,,,,,,,,,,,,,,,,,,,,,,,,,,,,,
gei/tones,γείτων,noun,oi)ktei/rousi,su\,σύ,pronoun,d',δέ,particle,ou)d',οὐδέ,particle,o)/nar,ὄναρ,noun,,,,,,,,,,,,,,οἰκτείρω,verb,,,,,,,,,,,,,,,,,,,,,,,,,,,,,,,,,,,,,,,,,,,,,,,,,,,,,,,,,,,,,,,,,,,,,,,,,,,,,,,,,,,,,,,,,,,,,,,,,,,,,,,,,,,,,,,,,,,,,,,,,,,,,,,,,,,,,,,,,,,,,,,,,
h(,ὁ,article,polih\,de/,δέ,particle,au)ti/k',αὐτίκα,adverb,a)namnh/sei,ἀναμιμνήσκω,verb,tau=ta/,οὗτος,pronoun,se,σύ,pronoun,pa/nta,πᾶς,adjective,ko/mh,κόμη,noun,,,,,πολιά,noun,,,,,,,,,,,,,,,,,,,,,,,,,,,,,,,,,,,,,,,,,,,,,,,,,,,,,,,,,,,,,,,,,,,,,,,,,,,,,,,,,,,,,,,,,,,,,,,,,,,,,,,,,,,,,,,,,,,,,,,,,,,,,,,,,,,,,,,,,,,,,,,,,
