word/0/@_form,word/0/lemma/@_entry,word/0/lemma/@_POS,word/1/@_form,word/1/lemma/@_entry,word/1/lemma/@_POS,word/2/@_form,word/2/lemma/@_entry,word/2/lemma/@_POS,word/3/@_form,word/3/lemma/@_entry,word/3/lemma/@_POS,word/4/@_form,word/4/lemma/@_entry,word/4/lemma/@_POS,word/5/@_form,word/5/lemma/@_entry,word/5/lemma/@_POS,word/6/@_form,word/6/lemma/@_entry,word/6/lemma/@_POS,word/7/@_form,word/7/lemma/@_entry,word/7/lemma/@_POS,word/8/@_form,word/8/lemma/@_entry,word/8/lemma/@_POS,word/9/@_form,word/9/lemma/@_entry,word/9/lemma/@_POS,word/10/@_form,word/10/lemma/@_entry,word/10/lemma/@_POS,word/11/@_form,word/11/lemma/@_entry,word/11/lemma/@_POS,word/12/@_form,word/12/lemma/@_entry,word/12/lemma/@_POS,word/13/@_form,word/13/lemma/@_entry,word/13/lemma/@_POS,word/14/@_form,word/14/lemma/@_entry,word/14/lemma/@_POS,word/15/@_form,word/15/lemma/@_entry,word/15/lemma/@_POS,word/16/@_form,word/16/lemma/@_entry,word/16/lemma/@_POS,word/17/@_form,word/17/lemma/@_entry,word/17/lemma/@_POS,word/18/@_form,word/18/lemma/@_entry,word/18/lemma/@_POS,word/19/@_form,word/19/lemma/@_entry,word/19/lemma/@_POS,word/20/@_form,word/20/lemma/@_entry,word/20/lemma/@_POS,word/21/@_form,word/21/lemma/@_entry,word/21/lemma/@_POS,word/22/@_form,word/22/lemma/@_entry,word/22/lemma/@_POS,word/23/@_form,word/23/lemma/@_entry,word/23/lemma/@_POS,word/24/@_form,word/24/lemma/@_entry,word/24/lemma/@_POS,word/25/@_form,word/25/lemma/@_entry,word/25/lemma/@_POS,word/26/@_form,word/26/lemma/@_entry,word/26/lemma/@_POS,word/27/@_form,word/27/lemma/@_entry,word/27/lemma/@_POS,word/28/@_form,word/28/lemma/@_entry,word/28/lemma/@_POS,word/29/@_form,word/29/lemma/@_entry,word/29/lemma/@_POS,word/30/@_form,word/30/lemma/@_entry,word/30/lemma/@_POS,word/31/@_form,word/31/lemma/@_entry,word/31/lemma/@_POS,word/32/@_form,word/32/lemma/@_entry,word/32/lemma/@_POS,word/33/@_form,word/33/lemma/@_entry,word/33/lemma/@_POS,word/34/@_form,word/34/lemma/@_entry,word/34/lemma/@_POS,word/35/@_form,word/35/lemma/@_entry,word/35/lemma/@_POS,word/36/@_form,word/36/lemma/@_entry,word/36/lemma/@_POS,word/37/@_form,word/37/lemma/@_entry,word/37/lemma/@_POS,word/38/@_form,word/38/lemma/@_entry,word/38/lemma/@_POS,word/39/@_form,word/39/lemma/@_entry,word/39/lemma/@_POS,word/40/@_form,word/40/lemma/@_entry,word/40/lemma/@_POS,word/41/@_form,word/41/lemma/@_entry,word/41/lemma/@_POS,word/42/@_form,word/42/lemma/@_entry,word/42/lemma/@_POS,word/43/@_form,word/43/lemma/@_entry,word/43/lemma/@_POS,word/44/@_form,word/45/@_form,word/45/lemma/@_entry,word/45/lemma/@_POS,word/46/@_form,word/46/lemma/@_entry,word/46/lemma/@_POS,word/47/@_form,word/47/lemma/@_entry,word/47/lemma/@_POS,word/48/@_form,word/48/lemma/@_entry,word/48/lemma/@_POS,word/49/@_form,word/49/lemma/@_entry,word/49/lemma/@_POS,word/50/@_form,word/50/lemma/@_entry,word/50/lemma/@_POS,word/51/@_form,word/51/lemma/@_entry,word/51/lemma/@_POS,word/52/@_form,word/52/lemma/@_entry,word/52/lemma/@_POS,word/53/@_form,word/53/lemma/@_entry,word/53/lemma/@_POS,word/54/@_form,word/54/lemma/@_entry,word/54/lemma/@_POS,word/55/@_form,word/55/lemma/@_entry,word/55/lemma/@_POS,word/56/@_form,word/56/lemma/@_entry,word/56/lemma/@_POS,word/57/@_form,word/57/lemma/@_entry,word/57/lemma/@_POS,word/58/@_form,word/58/lemma/@_entry,word/58/lemma/@_POS,word/44/lemma/@_entry,word/44/lemma/@_POS,word/59/@_form,word/59/lemma/@_entry,word/59/lemma/@_POS,word/60/@_form,word/60/lemma/@_entry,word/60/lemma/@_POS,word/61/@_form,word/61/lemma/@_entry,word/61/lemma/@_POS,word/62/@_form,word/62/lemma/@_entry,word/62/lemma/@_POS,word/63/@_form,word/63/lemma/@_entry,word/63/lemma/@_POS,word/64/@_form,word/64/lemma/@_entry,word/64/lemma/@_POS,word/65/@_form,word/65/lemma/@_entry,word/65/lemma/@_POS,word/66/@_form,word/66/lemma/@_entry,word/66/lemma/@_POS,word/67/@_form,word/67/lemma/@_entry,word/67/lemma/@_POS,word/68/@_form,word/68/lemma/@_entry,word/68/lemma/@_POS,word/69/@_form,word/69/lemma/@_entry,word/69/lemma/@_POS,word/70/@_form,word/70/lemma/@_entry,word/70/lemma/@_POS,word/71/@_form,word/71/lemma/@_entry,word/71/lemma/@_POS,word/72/@_form,word/72/lemma/@_entry,word/72/lemma/@_POS,word/73/@_form,word/73/lemma/@_entry,word/73/lemma/@_POS,word/74/@_form,word/74/lemma/@_entry,word/74/lemma/@_POS,word/75/@_form,word/75/lemma/@_entry,word/75/lemma/@_POS,word/76/@_form,word/76/lemma/@_entry,word/76/lemma/@_POS,word/77/@_form,word/77/lemma/@_entry,word/77/lemma/@_POS,word/78/@_form,word/78/lemma/@_entry,word/78/lemma/@_POS,word/79/@_form,word/79/lemma/@_entry,word/79/lemma/@_POS,word/80/@_form,word/80/lemma/@_entry,word/80/lemma/@_POS,word/81/@_form,word/81/lemma/@_entry,word/81/lemma/@_POS,word/82/@_form,word/82/lemma/@_entry,word/82/lemma/@_POS,word/83/@_form,word/83/lemma/@_entry,word/83/lemma/@_POS,word/84/@_form,word/84/lemma/@_entry,word/84/lemma/@_POS,word/85/@_form,word/85/lemma/@_entry,word/85/lemma/@_POS,word/86/@_form,word/86/lemma/@_entry,word/86/lemma/@_POS,word/87/@_form,word/87/lemma/@_entry,word/87/lemma/@_POS,word/88/@_form,word/88/lemma/@_entry,word/88/lemma/@_POS,word/89/@_form,word/89/lemma/@_entry,word/89/lemma/@_POS,word/90/@_form,word/90/lemma/@_entry,word/90/lemma/@_POS,word/91/@_form,word/91/lemma/@_entry,word/91/lemma/@_POS,word/92/@_form,word/92/lemma/@_entry,word/92/lemma/@_POS,word/93/@_form,word/93/lemma/@_entry,word/93/lemma/@_POS,word/94/@_form,word/94/lemma/@_entry,word/94/lemma/@_POS,word/95/@_form,word/95/lemma/@_entry,word/95/lemma/@_POS,word/96/@_form,word/96/lemma/@_entry,word/96/lemma/@_POS,word/97/@_form,word/97/lemma/@_entry,word/97/lemma/@_POS,word/98/@_form,word/98/lemma/@_entry,word/98/lemma/@_POS,word/99/@_form,word/99/lemma/@_entry,word/99/lemma/@_POS,word/100/@_form,word/100/lemma/@_entry,word/100/lemma/@_POS,word/101/@_form,word/101/lemma/@_entry,word/101/lemma/@_POS,word/102/@_form,word/102/lemma/@_entry,word/102/lemma/@_POS,word/103/@_form,word/103/lemma/@_entry,word/103/lemma/@_POS,word/104/@_form,word/104/lemma/@_entry,word/104/lemma/@_POS,word/105/@_form,word/105/lemma/@_entry,word/105/lemma/@_POS,word/106/@_form,word/106/lemma/@_entry,word/106/lemma/@_POS,word/107/@_form,word/108/@_form,word/108/lemma/@_entry,word/108/lemma/@_POS,word/109/@_form,word/109/lemma/@_entry,word/109/lemma/@_POS,word/110/@_form,word/110/lemma/@_entry,word/110/lemma/@_POS,word/111/@_form,word/111/lemma/@_entry,word/111/lemma/@_POS,word/112/@_form,word/112/lemma/@_entry,word/112/lemma/@_POS,word/113/@_form,word/113/lemma/@_entry,word/113/lemma/@_POS,word/114/@_form,word/114/lemma/@_entry,word/114/lemma/@_POS,word/115/@_form,word/115/lemma/@_entry,word/115/lemma/@_POS,word/116/@_form,word/116/lemma/@_entry,word/116/lemma/@_POS,word/117/@_form,word/117/lemma/@_entry,word/117/lemma/@_POS,word/118/@_form,word/118/lemma/@_entry,word/118/lemma/@_POS,word/119/@_form,word/119/lemma/@_entry,word/119/lemma/@_POS,word/120/@_form,word/120/lemma/@_entry,word/120/lemma/@_POS,word/121/@_form,word/121/lemma/@_entry,word/121/lemma/@_POS,word/122/@_form,word/122/lemma/@_entry,word/122/lemma/@_POS,word/123/@_form,word/123/lemma/@_entry,word/123/lemma/@_POS,word/124/@_form,word/124/lemma/@_entry,word/124/lemma/@_POS,word/125/@_form,word/125/lemma/@_entry,word/125/lemma/@_POS,word/126/@_form,word/126/lemma/@_entry,word/126/lemma/@_POS,word/127/@_form,word/127/lemma/@_entry,word/127/lemma/@_POS,word/128/@_form,word/128/lemma/@_entry,word/128/lemma/@_POS,word/129/@_form,word/129/lemma/@_entry,word/129/lemma/@_POS,word/130/@_form,word/130/lemma/@_entry,word/130/lemma/@_POS,word/131/@_form,word/131/lemma/@_entry,word/131/lemma/@_POS
ou)k,οὐ,adverb,e)/stin,εἰμί,verb,xalepw/teron,χαλεπός,adjective,ou)de/n,οὐδείς,pronoun,w)=,ὦ,interjection,a)/ndres,ἀνήρ,noun,dikastai/,δικαστής,noun,h)\,ἠέ,conjunction,o(/tan,ὅταν,conjunction,a)/nqrwpos,ἄνθρωπος,noun,do/can,δόξα,noun,e)/xwn,ἔχω,verb,kai\,καί,conjunction,duna/menos,δύναμαι,verb,ei)pei=n,εἶπον,verb,tolma=|,τολμάω,verb,yeu/desqai,ψεύδω,verb,kai\,καί,conjunction,martu/rwn,μάρτυρος,noun,eu)porh=|,εὐπορέω,verb,,,,,,,,,,,,,,,,,,,,,,,,,,,,,,,,,,,,,,,,,,,,,,,,,,,,,,,,,,,,,,,,,,,,,,,,,,,,,,,,,,,,,,,,,,,,,,,,,,,,,,,,,,,,,,,,,,,,,,,,,,,,,,,,,,,,,,,,,,,,,,,,,,,,,,,,,,,,,,,,,,,,,,,,,,,,,,,,,,,,,,,,,,,,,,,,,,,,,,,,,,,,,,,,,,,,,,,,,,,,,,,,,,,,,,,,,,,,,,,,,,,,,,,,,,,,,,,,,,,,,,,,,,,,,,,,,,,,,,,,,,,,,,,,,,,,,,,,,,,,,,,,,,,,,,,,,,,,,,,,,,,,,,,,,,,,,,
a)na/gkh,ἀνάγκη,noun,ga/r,γάρ,particle,e)stin,εἰμί,verb,tw=|,ὁ,article,feu/gonti,φεύγω,verb,mhke/ti,μηκέτι,adverb,peri\,περί,preposition,tou=,ὁ,article,pra/gmatos,πρᾶγμα,noun,mo/non,μόνος,adjective,le/gein,λέγω,verb,a)lla\,ἀλλά,adverb,kai\,καί,conjunction,peri\,περί,preposition,au)tou=,αὐτός,pronoun,tou=,ὁ,article,le/gontos,λέγω,verb,w(s,ὡς,conjunction,ou)k,οὐ,adverb,ei)ko\s,ἔοικα,verb,au)tw=|,αὐτός,pronoun,dia\,διά,preposition,th\n,ὁ,article,do/can,δόξα,noun,pisteu/ein,πιστεύω,verb,,,,,,,,,,,,,,,,,,,,,,,,,,,,,,,,,,,,,,,,,,,,,,,,,,,,,,,,,,,,,,,,,,,,,,,,,,,,,,,,,,,,,,,,,,,,,,,,,,,,,,,,,,,,,,,,,,,,,,,,,,,,,,,,,,,,,,,,,,,,,,,,,,,,,,,,,,,,,,,,,,,,,,,,,,,,,,,,,,,,,,,,,,,,,,,,,,,,,,,,,,,,,,,,,,,,,,,,,,,,,,,,,,,,,,,,,,,,,,,,,,,,,,,,,,,,,,,,,,,,,,,,,,,,,,,,,,,,,,,,,,,,,,,,,,,,,,,,,,,,,,,,,,,,,,,,,,,,,,,
ei),εἰ,conjunction,ga\r,γάρ,particle,e)/qos,ἔθος,noun,katasth/sete,καθίστημι,verb,toi=s,ὁ,article,duname/nois,δύναμαι,verb,ei)pei=n,εἶπον,verb,kai\,καί,conjunction,do/can,δόξα,noun,e)/xousi,ἔχω,verb,ma=llon,μᾶλλον,adverb,pisteu/ein,πιστεύω,verb,h)\,ἠέ,conjunction,toi=s,ὁ,article,a)dunatwte/rois,ἀδύνατος,adjective,e)f',ἐπί,preposition,u(mi=n,σύ,pronoun,au)toi=s,αὐτός,pronoun,e)/sesqe,εἰμί,verb,to\,ὁ,article,e)/qos,ἔθος,noun,tou=to,οὗτος,pronoun,kateskeuako/tes,κατασκευάζω,verb,,,,,,,,,,,,,,,,,,,,,,,,,,,,,,,,,,,,,,,,,,,,,,,,,,,,,,,,,,,,,,,,,,,,,,,,,,,,,,,,,,,,,,,,,,,,,,,,,,,,,,,,,,,,,,,,,,,,,,,,,,,,,,,,,,,,,,,,,,,,,,,,,,,,,,,,,,,,,,,,,,,,,,,,,,,,,,,,,,,,,,,,,,,,,,,,,,,,,,,,,,,,,,,,,,,,,,,,,,,,,,,,,,,,,,,,,,,,,,,,,,,,,,,,,,,,,,,,,,,,,,,,,,,,,,,,,,,,,,,,,,,,,,,,,,,,,,,,,,,,,,,,,,,,,,,,,,,,,,,,,,,,,
de/omai,δέομαι,verb,ou)=n,οὖν,particle,u(mw=n,σύ,pronoun,ei)/per,εἴπερ,conjunction,ti,τις,pronoun,kai\,καί,conjunction,a)/llo,ἄλλος,adjective,pw/pote,πώποτε,adverb,pra=gma,πρᾶγμα,noun,au)to\,αὐτός,pronoun,kaq',κατά,preposition,au(to\,ἑαυτοῦ,pronoun,e)dika/sate,δικάζω,verb,mhde\,μηδέ,particle,meq',μετά,preposition,e(te/rwn,ἕτερος,adjective,th\n,ὁ,article,gnw/mhn,γνώμη,noun,geno/menoi,γίγνομαι,verb,mh/te,μήτε,particle,meta\,μετά,preposition,tw=n,ὁ,article,diwko/ntwn,διώκω,verb,mh/te,μήτε,particle,meta\,μετά,preposition,tw=n,ὁ,article,feugo/ntwn,φεύγω,verb,a)lla\,ἀλλά,adverb,to\,ὁ,article,di/kaion,δίκαιος,adjective,skeya/menoi,σκέπτομαι,verb,ou(/tw,οὕτως,adverb,kai\,καί,conjunction,nu=n,νῦν,adverb,diagnw=nai,διαγιγνώσκω,verb,,,,,,,,,,,,,,,,,,,,,,,,,,,,,,,,,,,,,,,,,,,,,,,,,,,,,,,,,,,,,,,,,,,,,,,,,,,,,,,,,,,,,,,,,,,,,,,,,,,,,,,,,,,,,,,,,,,,,,,,,,,,,,,,,,,,,,,,,,,,,,,,,,,,,,,,,,,,,,,,,,,,,,,,,,,,,,,,,,,,,,,,,,,,,,,,,,,,,,,,,,,,,,,,,,,,,,,,,,,,,,,,,,,,,,,,,,,,,,,,,,,,,,,,,,,,,,,,,,,,,,,,,,,,,,,,,,,,,,,,,,,,,,,,,
e)c,ἐκ,preposition,a)rxh=s,ἀρχή,noun,d',δέ,particle,u(mi=n,σύ,pronoun,dihgh/somai,διηγέομαι,verb,,,,,,,,,,,,,,,,,,,,,,,,,,,,,,,,,,,,,,,,,,,,,,,,,,,,,,,,,,,,,,,,,,,,,,,,,,,,,,,,,,,,,,,,,,,,,,,,,,,,,,,,,,,,,,,,,,,,,,,,,,,,,,,,,,,,,,,,,,,,,,,,,,,,,,,,,,,,,,,,,,,,,,,,,,,,,,,,,,,,,,,,,,,,,,,,,,,,,,,,,,,,,,,,,,,,,,,,,,,,,,,,,,,,,,,,,,,,,,,,,,,,,,,,,,,,,,,,,,,,,,,,,,,,,,,,,,,,,,,,,,,,,,,,,,,,,,,,,,,,,,,,,,,,,,,,,,,,,,,,,,,,,,,,,,,,,,,,,,,,,,,,,,,,,,,,,,,,,,,,,,,,,,,,,,,,,,,,,,,
*lu/kwn,Λύκος,proper,ga\r,γάρ,particle,o(,ὁ,article,*(hraklew/ths,Ἡρακλεώτης,proper,w)=,ὦ,interjection,a)/ndres,ἀνήρ,noun,dikastai/,δικαστής,noun,ou(=tos,οὗτος,pronoun,o(\n,ὅς,pronoun,kai\,καί,conjunction,au)to\s,αὐτός,pronoun,le/gei,λέγω,verb,th=|,ὁ,article,trape/zh|,τράπεζα,noun,th=|,ὁ,article,tou=,ὁ,article,patro\s,πατήρ,noun,e)xrh=to,χράομαι,verb,w(/sper,ὥσπερ,adverb,kai\,καί,conjunction,oi(,ὁ,article,a)/lloi,ἄλλος,adjective,e)/mporoi,ἔμπορος,adjective,ce/nos,ξένος,noun,me\n,μέν,particle,w)\n,εἰμί,verb,*)aristo/nw|,Ἀρίστονος,proper,tw=|,ὁ,article,*dekelei=,Δεκελεύς,proper,kai\,καί,conjunction,*)arxebia/dh|,Ἀρχεβιάδης,proper,tw=|,ὁ,article,*lamptrei=,Λαμπτρεύς,proper,a)/nqrwpos,ἄνθρωπος,noun,de/,δέ,particle,tis,τις,pronoun,sw/frwn,σώφρων,noun,,,,,,,,,,,,,,,,,,,,,,,,,,,,,,,,,,,,,,,,,,,,,,,,,,,,,,,,,,,,,,,,,,,,,,,,,,,,,,,,,,,,,,,,,,,,,,,,,,,,,,,,,,,,,,,,,,,,,,,,,,,,,,,,,,,,,,,,,,,,,,,,,,,,,,,,,,,,,,,,,,,,,,,,,,,,,,,,,,,,,,,,,,,,,,,,,,,,,,,,,,,,,,,,,,,,,,,,,,,,,,,,,,,,,,,,,,,,,,,,,,,,,,,,,,,,,,,,,,,,,,,,,,,,,,,,,,,,,,,,,,,
ou(=tos,οὗτος,pronoun,e)peidh\,ἐπεί,conjunction,e)kplei=n,ἐκπλέω,verb,e)/mellen,μέλλω,verb,ei)s,εἰς,preposition,th\n,ὁ,article,*libu/hn,Λιβύη,proper,dialogisa/menos,διαλογίζομαι,verb,pro\s,πρός,preposition,to\n,ὁ,article,pate/ra,πατήρ,noun,to\n,ὁ,article,e)mo\n,ἐμός,adjective,e)nanti/on,ἐναντίος,adjective,*)arxebia/dou,Ἀρχεβιάδης,proper,kai\,καί,conjunction,*frasi/ou,Φράσιος,proper,prose/tacen,προστάσσω,verb,to\,ὁ,article,a)rgu/rion,ἀργύριον,adjective,o(\,ὅς,pronoun,kate/leipen,καταλιμπάνω,verb,h)=n,εἰμί,verb,de\,δέ,particle,tou=to,οὗτος,pronoun,e(kkai/deka,ἑκκαίδεκα,noun,mnai=,μνᾶ,noun,kai\,καί,conjunction,tettara/konta,τεσσαράκοντα,adjective,draxmai/,δραχμή,noun,w(s,ὡς,conjunction,e)gw\,ἐγώ,pronoun,u(mi=n,σύ,pronoun,pa/nu,πάνυ,adverb,a)kribw=s,ἀκριβῶς,adverb,e)pidei/cw),ἐπιδείκνυμι,verb,*khfisia/dh|,,,a)podou=nai,ἀποδίδωμι,verb,le/gwn,λέγω,verb,o(/ti,ὅστις,pronoun,koinwno\s,κοινωνός,noun,ei)/h,ἀίω,verb,au(tou=,ἑαυτοῦ,pronoun,o(,ὁ,article,*khfisia/dhs,ou(=tos,οὗτος,pronoun,oi)kh/twr,οἰκήτωρ,noun,me\n,μέν,particle,w)\n,εἰμί,verb,e)n,ἐν,preposition,*ski/rw|,Σκίρον,proper,e)n,ἐν,preposition,de\,δέ,particle,tw=|,ὁ,article,paro/nti,πάρειμι,verb,e)f',ἐπί,preposition,e(te/ra|,ἕτερος,adjective,a)podhmw=n,ἀποδημέω,verb,e)mpori/a|,ἐμπορία,noun,,,,,,,,,,,,,,,,,,,,,,,,,,,,,,,,,,,,,,,,,,,,,,,,,,,,,,,,,,,,,,,,,,,,,,,,,,,,,,,,,,,,,,,,,,,,,,,,,,,,,,,,,,,,,,,,,,,,,,,,,,,,,,,,,,,,,,,,,,,,,,,,,,,,,,,,,,,,,,,,,,,,,,,,,,,,,,,,,,,,,,,,,,,,,,,,,,,,,,,,,,,,,,,,,,,,,,,,,,,
dei=cai,δείκνυμι,verb,d',δέ,particle,au)to\n,αὐτός,pronoun,tw=|,ὁ,article,patri\,πατήρ,noun,tw=|,ὁ,article,e)mw=|,ἐμός,adjective,kai\,καί,conjunction,susth=sai,συνίστημι,verb,tw=|,ὁ,article,*)arxebia/dh|,Ἀρχεβιάδης,proper,kai\,καί,conjunction,tw=|,ὁ,article,*frasi/a|,,,prose/tacen,προστάσσω,verb,e)peidh\,ἐπεί,conjunction,h(/koi,ἥκω,verb,e)k,ἐκ,preposition,th=s,ὁ,article,a)podhmi/as,ἀποδημία,noun,,,,,,,,,,,,,,,,,,,,,,,,,,,,,,,,,,,,,,,,,,,,,,,,,,,,,,,,,,,,,,,,,,,,,,,,,,,,,,,,,,,,,,,,,,,,,,,,,,,,,,,,,,,,,,,,,,,,,,,,,,,,,,,,,,,,,,,,,,,,,,,,,,,,,,,,,,,,,,,,,,,,,,,,,,,,,,,,,,,,,,,,,,,,,,,,,,,,,,,,,,,,,,,,,,,,,,,,,,,,,,,,,,,,,,,,,,,,,,,,,,,,,,,,,,,,,,,,,,,,,,,,,,,,,,,,,,,,,,,,,,,,,,,,,,,,,,,,,,,,,,,,,,,,,,,,,,,,,,,,,,,,,,,,,,,,,,
ei)w/qasi,ἔθω,verb,de\,δέ,particle,pa/ntes,πᾶς,adjective,oi(,ὁ,article,trapezi=tai,τραπεζίτης,noun,o(/tan,ὅταν,conjunction,tis,τις,pronoun,a)rgu/rion,ἀργύριον,adjective,tiqei\s,τίθημι,verb,i)diw/ths,ἰδιώτης,noun,a)podou=nai/,ἀποδίδωμι,verb,tw|,τις,pronoun,prosta/tth|,προστάσσω,verb,prw=ton,πρότερος,adjective,tou=,ὁ,article,qe/ntos,τίθημι,verb,tou)/noma,ὄνομα,adjective,gra/fein,γράφω,verb,kai\,καί,conjunction,to\,ὁ,article,kefa/laion,κεφάλαιος,adjective,tou=,ὁ,article,a)rguri/ou,ἀργύριον,adjective,e)/peita,ἔπειτα,adverb,paragra/fein,παραγράφω,verb,tw=|,ὁ,article,dei=ni,δεῖνα,noun,a)podou=nai,ἀποδίδωμι,verb,dei=,δέομαι,verb,kai\,καί,conjunction,e)a\n,ἐάν,conjunction,me\n,μέν,particle,gignw/skwsi,γιγνώσκω,verb,th\n,ὁ,article,o)/yin,ὄψις,noun,tou=,ὁ,article,a)nqrw/pou,ἄνθρωπος,noun,w(=|,ὅς,pronoun,a)\n,ἄν,particle,de/h|,δέομαι,verb,a)podou=nai,ἀποδίδωμι,verb,tosou=to,τοσοῦτος,adjective,mo/non,μόνος,adjective,poiei=n,ποιέω,verb,gra/yai,w(=|,ὅς,pronoun,dei=,δέομαι,verb,a)podou=nai,ἀποδίδωμι,verb,e)a\n,ἐάν,conjunction,de\,δέ,particle,mh\,μή,conjunction,gignw/skwsi,γιγνώσκω,verb,kai\,καί,conjunction,tou/tou,οὗτος,pronoun,tou)/noma,ὄνομα,adjective,prosparagra/fein,προσπαραγράφω,verb,o(\s,ὅς,pronoun,a)\n,ἄν,particle,me/llh|,μέλλω,verb,γράφω,verb,susth/sein,συνίστημι,verb,kai\,καί,conjunction,dei/cein,δείκνυμι,verb,to\n,ὁ,article,a)/nqrwpon,ἄνθρωπος,noun,o(\n,ὅς,pronoun,a)\n,ἄν,particle,de/h|,δέομαι,verb,komi/sasqai,κομίζω,verb,to\,ὁ,article,a)rgu/rion,ἀργύριον,adjective,,,,,,,,,,,,,,,,,,,,,,,,,,,,,,,,,,,,,,,,,,,,,,,,,,,,,,,,,,,,,,,,,,,,,,,,,,,,,,,,,,,,,,,,,,,,,,,,,,,,,,,,,,,,,,,,,,,,,,,,,,,,,,,,,,,,,,,,,,,,,,,,,,,,,,,,,,,,,,,,,,,,,,,,,,,,,,,,,,,,,,,,
tu/xhs,τύχη,noun,de\,δέ,particle,sumba/shs,σύμβασις,noun,toiau/ths,τοιοῦτος,adjective,tw=|,ὁ,article,*lu/kwni,Λύκων,proper,tou/tw|,οὗτος,pronoun,w(/ste,ὥστε,conjunction,eu)qu\s,εὐθύς,adverb,e)kple/onta,ἐκπλέω,verb,au)to\n,αὐτός,pronoun,peri\,περί,preposition,to\n,ὁ,article,*)argoliko\n,Ἀργολικός,adjective,ko/lpon,κόλπος,noun,u(po\,ὑπό,preposition,lh|stri/dwn,λῃστρίς,noun,new=n,ναός,noun,ta/,τίς,pronoun,te,τε,particle,xrh/mata,χρῆμα,adjective,kataxqh=nai,κατάγω,verb,ei)s,εἰς,preposition,*)/argos,Ἄργος,proper,kai\,καί,conjunction,au)to\n,αὐτός,pronoun,toceuqe/nta,τοξεύω,verb,a)poqanei=n,ἀποθνήσκω,verb,e)/rxetai,ἔρχομαι,verb,e)pi\,ἐπί,preposition,th\n,ὁ,article,tra/pezan,τράπεζα,noun,*ka/llippos,Κάλλιππος,proper,ou(tosi\,οὗτος,pronoun,eu)qu\s,εὐθύς,adverb,e)rwtw=n,ἐρωτάω,verb,*lu/kwna,Λύκων,proper,*(hraklew/thn,Ἡρακλεώτης,proper,ei),εἰ,conjunction,gignw/skoien,γιγνώσκω,verb,,,,,,,,,,,,,,,,,,,,,,,,,,,,,,,,,,,,,,,,,,,,,,,,,,,,,,,,,,,,,,,,,,,,,,,,,,,,,,,,,,,,,,,,,,,,,,,,,,,,,,,,,,,,,,,,,,,,,,,,,,,,,,,,,,,,,,,,,,,,,,,,,,,,,,,,,,,,,,,,,,,,,,,,,,,,,,,,,,,,,,,,,,,,,,,,,,,,,,,,,,,,,,,,,,,,,,,,,,,,,,,,,,,,,,,,,,,,,,,,,,,,,,,,,,,,,,,,,,,,,,,,,,,,,,,,,,
a)pokriname/nou,ἀποκρίνω,verb,de\,δέ,particle,*formi/wnos,Φορμίων,proper,toutoui\,οὗτος,pronoun,o(/ti,ὅστις,pronoun,gignw/skoien,γιγνώσκω,verb,a)=ra,ἆρα,particle,kai\,καί,conjunction,e)xrh=to,χράομαι,verb,u(mi=n,σύ,pronoun,e)/fh,φημί,verb,o(,ὁ,article,*formi/wn,Φορμίων,proper,,,,,,,,,,,,,,,,,,,,,,,,,,,,,,,,,,,,,,,,,,,,,,,,,,,,,,,,,,,,,,,,,,,,,,,,,,,,,,,,,,,,,,,,,,,,,,,,,,,,,,,,,,,,,,,,,,,,,,,,,,,,,,,,,,,,,,,,,,,,,,,,,,,,,,,,,,,,,,,,,,,,,,,,,,,,,,,,,,,,,,,,,,,,,,,,,,,,,,,,,,,,,,,,,,,,,,,,,,,,,,,,,,,,,,,,,,,,,,,,,,,,,,,,,,,,,,,,,,,,,,,,,,,,,,,,,,,,,,,,,,,,,,,,,,,,,,,,,,,,,,,,,,,,,,,,,,,,,,,,,,,,,,,,,,,,,,,,,,,,,,,,,,,,,,,,,,,
a)lla\,ἀλλά,adverb,pro\s,πρός,preposition,ti/,τίς,pronoun,e)rwta=|s,ἐρωτάω,verb,pro\s,πρός,preposition,ti/,τίς,pronoun,e)/fh,φημί,verb,,,,,,,,,,,,,,,,,,,,,,,,,,,,,,,,,,,,,,,,,,,,,,,,,,,,,,,,,,,,,,,,,,,,,,,,,,,,,,,,,,,,,,,,,,,,,,,,,,,,,,,,,,,,,,,,,,,,,,,,,,,,,,,,,,,,,,,,,,,,,,,,,,,,,,,,,,,,,,,,,,,,,,,,,,,,,,,,,,,,,,,,,,,,,,,,,,,,,,,,,,,,,,,,,,,,,,,,,,,,,,,,,,,,,,,,,,,,,,,,,,,,,,,,,,,,,,,,,,,,,,,,,,,,,,,,,,,,,,,,,,,,,,,,,,,,,,,,,,,,,,,,,,,,,,,,,,,,,,,,,,,,,,,,,,,,,,,,,,,,,,,,,,,,,,,,,,,,,,,,,,,,,,,,,,,,,
e)gw/,ἐγώ,pronoun,soi,σύ,pronoun,e)rw=,ἐράομαι,verb,,,,,,,,,,,,,,,,,,,,,,,,,,,,,,,,,,,,,,,,,,,,,,,,,,,,,,,,,,,,,,,,,,,,,,,,,,,,,,,,,,,,,,,,,,,,,,,,,,,,,,,,,,,,,,,,,,,,,,,,,,,,,,,,,,,,,,,,,,,,,,,,,,,,,,,,,,,,,,,,,,,,,,,,,,,,,,,,,,,,,,,,,,,,,,,,,,,,,,,,,,,,,,,,,,,,,,,,,,,,,,,,,,,,,,,,,,,,,,,,,,,,,,,,,,,,,,,,,,,,,,,,,,,,,,,,,,,,,,,,,,,,,,,,,,,,,,,,,,,,,,,,,,,,,,,,,,,,,,,,,,,,,,,,,,,,,,,,,,,,,,,,,,,,,,,,,,,,,,,,,,,,,,,,,,,,,,,,,,,,,,,,,
e)kei=nos,ἐκεῖνος,pronoun,me\n,μέν,particle,teteleu/thken,τελευτάω,verb,e)gw\,ἐγώ,pronoun,de\,δέ,particle,procenw=n,προξενέω,verb,tugxa/nw,τυγχάνω,verb,tw=n,ὁ,article,*(hraklewtw=n,Ἡρακλεώτης,proper,,,,,,,,,,,,,,,,,,,,,,,,,,,,,,,,,,,,,,,,,,,,,,,,,,,,,,,,,,,,,,,,,,,,,,,,,,,,,,,,,,,,,,,,,,,,,,,,,,,,,,,,,,,,,,,,,,,,,,,,,,,,,,,,,,,,,,,,,,,,,,,,,,,,,,,,,,,,,,,,,,,,,,,,,,,,,,,,,,,,,,,,,,,,,,,,,,,,,,,,,,,,,,,,,,,,,,,,,,,,,,,,,,,,,,,,,,,,,,,,,,,,,,,,,,,,,,,,,,,,,,,,,,,,,,,,,,,,,,,,,,,,,,,,,,,,,,,,,,,,,,,,,,,,,,,,,,,,,,,,,,,,,,,,,,,,,,,,,,,,,,,,,,,,,,,,,,,,,,,,,,,,,,,
a)ciw=,ἀξιάω,verb,dh/,δή,particle,se,σύ,pronoun,dei=cai/,δείκνυμι,verb,moi,ἐγώ,pronoun,ta\,ὁ,article,gra/mmata,γράμμα,noun,i(/n',ἵνα,conjunction,ei)dw=,οἶδα,verb,ei)/,εἰ,conjunction,ti,τις,pronoun,katale/loipen,καταλιμπάνω,verb,a)rgu/rion,ἀργύριον,adjective,,,,,,,,,,,,,,,,,,,,,,,,,,,,,,,,,,,,,,,,,,,,,,,,,,,,,,,,,,,,,,,,,,,,,,,,,,,,,,,,,,,,,,,,,,,,,,,,,,,,,,,,,,,,,,,,,,,,,,,,,,,,,,,,,,,,,,,,,,,,,,,,,,,,,,,,,,,,,,,,,,,,,,,,,,,,,,,,,,,,,,,,,,,,,,,,,,,,,,,,,,,,,,,,,,,,,,,,,,,,,,,,,,,,,,,,,,,,,,,,,,,,,,,,,,,,,,,,,,,,,,,,,,,,,,,,,,,,,,,,,,,,,,,,,,,,,,,,,,,,,,,,,,,,,,,,,,,,,,,,,,,,,,,,,,,,,,,,,,,,,,,,,,,,,,,,,,,
e)c,ἐκ,preposition,a)na/gkhs,ἀνάγκη,noun,ga/r,γάρ,particle,moi/,ἐγώ,pronoun,e)stin,εἰμί,verb,a(pa/ntwn,ἅπας,adjective,*(hraklewtw=n,Ἡρακλεώτης,proper,e)pimelei=sqai,ἐπιμελέομαι,verb,,,,,,,,,,,,,,,,,,,,,,,,,,,,,,,,,,,,,,,,,,,,,,,,,,,,,,,,,,,,,,,,,,,,,,,,,,,,,,,,,,,,,,,,,,,,,,,,,,,,,,,,,,,,,,,,,,,,,,,,,,,,,,,,,,,,,,,,,,,,,,,,,,,,,,,,,,,,,,,,,,,,,,,,,,,,,,,,,,,,,,,,,,,,,,,,,,,,,,,,,,,,,,,,,,,,,,,,,,,,,,,,,,,,,,,,,,,,,,,,,,,,,,,,,,,,,,,,,,,,,,,,,,,,,,,,,,,,,,,,,,,,,,,,,,,,,,,,,,,,,,,,,,,,,,,,,,,,,,,,,,,,,,,,,,,,,,,,,,,,,,,,,,,,,,,,,,,,,,,,,,,,,,,,,,
a)kou/sas,ἀκέω,verb,d',δέ,particle,au)tou=,αὐτός,pronoun,o(,ὁ,article,*formi/wn,Φορμίων,proper,w)=,ὦ,interjection,a)/ndres,ἀνήρ,noun,dikastai/,δικαστής,noun,e)/deicen,δείκνυμι,verb,eu)qe/ws,εὐθύς,adverb,paraxrh=ma,παραχρῆμα,adverb,,,,,,,,,,,,,,,,,,,,,,,,,,,,,,,,,,,,,,,,,,,,,,,,,,,,,,,,,,,,,,,,,,,,,,,,,,,,,,,,,,,,,,,,,,,,,,,,,,,,,,,,,,,,,,,,,,,,,,,,,,,,,,,,,,,,,,,,,,,,,,,,,,,,,,,,,,,,,,,,,,,,,,,,,,,,,,,,,,,,,,,,,,,,,,,,,,,,,,,,,,,,,,,,,,,,,,,,,,,,,,,,,,,,,,,,,,,,,,,,,,,,,,,,,,,,,,,,,,,,,,,,,,,,,,,,,,,,,,,,,,,,,,,,,,,,,,,,,,,,,,,,,,,,,,,,,,,,,,,,,,,,,,,,,,,,,,,,,,,,,,,,,,,,,,,,,,,,,,,,,
dei/cantos,δείκνυμι,verb,de\,δέ,particle,au)tou=,αὐτός,pronoun,to\,ὁ,article,grammatei=on,γραμματεῖον,noun,a)nagnou\s,ἀναγιγνώσκω,verb,au)to\s,αὐτός,pronoun,kai\,καί,conjunction,a)/llos,ἄλλος,adjective,ou)dei/s,οὐδείς,pronoun,kai\,καί,conjunction,i)dw\n,εἶδον,verb,gegramme/non,γράφω,verb,e)n,ἐν,preposition,au)tw=|,αὐτός,pronoun,*lu/kwn,Λύκος,proper,*(hraklew/ths,Ἡρακλεώτης,proper,xili/as,χίλιοι,adjective,e(cakosi/as,ἑξακόσιοι,adjective,tettara/konta,τεσσαράκοντα,adjective,,,,,,,,,,,,,,,,,,,,,,,,,,,,,,,,,,,,,,,,,,,,,,,,,,,,,,,,,,,,,,,,,,,,,,,,,,,,,,,,,,,,,,,,,,,,,,,,,,,,,,,,,,,,,,,,,,,,,,,,,,,,,,,,,,,,,,,,,,,,,,,,,,,,,,,,,,,,,,,,,,,,,,,,,,,,,,,,,,,,,,,,,,,,,,,,,,,,,,,,,,,,,,,,,,,,,,,,,,,,,,,,,,,,,,,,,,,,,,,,,,,,,,,,,,,,,,,,,,,,,,,,,,,,,,,,,,,,,,,,,,,,,,,,,,,,,,,,,,,,,,,,,,,,,,,,,,,,,,,,,,,,,,,,,,,,,,
*khfisia/dh|,,,a)podou=nai,ἀποδίδωμι,verb,dei=,δέομαι,verb,,,,,,,,,,,,,,,,,,,,,,,,,,,,,,,,,,,,,,,,,,,,,,,,,,,,,,,,,,,,,,,,,,,,,,,,,,,,,,,,,,,,,,,,,,,,,,,,,,,,,,,,,,,,,,,,,,,,,,,,,,,,,,,,,,,,,,,,,,,,,,,,,,,,,,,,,,,,,,,,,,,,,,,,,,,,,,,,,,,,,,,,,,,,,,,,,,,,,,,,,,,,,,,,,,,,,,,,,,,,,,,,,,,,,,,,,,,,,,,,,,,,,,,,,,,,,,,,,,,,,,,,,,,,,,,,,,,,,,,,,,,,,,,,,,,,,,,,,,,,,,,,,,,,,,,,,,,,,,,,,,,,,,,,,,,,,,,,,,,,,,,,,,,,,,,,,,,,,,,,,,,,,,,,,,,,,,,,,,,,,,,,,
*)arxebia/dhs,Ἀρχεβιάδης,proper,*lamptreu\s,Λαμπτρεύς,proper,dei/cei,δείκνυμι,verb,to\n,ὁ,article,*khfisia/dhn,,,w)/|xeto,οἴχομαι,verb,a)piw\n,ἄπειμι,verb,siwph=|,σιωπή,noun,kai\,καί,conjunction,ple/on,πλέος,adjective,h)\,ἠέ,conjunction,pe/nte,πέντε,adverb,mhnw=n,μήνη,noun,ou)de/na,οὐδείς,pronoun,lo/gon,λόγος,noun,e)poih/sato,ποιέω,verb,,,,,,,,,,,,,,,,,,,,,,,,,,,,,,,,,,,,,,,,,,,,,,,,,,,,,,,,,,,,,,,,,,,,,,,,,,,,,,,,,,,,,,,,,,,,,,,,,,,,,,,,,,,,,,,,,,,,,,,,,,,,,,,,,,,,,,,,,,,,,,,,,,,,,,,,,,,,,,,,,,,,,,,,,,,,,,,,,,,,,,,,,,,,,,,,,,,,,,,,,,,,,,,,,,,,,,,,,,,,,,,,,,,,,,,,,,,,,,,,,,,,,,,,,,,,,,,,,,,,,,,,,,,,,,,,,,,,,,,,,,,,,,,,,,,,,,,,,,,,,,,,,,,,,,,,,,,,,,,,,,,,,,,,,,,,,,,,,,,,,,,,,,
e)pidhmh/santos,ἐπιδημέω,verb,de\,δέ,particle,tou=,ὁ,article,*khfisia/dou,,,meta\,μετά,preposition,tau=ta,οὗτος,pronoun,kai\,καί,conjunction,proselqo/ntos,προσέρχομαι,verb,pro\s,πρός,preposition,th\n,ὁ,article,tra/pezan,τράπεζα,noun,kai\,καί,conjunction,a)paitou=ntos,ἀπαιτέω,verb,ta\,ὁ,article,xrh/mata,χρῆμα,adjective,paro/ntos,πάρειμι,verb,de/,δέ,particle,w)=,ὦ,interjection,a)/ndres,ἀνήρ,noun,dikastai/,δικαστής,noun,*)arxebia/dou,Ἀρχεβιάδης,proper,kai\,καί,conjunction,tou=,ὁ,article,*frasi/ou,Φράσιος,proper,ou(\s,ὅς,pronoun,o(,ὁ,article,*lu/kwn,Λύκος,proper,tw=|,ὁ,article,patri\,πατήρ,noun,sune/sthsen,συνίστημι,verb,kai\,καί,conjunction,e)ke/leuse,κελεύω,verb,to\n,ὁ,article,*khfisia/dhn,,,dei=cai,δείκνυμι,verb,o(\s,ὅς,pronoun,ei)/h,ἀίω,verb,e)peidh\,ἐπεί,conjunction,e)/lqoi,ἔρχομαι,verb,paro/ntwn,πάρειμι,verb,de\,δέ,particle,kai\,καί,conjunction,a)/llwn,ἄλλος,adjective,e)cariqmh/sas,ἐξαριθμέω,verb,au)tw=|,ta\s,ὁ,article,e(kkai/deka,ἑκκαίδεκα,noun,mna=s,μνᾶ,noun,kai\,καί,conjunction,tettara/konta,τεσσαράκοντα,adjective,draxma\s,δραχμή,noun,a)pe/dwke,ἀποδίδωμι,verb,*formi/wn,Φορμίων,proper,ou(tosi/,οὗτος,pronoun,,,,,,,,,,,,,,,,αὐτός,pronoun,,,,,,,,,,,,,,,,,,,,,,,,,,,,,,,,,,,,,,,,,,,,,,,,,,,,,,,,,,,,,,,,,,,,,,,,,,,,,,,,,,,,,,,,,,,,,,,,,,,,,,,,,,,,,,,,,,,,,,,,,,,,,,,,,,,,,,,,,,,,,,,,,,,,,,,,,,,,,,,,,,,,,,,,,,,,,,,,,,,,,,,,,,,,,,,,,,,,,,,,,,,,,,,,,,,,,,,,,
w(s,ὡς,conjunction,de\,δέ,particle,a)lhqh=,ἀληθής,adjective,le/gw,λέγω,verb,tou/twn,οὗτος,pronoun,a(pa/ntwn,ἅπας,adjective,u(mi=n,σύ,pronoun,ta\s,ὁ,article,marturi/as,μαρτυρία,noun,a)nagnw/setai,ἀναγιγνώσκω,verb,,,,,,,,,,,,,,,,,,,,,,,,,,,,,,,,,,,,,,,,,,,,,,,,,,,,,,,,,,,,,,,,,,,,,,,,,,,,,,,,,,,,,,,,,,,,,,,,,,,,,,,,,,,,,,,,,,,,,,,,,,,,,,,,,,,,,,,,,,,,,,,,,,,,,,,,,,,,,,,,,,,,,,,,,,,,,,,,,,,,,,,,,,,,,,,,,,,,,,,,,,,,,,,,,,,,,,,,,,,,,,,,,,,,,,,,,,,,,,,,,,,,,,,,,,,,,,,,,,,,,,,,,,,,,,,,,,,,,,,,,,,,,,,,,,,,,,,,,,,,,,,,,,,,,,,,,,,,,,,,,,,,,,,,,,,,,,,,,,,,,,,,,,,,,,,,,,,,,,,,,,,,
o(/ti,ὅστις,pronoun,me\n,μέν,particle,a)lhqh=,ἀληθής,adjective,a(/panta,ἅπας,adjective,ei)=pon,εἶπον,verb,pro\s,πρός,preposition,u(ma=s,σύ,pronoun,w)=,ὦ,interjection,a)/ndres,ἀνήρ,noun,dikastai/,δικαστής,noun,tw=n,ὁ,article,marturiw=n,μαρτυρία,noun,a)khko/ate,ἀκούω,verb,,,,,,,,,,,,,,,,,,,,,,,,,,,,,,,,,,,,,,,,,,,,,,,,,,,,,,,,,,,,,,,,,,,,,,,,,,,,,,,,,,,,,,,,,,,,,,,,,,,,,,,,,,,,,,,,,,,,,,,,,,,,,,,,,,,,,,,,,,,,,,,,,,,,,,,,,,,,,,,,,,,,,,,,,,,,,,,,,,,,,,,,,,,,,,,,,,,,,,,,,,,,,,,,,,,,,,,,,,,,,,,,,,,,,,,,,,,,,,,,,,,,,,,,,,,,,,,,,,,,,,,,,,,,,,,,,,,,,,,,,,,,,,,,,,,,,,,,,,,,,,,,,,,,,,,,,,,,,,,,,,,,,,,,,,,,,,,,,,,,,,,,,,,,,,,,,,,
proselqw\n,προσέρχομαι,verb,de\,δέ,particle,suxnw=|,συχνός,adjective,xro/nw|,χρόνος,noun,u(/steron,ὕστερος,adjective,pro\s,πρός,preposition,to\n,ὁ,article,pate/ra,πατήρ,noun,*ka/llippos,Κάλλιππος,proper,ou(tosi\,οὗτος,pronoun,e)n,ἐν,preposition,a)/stei,ἄστυ,noun,h)/reto,αἴρω,verb,au)to\n,αὐτός,pronoun,ei),εἰ,conjunction,h)/dh,ἤδη,adverb,e)pidedhmhkw\s,ἐπιδημέω,verb,ei)/h,ἀίω,verb,o(,ὁ,article,*khfisia/dhs,,,o(/tw|,ὅστις,pronoun,gegramme/non,γράφω,verb,ei)/h,ἀίω,verb,a)podou=nai,ἀποδίδωμι,verb,to\,ὁ,article,a)rgu/rion,ἀργύριον,adjective,to\,ὁ,article,u(po\,ὑπό,preposition,tou=,ὁ,article,*lu/kwnos,Λύκων,proper,tou=,ὁ,article,*(hraklew/tou,Ἡρακλεώτης,proper,kataleifqe/n,καταλιμπάνω,verb,,,,,,,,,,,,,,,,,,,,,,,,,,,,,,,,,,,,,,,,,,,,,,,,,,,,,,,,,,,,,,,,,,,,,,,,,,,,,,,,,,,,,,,,,,,,,,,,,,,,,,,,,,,,,,,,,,,,,,,,,,,,,,,,,,,,,,,,,,,,,,,,,,,,,,,,,,,,,,,,,,,,,,,,,,,,,,,,,,,,,,,,,,,,,,,,,,,,,,,,,,,,,,,,,,,,,,,,,,,,,,,,,,,,,,,,,,,,,,,,,,,,,,,,,,,,,,,,,,,,,,,,,,,,,,,,,,,,,,,,,,,,,,,,,,,,,,,
a)pokriname/nou,ἀποκρίνω,verb,de\,δέ,particle,tou=,ὁ,article,patro\s,πατήρ,noun,o(/ti,ὅστις,pronoun,oi)/oito,οἴομαι,verb,me/n,μέν,particle,ei),εἰ,conjunction,me/ntoi,μέντοι,particle,bou/loito,βούλομαι,verb,ei)s,εἰς,preposition,*peiraia=,Πειραιεύς,proper,katabh=nai,καθάπτω,verb,th\n,ὁ,article,a)kri/beian,ἀκρίβεια,noun,ei)/soito,εἶμι,verb,oi)=sqa/,οἶδα,verb,toi,τοι,particle,e)/fh,φημί,verb,o(/,ὅς,pronoun,ti,τις,pronoun,e)/stin,εἰμί,verb,w)=,ὦ,interjection,*pasi/wn,Πάσιος,proper,o(/,ὅς,pronoun,se,σύ,pronoun,e)rwtw=,ἐρωτάω,verb,kai\,καί,conjunction,ma\,μά,particle,to\n,ὁ,article,*di/a,Δίη,proper,kai\,καί,conjunction,to\n,ὁ,article,*)apo/llw,Ἀπόλλων,proper,kai\,καί,conjunction,th\n,ὁ,article,*dh/mhtra,Δημήτηρ,proper,ou),οὐ,adverb,yeu/somai,ψεύδω,verb,pro\s,πρός,preposition,u(ma=s,σύ,pronoun,w)=,ὦ,interjection,a)/ndres,ἀνήρ,noun,dikastai/,δικαστής,noun,a)ll',a(\,ὅς,pronoun,tou=,ὁ,article,patro\s,πατήρ,noun,h)/kouon,ἀκούω,verb,dihgh/somai,διηγέομαι,verb,u(mi=n),σύ,pronoun,,,,,,,,,,,,,,,,,,,,,,,,,ἀλλά,adverb,,,,,,,,,,,,,,,,,,,,,,,,,,,,,,,,,,,,,,,,,,,,,,,,,,,,,,,,,,,,,,,,,,,,,,,,,,,,,,,,,,,,,,,,,,,,,,,,,,,,,,,,,,,,,,,,,,,,,,,,,,,,,,,,,,,,,,,,,,,,,,,,,,,,,,,,,,,,,,,,,,,,,,,,,,,,,,,,,,,,,,,,,,,,,,,,,,,,,,,,,,,,,,,,,,,,,,,,,
e)/cesti/,ἔξεστι,verb,soi,σύ,pronoun,e)/fh,φημί,verb,e)me/,ἐγώ,pronoun,te,τε,particle,eu)=,εὖ,adverb,poih=sai,ποιέω,verb,kai\,καί,conjunction,au)to\n,αὐτός,pronoun,mhde\n,μηδείς,pronoun,blabh=nai,βλάπτω,verb,,,,,,,,,,,,,,,,,,,,,,,,,,,,,,,,,,,,,,,,,,,,,,,,,,,,,,,,,,,,,,,,,,,,,,,,,,,,,,,,,,,,,,,,,,,,,,,,,,,,,,,,,,,,,,,,,,,,,,,,,,,,,,,,,,,,,,,,,,,,,,,,,,,,,,,,,,,,,,,,,,,,,,,,,,,,,,,,,,,,,,,,,,,,,,,,,,,,,,,,,,,,,,,,,,,,,,,,,,,,,,,,,,,,,,,,,,,,,,,,,,,,,,,,,,,,,,,,,,,,,,,,,,,,,,,,,,,,,,,,,,,,,,,,,,,,,,,,,,,,,,,,,,,,,,,,,,,,,,,,,,,,,,,,,,,,,,,,,,,,,,,,,,,,,,,,,,,,,,,,,
procenw=n,προξενέω,verb,me\n,μέν,particle,ga\r,γάρ,particle,tugxa/nw,τυγχάνω,verb,tw=n,ὁ,article,*(hraklewtw=n,Ἡρακλεώτης,proper,bou/loio,βούλομαι,verb,d',δέ,particle,a)/n,ἄν,particle,w(s,ὡς,conjunction,oi)=mai,οἴομαι,verb,e)gw/,ἐγώ,pronoun,e)me\,ἐγώ,pronoun,ma=llon,μᾶλλον,adverb,to\,ὁ,article,a)rgu/rion,ἀργύριον,adjective,labei=n,λαμβάνω,verb,h)\,ἠέ,conjunction,to\n,ὁ,article,me/toikon,μέτοικος,noun,a)/nqrwpon,ἄνθρωπος,noun,kai\,καί,conjunction,e)n,ἐν,preposition,*ski/rw|,Σκίρον,proper,katoikou=nta,κατοικέω,verb,kai\,καί,conjunction,ou)deno\s,οὐδείς,pronoun,a)/cion,ἄξιος,adjective,,,,,,,,,,,,,,,,,,,,,,,,,,,,,,,,,,,,,,,,,,,,,,,,,,,,,,,,,,,,,,,,,,,,,,,,,,,,,,,,,,,,,,,,,,,,,,,,,,,,,,,,,,,,,,,,,,,,,,,,,,,,,,,,,,,,,,,,,,,,,,,,,,,,,,,,,,,,,,,,,,,,,,,,,,,,,,,,,,,,,,,,,,,,,,,,,,,,,,,,,,,,,,,,,,,,,,,,,,,,,,,,,,,,,,,,,,,,,,,,,,,,,,,,,,,,,,,,,,,,,,,,,,,,,,,,,,,,,,,,,,,,,,,,,,,,,,,,,,,,,,,,,,,,,,
sumbe/bhken,συμβαίνω,verb,de\,δέ,particle,toiou=to/n,τοιοῦτος,adjective,ti,τις,pronoun,,,,,,,,,,,,,,,,,,,,,,,,,,,,,,,,,,,,,,,,,,,,,,,,,,,,,,,,,,,,,,,,,,,,,,,,,,,,,,,,,,,,,,,,,,,,,,,,,,,,,,,,,,,,,,,,,,,,,,,,,,,,,,,,,,,,,,,,,,,,,,,,,,,,,,,,,,,,,,,,,,,,,,,,,,,,,,,,,,,,,,,,,,,,,,,,,,,,,,,,,,,,,,,,,,,,,,,,,,,,,,,,,,,,,,,,,,,,,,,,,,,,,,,,,,,,,,,,,,,,,,,,,,,,,,,,,,,,,,,,,,,,,,,,,,,,,,,,,,,,,,,,,,,,,,,,,,,,,,,,,,,,,,,,,,,,,,,,,,,,,,,,,,,,,,,,,,,,,,,,,,,,,,,,,,,,,,,,,,,,,,
o(,ὁ,article,*lu/kwn,Λύκος,proper,tugxa/nei,τυγχάνω,verb,w)\n,εἰμί,verb,kai\,καί,conjunction,a)/pais,ἄπαις,noun,kai\,καί,conjunction,klhrono/mon,κληρονόμος,noun,ou)de/na,οὐδείς,pronoun,oi)/koi,οἴκοι,adverb,katalipw/n,καταλιμπάνω,verb,w(s,ὡς,conjunction,e)gw\,ἐγώ,pronoun,punqa/nomai,πυνθάνομαι,verb,,,,,,,,,,,,,,,,,,,,,,,,,,,,,,,,,,,,,,,,,,,,,,,,,,,,,,,,,,,,,,,,,,,,,,,,,,,,,,,,,,,,,,,,,,,,,,,,,,,,,,,,,,,,,,,,,,,,,,,,,,,,,,,,,,,,,,,,,,,,,,,,,,,,,,,,,,,,,,,,,,,,,,,,,,,,,,,,,,,,,,,,,,,,,,,,,,,,,,,,,,,,,,,,,,,,,,,,,,,,,,,,,,,,,,,,,,,,,,,,,,,,,,,,,,,,,,,,,,,,,,,,,,,,,,,,,,,,,,,,,,,,,,,,,,,,,,,,,,,,,,,,,,,,,,,,,,,,,,,,,,,,,,,,,,,,,,,,,,,,,,,,,,,,,,,,
pro\s,πρός,preposition,de\,δέ,particle,tou/tw|,οὗτος,pronoun,e)peidh\,ἐπεί,conjunction,ei)s,εἰς,preposition,*)/argos,Ἄργος,proper,kath/xqh,κατάγω,verb,tetrwme/nos,τιτρώσκω,verb,tw=|,ὁ,article,proce/nw|,πρόξενος,noun,tw=n,ὁ,article,*(hraklewtw=n,Ἡρακλεώτης,proper,tw=|,ὁ,article,*)argei/w|,Ἀργεῖος,proper,*stramme/nw|,,,ta\,ὁ,article,xrh/mata,χρῆμα,adjective,de/dwken,δίδωμι,verb,a(\,ὅς,pronoun,kath/xqh,κατάγω,verb,met',μετά,preposition,au)tou=,αὐτός,pronoun,,,,,,,,,,,,,,,,,,,,,,,,,,,,,,,,,,,,,,,,,,,,,,,,,,,,,,,,,,,,,,,,,,,,,,,,,,,,,,,,,,,,,,,,,,,,,,,,,,,,,,,,,,,,,,,,,,,,,,,,,,,,,,,,,,,,,,,,,,,,,,,,,,,,,,,,,,,,,,,,,,,,,,,,,,,,,,,,,,,,,,,,,,,,,,,,,,,,,,,,,,,,,,,,,,,,,,,,,,,,,,,,,,,,,,,,,,,,,,,,,,,,,,,,,,,,,,,,,,,,,,,,,,,,,,,,,,,,,,,,,,,,,,,,,,,,,,,,,,,,,,,,,,,,,,,,,,,,,,,,,,,,,,,,
oi(=os,οἷος,adjective,ou)=n,οὖν,particle,ei)mi,εἰμί,verb,kai\,καί,conjunction,e)gw\,ἐγώ,pronoun,ta\,ὁ,article,e)nqa/de,ἐνθάδε,adverb,au)to\s,αὐτός,pronoun,a)ciou=n,ἀξιόω,verb,lamba/nein,λαμβάνω,verb,,,,,,,,,,,,,,,,,,,,,,,,,,,,,,,,,,,,,,,,,,,,,,,,,,,,,,,,,,,,,,,,,,,,,,,,,,,,,,,,,,,,,,,,,,,,,,,,,,,,,,,,,,,,,,,,,,,,,,,,,,,,,,,,,,,,,,,,,,,,,,,,,,,,,,,,,,,,,,,,,,,,,,,,,,,,,,,,,,,,,,,,,,,,,,,,,,,,,,,,,,,,,,,,,,,,,,,,,,,,,,,,,,,,,,,,,,,,,,,,,,,,,,,,,,,,,,,,,,,,,,,,,,,,,,,,,,,,,,,,,,,,,,,,,,,,,,,,,,,,,,,,,,,,,,,,,,,,,,,,,,,,,,,,,,,,,,,,,,,,,,,,,,,,,,,,,,,,,,,,,,,,
h(gou=mai,ἡγέομαι,verb,ga\r,γάρ,particle,di/kaios,δίκαιος,adjective,ei)=nai,εἰμί,verb,e)/xein,ἔχω,verb,,,,,,,,,,,,,,,,,,,,,,,,,,,,,,,,,,,,,,,,,,,,,,,,,,,,,,,,,,,,,,,,,,,,,,,,,,,,,,,,,,,,,,,,,,,,,,,,,,,,,,,,,,,,,,,,,,,,,,,,,,,,,,,,,,,,,,,,,,,,,,,,,,,,,,,,,,,,,,,,,,,,,,,,,,,,,,,,,,,,,,,,,,,,,,,,,,,,,,,,,,,,,,,,,,,,,,,,,,,,,,,,,,,,,,,,,,,,,,,,,,,,,,,,,,,,,,,,,,,,,,,,,,,,,,,,,,,,,,,,,,,,,,,,,,,,,,,,,,,,,,,,,,,,,,,,,,,,,,,,,,,,,,,,,,,,,,,,,,,,,,,,,,,,,,,,,,,,,,,,,,,,,,,,,,,,,,,,,,,
su\,σύ,pronoun,ou)=n,οὖν,particle,ei),εἰ,conjunction,a)/ra,ἄρα,particle,mh\,μή,conjunction,a)pei/lhfen,ἀπολαμβάνω,verb,le/ge,λέγω,verb,o(/ti,ὅστις,pronoun,e)gw\,ἐγώ,pronoun,a)mfisbhtw=,ἀμφισβητέω,verb,a)\n,ἄν,particle,a)/ra,ἄρα,particle,e)/lqh|,ἔρχομαι,verb,o(,ὁ,article,*khfisia/dhs,,,,,,,,,,,,,,,,,,,,,,,,,,,,,,,,,,,,,,,,,,,,,,,,,,,,,,,,,,,,,,,,,,,,,,,,,,,,,,,,,,,,,,,,,,,,,,,,,,,,,,,,,,,,,,,,,,,,,,,,,,,,,,,,,,,,,,,,,,,,,,,,,,,,,,,,,,,,,,,,,,,,,,,,,,,,,,,,,,,,,,,,,,,,,,,,,,,,,,,,,,,,,,,,,,,,,,,,,,,,,,,,,,,,,,,,,,,,,,,,,,,,,,,,,,,,,,,,,,,,,,,,,,,,,,,,,,,,,,,,,,,,,,,,,,,,,,,,,,,,,,,,,,,,,,,,,,,,,,,,,,,,,,,,,,,,,,,,,,,,,,,,,,,,,,,
ei),εἰ,conjunction,d',δέ,particle,a)/ra,ἄρα,particle,a)pei/lhfen,ἀπολαμβάνω,verb,le/ge,λέγω,verb,o(/ti,ὅστις,pronoun,e)gw\,ἐγώ,pronoun,ma/rturas,μάρτυς,noun,e)/xwn,ἔχω,verb,h)ci/oun,ἀξιόω,verb,e)mfanh=,ἐμφανής,adjective,katasth=sai,καθίστημι,verb,ta\,ὁ,article,xrh/mata,χρῆμα,adjective,h)\,ἠέ,conjunction,to\n,ὁ,article,kekomisme/non,κομίζω,verb,kai\,καί,conjunction,ei)/,εἰ,conjunction,ti/s,τίς,pronoun,me,ἐγώ,pronoun,bou/letai,βούλομαι,verb,a)fele/sqai,ἀφαιρέω,verb,pro/cenon,πρόξενος,noun,o)/nta,εἰμί,verb,a)faireqh=nai,ἀφαιρέω,verb,,,,,,,,,,,,,,,,,,,,,,,,,,,,,,,,,,,,,,,,,,,,,,,,,,,,,,,,,,,,,,,,,,,,,,,,,,,,,,,,,,,,,,,,,,,,,,,,,,,,,,,,,,,,,,,,,,,,,,,,,,,,,,,,,,,,,,,,,,,,,,,,,,,,,,,,,,,,,,,,,,,,,,,,,,,,,,,,,,,,,,,,,,,,,,,,,,,,,,,,,,,,,,,,,,,,,,,,,,,,,,,,,,,,,,,,,,,,,,,,,,,,,,,,,,,,,,,,,,,,,,,,,,,,,,,,,,,,,,,,,,,,,,,,,,,,,,,,,,,,,,,,,,,,,,,,,,,,
e)peidh\,ἐπεί,conjunction,de\,δέ,particle,au)tw=|,αὐτός,pronoun,ei)/rhto,ἐρῶ,verb,e)gw/,ἐγώ,pronoun,e)/fh,φημί,verb,o(,ὁ,article,path/r,πατήρ,noun,w)=,ὦ,interjection,*ka/llippe,Κάλλιππος,proper,xari/zesqai,χαρίζομαι,verb,me/n,μέν,particle,soi,σύ,pronoun,bou/lomai,βούλομαι,verb,kai\,καί,conjunction,ga\r,γάρ,particle,a)\n,ἄν,particle,kai\,καί,conjunction,mainoi/mhn,μαίνομαι,verb,ei),εἰ,conjunction,mh/),μή,conjunction,ou(/tw,οὕτως,adverb,me/ntoi,μέντοι,particle,o(/pws,ὅπως,conjunction,au)to/s,αὐτός,pronoun,te,τε,particle,mh\,μή,conjunction,xei/rwn,χείρων,adverb,do/cw,δοξόω,verb,ei)=nai,εἰμί,verb,kai\,καί,conjunction,e)k,ἐκ,preposition,tou=,ὁ,article,pra/gmatos,πρᾶγμα,noun,mhde\n,μηδείς,pronoun,zhmiw/somai,ζημιόω,verb,,,,,,,,,,,,,,,,,,,,,,,,,,,,,,,,,,,,,,,,,,,,,,,,,,,,,,,,,,,,,,,,,,,,,,,,,,,,,,,,,,,,,,,,,,,,,,,,,,,,,,,,,,,,,,,,,,,,,,,,,,,,,,,,,,,,,,,,,,,,,,,,,,,,,,,,,,,,,,,,,,,,,,,,,,,,,,,,,,,,,,,,,,,,,,,,,,,,,,,,,,,,,,,,,,,,,,,,,,,,,,,,,,,,,,,,,,,,,,,,,,,,,,,,,,,,,,,,,,,,,,,,,,,,,,,,,,,,,,,,,,,,,,
ei)pei=n,εἶπον,verb,me\n,μέν,particle,ou)=n,οὖν,particle,moi,ἐγώ,pronoun,tau=ta,οὗτος,pronoun,pro\s,πρός,preposition,to\n,ὁ,article,*)arxebia/dhn,Ἀρχεβιάδης,proper,kai\,καί,conjunction,to\n,ὁ,article,*)aristo/noun,Ἀριστόνουν,proper,kai\,καί,conjunction,pro\s,πρός,preposition,au)to\n,αὐτός,pronoun,de\,δέ,particle,to\n,ὁ,article,*khfisia/dhn,,,ou)de\n,οὐδείς,pronoun,diafe/rei,διαφέρω,verb,,,,,,,,,,,,,,,,,,,,,,,,,,,,,,,,,,,,,,,,,,,,,,,,,,,,,,,,,,,,,,,,,,,,,,,,,,,,,,,,,,,,,,,,,,,,,,,,,,,,,,,,,,,,,,,,,,,,,,,,,,,,,,,,,,,,,,,,,,,,,,,,,,,,,,,,,,,,,,,,,,,,,,,,,,,,,,,,,,,,,,,,,,,,,,,,,,,,,,,,,,,,,,,,,,,,,,,,,,,,,,,,,,,,,,,,,,,,,,,,,,,,,,,,,,,,,,,,,,,,,,,,,,,,,,,,,,,,,,,,,,,,,,,,,,,,,,,,,,,,,,,,,,,,,,,,,,,,,,,,,,,,,,,,,,,,,,,,,
e)a\n,ἐάν,conjunction,me/ntoi,μέντοι,particle,mh\,μή,conjunction,'qe/lwsi,ἐθέλω,verb,tau=ta,οὗτος,pronoun,poiei=n,ποιέω,verb,ei)po/ntos,εἶπον,verb,e)mou=,ἐγώ,pronoun,au)to\s,αὐτός,pronoun,h)/dh,ἤδη,adverb,diale/gou,διαλέγω,verb,au)toi=s,αὐτός,pronoun,,,,,,,,,,,,,,,,,,,,,,,,,,,,,,,,,,,,,,,,,,,,,,,,,,,,,,,,,,,,,,,,,,,,,,,,,,,,,,,,,,,,,,,,,,,,,,,,,,,,,,,,,,,,,,,,,,,,,,,,,,,,,,,,,,,,,,,,,,,,,,,,,,,,,,,,,,,,,,,,,,,,,,,,,,,,,,,,,,,,,,,,,,,,,,,,,,,,,,,,,,,,,,,,,,,,,,,,,,,,,,,,,,,,,,,,,,,,,,,,,,,,,,,,,,,,,,,,,,,,,,,,,,,,,,,,,,,,,,,,,,,,,,,,,,,,,,,,,,,,,,,,,,,,,,,,,,,,,,,,,,,,,,,,,,,,,,,,,,,,,,,,,,,,,,,,,,,,,,
a)me/lei,ἀμέλει,adverb,e)/fh,φημί,verb,ou(=tos,οὗτος,pronoun,w)=,ὦ,interjection,*pasi/wn,Πάσιος,proper,e)a\n,ἐάν,conjunction,bou/lh|,βούλομαι,verb,su/,σύ,pronoun,a)nagka/seis,ἀναγκάζω,verb,au)tou\s,αὐτός,pronoun,tau=ta,οὗτος,pronoun,poih=sai,ποιέω,verb,,,,,,,,,,,,,,,,,,,,,,,,,,,,,,,,,,,,,,,,,,,,,,,,,,,,,,,,,,,,,,,,,,,,,,,,,,,,,,,,,,,,,,,,,,,,,,,,,,,,,,,,,,,,,,,,,,,,,,,,,,,,,,,,,,,,,,,,,,,,,,,,,,,,,,,,,,,,,,,,,,,,,,,,,,,,,,,,,,,,,,,,,,,,,,,,,,,,,,,,,,,,,,,,,,,,,,,,,,,,,,,,,,,,,,,,,,,,,,,,,,,,,,,,,,,,,,,,,,,,,,,,,,,,,,,,,,,,,,,,,,,,,,,,,,,,,,,,,,,,,,,,,,,,,,,,,,,,,,,,,,,,,,,,,,,,,,,,,,,,,,,,,,,,,,,,,,,,,,
a(\,ὅς,pronoun,me\n,μέν,particle,diele/xqh,διαλέγω,verb,w)=,ὦ,interjection,a)/ndres,ἀνήρ,noun,dikastai/,δικαστής,noun,ou(=tos,οὗτος,pronoun,me\n,μέν,particle,tw=|,ὁ,article,patri/,πατήρ,noun,e)kei=nos,ἐκεῖνος,pronoun,de\,δέ,particle,tw=|,ὁ,article,*)arxebia/dh|,Ἀρχεβιάδης,proper,kai\,καί,conjunction,tw=|,ὁ,article,*khfisia/dh|,,,tou/tou,οὗτος,pronoun,dehqe/ntos,δέω,verb,kai\,καί,conjunction,tou/tw|,οὗτος,pronoun,xarizo/menos,χαρίζομαι,verb,tau=t',οὗτος,pronoun,e)/stin,εἰμί,verb,e)c,ἐκ,preposition,w(=n,ὅς,pronoun,kata\,κατά,preposition,mikro\n,μικρός,adjective,h(,ὁ,article,di/kh,δίκη,adjective,au(/th,οὗτος,pronoun,pe/plastai,πλάσσω,verb,,,,,,,,,,,,,,,,,,,,,,,,,,,,,,,,,,,,,,,,,,,,,,,,,,,,,,,,,,,,,,,,,,,,,,,,,,,,,,,,,,,,,,,,,,,,,,,,,,,,,,,,,,,,,,,,,,,,,,,,,,,,,,,,,,,,,,,,,,,,,,,,,,,,,,,,,,,,,,,,,,,,,,,,,,,,,,,,,,,,,,,,,,,,,,,,,,,,,,,,,,,,,,,,,,,,,,,,,,,,,,,,,,,,,,,,,,,,,,,,,,,,,,,,,,,,,,,,,,,,,,,,,,,,,,,,,,,,,,,,,,,,,,,,,,,,,,,,,,
w(=n,ὅς,pronoun,e)gw\,ἐγώ,pronoun,h)/qelon,ἐθέλω,verb,tou/tw|,οὗτος,pronoun,tau/thn,οὗτος,pronoun,h(/tis,ὅστις,pronoun,ei)/h,ἀίω,verb,megi/sth,μέγας,adverb,pi/stis,πίστις,noun,dou=nai,δίδωμι,verb,h)=,ἦ,adverb,mh\n,μήν,particle,e)gw\,ἐγώ,pronoun,tou=,ὁ,article,patro\s,πατήρ,noun,a)kou/ein,ἀκούω,verb,,,,,,,,,,,,,,,,,,,,,,,,,,,,,,,,,,,,,,,,,,,,,,,,,,,,,,,,,,,,,,,,,,,,,,,,,,,,,,,,,,,,,,,,,,,,,,,,,,,,,,,,,,,,,,,,,,,,,,,,,,,,,,,,,,,,,,,,,,,,,,,,,,,,,,,,,,,,,,,,,,,,,,,,,,,,,,,,,,,,,,,,,,,,,,,,,,,,,,,,,,,,,,,,,,,,,,,,,,,,,,,,,,,,,,,,,,,,,,,,,,,,,,,,,,,,,,,,,,,,,,,,,,,,,,,,,,,,,,,,,,,,,,,,,,,,,,,,,,,,,,,,,,,,,,,,,,,,,,,,,,,,,,,,,,,,,,,,,,,,,,,,,,
ou(=tos,οὗτος,pronoun,de\,δέ,particle,o(,ὁ,article,a)ciw=n,ἀξιάω,verb,u(f',ὑπό,preposition,u(mw=n,σύ,pronoun,pisteu/esqai,πιστεύω,verb,w(s,ὡς,conjunction,a)lhqh=,ἀληθής,adjective,le/gwn,λέγω,verb,tri/a,τρεῖς,noun,e)/th,ἔτης,noun,dialipw\n,διαλείπω,verb,e)peidh\,ἐπεί,conjunction,to\,ὁ,article,prw=ton,πρότερος,adjective,dialexqe/ntos,διαλέγω,verb,tou=,ὁ,article,patro\s,πατήρ,noun,tw=|,ὁ,article,*)arxebia/dh|,Ἀρχεβιάδης,proper,kai\,καί,conjunction,toi=s,ὁ,article,a)/llois,ἄλλος,adjective,toi=s,ὁ,article,*khfisia/dou,,,e)pithdei/ois,ἐπιτήδειος,adjective,ou)k,οὐ,adverb,e)/fasan,φημί,verb,*kalli/ppw|,Κάλλιππος,proper,prose/xein,προσέχω,verb,to\n,ὁ,article,nou=n,νόος,adjective,ou)de\,οὐδέ,particle,oi(=s,ὅς,pronoun,le/gei,λέγω,verb,e)peidh\,ἐπεί,conjunction,h)/|sqeto,αἰσθάνομαι,verb,a)duna/tws,ἀδύνατος,adjective,h)/dh,ἤδη,adverb,e)/xonta,ἔχω,verb,to\n,ὁ,article,pate/ra,πατήρ,noun,kai\,καί,conjunction,mo/gis,ei)s,εἰς,preposition,a)/stu,ἄστυ,noun,a)nabai/nonta,ἀναβαίνω,verb,kai\,καί,conjunction,to\n,ὁ,article,o)fqalmo\n,ὀφθαλμός,noun,au)to\n,αὐτός,pronoun,prodido/nta,προδίδωμι,verb,lagxa/nei,λαγχάνω,verb,au)tw=|,αὐτός,pronoun,di/khn,δίκη,adjective,ou),οὐ,adverb,ma\,μά,particle,*di/',Δίη,proper,μόγις,adverb,ou)x,οὐ,adverb,w(/sper,ὥσπερ,adverb,nu=n,νῦν,adverb,a)rguri/ou,ἀργύριον,adjective,a)lla\,ἀλλά,adverb,bla/bhs,βλάβη,adjective,e)gkale/sas,ἐγκαλέω,verb,bla/ptein,βλάπτω,verb,e(auto\n,ἑαυτοῦ,pronoun,a)podido/nta,ἀποδίδωμι,verb,*khfisia/dh|,,,to\,ὁ,article,a)rgu/rion,ἀργύριον,adjective,o(\,ὅς,pronoun,kate/lipe,καταλιμπάνω,verb,*lu/kwn,Λύκος,proper,o(,ὁ,article,*(hraklew/ths,Ἡρακλεώτης,proper,par',παρά,preposition,au)tw=|,αὐτός,pronoun,a)/neu,ἄνευ,preposition,au(tou=,ἑαυτοῦ,pronoun,o(mologh/santa,ὁμολογέω,verb,mh\,μή,conjunction,a)podw/sein,ἀποδίδωμι,verb,,,,,,,,,,,,,,,,,,,,,,,,,,,,,,,,,,,,,,,,,,,,,,,,,,,,,,,,,,,,,,,,,,,,,,,,,,,,,,,,,,,,,,,,,,,,,,,,,,,,,,,,,,,,,,,,,,,,,,,,,,,,,,,,,,,,,,,,,,,,,,
laxw\n,λαγχάνω,verb,de\,δέ,particle,para\,παρά,preposition,me\n,μέν,particle,tou=,ὁ,article,diaithtou=,διαιτητής,noun,a)nei/leto,ἀναιρέω,verb,to\,ὁ,article,grammatei=on,γραμματεῖον,noun,prou)kale/sato,προκαλέω,verb,d',δέ,particle,au)to\n,αὐτός,pronoun,e)pitre/yai,ἐπιτρέπω,verb,*lusiqei/dh|,Λυσιθείδης,proper,au(tou=,ἑαυτοῦ,pronoun,me\n,μέν,particle,kai\,καί,conjunction,*)isokra/tous,Ἰσοκράτης,proper,kai\,καί,conjunction,*)afare/ws,Ἀφαρεύς,proper,e(tai/rw|,ἑταῖρος,noun,gnwri/mw|,γνώριμος,adjective,de\,δέ,particle,tou=,ὁ,article,patro/s,πατήρ,noun,,,,,,,,,,,,,,,,,,,,,,,,,,,,,,,,,,,,,,,,,,,,,,,,,,,,,,,,,,,,,,,,,,,,,,,,,,,,,,,,,,,,,,,,,,,,,,,,,,,,,,,,,,,,,,,,,,,,,,,,,,,,,,,,,,,,,,,,,,,,,,,,,,,,,,,,,,,,,,,,,,,,,,,,,,,,,,,,,,,,,,,,,,,,,,,,,,,,,,,,,,,,,,,,,,,,,,,,,,,,,,,,,,,,,,,,,,,,,,,,,,,,,,,,,,,,,,,,,,,,,,,,,,,,,,,,,,,,,,,,,,,,,,,,,,,,,,,,,,,,,,,,,,,,,,,,,,,,,,,
e)pitre/yantos,ἐπιτρέπω,verb,de\,δέ,particle,tou=,ὁ,article,patro/s,πατήρ,noun,o(\n,ὅς,pronoun,me\n,μέν,particle,xro/non,χρόνος,noun,e)/zh,ζάω,verb,o(,ὁ,article,path/r,πατήρ,noun,o(/mws,ὅμως,conjunction,kai/per,καίπερ,particle,oi)kei/ws,οἰκεῖος,adjective,e)/xwn,ἔχω,verb,tou/tois,οὗτος,pronoun,o(,ὁ,article,*lusiqei/dhs,Λυσιθείδης,proper,ou)k,οὐ,adverb,e)to/lma,τολμάω,verb,ou)de\n,οὐδείς,pronoun,ei)s,εἰς,preposition,h(ma=s,ἐγώ,pronoun,e)camarta/nein,ἐξαμαρτάνω,verb,,,,,,,,,,,,,,,,,,,,,,,,,,,,,,,,,,,,,,,,,,,,,,,,,,,,,,,,,,,,,,,,,,,,,,,,,,,,,,,,,,,,,,,,,,,,,,,,,,,,,,,,,,,,,,,,,,,,,,,,,,,,,,,,,,,,,,,,,,,,,,,,,,,,,,,,,,,,,,,,,,,,,,,,,,,,,,,,,,,,,,,,,,,,,,,,,,,,,,,,,,,,,,,,,,,,,,,,,,,,,,,,,,,,,,,,,,,,,,,,,,,,,,,,,,,,,,,,,,,,,,,,,,,,,,,,,,,,,,,,,,,,,,,,,,,,,,,,,,,,,,,,,,,,,,,,,,,,,,,,,,,,,
kai/toi,καίτοι,particle,ou(/tw,οὕτως,adverb,tine\s,τις,pronoun,a)nai/sxuntoi,ἀναίσχυντος,adjective,tw=n,ὁ,article,oi)kei/wn,οἰκεῖος,adjective,tw=n,ὁ,article,toutoui/,οὗτος,pronoun,w(/ste,ὥστε,conjunction,e)to/lmhsan,τολμάω,verb,marturh=sai,μαρτυρέω,verb,w(s,ὡς,conjunction,o(,ὁ,article,me\n,μέν,particle,*ka/llippos,Κάλλιππος,proper,o(/rkon,ὅρκος,noun,tw=|,ὁ,article,patri\,πατήρ,noun,doi/h,δίδωμι,verb,o(,ὁ,article,de\,δέ,particle,path\r,πατήρ,noun,ou)k,οὐ,adverb,e)qe/loi,ἐθέλω,verb,o)mo/sai,ὄμνυμι,verb,para\,παρά,preposition,tw=|,ὁ,article,*lusiqei/dh|,Λυσιθείδης,proper,kai\,καί,conjunction,oi)/ontai,οἴομαι,verb,u(ma=s,σύ,pronoun,pei/sein,πείθω,verb,w(s,ὡς,conjunction,o(,ὁ,article,*lusiqei/dhs,Λυσιθείδης,proper,oi)kei=os,οἰκεῖος,adjective,me\n,μέν,particle,w)\n,εἰμί,verb,tw=|,ὁ,article,*kalli/ppw|,Κάλλιππος,proper,diaitw=n,διαιτάω,verb,de\,δέ,particle,th\n,ὁ,article,di/aitan,δίαιτα,noun,a)pe/sxet',a)\n,ἄν,particle,mh\,μή,conjunction,ou)k,οὐ,adverb,eu)qu\s,εὐθύς,adverb,tou=,ὁ,article,patro\s,πατήρ,noun,katadiaith=sai,καταδιαιτάω,verb,au)tou=,αὐτός,pronoun,ge,γε,particle,e(autw=|,ἑαυτοῦ,pronoun,mh\,μή,conjunction,'qe/lontos,ἐθέλω,verb,dikastou=,δικαστής,noun,gene/sqai,γίγνομαι,verb,ἀπέχω,verb,tou=,ὁ,article,patro/s,πατήρ,noun,,,,,,,,,,,,,,,,,,,,,,,,,,,,,,,,,,,,,,,,,,,,,,,,,,,,,,,,,,,,,,,,,,,,,,,,,,,,,,,,,,,,,,,,,,,,,,,,,,,,,,,,,,,,,,,,,,,,,,,,,,,,,,,,,,,,,,,,,,,,,,,,,,,,,,,,,,,,,,,,,,,,,,,,,,,,,,,,,,,,,,,,,,,,,,,,,,,,,,,,,,,,,,,,,,,
w(s,ὡς,conjunction,de\,δέ,particle,e)gw\,ἐγώ,pronoun,me\n,μέν,particle,a)lhqh=,ἀληθής,adjective,le/gw,λέγω,verb,ou(=toi,οὗτος,pronoun,de\,δέ,particle,yeu/dontai,ψεύδω,verb,prw=ton,πρότερος,adjective,me\n,μέν,particle,au)to\,αὐτός,pronoun,u(mi=n,σύ,pronoun,tou=to,οὗτος,pronoun,gene/sqw,γίγνομαι,verb,tekmh/rion,τεκμήριον,noun,o(/ti,ὅστις,pronoun,kategnw/kei,καταγιγνώσκω,verb,a)\n,ἄν,particle,au)tou=,αὐτός,pronoun,o(,ὁ,article,*lusiqei/dhs,Λυσιθείδης,proper,kai\,καί,conjunction,o(/ti,ὅστις,pronoun,e)gw\,ἐγώ,pronoun,e)cou/lhs,ἐξούλης,adjective,a)\n,ἄν,particle,e)/feugon,φεύγω,verb,nu=n,νῦν,adverb,a)ll',ἀλλά,adverb,ou)k,οὐ,adverb,a)rguri/ou,ἀργύριον,adjective,di/khn,δίκη,adjective,,,,,,,,,,,,,,,,,,,,,,,,,,,,,,,,,,,,,,,,,,,,,,,,,,,,,,,,,,,,,,,,,,,,,,,,,,,,,,,,,,,,,,,,,,,,,,,,,,,,,,,,,,,,,,,,,,,,,,,,,,,,,,,,,,,,,,,,,,,,,,,,,,,,,,,,,,,,,,,,,,,,,,,,,,,,,,,,,,,,,,,,,,,,,,,,,,,,,,,,,,,,,,,,,,,,,,,,,,,,,,,,,,,,,,,,,,,,,,,,,,,,,,,,,,,,,,,,,,,,,,,,,,,,,,,,,,,,,,,,,,,,,,,,,,,,,,,
pro\s,πρός,preposition,de\,δέ,particle,tou/tw|,οὗτος,pronoun,e)gw\,ἐγώ,pronoun,u(mi=n,σύ,pronoun,tou\s,ὁ,article,paro/ntas,πάρειμι,verb,e(ka/stote,ἑκάστοτε,adverb,tw=|,ὁ,article,patri\,πατήρ,noun,e)n,ἐν,preposition,tai=s,ὁ,article,suno/dois,σύνοδος,noun,tai=s,ὁ,article,pro\s,πρός,preposition,tou=ton,οὗτος,pronoun,ai(\,ὅς,pronoun,para\,παρά,preposition,tw=|,ὁ,article,*lusiqei/dh|,Λυσιθείδης,proper,e)gi/gnonto,γίγνομαι,verb,ma/rturas,μάρτυς,noun,pare/comai,παρέχω,verb,,,,,,,,,,,,,,,,,,,,,,,,,,,,,,,,,,,,,,,,,,,,,,,,,,,,,,,,,,,,,,,,,,,,,,,,,,,,,,,,,,,,,,,,,,,,,,,,,,,,,,,,,,,,,,,,,,,,,,,,,,,,,,,,,,,,,,,,,,,,,,,,,,,,,,,,,,,,,,,,,,,,,,,,,,,,,,,,,,,,,,,,,,,,,,,,,,,,,,,,,,,,,,,,,,,,,,,,,,,,,,,,,,,,,,,,,,,,,,,,,,,,,,,,,,,,,,,,,,,,,,,,,,,,,,,,,,,,,,,,,,,,,,,,,,,,,,,,,,,,,,,,,,,,,,,,,,,,,,,,,,,,,
o(/ti,ὅστις,pronoun,me\n,μέν,particle,ou),οὐ,adverb,prokalesa/menos,προκαλέω,verb,ei)s,εἰς,preposition,o(/rkon,ὅρκος,noun,to\n,ὁ,article,pate/ra,πατήρ,noun,to/te,τότε,adverb,nuni\,νυνί,adverb,e)kei/nou,ἐκεῖνος,pronoun,teteleuthko/tos,τελευτάω,verb,katayeu/detai,καταψεύδομαι,verb,kai\,καί,conjunction,kat',κατά,preposition,e)mou=,ἐγώ,pronoun,r(a|di/ws,ῥᾴδιος,adjective,ta\,ὁ,article,yeudh=,ψευδής,adverb,marturou=ntas,μαρτυρέω,verb,tou\s,ὁ,article,oi)kei/ous,οἰκεῖος,adjective,tou\s,ὁ,article,e(autou=,ἑαυτοῦ,pronoun,pare/xetai,παρέχω,verb,e)/k,ἐκ,preposition,te,τε,particle,tw=n,ὁ,article,tekmhri/wn,τεκμήριον,noun,kai\,καί,conjunction,e)k,ἐκ,preposition,th=s,ὁ,article,marturi/as,μαρτυρία,noun,tau/ths,οὗτος,pronoun,r(a/|dion,ῥᾴδιος,adjective,u(mi=n,σύ,pronoun,ei)de/nai,οἶδα,verb,,,,,,,,,,,,,,,,,,,,,,,,,,,,,,,,,,,,,,,,,,,,,,,,,,,,,,,,,,,,,,,,,,,,,,,,,,,,,,,,,,,,,,,,,,,,,,,,,,,,,,,,,,,,,,,,,,,,,,,,,,,,,,,,,,,,,,,,,,,,,,,,,,,,,,,,,,,,,,,,,,,,,,,,,,,,,,,,,,,,,,,,,,,,,,,,,,,,,,,,,,,,,,,,,,,,,,,,,,,,,,,,,,,,,,,,,,,,,,,,,,,,,,,,,,,,,,,,,,,,,,,,,,,,,,,,,,,,,,,,,,,
o(/ti,ὅστις,pronoun,de\,δέ,particle,e)gw\,ἐγώ,pronoun,u(pe\r,ὑπέρ,preposition,tou=,ὁ,article,patro\s,πατήρ,noun,h)qe/lhsa,ἐθέλω,verb,au)tw=|,αὐτός,pronoun,pi/stin,πίστις,noun,dou=nai,δίδωμι,verb,h(/nper,ὅς,pronoun,o(,ὁ,article,no/mos,νόμος,noun,keleu/ei,κελεύω,verb,e)a/n,ἐάν,conjunction,tis,τις,pronoun,teqnew=ti,θνήσκω,verb,e)pikalw=n,ἐπικαλέω,verb,dika/zhtai,δικάζω,verb,tw=|,ὁ,article,klhrono/mw|,κληρόνομος,noun,mh\,μή,conjunction,dokei=n,δοκέω,verb,moi,ἐγώ,pronoun,mh/te,μήτε,particle,o(mologh=sai,ὁμολογέω,verb,to\n,ὁ,article,pate/ra,πατήρ,noun,tou/tw|,οὗτος,pronoun,a)podw/sein,ἀποδίδωμι,verb,to\,ὁ,article,a)rgu/rion,ἀργύριον,adjective,o(\,ὅς,pronoun,kate/lipe,καταλιμπάνω,verb,*lu/kwn,Λύκος,proper,mh/te,μήτε,particle,sustaqh=nai,συνίστημι,verb,au)to\n,αὐτός,pronoun,tw=|,ὁ,article,patri\,πατήρ,noun,u(po\,ὑπό,preposition,tou=,ὁ,article,*lu/kwnos,Λύκων,proper,kai\,καί,conjunction,*formi/wn,h)=,ἦ,adverb,mh\n,μήν,particle,dialogi/sasqai/,διαλογίζομαι,verb,te,τε,particle,e)nanti/on,ἐναντίος,adjective,*)arxebia/dou,Ἀρχεβιάδης,proper,tw=|,ὁ,article,*lu/kwni,Λύκων,proper,au)to\s,αὐτός,pronoun,kai\,καί,conjunction,prostaxqh=nai,προσστάζω,verb,au(tw=|,ἑαυτοῦ,pronoun,*khfisia/dh|,,,a)podou=nai,ἀποδίδωμι,verb,Φορμίων,proper,to\,ὁ,article,a)rgu/rion,ἀργύριον,adjective,to\n,ὁ,article,de\,δέ,particle,*khfisia/dhn,,,dei=cai,δείκνυμι,verb,au(tw=|,ἑαυτοῦ,pronoun,to\n,ὁ,article,*)arxebia/dhn,Ἀρχεβιάδης,proper,kai\,καί,conjunction,o(/te,ὅστε,pronoun,*ka/llippos,Κάλλιππος,proper,prosh=lqen,προσέρχομαι,verb,to\,ὁ,article,prw=ton,πρότερος,adjective,pro\s,πρός,preposition,th\n,ὁ,article,tra/pezan,τράπεζα,noun,le/gwn,λέγω,verb,o(/ti,ὅστις,pronoun,teteleuthkw\s,τελευτάω,verb,ei)/h,ἀίω,verb,o(,ὁ,article,*lu/kwn,Λύκος,proper,kai\,καί,conjunction,au)to\s,αὐτός,pronoun,a)cioi/h,ἀξιόω,verb,ta\,ὁ,article,gra/mmata,γράμμα,noun,i)dei=n,εἶδον,verb,ei)/,εἰ,conjunction,ti,τις,pronoun,kataleloipw\s,καταλιμπάνω,verb,ei)/h,ἀίω,verb,o(,ὁ,article,ce/nos,ξένος,noun,a)rgu/rion,ἀργύριον,adjective,h)=,ἦ,adverb,mh\n,μήν,particle,dei/cantos,δείκνυμι,verb,e(autou=,ἑαυτοῦ,pronoun,eu)qu\s,εὐθύς,adverb,au)tw=|,αὐτός,pronoun,ta\,ὁ,article,gra/mmata,γράμμα,noun,i)do/nta,εἶδον,verb,au)to\n,αὐτός,pronoun,tw=|,ὁ,article,*khfisia/dh|,gegramme/non,γράφω,verb,a)podou=nai,ἀποδίδωμι,verb,siwph=|,σιωπή,noun,oi)/xesqai,οἴχομαι,verb,a)pio/nta,ἄπειμι,verb,ou)de\n,οὐδείς,pronoun,ou)/te,οὔτε,adverb,a)mfisbhth/santa,ἀμφισβητέω,verb,ou)/t',οὔτε,adverb,a)peipo/nq',ἀπεῖπον,verb,au(tw=|,ἑαυτοῦ,pronoun,peri\,περί,preposition,tou=,ὁ,article,a)rguri/ou,ἀργύριον,adjective,tou/twn,οὗτος,pronoun,u(mi=n,σύ,pronoun,ta/s,ὁ,article,te,τε,particle,marturi/as,μαρτυρία,noun,a)mfote/ras,ἀμφότερος,adjective,kai\,καί,conjunction,to\n,ὁ,article,no/mon,νόμος,noun,a)nagnw/setai,ἀναγιγνώσκω,verb
fe/re,φέρω,verb,dh\,δή,particle,u(mi=n,σύ,pronoun,w)=,ὦ,interjection,a)/ndres,ἀνήρ,noun,dikastai/,δικαστής,noun,w(s,ὡς,conjunction,ou)d',οὐδέ,particle,e)xrh=to,χράομαι,verb,*lu/kwn,Λύκος,proper,tw=|,ὁ,article,*kalli/ppw|,Κάλλιππος,proper,e)pidei/cw,ἐπιδείκνυμι,verb,,,,,,,,,,,,,,,,,,,,,,,,,,,,,,,,,,,,,,,,,,,,,,,,,,,,,,,,,,,,,,,,,,,,,,,,,,,,,,,,,,,,,,,,,,,,,,,,,,,,,,,,,,,,,,,,,,,,,,,,,,,,,,,,,,,,,,,,,,,,,,,,,,,,,,,,,,,,,,,,,,,,,,,,,,,,,,,,,,,,,,,,,,,,,,,,,,,,,,,,,,,,,,,,,,,,,,,,,,,,,,,,,,,,,,,,,,,,,,,,,,,,,,,,,,,,,,,,,,,,,,,,,,,,,,,,,,,,,,,,,,,,,,,,,,,,,,,,,,,,,,,,,,,,,,,,,,,,,,,,,,,,,,,,,,,,,,,,,,,,,,,,,,,,,,,,,,,
oi)=mai,οἴομαι,verb,ga/r,γάρ,particle,ti/,τίς,pronoun,moi,ἐγώ,pronoun,kai\,καί,conjunction,tou=to,οὗτος,pronoun,ei)=nai,εἰμί,verb,pro\s,πρός,preposition,th\n,ὁ,article,a)lazonei/an,ἀλαζονεία,noun,th\n,ὁ,article,toutoui\,οὗτος,pronoun,tou=,ὁ,article,fa/skontos,φάσκω,verb,au(tw=|,ἑαυτοῦ,pronoun,dwrea\n,δωρεά,noun,doqh=nai,δίδωμι,verb,to\,ὁ,article,a)rgu/rion,ἀργύριον,adjective,tou=to,οὗτος,pronoun,para\,παρά,preposition,tou=,ὁ,article,*lu/kwnos,Λύκων,proper,,,,,,,,,,,,,,,,,,,,,,,,,,,,,,,,,,,,,,,,,,,,,,,,,,,,,,,,,,,,,,,,,,,,,,,,,,,,,,,,,,,,,,,,,,,,,,,,,,,,,,,,,,,,,,,,,,,,,,,,,,,,,,,,,,,,,,,,,,,,,,,,,,,,,,,,,,,,,,,,,,,,,,,,,,,,,,,,,,,,,,,,,,,,,,,,,,,,,,,,,,,,,,,,,,,,,,,,,,,,,,,,,,,,,,,,,,,,,,,,,,,,,,,,,,,,,,,,,,,,,,,,,,,,,,,,,,,,,,,,,,,,,,,,,,,,,,,,,,,,,,,,,,,,,,,,,,,,,,,,,,,,,
e)kei=nos,ἐκεῖνος,pronoun,ga\r,γάρ,particle,tettara/konta,τεσσαράκοντα,adjective,mna=s,μνᾶ,noun,e)/kdosin,ἔκδοσις,noun,e)kdou\s,ἐκδίδωμι,verb,ei)s,εἰς,preposition,*)/akhn,Ἄκης,proper,*megaklei/dh|,Μεγακλείδης,proper,tw=|,ὁ,article,*)eleusini/w|,Ἐλευσίνιος,proper,kai\,καί,conjunction,*qrasu/llw|,Θράσυλλος,proper,tw=|,ὁ,article,a)delfw=|,ἀδελφός,adjective,au)tou=,αὐτός,pronoun,metado/can,μεταδοκέω,verb,au)tw=|,αὐτός,pronoun,mh\,μή,conjunction,e)kei=se,ἐκεῖσε,adverb,plei=n,πλέω,verb,mhde\,μηδέ,particle,kinduneu/ein,κινδυνεύω,verb,e)gkale/sas,ἐγκαλέω,verb,ti,τις,pronoun,tw=|,ὁ,article,*megaklei/dh|,Μεγακλείδης,proper,peri\,περί,preposition,tw=n,ὁ,article,to/kwn,τόκος,noun,w(s,ὡς,conjunction,e)chpathme/nos,ἐξαπατάω,verb,diefe/reto,διαφέρω,verb,kai\,καί,conjunction,e)dika/zeto,δικάζω,verb,boulo/menos,βούλομαι,verb,th\n,ὁ,article,e)/kdosin,ἔκδοσις,noun,komi/sasqai,κομίζω,verb,,,,,,,,,,,,,,,,,,,,,,,,,,,,,,,,,,,,,,,,,,,,,,,,,,,,,,,,,,,,,,,,,,,,,,,,,,,,,,,,,,,,,,,,,,,,,,,,,,,,,,,,,,,,,,,,,,,,,,,,,,,,,,,,,,,,,,,,,,,,,,,,,,,,,,,,,,,,,,,,,,,,,,,,,,,,,,,,,,,,,,,,,,,,,,,,,,,,,,,,,,,,,,,,,,,,,,,,,,,,,,,,,,,,,,,,,,,,,,,,,,,,,,,,,,,,,,,,,,,,,,,,,,,,,,,,,,,,,
suxnh=s,συχνός,adjective,de\,δέ,particle,pa/nu,πάνυ,adverb,pragmatei/as,πραγματεία,noun,peri\,περί,preposition,tosau=ta,τοσοῦτος,adjective,xrh/mata,χρῆμα,adjective,genome/nhs,γίγνομαι,verb,to\n,ὁ,article,me\n,μέν,particle,*ka/llippon,Κάλλιππος,proper,o(,ὁ,article,*lu/kwn,Λύκος,proper,ou)damoi=,οὐδαμοῖ,adverb,pw/pote,πώποτε,adverb,pareka/lesen,παρακαλέω,verb,to\n,ὁ,article,de\,δέ,particle,*)arxebia/dhn,Ἀρχεβιάδης,proper,kai\,καί,conjunction,tou\s,ὁ,article,tou=,ὁ,article,*)arxebia/dou,Ἀρχεβιάδης,proper,fi/lous,φῖλος,noun,,,,,,,,,,,,,,,,,,,,,,,,,,,,,,,,,,,,,,,,,,,,,,,,,,,,,,,,,,,,,,,,,,,,,,,,,,,,,,,,,,,,,,,,,,,,,,,,,,,,,,,,,,,,,,,,,,,,,,,,,,,,,,,,,,,,,,,,,,,,,,,,,,,,,,,,,,,,,,,,,,,,,,,,,,,,,,,,,,,,,,,,,,,,,,,,,,,,,,,,,,,,,,,,,,,,,,,,,,,,,,,,,,,,,,,,,,,,,,,,,,,,,,,,,,,,,,,,,,,,,,,,,,,,,,,,,,,,,,,,,,,,,,,,,,,,,,,,,,,,,,,,,,,,,,,,,,,,,,,,,,
kai\,καί,conjunction,o(,ὁ,article,dialla/cas,διαλλάσσω,verb,au)tou\s,αὐτός,pronoun,*)arxebia/dhs,Ἀρχεβιάδης,proper,h)=n,εἰμί,verb,,,,,,,,,,,,,,,,,,,,,,,,,,,,,,,,,,,,,,,,,,,,,,,,,,,,,,,,,,,,,,,,,,,,,,,,,,,,,,,,,,,,,,,,,,,,,,,,,,,,,,,,,,,,,,,,,,,,,,,,,,,,,,,,,,,,,,,,,,,,,,,,,,,,,,,,,,,,,,,,,,,,,,,,,,,,,,,,,,,,,,,,,,,,,,,,,,,,,,,,,,,,,,,,,,,,,,,,,,,,,,,,,,,,,,,,,,,,,,,,,,,,,,,,,,,,,,,,,,,,,,,,,,,,,,,,,,,,,,,,,,,,,,,,,,,,,,,,,,,,,,,,,,,,,,,,,,,,,,,,,,,,,,,,,,,,,,,,,,,,,,,,,,,,,,,,,,,,,,,,,,,,,,,,,,,,,,,,
w(s,ὡς,conjunction,de\,δέ,particle,a)lhqh=,ἀληθής,adjective,le/gw,λέγω,verb,tou/twn,οὗτος,pronoun,u(mi=n,σύ,pronoun,au)to\n,αὐτός,pronoun,to\n,ὁ,article,*megaklei/dhn,Μεγακλείδης,proper,ma/rtura,μάρτυς,noun,pare/comai,παρέχω,verb,,,,,,,,,,,,,,,,,,,,,,,,,,,,,,,,,,,,,,,,,,,,,,,,,,,,,,,,,,,,,,,,,,,,,,,,,,,,,,,,,,,,,,,,,,,,,,,,,,,,,,,,,,,,,,,,,,,,,,,,,,,,,,,,,,,,,,,,,,,,,,,,,,,,,,,,,,,,,,,,,,,,,,,,,,,,,,,,,,,,,,,,,,,,,,,,,,,,,,,,,,,,,,,,,,,,,,,,,,,,,,,,,,,,,,,,,,,,,,,,,,,,,,,,,,,,,,,,,,,,,,,,,,,,,,,,,,,,,,,,,,,,,,,,,,,,,,,,,,,,,,,,,,,,,,,,,,,,,,,,,,,,,,,,,,,,,,,,,,,,,,,,,,,,,,,,,,,,,,,,,
ou(twsi\,οὑτωσί,adverb,me\n,μέν,particle,oi)kei/ws,οἰκεῖος,adjective,fai/netai,φαίνω,verb,xrw/menos,χράομαι,verb,w)=,ὦ,interjection,a)/ndres,ἀνήρ,noun,dikastai/,δικαστής,noun,o(,ὁ,article,*lu/kwn,Λύκος,proper,tw=|,ὁ,article,*kalli/ppw|,Κάλλιππος,proper,w(/ste,ὥστε,conjunction,mh/te,μήτε,particle,parakalei=n,παρακαλέω,verb,au)to\n,αὐτός,pronoun,e)pi\,ἐπί,preposition,ta\,ὁ,article,au(tou=,ἑαυτοῦ,pronoun,pra/gmata,πρᾶγμα,noun,mh/te,μήτε,particle,kata/gesqai,κατάγω,verb,w(s,ὡς,conjunction,tou=ton,οὗτος,pronoun,mhdepw/pote,μηδεπώποτε,adverb,,,,,,,,,,,,,,,,,,,,,,,,,,,,,,,,,,,,,,,,,,,,,,,,,,,,,,,,,,,,,,,,,,,,,,,,,,,,,,,,,,,,,,,,,,,,,,,,,,,,,,,,,,,,,,,,,,,,,,,,,,,,,,,,,,,,,,,,,,,,,,,,,,,,,,,,,,,,,,,,,,,,,,,,,,,,,,,,,,,,,,,,,,,,,,,,,,,,,,,,,,,,,,,,,,,,,,,,,,,,,,,,,,,,,,,,,,,,,,,,,,,,,,,,,,,,,,,,,,,,,,,,,,,,,,,,,,,,,,,,,,,,,,,,,,,,,,,,,,,,,,,,,,,,,,,,,,,,,,,
kai\,καί,conjunction,au)to/,αὐτός,pronoun,ge,γε,particle,tou=to,οὗτος,pronoun,mo/non,μόνος,adjective,ou),οὐ,adverb,tetolmh/kasin,τολμάω,verb,oi(,ὁ,article,oi)kei=oi,οἰκεῖος,adjective,oi(,ὁ,article,tou/tou,οὗτος,pronoun,marturh=sai,μαρτυρέω,verb,w(s,ὡς,conjunction,kath/geto,κατάγω,verb,para\,παρά,preposition,tou/tw|,οὗτος,pronoun,e)kei=nos,ἐκεῖνος,pronoun,eu)=,εὖ,adverb,ei)do/tes,οἶδα,verb,o(/ti,ὅστις,pronoun,dia\,διά,preposition,basa/nou,βάσανος,noun,e)k,ἐκ,preposition,tw=n,ὁ,article,oi)ketw=n,οἰκέτης,noun,o(,ὁ,article,e)/legxos,ἔλεγχος,noun,h)/dh,ἤδη,adverb,e)/soito,εἰμί,verb,ei)/,εἰ,conjunction,ti,τις,pronoun,toiou=to,τοιοῦτος,adjective,yeu/sointo,ψεύδω,verb,,,,,,,,,,,,,,,,,,,,,,,,,,,,,,,,,,,,,,,,,,,,,,,,,,,,,,,,,,,,,,,,,,,,,,,,,,,,,,,,,,,,,,,,,,,,,,,,,,,,,,,,,,,,,,,,,,,,,,,,,,,,,,,,,,,,,,,,,,,,,,,,,,,,,,,,,,,,,,,,,,,,,,,,,,,,,,,,,,,,,,,,,,,,,,,,,,,,,,,,,,,,,,,,,,,,,,,,,,,,,,,,,,,,,,,,,,,,,,,,,,,,,,,,,,,,,,,,,,,,,,,,,,,,,,,,,,,,,,,,,,,,,,,,,,,,,,,
bou/lomai,βούλομαι,verb,d',δέ,particle,u(mi=n,σύ,pronoun,kai\,καί,conjunction,tekmh/rio/n,τεκμήριον,noun,ti,τις,pronoun,ei)pei=n,εἶπον,verb,thlikou=ton,τηλικοῦτος,adjective,w(=|,ὅς,pronoun,dh=lon,δῆλος,adjective,u(mi=n,σύ,pronoun,e)/stai,εἰμί,verb,w(s,ὡς,conjunction,e)gw\,ἐγώ,pronoun,oi)/omai,οἴομαι,verb,o(/ti,ὅστις,pronoun,pa/nta,πᾶς,adjective,pro\s,πρός,preposition,u(ma=s,σύ,pronoun,e)/yeustai,ψεύδω,verb,,,,,,,,,,,,,,,,,,,,,,,,,,,,,,,,,,,,,,,,,,,,,,,,,,,,,,,,,,,,,,,,,,,,,,,,,,,,,,,,,,,,,,,,,,,,,,,,,,,,,,,,,,,,,,,,,,,,,,,,,,,,,,,,,,,,,,,,,,,,,,,,,,,,,,,,,,,,,,,,,,,,,,,,,,,,,,,,,,,,,,,,,,,,,,,,,,,,,,,,,,,,,,,,,,,,,,,,,,,,,,,,,,,,,,,,,,,,,,,,,,,,,,,,,,,,,,,,,,,,,,,,,,,,,,,,,,,,,,,,,,,,,,,,,,,,,,,,,,,,,,,,,,,,,,,,,,,,,,,,,,,,,,,,,,,,,,
tw=|,ὁ,article,ga\r,γάρ,particle,*lu/kwni,Λύκων,proper,w)=,ὦ,interjection,a)/ndres,ἀνήρ,noun,dikastai/,δικαστής,noun,ei)/per,εἴπερ,conjunction,h)spa/zeto,ἀσπάζομαι,verb,me\n,μέν,particle,toutoni\,οὗτος,pronoun,kai\,καί,conjunction,oi)kei/ws,οἰκεῖος,adjective,ei)=xen,ἔχω,verb,w(/sper,ὥσπερ,adverb,ou(=to/s,οὗτος,pronoun,fhsin,φημί,verb,e)bou/leto,βούλομαι,verb,de\,δέ,particle,dwrea\n,δωρεά,noun,dou=nai,δίδωμι,verb,au)tw=|,αὐτός,pronoun,ei)/,εἰ,conjunction,ti,τις,pronoun,pa/qoi,πάσχω,verb,to\,ὁ,article,a)rgu/rion,ἀργύριον,adjective,po/teron,πότερος,adjective,ka/llion,κάλλιον,adverb,h)=n,εἰμί,verb,a)/ntikrus,ἄντικρυς,adverb,para\,παρά,preposition,tw=|,ὁ,article,*kalli/ppw|,Κάλλιππος,proper,katalipei=n,καταλιμπάνω,verb,to\,ὁ,article,a)rgu/rion,ἀργύριον,adjective,o(\,ὅς,pronoun,e)/melle,μέλλω,verb,swqei\s,σώζω,verb,me\n,μέν,particle,o)rqw=s,ὀρθός,adjective,kai\,καί,conjunction,dikai/ws,δίκαιος,adjective,a)polh/yesqai,ἀπολαμβάνω,verb,para\,fi/lou,φίλος,adjective,ge,γε,particle,o)/ntos,εἰμί,verb,au)tw=|,αὐτός,pronoun,kai\,καί,conjunction,proce/nou,πρόξενος,noun,ei),εἰ,conjunction,de/,δέ,particle,ti,τις,pronoun,pa/qoi,πάσχω,verb,a)/ntikrus,ἄντικρυς,adverb,e)/sesqai,εἰμί,verb,dedwkw/s,δίδωμι,verb,w(/sper,ὥσπερ,adverb,παρά,preposition,kai\,καί,conjunction,e)bou/leto,βούλομαι,verb,h)\,ἠέ,conjunction,e)pi\,ἐπί,preposition,th=|,ὁ,article,trape/zh|,τράπεζα,noun,katalipei=n,καταλιμπάνω,verb,,,,,,,,,,,,,,,,,,,,,,,,,,,,,,,,,,,,,,,,,,,,,,,,,,,,,,,,,,,,,,,,,,,,,,,,,,,,,,,,,,,,,,,,,,,,,,,,,,,,,,,,,,,,,,,,,,,,,,,,,,,,,,,,,,,,,,,,,,,,,,,,,,,,,,,,,,,,,,,,,,,,,,,,,,,,,,,,,,,,,,,,,,,,,,,,,,,,
e)gw\,ἐγώ,pronoun,me\n,μέν,particle,ga\r,γάρ,particle,oi)=mai,οἴομαι,verb,e)kei=no,ἐκεῖνος,pronoun,kai\,καί,conjunction,dikaio/teron,δίκαιος,adjective,kai\,καί,conjunction,megaloprepe/steron,μεγαλοπρεπής,adverb,ei)=nai,εἰμί,verb,,,,,,,,,,,,,,,,,,,,,,,,,,,,,,,,,,,,,,,,,,,,,,,,,,,,,,,,,,,,,,,,,,,,,,,,,,,,,,,,,,,,,,,,,,,,,,,,,,,,,,,,,,,,,,,,,,,,,,,,,,,,,,,,,,,,,,,,,,,,,,,,,,,,,,,,,,,,,,,,,,,,,,,,,,,,,,,,,,,,,,,,,,,,,,,,,,,,,,,,,,,,,,,,,,,,,,,,,,,,,,,,,,,,,,,,,,,,,,,,,,,,,,,,,,,,,,,,,,,,,,,,,,,,,,,,,,,,,,,,,,,,,,,,,,,,,,,,,,,,,,,,,,,,,,,,,,,,,,,,,,,,,,,,,,,,,,,,,,,,,,,,,,,,,,,,,,,,,,,,,,,,
ou),οὐ,adverb,toi/nun,τοίνυν,particle,fai/netai,φαίνω,verb,tou/twn,οὗτος,pronoun,ou)de\n,οὐδείς,pronoun,poih/sas,ποιέω,verb,w(/ste,ὥστε,conjunction,kai\,καί,conjunction,tau=ta,οὗτος,pronoun,u(mi=n,σύ,pronoun,tekmh/ria,τεκμήριον,noun,e)/stw,εἰμί,verb,a)lla\,ἀλλά,adverb,tw=|,ὁ,article,*khfisia/dh|,,,kai\,καί,conjunction,gra/yas,γράφω,verb,kai\,καί,conjunction,prosta/cas,προσστάζω,verb,a)podou=nai,ἀποδίδωμι,verb,,,,,,,,,,,,,,,,,,,,,,,,,,,,,,,,,,,,,,,,,,,,,,,,,,,,,,,,,,,,,,,,,,,,,,,,,,,,,,,,,,,,,,,,,,,,,,,,,,,,,,,,,,,,,,,,,,,,,,,,,,,,,,,,,,,,,,,,,,,,,,,,,,,,,,,,,,,,,,,,,,,,,,,,,,,,,,,,,,,,,,,,,,,,,,,,,,,,,,,,,,,,,,,,,,,,,,,,,,,,,,,,,,,,,,,,,,,,,,,,,,,,,,,,,,,,,,,,,,,,,,,,,,,,,,,,,,,,,,,,,,,,,,,,,,,,,,,,,,,,,,,,,,,,,,,,,,,,,,,,,,,,,,,,,,,,,,
e)/ti,ἔτι,adverb,toi/nun,τοίνυν,particle,kai\,καί,conjunction,todi\,ὅδε,pronoun,ske/yasqe,σκέπτομαι,verb,w)=,ὦ,interjection,a)/ndres,ἀνήρ,noun,dikastai/,δικαστής,noun,o(/ti,ὅστις,pronoun,*ka/llippos,Κάλλιππος,proper,me\n,μέν,particle,h)=n,εἰμί,verb,poli/ths,πολίτης,noun,u(me/teros,ὑμέτερος,adjective,kai\,καί,conjunction,ou)k,οὐ,adverb,a)du/natos,ἀδύνατος,adjective,ou)de/tera,οὐδέτερος,adjective,poih=sai,ποιέω,verb,ou)/te,οὔτε,adverb,kakw=s,κακός,adjective,ou)/te,οὔτε,adverb,eu)=,εὖ,adverb,o(,ὁ,article,de\,δέ,particle,*khfisia/dhs,,,kai\,καί,conjunction,me/toikos,μέτοικος,noun,kai\,καί,conjunction,ou)de\n,οὐδείς,pronoun,duna/menos,δύναμαι,verb,w(/ste,ὥστε,conjunction,mh\,μή,conjunction,prosqe/sqai,προστίθημι,verb,a)\n,ἄν,particle,para\,παρά,preposition,to\,ὁ,article,di/kaion,δίκαιος,adjective,tw=|,ὁ,article,*khfisia/dh|,,,ma=llon,μᾶλλον,adverb,to\n,ὁ,article,pate/ra,πατήρ,noun,h)\,ἠέ,conjunction,tou/tw|,ta\,ὁ,article,di/kaia,δίκαιος,adjective,poih=sai,ποιέω,verb,,,,,,,,,,,,,,,,,,,,,,,,,,,,,,,,,,οὗτος,pronoun,,,,,,,,,,,,,,,,,,,,,,,,,,,,,,,,,,,,,,,,,,,,,,,,,,,,,,,,,,,,,,,,,,,,,,,,,,,,,,,,,,,,,,,,,,,,,,,,,,,,,,,,,,,,,,,,,,,,,,,,,,,,,,,,,,,,,,,,,,,,,,,,,,,,,,,,,,,,,,,,,,,,,,,,,,,,,,,,,,,,,,,,,,,,,,,,,,,,,,,,,,,,,,,,,,,,,,,,,
a)lla\,ἀλλά,adverb,nh\,νή,preposition,*di/a,Δίη,proper,i)/sws,ἴσως,adverb,a)\n,ἄν,particle,ei)/poi,εἶπον,verb,kerdai/nwn,κερδαίνω,verb,ti,τις,pronoun,i)di/a|,ἴδιος,adjective,o(,ὁ,article,path\r,πατήρ,noun,a)po\,ἀπό,preposition,tou=,ὁ,article,a)rguri/ou,ἀργύριον,adjective,e)kei/nw|,ἐκεῖνος,pronoun,ma=llon,μᾶλλον,adverb,proseti/qeto,προστίθημι,verb,th\n,ὁ,article,gnw/mhn,γνώμη,noun,h)\,ἠέ,conjunction,tou/tw|,οὗτος,pronoun,,,,,,,,,,,,,,,,,,,,,,,,,,,,,,,,,,,,,,,,,,,,,,,,,,,,,,,,,,,,,,,,,,,,,,,,,,,,,,,,,,,,,,,,,,,,,,,,,,,,,,,,,,,,,,,,,,,,,,,,,,,,,,,,,,,,,,,,,,,,,,,,,,,,,,,,,,,,,,,,,,,,,,,,,,,,,,,,,,,,,,,,,,,,,,,,,,,,,,,,,,,,,,,,,,,,,,,,,,,,,,,,,,,,,,,,,,,,,,,,,,,,,,,,,,,,,,,,,,,,,,,,,,,,,,,,,,,,,,,,,,,,,,,,,,,,,,,,,,,,,,,,,,,,,,,,,,,,,,,,,,,,,,,,,,,
ei)=ta,εἶτα,adverb,prw=ton,πρότερος,adjective,me\n,μέν,particle,to\n,ὁ,article,dunhso/menon,δύναμαι,verb,dipla/sion,διπλασίων,adverb,tou=,ὁ,article,lh/mmatos,λῆμμα,noun,kako\n,κακός,adjective,poih=sai,ποιέω,verb,h)di/kei,ἀδικέω,verb,e)/peita,ἔπειτα,adverb,e)ntau=qa,ἐνταῦθα,adverb,me\n,μέν,particle,ai)sxrokerdh\s,αἰσχροκερδής,adverb,h)=n,εἰμί,verb,ei)s,εἰς,preposition,de\,δέ,particle,ta\s,ὁ,article,ei)sfora\s,εἰσφορά,noun,kai\,καί,conjunction,lh|tourgi/as,λειτουργία,noun,kai\,καί,conjunction,dwrea\s,δωρεά,noun,th=|,ὁ,article,po/lei,πόλις,adjective,ou)/,οὐ,adverb,,,,,,,,,,,,,,,,,,,,,,,,,,,,,,,,,,,,,,,,,,,,,,,,,,,,,,,,,,,,,,,,,,,,,,,,,,,,,,,,,,,,,,,,,,,,,,,,,,,,,,,,,,,,,,,,,,,,,,,,,,,,,,,,,,,,,,,,,,,,,,,,,,,,,,,,,,,,,,,,,,,,,,,,,,,,,,,,,,,,,,,,,,,,,,,,,,,,,,,,,,,,,,,,,,,,,,,,,,,,,,,,,,,,,,,,,,,,,,,,,,,,,,,,,,,,,,,,,,,,,,,,,,,,,,,,,,,,,,,,,,,,,,,,,,,,,,,,,,,,,,,,,,,,,,,,,
kai\,καί,conjunction,tw=n,ὁ,article,me\n,μέν,particle,ce/nwn,ξένος,noun,ou)de/na,οὐδείς,pronoun,h)di/kei,ἀδικέω,verb,*ka/llippon,Κάλλιππος,proper,de/,δέ,particle,,,,,,,,,,,,,,,,,,,,,,,,,,,,,,,,,,,,,,,,,,,,,,,,,,,,,,,,,,,,,,,,,,,,,,,,,,,,,,,,,,,,,,,,,,,,,,,,,,,,,,,,,,,,,,,,,,,,,,,,,,,,,,,,,,,,,,,,,,,,,,,,,,,,,,,,,,,,,,,,,,,,,,,,,,,,,,,,,,,,,,,,,,,,,,,,,,,,,,,,,,,,,,,,,,,,,,,,,,,,,,,,,,,,,,,,,,,,,,,,,,,,,,,,,,,,,,,,,,,,,,,,,,,,,,,,,,,,,,,,,,,,,,,,,,,,,,,,,,,,,,,,,,,,,,,,,,,,,,,,,,,,,,,,,,,,,,,,,,,,,,,,,,,,,,,,,,,,,,,,,,,,,,,,,,
kai\,καί,conjunction,ou(=tos,οὗτος,pronoun,w(s,ὡς,conjunction,xrhstw=|,χρηστός,adjective,me\n,μέν,particle,au)tw=|,αὐτός,pronoun,o)/nti,εἰμί,verb,kai\,καί,conjunction,ou)de\n,οὐδείς,pronoun,a)\n,ἄν,particle,yeusame/nw|,ψεύδω,verb,o(/rkon,ὅρκος,noun,e)di/dou,δίδωμι,verb,w(/s,ὡς,conjunction,fhsin,φημί,verb,w(s,ὡς,conjunction,peri\,περί,preposition,ponhrou=,πονηρός,adjective,de\,δέ,particle,kai\,καί,conjunction,a)palei/fontos,ἀπαλείφω,verb,a)po\,ἀπό,preposition,tw=n,ὁ,article,parakataqhkw=n,παρακαταθήκη,noun,nuni\,νυνί,adverb,diale/getai,διαλέγω,verb,,,,,,,,,,,,,,,,,,,,,,,,,,,,,,,,,,,,,,,,,,,,,,,,,,,,,,,,,,,,,,,,,,,,,,,,,,,,,,,,,,,,,,,,,,,,,,,,,,,,,,,,,,,,,,,,,,,,,,,,,,,,,,,,,,,,,,,,,,,,,,,,,,,,,,,,,,,,,,,,,,,,,,,,,,,,,,,,,,,,,,,,,,,,,,,,,,,,,,,,,,,,,,,,,,,,,,,,,,,,,,,,,,,,,,,,,,,,,,,,,,,,,,,,,,,,,,,,,,,,,,,,,,,,,,,,,,,,,,,,,,,,,,,,,,,,,,,,,,,,,,,,,,,,,,,,,,,,
ka)kei=nos,ἐκεῖνος,pronoun,ou)/t',οὔτε,adverb,o)mo/sai,ὄμνυμι,verb,'qe/lwn,ἐθέλω,verb,w(s,ὡς,conjunction,ou(=to/s,οὗτος,pronoun,fhsin,φημί,verb,ou)/t',οὔτε,adverb,a)podidou\s,ἀποδίδωμι,verb,ou)k,οὐ,adverb,eu)qu\s,εὐθύς,adverb,a)\n,ἄν,particle,w)flh/kei,ὀφλέω,verb,,,,,,,,,,,,,,,,,,,,,,,,,,,,,,,,,,,,,,,,,,,,,,,,,,,,,,,,,,,,,,,,,,,,,,,,,,,,,,,,,,,,,,,,,,,,,,,,,,,,,,,,,,,,,,,,,,,,,,,,,,,,,,,,,,,,,,,,,,,,,,,,,,,,,,,,,,,,,,,,,,,,,,,,,,,,,,,,,,,,,,,,,,,,,,,,,,,,,,,,,,,,,,,,,,,,,,,,,,,,,,,,,,,,,,,,,,,,,,,,,,,,,,,,,,,,,,,,,,,,,,,,,,,,,,,,,,,,,,,,,,,,,,,,,,,,,,,,,,,,,,,,,,,,,,,,,,,,,,,,,,,,,,,,,,,,,,,,,,,,,,,,,,,,,,,,,,,
tw=|,τίς,pronoun,tau=ta,οὗτος,pronoun,pista/,πιστός,adjective,w)=,ὦ,interjection,a)/ndres,ἀνήρ,noun,dikastai/,δικαστής,noun,,,,,,,,,,,,,,,,,,,,,,,,,,,,,,,,,,,,,,,,,,,,,,,,,,,,,,,,,,,,,,,,,,,,,,,,,,,,,,,,,,,,,,,,,,,,,,,,,,,,,,,,,,,,,,,,,,,,,,,,,,,,,,,,,,,,,,,,,,,,,,,,,,,,,,,,,,,,,,,,,,,,,,,,,,,,,,,,,,,,,,,,,,,,,,,,,,,,,,,,,,,,,,,,,,,,,,,,,,,,,,,,,,,,,,,,,,,,,,,,,,,,,,,,,,,,,,,,,,,,,,,,,,,,,,,,,,,,,,,,,,,,,,,,,,,,,,,,,,,,,,,,,,,,,,,,,,,,,,,,,,,,,,,,,,,,,,,,,,,,,,,,,,,,,,,,,,,,,,,,,,,,,,,,,,,,,,,,
e)gw\,ἐγώ,pronoun,me\n,μέν,particle,ga\r,γάρ,particle,ou)deni\,οὐδείς,pronoun,oi)/omai,οἴομαι,verb,,,,,,,,,,,,,,,,,,,,,,,,,,,,,,,,,,,,,,,,,,,,,,,,,,,,,,,,,,,,,,,,,,,,,,,,,,,,,,,,,,,,,,,,,,,,,,,,,,,,,,,,,,,,,,,,,,,,,,,,,,,,,,,,,,,,,,,,,,,,,,,,,,,,,,,,,,,,,,,,,,,,,,,,,,,,,,,,,,,,,,,,,,,,,,,,,,,,,,,,,,,,,,,,,,,,,,,,,,,,,,,,,,,,,,,,,,,,,,,,,,,,,,,,,,,,,,,,,,,,,,,,,,,,,,,,,,,,,,,,,,,,,,,,,,,,,,,,,,,,,,,,,,,,,,,,,,,,,,,,,,,,,,,,,,,,,,,,,,,,,,,,,,,,,,,,,,,,,,,,,,,,,,,,,,,,,,,,,,,
kai\,καί,conjunction,o(,ὁ,article,*)arxebia/dhs,Ἀρχεβιάδης,proper,ei)s,εἰς,preposition,tou=to,οὗτος,pronoun,faulo/thtos,φαυλότης,noun,h(/kei,ἥκω,verb,w(/ste,ὥστε,conjunction,tou=,ὁ,article,*kalli/ppou,Κάλλιππος,proper,dhmo/tou,δημότης,noun,o)/ntos,εἰμί,verb,au)tw=|,αὐτός,pronoun,kai\,καί,conjunction,politeuome/nou,πολιτεύω,verb,kai\,καί,conjunction,ou)k,οὐ,adverb,i)diw/tou,ἰδιώτης,noun,o)/ntos,εἰμί,verb,katamarturei=,καταμαρτυρέω,verb,kai\,καί,conjunction,fhsi\n,φημί,verb,h(ma=s,ἐγώ,pronoun,me\n,μέν,particle,a)lhqh=,ἀληθής,adjective,le/gein,λέγω,verb,tou=ton,οὗτος,pronoun,de\,δέ,particle,yeu/desqai,ψεύδω,verb,kai\,καί,conjunction,tau=ta,οὗτος,pronoun,ei)dw\s,οἶδα,verb,o(/ti,ὅστις,pronoun,a)\n,ἄν,particle,ou(=tos,οὗτος,pronoun,bou/lhtai,βούλομαι,verb,e)piskh/yasqai,ἐπισκήπτω,verb,au)tw=|,αὐτός,pronoun,tw=n,ὁ,article,yeudomarturi/wn,ψευδομαρτυρέω,verb,kai\,καί,conjunction,a)/llo,ἄλλος,adjective,mhde\n,μηδείς,pronoun,poih=sai,ποιέω,verb,h)\,e)corkw=sai,ἐξορκόω,verb,a)na/gkh,ἀνάγκη,noun,au)tw=|,αὐτός,pronoun,e)/stai,εἰμί,verb,pi/stin,πίστις,noun,e)piqei=nai,ἐπιτίθημι,verb,h(\n,ὅς,pronoun,a)\n,ἄν,particle,keleu/h|,κελεύω,verb,ou(=tos,οὗτος,pronoun,,,,,,,,,,,,,ἠέ,conjunction,,,,,,,,,,,,,,,,,,,,,,,,,,,,,,,,,,,,,,,,,,,,,,,,,,,,,,,,,,,,,,,,,,,,,,,,,,,,,,,,,,,,,,,,,,,,,,,,,,,,,,,,,,,,,,,,,,,,,,,,,,,,,,,,,,,,,,,,,,,,,,,,,,,,,,,,,,,,,,,,,,,,,,,,,,,,,,,,,,,,,,,,,,,,,,,,,,,,,,,,,,,,,,,,,,,,,,,,,
e)/peita,ἔπειτα,adverb,i(/na,ἵνα,conjunction,o(,ὁ,article,*khfisia/dhs,,,e)/xh|,ἔχω,verb,to\,ὁ,article,a)rgu/rion,ἀργύριον,adjective,a)/nqrwpos,ἄνθρωπος,noun,me/toikos,μέτοικος,noun,h)\,ἠέ,conjunction,*formi/wn,Φορμίων,proper,o(/n,ὅς,pronoun,fhsin,φημί,verb,a)palhlife/nai,ἀπαλείφω,verb,ti,τις,pronoun,ou(=tos,οὗτος,pronoun,tou=,ὁ,article,a)rguri/ou,ἀργύριον,adjective,peisqh/sesqe,πείθω,verb,u(mei=s,σύ,pronoun,w(s,ὡς,conjunction,e)piorkh/seien,ἐπιορκέω,verb,a)\n,ἄν,particle,o(,ὁ,article,*)arxebia/dhs,Ἀρχεβιάδης,proper,,,,,,,,,,,,,,,,,,,,,,,,,,,,,,,,,,,,,,,,,,,,,,,,,,,,,,,,,,,,,,,,,,,,,,,,,,,,,,,,,,,,,,,,,,,,,,,,,,,,,,,,,,,,,,,,,,,,,,,,,,,,,,,,,,,,,,,,,,,,,,,,,,,,,,,,,,,,,,,,,,,,,,,,,,,,,,,,,,,,,,,,,,,,,,,,,,,,,,,,,,,,,,,,,,,,,,,,,,,,,,,,,,,,,,,,,,,,,,,,,,,,,,,,,,,,,,,,,,,,,,,,,,,,,,,,,,,,,,,,,,,,,,,,,,,,,,,,,,,,,,,,,,,,,,,,,,,,,,,
ou)k,οὐ,adverb,e)/k,ἐκ,preposition,ge,γε,particle,tw=n,ὁ,article,ei)ko/twn,ἔοικα,verb,w)=,ὦ,interjection,a)/ndres,ἀνήρ,noun,dikastai/,δικαστής,noun,,,,,,,,,,,,,,,,,,,,,,,,,,,,,,,,,,,,,,,,,,,,,,,,,,,,,,,,,,,,,,,,,,,,,,,,,,,,,,,,,,,,,,,,,,,,,,,,,,,,,,,,,,,,,,,,,,,,,,,,,,,,,,,,,,,,,,,,,,,,,,,,,,,,,,,,,,,,,,,,,,,,,,,,,,,,,,,,,,,,,,,,,,,,,,,,,,,,,,,,,,,,,,,,,,,,,,,,,,,,,,,,,,,,,,,,,,,,,,,,,,,,,,,,,,,,,,,,,,,,,,,,,,,,,,,,,,,,,,,,,,,,,,,,,,,,,,,,,,,,,,,,,,,,,,,,,,,,,,,,,,,,,,,,,,,,,,,,,,,,,,,,,,,,,,,,,,,,,,,,,,,,,,,,,,
ou),οὐ,adverb,ga\r,γάρ,particle,a)/cion,ἄξιος,adjective,ou)/te,οὔτε,adverb,*)arxebia/dou,Ἀρχεβιάδης,proper,kaki/an,κακία,noun,ou)demi/an,οὐδείς,pronoun,katagnw=nai,καταγιγνώσκω,verb,ou)/te,οὔτε,adverb,tou=,ὁ,article,patro\s,πατήρ,noun,tou=,ὁ,article,h(mete/rou,ἡμέτερος,adjective,,,,,,,,,,,,,,,,,,,,,,,,,,,,,,,,,,,,,,,,,,,,,,,,,,,,,,,,,,,,,,,,,,,,,,,,,,,,,,,,,,,,,,,,,,,,,,,,,,,,,,,,,,,,,,,,,,,,,,,,,,,,,,,,,,,,,,,,,,,,,,,,,,,,,,,,,,,,,,,,,,,,,,,,,,,,,,,,,,,,,,,,,,,,,,,,,,,,,,,,,,,,,,,,,,,,,,,,,,,,,,,,,,,,,,,,,,,,,,,,,,,,,,,,,,,,,,,,,,,,,,,,,,,,,,,,,,,,,,,,,,,,,,,,,,,,,,,,,,,,,,,,,,,,,,,,,,,,,,,,,,,,,,,,,,,,,,,,,,,,,,,,,,,,,,,,,,,
polu\,πολύς,adjective,ga\r,γάρ,particle,au)to\n,αὐτός,pronoun,filo/timon,φιλότιμος,adjective,i)/ste,οἶδα,verb,ma=llon,μᾶλλον,adverb,o)/nta,εἰμί,verb,h)\,ἠέ,conjunction,kako/n,κακός,adjective,ti,τις,pronoun,h)\,ἠέ,conjunction,ai)sxro\n,αἰσχρός,adjective,e)pithdeu/onta,ἐπιτηδεύω,verb,kai\,καί,conjunction,pro\s,πρός,preposition,*ka/llippon,Κάλλιππος,proper,ou)x,οὐ,adverb,ou(/tws,οὕτως,adverb,e)/xonta,ἔχω,verb,w(/ste,ὥστε,conjunction,katafronh/santa,καταφρονέω,verb,tou/tou,οὗτος,pronoun,a)dikh=sai,ἀδικέω,verb,ti,τις,pronoun,au)to/n,αὐτός,pronoun,,,,,,,,,,,,,,,,,,,,,,,,,,,,,,,,,,,,,,,,,,,,,,,,,,,,,,,,,,,,,,,,,,,,,,,,,,,,,,,,,,,,,,,,,,,,,,,,,,,,,,,,,,,,,,,,,,,,,,,,,,,,,,,,,,,,,,,,,,,,,,,,,,,,,,,,,,,,,,,,,,,,,,,,,,,,,,,,,,,,,,,,,,,,,,,,,,,,,,,,,,,,,,,,,,,,,,,,,,,,,,,,,,,,,,,,,,,,,,,,,,,,,,,,,,,,,,,,,,,,,,,,,,,,,,,,,,,,,,,,,,,,,,,,,,,,,,,,,,,,,,,,,,,,,,,,,,,,,,,
ou),οὐ,adverb,ga\r,γάρ,particle,ou(/tw,οὕτως,adverb,moi,ἐγώ,pronoun,dokei=,δοκέω,verb,du/nasqai,δύναμαι,verb,w(/st',ὥστε,conjunction,eu)katafro/nhtos,εὐκαταφρόνητος,adjective,ei)=nai,εἰμί,verb,o(\s,ὅς,pronoun,ou(/tws,οὕτως,adverb,e)rrwme/nos,ἐρρωμένος,adjective,e)sti/n,εἰμί,verb,w(/ste,ὥστε,conjunction,pe/rusi/,πέρυσι,adverb,moi,ἐγώ,pronoun,laxw\n,λαγχάνω,verb,th\n,ὁ,article,di/khn,δίκη,adjective,tauthni\,οὗτος,pronoun,kai\,καί,conjunction,prokalesa/menos,προκαλέω,verb,tw=|,ὁ,article,*lusiqei/dh|,Λυσιθείδης,proper,e)pitre/yai,ἐπιτρέπω,verb,e)gw\,ἐγώ,pronoun,me\n,μέν,particle,kai/per,καίπερ,particle,katapefronhme/nos,καταφρονέω,verb,u(p',ὑπό,preposition,au)tou=,αὐτός,pronoun,tou=to/,οὗτος,pronoun,ge,γε,particle,o)rqw=s,ὀρθός,adjective,e)bouleusa/mhn,βουλεύω,verb,kata\,κατά,preposition,tou\s,ὁ,article,no/mous,νόμος,noun,ga\r,γάρ,particle,e)pe/treya,ἐπιτρέπω,verb,kai\,καί,conjunction,a)ph/negka,ἀποφέρω,verb,pro\s,πρός,preposition,th\n,ὁ,article,a)rxh/n),ou(=tos,οὗτος,pronoun,de\,δέ,particle,to\n,ὁ,article,kata\,κατά,preposition,tou\s,ὁ,article,no/mous,νόμος,noun,a)penhnegme/non,ἀποφέρω,verb,diaithth\n,διαιτητής,noun,e)/peisen,ἐφίζω,verb,a)nw/moton,ἀνώμοτος,adjective,diaith=sai,διαιτάω,verb,e)mou=,ἐγώ,pronoun,diamarturome/nou,διαμαρτύρομαι,verb,kata\,κατά,preposition,ἀρχή,noun,tou\s,ὁ,article,no/mous,νόμος,noun,o)mo/santa,ὄμνυμι,verb,diaita=n,δίαιτα,noun,i(/na,ἵνα,conjunction,au)tw=|,αὐτός,pronoun,h)=|,εἰμί,verb,pro\s,πρός,preposition,u(ma=s,σύ,pronoun,le/gein,λέγω,verb,o(/ti,ὅστις,pronoun,kai\,καί,conjunction,*lusiqei/dhs,Λυσιθείδης,proper,a)nh\r,ἀνήρ,noun,kalo\s,καλός,noun,ka)gaqo/s,ἀγαθός,adjective,e)/gnw,γιγνώσκω,verb,peri\,περί,preposition,au)tw=n,αὐτός,pronoun,,,,,,,,,,,,,,,,,,,,,,,,,,,,,,,,,,,,,,,,,,,,,,,,,,,,,,,,,,,,,,,,,,,,,,,,,,,,,,,,,,,,,,,,,,,,,,,,,,,,,,,,,,,,,,,,,,,,,,,,,,,,,,,,,,,,,,,,,,,,,,,,,,,,,,,,,,,,,,,,
*lusiqei/dhs,Λυσιθείδης,proper,ga/r,γάρ,particle,w)=,ὦ,interjection,a)/ndres,ἀνήρ,noun,dikastai/,δικαστής,noun,e(/ws,ἕως,conjunction,me\n,μέν,particle,o(,ὁ,article,path\r,πατήρ,noun,e)/zh,ζάω,verb,kai\,καί,conjunction,a)/neu,ἄνευ,preposition,o(/rkou,ὅρκος,noun,kai\,καί,conjunction,meq',μετά,preposition,o(/rkou,ὅρκος,noun,i)/sws,ἴσως,adverb,a)\n,ἄν,particle,ou)k,οὐ,adverb,h)di/khsen,ἀδικέω,verb,e)kei=non,ἐκεῖνος,pronoun,,,,,,,,,,,,,,,,,,,,,,,,,,,,,,,,,,,,,,,,,,,,,,,,,,,,,,,,,,,,,,,,,,,,,,,,,,,,,,,,,,,,,,,,,,,,,,,,,,,,,,,,,,,,,,,,,,,,,,,,,,,,,,,,,,,,,,,,,,,,,,,,,,,,,,,,,,,,,,,,,,,,,,,,,,,,,,,,,,,,,,,,,,,,,,,,,,,,,,,,,,,,,,,,,,,,,,,,,,,,,,,,,,,,,,,,,,,,,,,,,,,,,,,,,,,,,,,,,,,,,,,,,,,,,,,,,,,,,,,,,,,,,,,,,,,,,,,,,,,,,,,,,,,,,,,,,,,,,,,,,,,,,,,,,,,
e)/mele,μέλω,verb,ga\r,γάρ,particle,au)tw=|,αὐτός,pronoun,e)kei/nou,ἐκεῖνος,pronoun,,,,,,,,,,,,,,,,,,,,,,,,,,,,,,,,,,,,,,,,,,,,,,,,,,,,,,,,,,,,,,,,,,,,,,,,,,,,,,,,,,,,,,,,,,,,,,,,,,,,,,,,,,,,,,,,,,,,,,,,,,,,,,,,,,,,,,,,,,,,,,,,,,,,,,,,,,,,,,,,,,,,,,,,,,,,,,,,,,,,,,,,,,,,,,,,,,,,,,,,,,,,,,,,,,,,,,,,,,,,,,,,,,,,,,,,,,,,,,,,,,,,,,,,,,,,,,,,,,,,,,,,,,,,,,,,,,,,,,,,,,,,,,,,,,,,,,,,,,,,,,,,,,,,,,,,,,,,,,,,,,,,,,,,,,,,,,,,,,,,,,,,,,,,,,,,,,,,,,,,,,,,,,,,,,,,,,,,,,,,,,
e)mou=,ἐγώ,pronoun,de\,δέ,particle,a)/neu,ἄνευ,preposition,me\n,μέν,particle,o(/rkou,ὅρκος,noun,ou)de\n,οὐδείς,pronoun,au)tw=|,αὐτός,pronoun,e)/melen,μέλω,verb,meq',μετά,preposition,o(/rkou,ὅρκος,noun,de\,δέ,particle,i)/sws,ἴσως,adverb,a)\n,ἄν,particle,ou)k,οὐ,adverb,h)di/khsen,ἀδικέω,verb,dia\,διά,preposition,to\,ὁ,article,au(tou=,ἑαυτοῦ,pronoun,i)/dion,ἴδιος,adjective,,,,,,,,,,,,,,,,,,,,,,,,,,,,,,,,,,,,,,,,,,,,,,,,,,,,,,,,,,,,,,,,,,,,,,,,,,,,,,,,,,,,,,,,,,,,,,,,,,,,,,,,,,,,,,,,,,,,,,,,,,,,,,,,,,,,,,,,,,,,,,,,,,,,,,,,,,,,,,,,,,,,,,,,,,,,,,,,,,,,,,,,,,,,,,,,,,,,,,,,,,,,,,,,,,,,,,,,,,,,,,,,,,,,,,,,,,,,,,,,,,,,,,,,,,,,,,,,,,,,,,,,,,,,,,,,,,,,,,,,,,,,,,,,,,,,,,,,,,,,,,,,,,,,,,,,,,,,,,,,,,,,,,,,,,,,,,,,,
dio/per,διόπερ,conjunction,a)nw/motos,ἀνώμοτος,adjective,a)pefh/nato,ἀποφαίνω,verb,,,,,,,,,,,,,,,,,,,,,,,,,,,,,,,,,,,,,,,,,,,,,,,,,,,,,,,,,,,,,,,,,,,,,,,,,,,,,,,,,,,,,,,,,,,,,,,,,,,,,,,,,,,,,,,,,,,,,,,,,,,,,,,,,,,,,,,,,,,,,,,,,,,,,,,,,,,,,,,,,,,,,,,,,,,,,,,,,,,,,,,,,,,,,,,,,,,,,,,,,,,,,,,,,,,,,,,,,,,,,,,,,,,,,,,,,,,,,,,,,,,,,,,,,,,,,,,,,,,,,,,,,,,,,,,,,,,,,,,,,,,,,,,,,,,,,,,,,,,,,,,,,,,,,,,,,,,,,,,,,,,,,,,,,,,,,,,,,,,,,,,,,,,,,,,,,,,,,,,,,,,,,,,,,,,,,,,,,,,,,,,,,
w(s,ὡς,conjunction,de\,δέ,particle,a)lhqh=,ἀληθής,adjective,le/gw,λέγω,verb,kai\,καί,conjunction,tou/twn,οὗτος,pronoun,u(mi=n,σύ,pronoun,tou\s,ὁ,article,paragenome/nous,παραγίγνομαι,verb,ma/rturas,μάρτυς,noun,pare/comai,παρέχω,verb,,,,,,,,,,,,,,,,,,,,,,,,,,,,,,,,,,,,,,,,,,,,,,,,,,,,,,,,,,,,,,,,,,,,,,,,,,,,,,,,,,,,,,,,,,,,,,,,,,,,,,,,,,,,,,,,,,,,,,,,,,,,,,,,,,,,,,,,,,,,,,,,,,,,,,,,,,,,,,,,,,,,,,,,,,,,,,,,,,,,,,,,,,,,,,,,,,,,,,,,,,,,,,,,,,,,,,,,,,,,,,,,,,,,,,,,,,,,,,,,,,,,,,,,,,,,,,,,,,,,,,,,,,,,,,,,,,,,,,,,,,,,,,,,,,,,,,,,,,,,,,,,,,,,,,,,,,,,,,,,,,,,,,,,,,,,,,,,,,,,,,,,,,,,,,,,,,,,,,,,,
o(/,ὅς,pronoun,ti,τις,pronoun,me\n,μέν,particle,kai\,καί,conjunction,para\,παρά,preposition,tou\s,ὁ,article,no/mous,νόμος,noun,kai\,καί,conjunction,para\,παρά,preposition,to\,ὁ,article,di/kaion,δίκαιος,adjective,du/natai,δύναμαι,verb,diapra/ttesqai,διαπράσσω,verb,*ka/llippos,Κάλλιππος,proper,w)=,ὦ,interjection,a)/ndres,ἀνήρ,noun,dikastai/,δικαστής,noun,th=s,ὁ,article,marturi/as,μαρτυρία,noun,a)khko/ate,ἀκούω,verb,,,,,,,,,,,,,,,,,,,,,,,,,,,,,,,,,,,,,,,,,,,,,,,,,,,,,,,,,,,,,,,,,,,,,,,,,,,,,,,,,,,,,,,,,,,,,,,,,,,,,,,,,,,,,,,,,,,,,,,,,,,,,,,,,,,,,,,,,,,,,,,,,,,,,,,,,,,,,,,,,,,,,,,,,,,,,,,,,,,,,,,,,,,,,,,,,,,,,,,,,,,,,,,,,,,,,,,,,,,,,,,,,,,,,,,,,,,,,,,,,,,,,,,,,,,,,,,,,,,,,,,,,,,,,,,,,,,,,,,,,,,,,,,,,,,,,,,,,,,,,,,,,,,,,,,,,,,,,,,,,,,,,,,,,,,,,,
de/omai,δέομαι,verb,de\,δέ,particle,u(mw=n,σύ,pronoun,au)to/s,αὐτός,pronoun,te,τε,particle,u(pe\r,ὑπέρ,preposition,e)mautou=,ἐμαυτοῦ,pronoun,kai\,καί,conjunction,u(pe\r,ὑπέρ,preposition,tou=,ὁ,article,patro/s,πατήρ,noun,a)namnhsqe/ntas,ἀναμιμνήσκω,verb,o(/ti,ὅστις,pronoun,pa/ntwn,πᾶς,adjective,me\n,μέν,particle,u(mi=n,σύ,pronoun,kai\,καί,conjunction,ma/rturas,μάρτυς,noun,kai\,καί,conjunction,tekmh/ria,τεκμήριον,noun,kai\,καί,conjunction,no/mous,νόμος,noun,kai\,καί,conjunction,pi/steis,πίστις,noun,paresxo/mhn,παρέχω,verb,w(=n,ὅς,pronoun,ei)/rhka,ἐρῶ,verb,tou/tw|,οὗτος,pronoun,de\,δέ,particle,e)pidei/knumi,ἐπιδείκνυμι,verb,o(/ti,ὅστις,pronoun,e)co/n,ἔξεστι,verb,ei)/per,εἴπερ,conjunction,ti,τις,pronoun,au)tw=|,αὐτός,pronoun,prosh=ken,προσήκω,verb,tou=,ὁ,article,a)rguri/ou,ἀργύριον,adjective,e)pi\,ἐπί,preposition,to\n,ὁ,article,*khfisia/dhn,,,badi/zein,βαδίζω,verb,to\n,ὁ,article,o(mologou=nta,ὁμολογέω,verb,kekomi/sqai,kai\,καί,conjunction,e)/xein,ἔχω,verb,to\,ὁ,article,a)rgu/rion,ἀργύριον,adjective,kai\,καί,conjunction,tau=ta,οὗτος,pronoun,mhde\n,μηδείς,pronoun,h(=tton,ἥσσων,adverb,ta\,ὁ,article,pista\,πιστός,adjective,par',παρά,preposition,h(mw=n,ἐγώ,pronoun,labo/nta,λαμβάνω,verb,ou)k,οὐ,adverb,κομίζω,verb,e)/rxetai,ἔρχομαι,verb,ei)dw\s,οἶδα,verb,o(/ti,ὅστις,pronoun,ou)k,οὐ,adverb,e)/stin,εἰμί,verb,par',παρά,preposition,h(mi=n,ἐγώ,pronoun,to\,ὁ,article,a)rgu/rion,ἀργύριον,adjective,de/omai,δέομαι,verb,u(mw=n,σύ,pronoun,a)poyhfi/sasqai/,ἀποψηφίζομαι,verb,mou,ἐγώ,pronoun,,,,,,,,,,,,,,,,,,,,,,,,,,,,,,,,,,,,,,,,,,,,,,,,,,,,,,,,,,,,,,,,,,,,,,,,,,,,,,,,,,,,,,,,,,,,,,,,,,,,,,,,,,,,,,,,,,,,,,,,,,,,,,,,,,,,,,,,,,,,,,,,,,,,,,,,,,,,,,,,,,,,,,,,,,,,,,,,,,
kai\,καί,conjunction,tau=ta,οὗτος,pronoun,poiou=ntes,ποιέω,verb,prw=ton,πρότερος,adjective,me\n,μέν,particle,ta\,ὁ,article,di/kaia,δίκαιος,adjective,kai\,καί,conjunction,kata\,κατά,preposition,tou\s,ὁ,article,no/mous,νόμος,noun,e)/sesqe,εἰμί,verb,e)yhfisme/noi,ψηφίζομαι,verb,e)/peita,ἔπειτα,adverb,a)/cia,ἄξιος,adjective,me\n,μέν,particle,au)tw=n,αὐτός,pronoun,u(mw=n,σύ,pronoun,a)/cia,ἄξιος,adjective,de\,δέ,particle,tou=,ὁ,article,patro\s,πατήρ,noun,tou=,ὁ,article,e)mou=,ἐμός,adjective,,,,,,,,,,,,,,,,,,,,,,,,,,,,,,,,,,,,,,,,,,,,,,,,,,,,,,,,,,,,,,,,,,,,,,,,,,,,,,,,,,,,,,,,,,,,,,,,,,,,,,,,,,,,,,,,,,,,,,,,,,,,,,,,,,,,,,,,,,,,,,,,,,,,,,,,,,,,,,,,,,,,,,,,,,,,,,,,,,,,,,,,,,,,,,,,,,,,,,,,,,,,,,,,,,,,,,,,,,,,,,,,,,,,,,,,,,,,,,,,,,,,,,,,,,,,,,,,,,,,,,,,,,,,,,,,,,,,,,,,,,,,,,,,,,,,,,,,,,,,,,,,,,,,,,,,,,,,,,,,,,
w(s,ὡς,conjunction,e)gw\,ἐγώ,pronoun,u(ma=s,σύ,pronoun,a)\n,ἄν,particle,decai/mhn,δέχομαι,verb,a(/panta,ἅπας,adjective,ta\,ὁ,article,e)mautou=,ἐμαυτοῦ,pronoun,labei=n,λαμβάνω,verb,ma=llon,μᾶλλον,adverb,h)\,ἠέ,conjunction,a)di/kws,ἄδικος,adjective,ti,τις,pronoun,sukofantou/menos,συκοφαντέω,verb,a)potei=sai,ἀποτίνω,verb,,,,,,,,,,,,,,,,,,,,,,,,,,,,,,,,,,,,,,,,,,,,,,,,,,,,,,,,,,,,,,,,,,,,,,,,,,,,,,,,,,,,,,,,,,,,,,,,,,,,,,,,,,,,,,,,,,,,,,,,,,,,,,,,,,,,,,,,,,,,,,,,,,,,,,,,,,,,,,,,,,,,,,,,,,,,,,,,,,,,,,,,,,,,,,,,,,,,,,,,,,,,,,,,,,,,,,,,,,,,,,,,,,,,,,,,,,,,,,,,,,,,,,,,,,,,,,,,,,,,,,,,,,,,,,,,,,,,,,,,,,,,,,,,,,,,,,,,,,,,,,,,,,,,,,,,,,,,,,,,,,,,,,,,,,,,,,,,,,,,,,,,,,,,,
