word/0/@_form,word/0/lemma/@_entry,word/0/lemma/@_POS,word/1/@_form,word/1/lemma/@_entry,word/1/lemma/@_POS,word/2/@_form,word/2/lemma/@_entry,word/2/lemma/@_POS,word/3/@_form,word/3/lemma/@_entry,word/3/lemma/@_POS,word/4/@_form,word/4/lemma/@_entry,word/4/lemma/@_POS,word/5/@_form,word/5/lemma/@_entry,word/5/lemma/@_POS,word/6/@_form,word/6/lemma/@_entry,word/6/lemma/@_POS,word/7/@_form,word/7/lemma/@_entry,word/7/lemma/@_POS,word/8/@_form,word/9/@_form,word/9/lemma/@_entry,word/9/lemma/@_POS,word/10/@_form,word/10/lemma/@_entry,word/10/lemma/@_POS,word/11/@_form,word/11/lemma/@_entry,word/11/lemma/@_POS,word/8/lemma/@_entry,word/8/lemma/@_POS,word/12/@_form,word/12/lemma/@_entry,word/12/lemma/@_POS,word/13/@_form,word/13/lemma/@_entry,word/13/lemma/@_POS,word/14/@_form,word/14/lemma/@_entry,word/14/lemma/@_POS,word/15/@_form,word/15/lemma/@_entry,word/15/lemma/@_POS,word/16/@_form,word/16/lemma/@_entry,word/16/lemma/@_POS,word/17/@_form,word/17/lemma/@_entry,word/17/lemma/@_POS,word/18/@_form,word/18/lemma/@_entry,word/18/lemma/@_POS,word/19/@_form,word/19/lemma/@_entry,word/19/lemma/@_POS,word/20/@_form,word/20/lemma/@_entry,word/20/lemma/@_POS,word/21/@_form,word/21/lemma/@_entry,word/21/lemma/@_POS,word/22/@_form,word/22/lemma/@_entry,word/22/lemma/@_POS,word/23/@_form,word/23/lemma/@_entry,word/23/lemma/@_POS,word/24/@_form,word/24/lemma/@_entry,word/24/lemma/@_POS,word/25/@_form,word/25/lemma/@_entry,word/25/lemma/@_POS,word/26/@_form,word/26/lemma/@_entry,word/26/lemma/@_POS,word/27/@_form,word/27/lemma/@_entry,word/27/lemma/@_POS,word/28/@_form,word/28/lemma/@_entry,word/28/lemma/@_POS,word/29/@_form,word/29/lemma/@_entry,word/29/lemma/@_POS,word/30/@_form,word/30/lemma/@_entry,word/30/lemma/@_POS,word/31/@_form,word/31/lemma/@_entry,word/31/lemma/@_POS,word/32/@_form,word/32/lemma/@_entry,word/32/lemma/@_POS,word/33/@_form,word/33/lemma/@_entry,word/33/lemma/@_POS,word/34/@_form,word/34/lemma/@_entry,word/34/lemma/@_POS,word/35/@_form,word/35/lemma/@_entry,word/35/lemma/@_POS,word/36/@_form,word/36/lemma/@_entry,word/36/lemma/@_POS,word/37/@_form,word/37/lemma/@_entry,word/37/lemma/@_POS,word/38/@_form,word/38/lemma/@_entry,word/38/lemma/@_POS,word/39/@_form,word/39/lemma/@_entry,word/39/lemma/@_POS,word/40/@_form,word/40/lemma/@_entry,word/40/lemma/@_POS,word/41/@_form,word/41/lemma/@_entry,word/41/lemma/@_POS,word/42/@_form,word/42/lemma/@_entry,word/42/lemma/@_POS,word/43/@_form,word/43/lemma/@_entry,word/43/lemma/@_POS,word/44/@_form,word/44/lemma/@_entry,word/44/lemma/@_POS,word/45/@_form,word/45/lemma/@_entry,word/45/lemma/@_POS,word/46/@_form,word/46/lemma/@_entry,word/46/lemma/@_POS,word/47/@_form,word/47/lemma/@_entry,word/47/lemma/@_POS,word/48/@_form,word/48/lemma/@_entry,word/48/lemma/@_POS,word/49/@_form,word/49/lemma/@_entry,word/49/lemma/@_POS,word/50/@_form,word/50/lemma/@_entry,word/50/lemma/@_POS,word/51/@_form,word/51/lemma/@_entry,word/51/lemma/@_POS,word/52/@_form,word/52/lemma/@_entry,word/52/lemma/@_POS,word/53/@_form,word/53/lemma/@_entry,word/53/lemma/@_POS,word/54/@_form,word/54/lemma/@_entry,word/54/lemma/@_POS,word/55/@_form,word/55/lemma/@_entry,word/55/lemma/@_POS,word/56/@_form,word/56/lemma/@_entry,word/56/lemma/@_POS,word/57/@_form,word/57/lemma/@_entry,word/57/lemma/@_POS,word/58/@_form,word/58/lemma/@_entry,word/58/lemma/@_POS,word/59/@_form,word/59/lemma/@_entry,word/59/lemma/@_POS,word/60/@_form,word/60/lemma/@_entry,word/60/lemma/@_POS,word/61/@_form,word/61/lemma/@_entry,word/61/lemma/@_POS,word/62/@_form,word/62/lemma/@_entry,word/62/lemma/@_POS,word/63/@_form,word/63/lemma/@_entry,word/63/lemma/@_POS
a)delfa\s,ἀδελφή,noun,e)/xomen,ἔχω,verb,w)=,ὦ,interjection,a)/ndres,ἀνήρ,noun,dikastai/,δικαστής,noun,gunai=kas,γυνή,noun,e)gw\,ἐγώ,pronoun,kai\,καί,conjunction,*spoudi/as,ou(tosi/,οὗτος,pronoun,*polueu/ktou,Πολυεύκτος,proper,qugate/ras,θυγάτηρ,adjective,,,,,,,,,,,,,,,,,,,,,,,,,,,,,,,,,,,,,,,,,,,,,,,,,,,,,,,,,,,,,,,,,,,,,,,,,,,,,,,,,,,,,,,,,,,,,,,,,,,,,,,,,,,,,,,,,,,,,,,,,,,,,,,,,,,,,,,,,,,,,,,,,,,,,,,,,,,,,,
a)/paidos,ἄπαις,noun,d',δέ,particle,e)kei/nou,ἐκεῖνος,pronoun,teleuth/santos,τελευτάω,verb,a)rre/nwn,ἄρσην,noun,pai/dwn,παῖς,adjective,a)nagka/zomai,ἀναγκάζω,verb,pro\s,πρός,preposition,toutoni\,peri\,περί,preposition,tw=n,ὁ,article,kataleifqe/ntwn,καταλιμπάνω,verb,οὗτος,pronoun,dika/zesqai,δικάζω,verb,,,,,,,,,,,,,,,,,,,,,,,,,,,,,,,,,,,,,,,,,,,,,,,,,,,,,,,,,,,,,,,,,,,,,,,,,,,,,,,,,,,,,,,,,,,,,,,,,,,,,,,,,,,,,,,,,,,,,,,,,,,,,,,,,,,,,,,,,,,,,,,,,,,,,,,,,
kai\,καί,conjunction,ei),εἰ,conjunction,me/n,μέν,particle,w)=,ὦ,interjection,a)/ndres,ἀνήρ,noun,dikastai/,δικαστής,noun,mh\,μή,conjunction,pa=san,πᾶς,adjective,spoudh\n,kai\,καί,conjunction,proqumi/an,προθυμία,noun,e)poihsa/mhn,ποιέω,verb,σπουδή,noun,boulo/menos,βούλομαι,verb,dialu/esqai,διαλύω,verb,kai\,καί,conjunction,toi=s,ὁ,article,fi/lois,φίλος,adjective,e)pitre/pein,ἐπιτρέπω,verb,e)mauto\n,ἐμαυτοῦ,pronoun,a)\n,ἄν,particle,h)|tiw/mhn,αἰτιάομαι,verb,ei),εἰ,conjunction,ma=llon,μᾶλλον,adverb,h(|rou/mhn,αἱρέω,verb,di/kas,δίκη,adjective,kai\,καί,conjunction,pra/gmat',πρᾶγμα,noun,e)/xein,ἔχω,verb,h)\,ἠέ,conjunction,mi/kr',μικρός,adjective,e)lattwqei\s,ἐλασσόω,verb,a)ne/xesqai,ἀνέχω,verb,,,,,,,,,,,,,,,,,,,,,,,,,,,,,,,,,,,,,,,,,,,,,,,,,,,,,,,,,,,,,,,,,,,,,,,,,,,,,,,,,,,,,,,,,,,,,,,,
nu=n,νῦν,adverb,d',δέ,particle,o(/sw|,ὅσος,adjective,prao/teron,πρᾶος,adjective,e)gw\,ἐγώ,pronoun,kai\,καί,conjunction,filanqrwpo/teron,φιλάνθρωπος,adjective,tou/tw|,οὗτος,pronoun,dielego/mhn,tosou/tw|,τοσοῦτος,adjective,ma=llo/n,μᾶλλον,adverb,mou,ἐγώ,pronoun,διαλέγω,verb,katefro/nei,καταφρονέω,verb,,,,,,,,,,,,,,,,,,,,,,,,,,,,,,,,,,,,,,,,,,,,,,,,,,,,,,,,,,,,,,,,,,,,,,,,,,,,,,,,,,,,,,,,,,,,,,,,,,,,,,,,,,,,,,,,,,,,,,,,,,,,,,,,,,,,,,,,,,,,,,,,,,,,,,,,,
kai\,καί,conjunction,nu=n,νῦν,adverb,kinduneu/w,κινδυνεύω,verb,me\n,μέν,particle,ou)de\n,οὐδείς,pronoun,o(moi/ws,ὅμοιος,adjective,tou/tw|,οὗτος,pronoun,pro\s,πρός,preposition,toutoni\,to\n,ὁ,article,a)gw=n',ἀγών,noun,e)/xein,ἔχω,verb,οὗτος,pronoun,a)ll',ἀλλά,adverb,ou(=tos,οὗτος,pronoun,me\n,μέν,particle,r(a|di/ws,ῥᾴδιος,adjective,fe/rei,φέρω,verb,polla/kis,πολλάκις,adverb,ei)qisme/nos,ἐθίζω,verb,e)ntau=q',ἐνταῦθα,adverb,ei)s,εἰς,preposition,u(ma=s,σύ,pronoun,parie/nai,πάρειμι,verb,e)gw\,ἐγώ,pronoun,d',δέ,particle,au)to\,αὐτός,pronoun,tou=to,οὗτος,pronoun,fobou=mai,φοβέω,verb,mh\,μή,conjunction,dia\,διά,preposition,th\n,ὁ,article,a)peiri/an,ἀπειρία,noun,ou),οὐ,adverb,dunhqw=,δύναμαι,verb,dhlw=sai,δηλόω,verb,peri\,περί,preposition,tw=n,ὁ,article,pragma/twn,πρᾶγμα,noun,u(mi=n,σύ,pronoun,,,,,,,,,,,,,,,,,,,,,,,,,,,,,,,,,,,,,,,,,,,,,,,,,,,,,,,,,,,,,,,,,,,,,,,,,,,
o(/mws,ὅμως,conjunction,d',δέ,particle,w)=,ὦ,interjection,a)/ndres,ἀνήρ,noun,dikastai/,δικαστής,noun,prose/xete,προσέχω,verb,to\n,ὁ,article,nou=n,νόος,adjective,,,,,,,,,,,,,,,,,,,,,,,,,,,,,,,,,,,,,,,,,,,,,,,,,,,,,,,,,,,,,,,,,,,,,,,,,,,,,,,,,,,,,,,,,,,,,,,,,,,,,,,,,,,,,,,,,,,,,,,,,,,,,,,,,,,,,,,,,,,,,,,,,,,,,,,,,,,,,,,,,,,,,,,,
*polu/euktos,Πολυεύκτος,proper,ga\r,γάρ,particle,h)=n,εἰμί,verb,tis,τις,pronoun,*qria/sios,Θριάσιος,proper,o(\n,ὅς,pronoun,i)/sws,ἴσως,adverb,ou)d',οὐδέ,particle,u(mw=n,tines,τις,pronoun,a)gnoou=sin,ἀγνοέω,verb,,,,σύ,pronoun,,,,,,,,,,,,,,,,,,,,,,,,,,,,,,,,,,,,,,,,,,,,,,,,,,,,,,,,,,,,,,,,,,,,,,,,,,,,,,,,,,,,,,,,,,,,,,,,,,,,,,,,,,,,,,,,,,,,,,,,,,,,,,,,,,,,,,,,,,,,,,,,,,,,,,,,,,,,
ou(=tos,οὗτος,pronoun,o(,ὁ,article,*polu/euktos,Πολυεύκτος,proper,e)peidh\,ἐπεί,conjunction,ou)k,οὐ,adverb,h)=san,εἰμί,verb,au)tw=|,αὐτός,pronoun,pai=des,παῖς,adjective,a)/rrenes,poiei=tai,ποιέω,verb,*lewkra/th,Λεωκράτης,proper,to\n,ὁ,article,ἄρσην,noun,a)delfo\n,ἀδελφός,adjective,th=s,ὁ,article,e(autou=,ἑαυτοῦ,pronoun,gunaiko/s,γυνή,noun,,,,,,,,,,,,,,,,,,,,,,,,,,,,,,,,,,,,,,,,,,,,,,,,,,,,,,,,,,,,,,,,,,,,,,,,,,,,,,,,,,,,,,,,,,,,,,,,,,,,,,,,,,,,,,,,,,,,,,,,,,,,,,,,,,,,,,,,,,,,,,,,
ou)sw=n,εἰμί,verb,d',δέ,particle,au)tw=|,αὐτός,pronoun,du/o,δύο,adjective,qugate/rwn,θυγάτηρ,adjective,e)k,ἐκ,preposition,th=s,ὁ,article,tou=,ὁ,article,*lewkra/tous,a)delfh=s,ἀδελφή,noun,th\n,ὁ,article,me\n,μέν,particle,Λεωκράτης,proper,presbute/ran,πρέσβυς,noun,e)moi\,ἐγώ,pronoun,di/dwsin,δίδωμι,verb,kai\,καί,conjunction,tettara/konta,τεσσαράκοντα,adjective,mna=s,μνᾶ,noun,proi=ka,προίξ,adjective,th\n,ὁ,article,de\,δέ,particle,newte/ran,νέος,adjective,tw=|,ὁ,article,*lewkra/tei,Λεωκράτης,proper,,,,,,,,,,,,,,,,,,,,,,,,,,,,,,,,,,,,,,,,,,,,,,,,,,,,,,,,,,,,,,,,,,,,,,,,,,,,,,,,,,,,,,,,,,,,,,,,,,,,,,,,,,,,,,,,,,,,,,,,
tou/twn,οὗτος,pronoun,d',δέ,particle,ou(/tws,οὕτως,adverb,e)xo/ntwn,ἔχω,verb,diafora=s,διαφορά,noun,genome/nhs,γίγνομαι,verb,tw=|,ὁ,article,*polueu/ktw|,Πολυεύκτος,proper,pro\s,to\n,ὁ,article,*lewkra/th,Λεωκράτης,proper,peri\,περί,preposition,πρός,preposition,h(=s,ὅς,pronoun,ou)k,οὐ,adverb,oi)=d',οἶδα,verb,o(/,ὅς,pronoun,ti,τις,pronoun,dei=,δέομαι,verb,le/gein,λέγω,verb,a)felo/menos,ἀφαιρέω,verb,o(,ὁ,article,*polu/euktos,Πολυεύκτος,proper,th\n,ὁ,article,qugate/ra,θυγάτηρ,adjective,di/dwsi,δίδωμι,verb,*spoudi/a|,,,toutw|i/,οὗτος,pronoun,,,,,,,,,,,,,,,,,,,,,,,,,,,,,,,,,,,,,,,,,,,,,,,,,,,,,,,,,,,,,,,,,,,,,,,,,,,,,,,,,,,,,,,,,,,,,,,,,,,,,,,,,,,,,,,
meta\,μετά,preposition,de\,δέ,particle,tau=t',οὗτος,pronoun,h)gana/ktei,ἀγανακτέω,verb,q',σύ,pronoun,o(,ὁ,article,*lewkra/ths,Λεωκράτης,proper,kai\,καί,conjunction,di/kas,e)la/gxane,λαγχάνω,verb,*polueu/ktw|,Πολυεύκτος,proper,kai\,καί,conjunction,δίκη,adjective,toutw|i\,οὗτος,pronoun,*spoudi/a|,,,kai\,καί,conjunction,peri\,περί,preposition,pa/ntwn,πᾶς,adjective,h)nagka/zont',ἀναγκάζω,verb,ei)s,εἰς,preposition,lo/gon,λόγος,noun,kaqi/stasqai,καθίστημι,verb,,,,,,,,,,,,,,,,,,,,,,,,,,,,,,,,,,,,,,,,,,,,,,,,,,,,,,,,,,,,,,,,,,,,,,,,,,,,,,,,,,,,,,,,,,,,,,,,,,,,,,,,,,,,,,,,,,,,,,,,,,,,,,,,,
kai\,καί,conjunction,to\,ὁ,article,teleutai=on,τελευταῖος,adjective,dielu/qhsan,διαλύω,verb,e)f',ἐπί,preposition,w(=|te,ὅστε,pronoun,komisa/menon,κομίζω,verb,to\n,ὁ,article,*lewkra/thn,a(/per,ὅς,pronoun,h)=n,εἰμί,verb,ei)s,εἰς,preposition,Λεωκράτης,proper,th\n,ὁ,article,ou)si/an,οὐσία,adjective,ei)senhnegme/nos,εἰσφέρω,verb,mh/te,μήτε,particle,kako/noun,κακόνους,adjective,ei)=nai,εἰμί,verb,tw=|,ὁ,article,*polueu/ktw|,Πολυεύκτος,proper,tw=n,ὁ,article,te,τε,particle,pro\s,πρός,preposition,a)llh/lous,ἀλλήλων,pronoun,e)gklhma/twn,ἔγκλημα,noun,a)phlla/xqai,ἀπαλλάσσω,verb,pa/ntwn,πᾶς,adjective,,,,,,,,,,,,,,,,,,,,,,,,,,,,,,,,,,,,,,,,,,,,,,,,,,,,,,,,,,,,,,,,,,,,,,,,,,,,,,,,,,,,,,,,,,,,,,,,,,,,,,,,,,,,,,,
ti/nos,τίς,pronoun,ou)=n,οὖν,particle,e(/nex',ἕνεκα,preposition,u(mi=n,σύ,pronoun,w)=,ὦ,interjection,a)/ndres,ἀνήρ,noun,dikastai/,δικαστής,noun,tau=t',οὗτος,pronoun,ei)=pon,,,,,,,,,,εἶπον,verb,,,,,,,,,,,,,,,,,,,,,,,,,,,,,,,,,,,,,,,,,,,,,,,,,,,,,,,,,,,,,,,,,,,,,,,,,,,,,,,,,,,,,,,,,,,,,,,,,,,,,,,,,,,,,,,,,,,,,,,,,,,,,,,,,,,,,,,,,,,,,,,,,,,,,,,,,,,,
o(/ti,ὅστις,pronoun,th\n,ὁ,article,proi=k',προίξ,adjective,ou),οὐ,adverb,komisa/menos,κομίζω,verb,a(/pasan,ἅπας,adjective,a)ll',ἀλλά,adverb,u(poleifqeisw=n,ὑπολείπω,verb,xili/wn,draxmw=n,δραχμή,noun,kai\,καί,conjunction,o(mologhqeisw=n,ὁμολογέω,verb,χίλιοι,adjective,a)polabei=n,ἀπολαμβάνω,verb,o(/tan,ὅταν,conjunction,*polu/euktos,Πολυεύκτος,proper,a)poqa/nh|,ἀποθνήσκω,verb,e(/ws,ἕως,conjunction,me\n,μέν,particle,o(,ὁ,article,*lewkra/ths,Λεωκράτης,proper,h)=n,εἰμί,verb,klhrono/mos,κληρονόμος,noun,tw=n,ὁ,article,*polueu/ktou,Πολυεύκτος,proper,pro\s,πρός,preposition,e)kei=non,ἐκεῖνος,pronoun,h)=n,εἰμί,verb,moi,ἐγώ,pronoun,to\,ὁ,article,sumbo/laion,συμβόλαιον,noun,,,,,,,,,,,,,,,,,,,,,,,,,,,,,,,,,,,,,,,,,,,,,,,,,,,,,,,,,,,,,,,,,,,,,,,,,,,,,,,,,,,,,,,,,,,,,,,,,,,,,,
e)peidh\,ἐπεί,conjunction,d',δέ,particle,o(/,ὅς,pronoun,te,τε,particle,*lewkra/ths,Λεωκράτης,proper,e)cekexwrh/kei,ἐκχωρέω,verb,o(/,ὅς,pronoun,te,τε,particle,*polu/euktos,moxqhrw=s,μοχθηρός,adjective,ei)=xen,ἔχω,verb,thnikau=t',τηνικαῦτα,adverb,Πολυεύκτος,proper,w)=,ὦ,interjection,a)/ndres,ἀνήρ,noun,dikastai/,δικαστής,noun,th\n,ὁ,article,oi)ki/an,οἰκία,noun,tau/thn,οὗτος,pronoun,a)potimw=mai,ἀποτιμάω,verb,pro\s,πρός,preposition,ta\s,ὁ,article,de/ka,δέκα,verb,mna=s,μνᾶ,noun,e)c,ἐκ,preposition,h(=s,ὅς,pronoun,diakwlu/ei,διακωλύω,verb,me,ἐγώ,pronoun,ta\s,ὁ,article,misqw/seis,μίσθωσις,noun,komi/zesqai,κομίζω,verb,*spoudi/as,,,,,,,,,,,,,,,,,,,,,,,,,,,,,,,,,,,,,,,,,,,,,,,,,,,,,,,,,,,,,,,,,,,,,,,,,,,,,,,,,,,,,,,,,,,,,,,,,,,,,
prw=ton,πρότερος,adjective,me\n,μέν,particle,ou)=n,οὖν,particle,u(mi=n,σύ,pronoun,ma/rturas,μάρτυς,noun,pare/comai,παρέχω,verb,tou\s,ὁ,article,paragenome/nous,παραγίγνομαι,verb,o(/t',h)ggu/a,ἐγγυάω,verb,moi,ἐγώ,pronoun,*polu/euktos,Πολυεύκτος,proper,ὅτε,conjunction,th\n,ὁ,article,qugate/r',θυγάτηρ,adjective,e)pi\,ἐπί,preposition,tettara/konta,τεσσαράκοντα,adjective,mnai=s,μνᾶ,noun,,,,,,,,,,,,,,,,,,,,,,,,,,,,,,,,,,,,,,,,,,,,,,,,,,,,,,,,,,,,,,,,,,,,,,,,,,,,,,,,,,,,,,,,,,,,,,,,,,,,,,,,,,,,,,,,,,,,,,,,,,,,,,,,,,,,,,,,,,,,,
e)/peiq',ἔπειτα,adverb,w(s,ὡς,conjunction,e)/latton,ἐλάσσων,adjective,tai=s,ὁ,article,xili/ais,χίλιοι,adjective,e)komisa/mhn,κομίζω,verb,,,,,,,,,,,,,,,,,,,,,,,,,,,,,,,,,,,,,,,,,,,,,,,,,,,,,,,,,,,,,,,,,,,,,,,,,,,,,,,,,,,,,,,,,,,,,,,,,,,,,,,,,,,,,,,,,,,,,,,,,,,,,,,,,,,,,,,,,,,,,,,,,,,,,,,,,,,,,,,,,,,,,,,,,,,,,,
e)/ti,ἔτι,adverb,d',δέ,particle,w(s,ὡς,conjunction,a(/panta,ἅπας,adjective,to\n,ὁ,article,xro/non,χρόνος,noun,o)fei/lein,ὀφείλω,verb,w(molo/gei,ὁμολογέω,verb,moi,*polu/euktos,Πολυεύκτος,proper,kai\,καί,conjunction,to\n,ὁ,article,ἐγώ,pronoun,*lewkra/thn,Λεωκράτης,proper,sune/sthse,συνίστημι,verb,kai\,καί,conjunction,w(s,ὡς,conjunction,teleutw=n,τελευτάω,verb,die/qeq',διατίθημι,verb,o(/rous,ὅρος,adjective,e)pisth=sai,ἐφίστημι,verb,xili/wn,χίλιοι,adjective,draxmw=n,δραχμή,noun,e)moi\,ἐγώ,pronoun,th=s,ὁ,article,proiko\s,προίξ,adjective,e)pi\,ἐπί,preposition,th\n,ὁ,article,oi)ki/an,οἰκία,noun,,,,,,,,,,,,,,,,,,,,,,,,,,,,,,,,,,,,,,,,,,,,,,,,,,,,,,,,,,,,,,,,,,,,,,,,,,,,,,,,,,,,,,,,,,,,,,,,,,,,,,,,,,,,
kai/,καί,conjunction,moi,ἐγώ,pronoun,ka/lei,καλέω,verb,tou\s,ὁ,article,ma/rturas,μάρτυς,noun,,,,,,,,,,,,,,,,,,,,,,,,,,,,,,,,,,,,,,,,,,,,,,,,,,,,,,,,,,,,,,,,,,,,,,,,,,,,,,,,,,,,,,,,,,,,,,,,,,,,,,,,,,,,,,,,,,,,,,,,,,,,,,,,,,,,,,,,,,,,,,,,,,,,,,,,,,,,,,,,,,,,,,,,,,,,,,,,,
e(\n,εἷς,adjective,me\n,μέν,particle,toi/nun,τοίνυν,particle,w)=,ὦ,interjection,a)/ndres,ἀνήρ,noun,dikastai/,δικαστής,noun,tou=t',οὗτος,pronoun,e)/stin,εἰμί,verb,w(=n,e)gkalw=,ἐγκαλέω,verb,*spoudi/a|,,,,,,ὅς,pronoun,,,,,,,,,,,,,,,,,,,,,,,,,,,,,,,,,,,,,,,,,,,,,,,,,,,,,,,,,,,,,,,,,,,,,,,,,,,,,,,,,,,,,,,,,,,,,,,,,,,,,,,,,,,,,,,,,,,,,,,,,,,,,,,,,,,,,,,,,,,,,,,,,,,,,,,,,,,,
kai\,καί,conjunction,peri\,περί,preposition,tou/tou,οὗτος,pronoun,ti/,τίς,pronoun,a)\n,ἄν,particle,e)/ti,ἔτι,adverb,mei=zon,μέγας,adverb,h)\,ἠέ,conjunction,i)sxuro/teron,e)/xwn,ἔχω,verb,ei)s,εἰς,preposition,u(ma=s,σύ,pronoun,ἰσχυρός,adjective,kate/sthn,καθίστημι,verb,h)\,ἠέ,conjunction,to\n,ὁ,article,no/mon,νόμος,noun,o(\s,ὅς,pronoun,ou)k,οὐ,adverb,e)a=|,ἀίω,verb,diarrh/dhn,διαρρήδην,adverb,o(/sa,ὅσος,adjective,tis,τις,pronoun,a)peti/mhsen,ἀποτιμάω,verb,ei)=nai,εἰμί,verb,di/kas,δίκη,adjective,ou)/t',οὔτε,adverb,au)toi=s,αὐτός,pronoun,ou)/te,οὔτε,adverb,toi=s,ὁ,article,klhrono/mois,κληρόνομος,noun,,,,,,,,,,,,,,,,,,,,,,,,,,,,,,,,,,,,,,,,,,,,,,,,,,,,,,,,,,,,,,,,,,,,,,,,,,,,,,,,,,,,,,,,,,,,,,,,,,,,,,
a)ll',ἀλλά,adverb,o(/mws,ὅμως,conjunction,pro\s,πρός,preposition,tou=to,οὗτος,pronoun,to\,ὁ,article,di/kaion,δίκαιος,adjective,h(/kei,ἥκω,verb,*spoudi/as,,,a)mfisbhth/swn,,,,,,,,,,ἀμφισβητέω,verb,,,,,,,,,,,,,,,,,,,,,,,,,,,,,,,,,,,,,,,,,,,,,,,,,,,,,,,,,,,,,,,,,,,,,,,,,,,,,,,,,,,,,,,,,,,,,,,,,,,,,,,,,,,,,,,,,,,,,,,,,,,,,,,,,,,,,,,,,,,,,,,,,,,,,,,,,,,,
e(/teron,ἕτερος,adjective,d',δέ,particle,w)=,ὦ,interjection,a)/ndres,ἀνήρ,noun,dikastai/,δικαστής,noun,du/o,δύο,adjective,me\n,μέν,particle,mna=s,μνᾶ,noun,a(\s,e)martu/rhsen,μαρτυρέω,verb,*)aristoge/nhs,Ἀριστογένης,proper,e)gkalei=n,ἐγκαλέω,verb,ὅς,pronoun,a)poqnh/|skonta,ἀποθνήσκω,verb,*polu/eukton,Πολυεύκτος,proper,o)feilome/nas,ὀφείλω,verb,au(tw=|,ἑαυτοῦ,pronoun,para\,παρά,preposition,*spoudi/a|,,,kai\,καί,conjunction,to\n,ὁ,article,to/kon,τόκος,noun,tou=to,οὗτος,pronoun,d',δέ,particle,e)sti\n,εἰμί,verb,oi)ke/tou,οἰκέτης,noun,timh/,τιμή,noun,o(\n,ὅς,pronoun,e)wnhme/nos,ὠνέομαι,verb,ou(=tos,οὗτος,pronoun,para\,παρά,preposition,tou=,ὁ,article,*polueu/ktou,Πολυεύκτος,proper,th\n,ὁ,article,timh\n,τιμή,noun,ou)/t',οὔτε,adverb,e)kei/nw|,ἐκεῖνος,pronoun,die/lusen,διαλύω,verb,ou)/te,οὔτε,adverb,nu=n,νῦν,adverb,ei)s,εἰς,preposition,to\,ὁ,article,koino\n,κοινός,adjective,a)nenh/noxen),ἀναφέρω,verb,o)ktakosi/as,ὀκτακόσιοι,adjective,de\,δέ,particle,kai\,καί,conjunction,xili/as,χίλιοι,adjective,peri\,περί,preposition,w(=n,ὅς,pronoun,ou)d',οὐδέ,particle,e)/gwg',ἐγώ,pronoun,oi)=da,οἶδα,verb,ti/,τίς,pronoun,poq',ποτέ,particle,e(/cei,ἔχω,verb,di/kaion,δίκαιος,adjective,le/gein,λέγω,verb,,,,,,,,,,,,,,,,,,,,,
h)=n,εἰμί,verb,me\n,μέν,particle,ga\r,γάρ,particle,to\,ὁ,article,a)rgu/rion,ἀργύριον,adjective,para\,παρά,preposition,th=s,ὁ,article,*polueu/ktou,Πολυεύκτος,proper,dedaneisme/nos,gunaiko/s,γυνή,noun,gra/mmata,γράμμα,noun,d',δέ,particle,δανείζω,verb,e)/stin,εἰμί,verb,a(\,ὅς,pronoun,kate/lipen,καταλιμπάνω,verb,a)poqnh/|skous',ἀποθνήσκω,verb,e)kei/nh,ἐκεῖνος,pronoun,ma/rtures,μάρτυς,noun,d',δέ,particle,oi(,ἕ,pronoun,th=s,ὁ,article,gunaiko\s,γυνή,noun,a)delfoi\,ἀδελφός,adjective,paro/ntes,πάρειμι,verb,a(/pasin,ἅπας,adjective,kai\,καί,conjunction,kaq',κατά,preposition,e(/kaston,ἕκαστος,adjective,e)perwtw=ntes,ἐπερωτάω,verb,i(/na,ἵνα,conjunction,mhde\n,μηδείς,pronoun,dusxere\s,δυσχερής,adverb,h(mi=n,ἐγώ,pronoun,ei)/h,ἀίω,verb,pro\s,πρός,preposition,a)llh/lous,ἀλλήλων,pronoun,,,,,,,,,,,,,,,,,,,,,,,,,,,,,,,,,,,,,,,,,,,,,,,,,,,,,,,,,,,,,,,,,,,,,,,,,,,,,,,,,,,,
ou)/koun,οὔκουν,adverb,deino/n,δεινός,adjective,w)=,ὦ,interjection,a)/ndres,ἀνήρ,noun,dikastai/,δικαστής,noun,kai\,καί,conjunction,sxe/tlion,σχέτλιος,adjective,e)me\,ἐγώ,pronoun,me\n,a(pa/ntwn,ἅπας,adjective,w(=n,ὅς,pronoun,h)\,ἠέ,conjunction,μέν,particle,para\,παρά,preposition,*polueu/ktou,Πολυεύκτος,proper,zw=ntos,ζάω,verb,h)=n,εἰμί,verb,e)wnhme/nos,ὠνέομαι,verb,h)\,ἠέ,conjunction,para\,παρά,preposition,th=s,ὁ,article,gunaiko\s,γυνή,noun,ei)=xon,ἔχω,verb,au)tou=,αὐτός,pronoun,kai\,καί,conjunction,to/kon,τόκος,noun,tiqe/nai,τίθημι,verb,kai\,καί,conjunction,th\n,ὁ,article,timh\n,τιμή,noun,a)podedwke/nai,ἀποδίδωμι,verb,kai\,καί,conjunction,nu=n,νῦν,adverb,a(/per,ὅς,pronoun,w)/feilon,ὀφείλω,verb,pa/nt',πᾶς,adjective,ei)s,εἰς,preposition,to\,ὁ,article,koino\n,κοινός,adjective,fe/rein,φέρω,verb,tou=ton,οὗτος,pronoun,de\,δέ,particle,mh/te,μήτε,particle,tw=n,ὁ,article,no/mwn,νόμος,noun,tw=n,ὁ,article,u(mete/rwn,ὑμέτερος,adjective,fronti/zein,φροντίζω,verb,mh/q',μήτε,particle,w(=n,ὅς,pronoun,die/qeto,διατίθημι,verb,*polu/euktos,Πολυεύκτος,proper,mh/te,μήτε,particle,tw=n,ὁ,article,kataleifqe/ntwn,καταλιμπάνω,verb,gramma/twn,γράμμα,noun,mh/te,μήτε,particle,tw=n,ὁ,article,suneido/twn,σύνοιδα,verb,a)lla\,ἀλλά,adverb,pro\s,πρός,preposition,a(/panta,ἅπας,adjective,tau=q',οὗτος,pronoun,h(/kein,ἥκω,verb,a)ntidikh/sonta,ἀντιδικέω,verb
labe\,λαμβάνω,verb,dh/,δή,particle,moi,ἐγώ,pronoun,prw=ton,πρότερος,adjective,me\n,μέν,particle,to\n,ὁ,article,no/mon,νόμος,noun,o(\s,ὅς,pronoun,ou)k,e)a=|,ἀίω,verb,tw=n,ὁ,article,a)potimhqe/ntwn,ἀποτιμάω,verb,οὐ,adverb,e)/ti,ἔτι,adverb,di/khn,δίκη,adjective,ei)=nai,εἰμί,verb,pro\s,πρός,preposition,tou\s,ὁ,article,e)/xontas,ἔχω,verb,e)/peita,ἔπειτα,adverb,ta\,ὁ,article,gra/mmata,γράμμα,noun,ta\,ὁ,article,kataleifqe/nta,καταλιμπάνω,verb,kai\,καί,conjunction,th\n,ὁ,article,marturi/an,μαρτυρία,noun,th\n,ὁ,article,*)aristoge/nous,,,,,,,,,,,,,,,,,,,,,,,,,,,,,,,,,,,,,,,,,,,,,,,,,,,,,,,,,,,,,,,,,,,,,,,,,,,,,,,,,,,,,,,,,,,,,,,,,,,,,,,,,,,,,,
bou/lomai,βούλομαι,verb,toi/nun,τοίνυν,particle,w)=,ὦ,interjection,a)/ndres,ἀνήρ,noun,dikastai/,δικαστής,noun,kai\,καί,conjunction,peri\,περί,preposition,tw=n,ὁ,article,a)/llwn,w(=n,ὅς,pronoun,e)gkalw=,ἐγκαλέω,verb,kaq',κατά,preposition,ἄλλος,adjective,e(/kaston,ἕκαστος,adjective,u(ma=s,σύ,pronoun,dida/cai,διδάσκω,verb,,,,,,,,,,,,,,,,,,,,,,,,,,,,,,,,,,,,,,,,,,,,,,,,,,,,,,,,,,,,,,,,,,,,,,,,,,,,,,,,,,,,,,,,,,,,,,,,,,,,,,,,,,,,,,,,,,,,,,,,,,,,,,,,,,,,,,,,,,,,,,,,,,,
fia/lhn,φιάλη,noun,me\n,μέν,particle,ga\r,γάρ,particle,labo/ntes,λαμβάνω,verb,para\,παρά,preposition,th=s,ὁ,article,*polueu/ktou,Πολυεύκτος,proper,gunaiko\s,γυνή,noun,kai\,qe/ntes,τίθημι,verb,e)ne/xura,ἐνέχυρον,noun,meta\,μετά,preposition,καί,conjunction,xrusi/wn,χρύσεος,adjective,ou)k,οὐ,adverb,a)nenhno/xasin,ἀναφέρω,verb,kekomisme/noi,κομίζω,verb,tau/thn,οὗτος,pronoun,w(s,ὡς,conjunction,u(mi=n,σύ,pronoun,*dhmo/filos,Δημόφιλος,proper,o(,ὁ,article,qe/menos,τίθημι,verb,marturh/sei,μαρτύρομαι,verb,,,,,,,,,,,,,,,,,,,,,,,,,,,,,,,,,,,,,,,,,,,,,,,,,,,,,,,,,,,,,,,,,,,,,,,,,,,,,,,,,,,,,,,,,,,,,,,,,,,,,,,,,,,,,,,,,,,,,,,,,,,
skhnh\n,σκηνή,noun,d',δέ,particle,h(\n,ὅς,pronoun,e)/xousin,ἔχω,verb,ou)de/,οὐδέ,particle,ge,γε,particle,tau/thn,οὗτος,pronoun,labo/ntes,λαμβάνω,verb,a)nafe/rousin,,,,,,,,,,ἀναφέρω,verb,,,,,,,,,,,,,,,,,,,,,,,,,,,,,,,,,,,,,,,,,,,,,,,,,,,,,,,,,,,,,,,,,,,,,,,,,,,,,,,,,,,,,,,,,,,,,,,,,,,,,,,,,,,,,,,,,,,,,,,,,,,,,,,,,,,,,,,,,,,,,,,,,,,,,,,,,,,,
a)/lla,ἄλλος,adjective,de\,δέ,particle,po/sa,πόσος,adjective,toiau=ta,τοιοῦτος,adjective,,,,,,,,,,,,,,,,,,,,,,,,,,,,,,,,,,,,,,,,,,,,,,,,,,,,,,,,,,,,,,,,,,,,,,,,,,,,,,,,,,,,,,,,,,,,,,,,,,,,,,,,,,,,,,,,,,,,,,,,,,,,,,,,,,,,,,,,,,,,,,,,,,,,,,,,,,,,,,,,,,,,,,,,,,,,,,,,,,,,
to\,ὁ,article,de\,δέ,particle,teleutai=on,τελευταῖος,adjective,ei)senegkou/shs,εἰσφέρω,verb,th=s,ὁ,article,e)mh=s,ἐμός,adjective,gunaiko\s,γυνή,noun,ei)s,εἰς,preposition,ta\,*neme/seia,,,tw=|,ὁ,article,patri\,πατήρ,noun,ὁ,article,mna=n,μνᾶ,noun,a)rguri/ou,ἀργύριον,adjective,kai\,καί,conjunction,proanalwsa/shs,προαναλίσκω,verb,ou)de\,οὐδέ,particle,tau/ths,οὗτος,pronoun,a)cioi=,ἀξιόω,verb,sumbale/sqai,συμβάλλω,verb,to\,ὁ,article,me/ros,μέρος,noun,a)lla\,ἀλλά,adverb,ta\,ὁ,article,me\n,μέν,particle,e)/xei,ἔχω,verb,prolabw/n,προλαμβάνω,verb,tw=n,ὁ,article,de\,δέ,particle,ta\,ὁ,article,me/rh,μέρα,noun,komi/zetai,κομίζω,verb,ta\,ὁ,article,d',δέ,particle,ou(/tw,οὕτως,adverb,fanerw=s,φανερός,adjective,ou)k,οὐ,adverb,a)podi/dwsin,ἀποδίδωμι,verb,,,,,,,,,,,,,,,,,,,,,,,,,,,,,,,,,,,,,,,,,,,,,,,,,,,,,,,,,,,,,,,,,,,,,,,,,,,,,,
i(/na,ἵνα,conjunction,toi/nun,τοίνυν,particle,mhde\,μηδέ,particle,tau=t',οὗτος,pronoun,h)=|,εἰμί,verb,paraleleimme/na,παραλείπω,verb,labe/,λαμβάνω,verb,moi,ἐγώ,pronoun,pa/ntwn,au)tw=n,αὐτός,pronoun,ta\s,ὁ,article,marturi/as,μαρτυρία,noun,πᾶς,adjective,,,,,,,,,,,,,,,,,,,,,,,,,,,,,,,,,,,,,,,,,,,,,,,,,,,,,,,,,,,,,,,,,,,,,,,,,,,,,,,,,,,,,,,,,,,,,,,,,,,,,,,,,,,,,,,,,,,,,,,,,,,,,,,,,,,,,,,,,,,,,,,,,,,,,,,,,,,,
i)/sws,ἴσως,adverb,toi/nun,τοίνυν,particle,w)=,ὦ,interjection,a)/ndres,ἀνήρ,noun,dikastai/,δικαστής,noun,pro\s,πρός,preposition,me\n,μέν,particle,tau=t',οὗτος,pronoun,ou)de\n,a)nterei=,ἀντεράω,verb,*spoudi/as,,,ou)de\,οὐδέ,particle,οὐδείς,pronoun,ga\r,γάρ,particle,e(/cei,ἔχω,verb,kai/per,καίπερ,particle,deino\s,δεινός,adjective,w)/n),εἰμί,verb,ai)tia/setai,αἰτιάομαι,verb,de\,δέ,particle,*polu/eukton,Πολυεύκτος,proper,kai\,καί,conjunction,th\n,ὁ,article,gunai=k',γυνή,noun,au)tou=,αὐτός,pronoun,kai\,καί,conjunction,fh/sei,φημί,verb,pa/nta,πᾶς,adjective,tau=q',οὗτος,pronoun,u(p',ὑπό,preposition,e)mou=,ἐγώ,pronoun,peisqe/ntas,πείθω,verb,kataxari/sasqai,καταχαρίζομαι,verb,kai\,καί,conjunction,nh\,νή,preposition,*di/',Δίη,proper,e(/tera,ἕτερος,adjective,polla\,πολύς,adjective,kai\,καί,conjunction,mega/la,μέγας,adverb,bla/ptesqai,βλάπτω,verb,kai\,καί,conjunction,di/khn,δίκη,adjective,ei)lhxe/nai,λαγχάνω,verb,moi,ἐγώ,pronoun,,,,,,,,,,,,,,,,,,,,,,,,,,,,,,,,,,,,,,,,,,,,,,,,,,,,,,,,,,,,
tau=ta,οὗτος,pronoun,ga\r,γάρ,particle,kai\,καί,conjunction,pro\s,πρός,preposition,tw=|,ὁ,article,diaithth=|,διαιτητής,noun,le/gein,λέγω,verb,e)pexei/rei,ἐπιχειρέω,verb,,,,,,,,,,,,,,,,,,,,,,,,,,,,,,,,,,,,,,,,,,,,,,,,,,,,,,,,,,,,,,,,,,,,,,,,,,,,,,,,,,,,,,,,,,,,,,,,,,,,,,,,,,,,,,,,,,,,,,,,,,,,,,,,,,,,,,,,,,,,,,,,,,,,,,,,,,,,,,,,,,,,,,,,
e)gw\,ἐγώ,pronoun,d',δέ,particle,w)=,ὦ,interjection,a)/ndres,ἀνήρ,noun,dikastai/,δικαστής,noun,prw=ton,πρότερος,adjective,me\n,μέν,particle,ou)x,οὐ,adverb,h(gou=mai,dikai/an,δίκαιος,adjective,ei)=nai,εἰμί,verb,th\n,ὁ,article,ἡγέομαι,verb,a)pologi/an,ἀπολογία,noun,th\n,ὁ,article,toiau/thn,τοιοῦτος,adjective,ou)de\,οὐδέ,particle,prosh/kein,προσήκω,verb,o(/tan,ὅταν,conjunction,tis,τις,pronoun,fanerw=s,φανερός,adjective,e)cele/gxhtai,ἐξελέγχω,verb,metastre/yanta,μεταστρέφω,verb,ta\s,ὁ,article,ai)ti/as,αἰτία,noun,e)gkalei=n,ἐγκαλέω,verb,kai\,καί,conjunction,diaba/llein,διαβάλλω,verb,,,,,,,,,,,,,,,,,,,,,,,,,,,,,,,,,,,,,,,,,,,,,,,,,,,,,,,,,,,,,,,,,,,,,,,,,,,,,,,,,,,,,,,,,,,,,,,,,,,,,,,,,,,,,,,
a)ll',ἀλλά,adverb,e)kei/nwn,ἐκεῖνος,pronoun,me/n,μέν,particle,ei)/per,εἴπερ,conjunction,a)dikei=tai,ἀδικέω,verb,dh=lon,δῆλος,adjective,o(/ti,ὅστις,pronoun,di/khn,δίκη,adjective,lh/yetai,tou/twn,οὗτος,pronoun,de\,δέ,particle,dw/sei,δίδωμι,verb,λαμβάνω,verb,,,,,,,,,,,,,,,,,,,,,,,,,,,,,,,,,,,,,,,,,,,,,,,,,,,,,,,,,,,,,,,,,,,,,,,,,,,,,,,,,,,,,,,,,,,,,,,,,,,,,,,,,,,,,,,,,,,,,,,,,,,,,,,,,,,,,,,,,,,,,,,,,,,,,,,,,,,,
pw=s,πῶς,adverb,ga\r,γάρ,particle,a)\n,ἄν,particle,e)gw\,ἐγώ,pronoun,nu=n,νῦν,adverb,tai=s,ὁ,article,tou/twn,οὗτος,pronoun,diabolai=s,διαβολή,noun,a)ntidikoi/hn,a)fei\s,ἀφίημι,verb,u(pe\r,ὑπέρ,preposition,w(=n,ὅς,pronoun,ἀντιδικέω,verb,u(mei=s,σύ,pronoun,me/llete,μέλλω,verb,th\n,ὁ,article,yh=fon,ψῆφος,noun,oi)/sein,φέρω,verb,,,,,,,,,,,,,,,,,,,,,,,,,,,,,,,,,,,,,,,,,,,,,,,,,,,,,,,,,,,,,,,,,,,,,,,,,,,,,,,,,,,,,,,,,,,,,,,,,,,,,,,,,,,,,,,,,,,,,,,,,,,,,,,,,,,,,,,,,,,,,
e)/peita,ἔπειτα,adverb,qauma/zw,θαυμάζω,verb,ti/,τίς,pronoun,dh/pote,δήποτε,particle,ei)/per,εἴπερ,conjunction,a)lhqh=,ἀληθής,adjective,kai\,καί,conjunction,di/kai',δικαία,noun,ei)=xen,e)gkalei=n,ἐγκαλέω,verb,boulome/nwn,βούλομαι,verb,h(ma=s,ἐγώ,pronoun,ἔχω,verb,tw=n,ὁ,article,fi/lwn,φίλος,adjective,dialu/ein,διαλύω,verb,kai\,καί,conjunction,pollw=n,πολύς,adjective,lo/gwn,λόγος,noun,genome/nwn,γίγνομαι,verb,ou)x,οὐ,adverb,oi(=os,οἷος,adjective,h)=n,εἰμί,verb,e)mme/nein,ἐμμένω,verb,oi(=s,ὅς,pronoun,e)kei=noi,ἐκεῖνος,pronoun,gnoi=en,γιγνώσκω,verb,,,,,,,,,,,,,,,,,,,,,,,,,,,,,,,,,,,,,,,,,,,,,,,,,,,,,,,,,,,,,,,,,,,,,,,,,,,,,,,,,,,,,,,,,,,,,,,,,,,,,,,,,,,,,,,,,,
kai/toi,καίτοι,particle,ti/nes,τίς,pronoun,a)\n,ἄν,particle,a)/meinon,ἀμείνων,adjective,kai\,καί,conjunction,tw=n,ὁ,article,tou/tou,οὗτος,pronoun,kai\,καί,conjunction,tw=n,e)mw=n,ἐμός,adjective,e)gklhma/twn,ἔγκλημα,noun,ta\,ὁ,article,ὁ,article,mhde\n,μηδείς,pronoun,o)/nt',εἰμί,verb,e)ch/legcan,ἐξελέγχω,verb,tw=n,ὁ,article,paragegenhme/nwn,παραγίγνομαι,verb,a(/pasi,ἅπας,adjective,tou/tois,οὗτος,pronoun,tw=n,ὁ,article,ei)do/twn,οἶδα,verb,ou)de\n,οὐδείς,pronoun,h(=tton,ἥσσων,adverb,h(mw=n,ἐγώ,pronoun,ta\,ὁ,article,geno/mena,γίγνομαι,verb,tw=n,ὁ,article,koinw=n,κοινός,adjective,a)mfote/rois,ἀμφότερος,adjective,kai\,καί,conjunction,fi/lwn,φίλος,adjective,o)/ntwn,εἰμί,verb,,,,,,,,,,,,,,,,,,,,,,,,,,,,,,,,,,,,,,,,,,,,,,,,,,,,,,,,,,,,,,,,,,,,,,,,,,,,,,,,,,,,,,,,,,,,,,,,
a)lla\,ἀλλά,adverb,dh=lon,δῆλος,adjective,o(/ti,ὅστις,pronoun,tou/tw|,οὗτος,pronoun,tau=t',οὗτος,pronoun,ou)k,οὐ,adverb,e)lusite/lei,λυσιτελέω,verb,fanerw=s,φανερός,adjective,u(p',au)tw=n,αὐτός,pronoun,e)celegxome/nw|,ἐξελέγχω,verb,tou=ton,οὗτος,pronoun,ὑπό,preposition,to\n,ὁ,article,tro/pon,τρόπος,noun,labei=n,λαμβάνω,verb,dia/lusin,διάλυσις,noun,,,,,,,,,,,,,,,,,,,,,,,,,,,,,,,,,,,,,,,,,,,,,,,,,,,,,,,,,,,,,,,,,,,,,,,,,,,,,,,,,,,,,,,,,,,,,,,,,,,,,,,,,,,,,,,,,,,,,,,,,,,,,,,,,,,,,,,,,,,,,,,,
mh\,μή,conjunction,ga\r,γάρ,particle,oi)/esq',οἴομαι,verb,w)=,ὦ,interjection,a)/ndres,ἀνήρ,noun,dikastai/,δικαστής,noun,tou\s,ὁ,article,ei)do/tas,οἶδα,verb,a(/panta,tau=ta,οὗτος,pronoun,nuni\,νυνί,adverb,me\n,μέν,particle,ἅπας,adjective,u(pokindu/nous,ὑποκίνδυνος,adjective,au(tou\s,ἑαυτοῦ,pronoun,kaqista/ntas,καθίστημι,verb,e)moi\,ἐγώ,pronoun,marturei=n,μαρτυρέω,verb,to/te,τότε,adverb,d',δέ,particle,a)\n,ἄν,particle,o)mo/santas,ὄμνυμι,verb,a)/llo,ἄλλος,adjective,ti,τις,pronoun,gnw=nai,γιγνώσκω,verb,peri\,περί,preposition,au)tw=n,αὐτός,pronoun,,,,,,,,,,,,,,,,,,,,,,,,,,,,,,,,,,,,,,,,,,,,,,,,,,,,,,,,,,,,,,,,,,,,,,,,,,,,,,,,,,,,,,,,,,,,,,,,,,,,,,,,,,,,,,,,,,
ou),οὐ,adverb,mh\n,μήν,particle,a)ll',ἀλλά,adverb,ei),εἰ,conjunction,kai\,καί,conjunction,mhde\n,μηδείς,pronoun,tou/twn,οὗτος,pronoun,u(ph=rxen,ὑπάρχω,verb,u(mi=n,ou)d',οὐδέ,particle,w(\s,ὅς,pronoun,xalepo/n,χαλεπός,adjective,σύ,pronoun,e)stin,εἰμί,verb,gnw=nai,γιγνώσκω,verb,peri\,περί,preposition,au)tw=n,αὐτός,pronoun,o(po/teroi,ὁπότερος,adjective,ta)lhqh=,ἀληθής,adjective,le/gousin,λέγω,verb,,,,,,,,,,,,,,,,,,,,,,,,,,,,,,,,,,,,,,,,,,,,,,,,,,,,,,,,,,,,,,,,,,,,,,,,,,,,,,,,,,,,,,,,,,,,,,,,,,,,,,,,,,,,,,,,,,,,,,,,,,,,,,,,,,,,,,,
peri\,περί,preposition,me\n,μέν,particle,ga\r,γάρ,particle,th=s,ὁ,article,oi)ki/as,οἰκία,noun,ei),εἰ,conjunction,fhsi\n,φημί,verb,u(p',ὑπό,preposition,e)mou=,peisqe/nta,πείθω,verb,*polu/eukton,Πολυεύκτος,proper,prosta/cai,προσστάζω,verb,ἐγώ,pronoun,tou\s,ὁ,article,o(/rous,ὅρος,adjective,sth=sai,ἵστημι,verb,tw=n,ὁ,article,xiliw=n,χίλιοι,adjective,a)ll',ἀλλά,adverb,ou),οὐ,adverb,dh/pou,δήπου,particle,kai\,καί,conjunction,tou\s,ὁ,article,ma/rturas,μάρτυς,noun,e)/peisa,ἐφίζω,verb,w)=,ὦ,interjection,*spoudi/a,,,yeudh=,ψευδής,adverb,moi,ἐγώ,pronoun,marturei=n,μαρτυρέω,verb,tou\s,ὁ,article,paragenome/nous,παραγίγνομαι,verb,o(/t',ὅτε,conjunction,h)ggu/a,ἐγγυάω,verb,moi,ἐγώ,pronoun,tou\s,ὁ,article,ei)do/tas,οἶδα,verb,e)/latto/n,ἐλάσσων,adjective,me,ἐγώ,pronoun,komisa/menon,κομίζω,verb,tou\s,ὁ,article,a)kou/ontas,ἀκούω,verb,o(mologou=ntos,ὁμολογέω,verb,o)fei/lein,ὀφείλω,verb,e)moi\,ἐγώ,pronoun,susth/santos,συνίστημι,verb,a)podou=nai,ἀποδίδωμι,verb,tou\s,ὁ,article,to\,ὁ,article,teleutai=on,τελευταῖος,adjective,tai=s,ὁ,article,diaqh/kais,διαθήκη,noun,paragenome/nous,παραγίγνομαι,verb,,,,,,,,,,,,,,,,,,,,,,,,,,,,,,,,,,,,
tou/tois,οὗτος,pronoun,ga\r,γάρ,particle,a(/pasin,ἅπας,adjective,ou)ke/ti,οὐκέτι,adverb,kataxari/sasqai,καταχαρίζομαι,verb,tau=q',οὗτος,pronoun,u(ph=rxen,ὑπάρχω,verb,a)lla\,ἀλλά,adverb,kinduneu/ein,tw=n,ὁ,article,yeudomarturi/wn,ψευδομαρτυρέω,verb,ei),εἰ,conjunction,κινδυνεύω,verb,mhde\n,μηδείς,pronoun,tw=n,ὁ,article,genome/nwn,γίγνομαι,verb,marturoi=en,μαρτυρέω,verb,,,,,,,,,,,,,,,,,,,,,,,,,,,,,,,,,,,,,,,,,,,,,,,,,,,,,,,,,,,,,,,,,,,,,,,,,,,,,,,,,,,,,,,,,,,,,,,,,,,,,,,,,,,,,,,,,,,,,,,,,,,,,,,,,,,,,,,,,,,,,,,,
a)fw=men,ἀφίημι,verb,toi/nun,τοίνυν,particle,tou=t',οὗτος,pronoun,h)/dh,ἤδη,adverb,,,,,,,,,,,,,,,,,,,,,,,,,,,,,,,,,,,,,,,,,,,,,,,,,,,,,,,,,,,,,,,,,,,,,,,,,,,,,,,,,,,,,,,,,,,,,,,,,,,,,,,,,,,,,,,,,,,,,,,,,,,,,,,,,,,,,,,,,,,,,,,,,,,,,,,,,,,,,,,,,,,,,,,,,,,,,,,,,,,,
pro\s,πρός,preposition,e)kei=no,ἐκεῖνος,pronoun,de\,δέ,particle,ti/,τίς,pronoun,a)\n,ἄν,particle,le/gois,λέγω,verb,,,,,,,,,,,,,,,,,,,,,,,,,,,,,,,,,,,,,,,,,,,,,,,,,,,,,,,,,,,,,,,,,,,,,,,,,,,,,,,,,,,,,,,,,,,,,,,,,,,,,,,,,,,,,,,,,,,,,,,,,,,,,,,,,,,,,,,,,,,,,,,,,,,,,,,,,,,,,,,,,,,,,,,,,,,,,,
a)kribw=s,ἀκριβῶς,adverb,ga\r,γάρ,particle,o(/pws,ὅπως,conjunction,tou/tous,οὗτος,pronoun,dida/ceis,διδάσκω,verb,,,,,,,,,,,,,,,,,,,,,,,,,,,,,,,,,,,,,,,,,,,,,,,,,,,,,,,,,,,,,,,,,,,,,,,,,,,,,,,,,,,,,,,,,,,,,,,,,,,,,,,,,,,,,,,,,,,,,,,,,,,,,,,,,,,,,,,,,,,,,,,,,,,,,,,,,,,,,,,,,,,,,,,,,,,,,,,,,
ei),εἰ,conjunction,de\,δέ,particle,mh/,μή,conjunction,pa/ntes,πᾶς,adjective,u(mei=s,σύ,pronoun,a)paitei=t',ἀπαιτέω,verb,au)to/n,αὐτός,pronoun,,,,,,,,,,,,,,,,,,,,,,,,,,,,,,,,,,,,,,,,,,,,,,,,,,,,,,,,,,,,,,,,,,,,,,,,,,,,,,,,,,,,,,,,,,,,,,,,,,,,,,,,,,,,,,,,,,,,,,,,,,,,,,,,,,,,,,,,,,,,,,,,,,,,,,,,,,,,,,,,,,,,,,,,,,,
o(/te,ὅτε,conjunction,ga\r,γάρ,particle,*polu/euktos,Πολυεύκτος,proper,dieti/qeto,διατίθημι,verb,tau=ta,οὗτος,pronoun,parh=n,πάρειμι,verb,me\n,μέν,particle,h(,ὁ,article,tou/tou,gunh/,γυνή,noun,kai\,καί,conjunction,dh=lon,δῆλος,adjective,οὗτος,pronoun,o(/ti,ὅστις,pronoun,ta\s,ὁ,article,tou=,ὁ,article,patro\s,πατήρ,noun,diaqh/kas,διαθήκη,noun,a)nh/ggeilen,ἀναγγέλλω,verb,a)/llws,ἄλλως,adverb,t',τε,particle,ei),εἰ,conjunction,kai\,καί,conjunction,mhde\n,μηδείς,pronoun,i)/son,ἴσος,adjective,ei)=xen,ἔχω,verb,a)ll',ἀλλά,adverb,e)n,ἐν,preposition,a(/pasin,ἅπας,adjective,h)lattou=to,ἐλασσόω,verb,pareklh/qh,παρακαλέω,verb,d',δέ,particle,au)to\s,αὐτός,pronoun,ou(=tos,οὗτος,pronoun,w(/ste,ὥστε,conjunction,mhde\,μηδέ,particle,tou=t',οὗτος,pronoun,ei)=nai,εἰμί,verb,le/gein,λέγω,verb,w(s,ὡς,conjunction,la/qra|,λάθρῃ,adverb,kai\,καί,conjunction,diakruya/menoi,διακρύπτω,verb,tou/tous,οὗτος,pronoun,e)pra/ttomen,πράσσω,verb,tau=ta,οὗτος,pronoun,,,,,,,,,,,,,,,,,,,,,,,,,,,,,,,,,,,,,,,,,,,,,,,,,,,,,,,,,
parakalou/menos,παρακαλέω,verb,ga\r,γάρ,particle,e)/fhsen,φημί,verb,au)to\s,αὐτός,pronoun,me\n,μέν,particle,a)sxoli/an,ἀσχολία,noun,a)/gein,ἄγω,verb,th\n,ὁ,article,de\,gunai=k',γυνή,noun,e)carkei=n,ἐξαρκέω,verb,th\n,ὁ,article,δέ,particle,au(tou=,ἑαυτοῦ,pronoun,parou=san,πάρειμι,verb,,,,,,,,,,,,,,,,,,,,,,,,,,,,,,,,,,,,,,,,,,,,,,,,,,,,,,,,,,,,,,,,,,,,,,,,,,,,,,,,,,,,,,,,,,,,,,,,,,,,,,,,,,,,,,,,,,,,,,,,,,,,,,,,,,,,,,,,,,,,,,,,,,,,,,
ti/,τίς,pronoun,e)/ti,ἔτι,adverb,loipo/n,λοιπός,adjective,,,,,,,,,,,,,,,,,,,,,,,,,,,,,,,,,,,,,,,,,,,,,,,,,,,,,,,,,,,,,,,,,,,,,,,,,,,,,,,,,,,,,,,,,,,,,,,,,,,,,,,,,,,,,,,,,,,,,,,,,,,,,,,,,,,,,,,,,,,,,,,,,,,,,,,,,,,,,,,,,,,,,,,,,,,,,,,,,,,,,,,
a)paggei/lantos,ἀπαγγέλλω,verb,*)aristoge/nous,,,au)tw=|,αὐτός,pronoun,peri\,περί,preposition,a(pa/ntwn,ἅπας,adjective,tou/twn,οὗτος,pronoun,a)kribw=s,ἀκριβῶς,adverb,ou)d',οὐδέ,particle,e)ntau=q',ou)de/na,οὐδείς,pronoun,fai/netai,φαίνω,verb,lo/gon,λόγος,noun,ἐνταῦθα,adverb,poihsa/menos,ποιέω,verb,a)ll',ἀλλά,adverb,e)pibio/ntos,ἐπιβιόω,verb,meta\,μετά,preposition,tau=ta,οὗτος,pronoun,tou=,ὁ,article,*polueu/ktou,Πολυεύκτος,proper,ple/on,πλέος,adjective,h)\,ἠέ,conjunction,pe/nq',πέντε,adverb,h(me/ras,ἡμέρα,noun,ou)/t',οὔτε,adverb,h)gana/kthsen,ἀγανακτέω,verb,ei)selqw\n,εἰσέρχομαι,verb,ou)/t',οὔτε,adverb,a)ntei=pen,ἀντεῖπον,verb,ou)de/n,οὐδείς,pronoun,ou)d',οὐδέ,particle,h(,ὁ,article,gunh/,γυνή,noun,parou=s',πάρειμι,verb,e)c,ἐκ,preposition,a)rxh=s,ἀρχή,noun,a(/pasin,ἅπας,adjective,tou/tois,οὗτος,pronoun,,,,,,,,,,,,,,,,,,,,,,,,,,,,,,,,,,,,,,,,,,,,,,,,,,,,,,,,,,,,,,,,,,,,,,,,,,,,,,,,,
w(/st',ὥστε,conjunction,ou)ke/ti,οὐκέτι,adverb,*polu/euktos,Πολυεύκτος,proper,au)ta\,αὐτός,pronoun,peisqei\s,πείθω,verb,e)moi\,ἐγώ,pronoun,katexari/zeto,καταχαρίζομαι,verb,w(s,ὡς,conjunction,e)/oiken,a)ll',ἀλλά,adverb,u(mei=s,σύ,pronoun,au)toi/,αὐτός,pronoun,ἔοικα,verb,,,,,,,,,,,,,,,,,,,,,,,,,,,,,,,,,,,,,,,,,,,,,,,,,,,,,,,,,,,,,,,,,,,,,,,,,,,,,,,,,,,,,,,,,,,,,,,,,,,,,,,,,,,,,,,,,,,,,,,,,,,,,,,,,,,,,,,,,,,,,,,,,,,,,,,,,,,,
tau=ta,οὗτος,pronoun,toi/nun,τοίνυν,particle,w)=,ὦ,interjection,a)/ndres,ἀνήρ,noun,dikastai/,δικαστής,noun,memnhme/noi,μιμνήσκω,verb,safw=s,σαφής,adverb,e)a\n,ἐάν,conjunction,a)/ra,ti,τις,pronoun,peri\,περί,preposition,au)tw=n,αὐτός,pronoun,ἄρα,particle,e)gxeirh=|,ἐγχειρέω,verb,nuni\,νυνί,adverb,diaba/llein,διαβάλλω,verb,a)nti/qete,ἀντίθετος,adjective,,,,,,,,,,,,,,,,,,,,,,,,,,,,,,,,,,,,,,,,,,,,,,,,,,,,,,,,,,,,,,,,,,,,,,,,,,,,,,,,,,,,,,,,,,,,,,,,,,,,,,,,,,,,,,,,,,,,,,,,,,,,,,,,,,,,,,,,,,,,,,,,
prw=ton,πρότερος,adjective,d',δέ,particle,i(/n',ἵνα,conjunction,ei)dh=t',οἶδα,verb,a)kribw=s,ἀκριβῶς,adverb,o(/ti,ὅστις,pronoun,tou=ton,οὗτος,pronoun,to\n,ὁ,article,tro/pon,e)/xei,ἔχω,verb,tw=n,ὁ,article,martu/rwn,μάρτυρος,noun,τρόπος,noun,a)kou/sate,ἀκούω,verb,,,,,,,,,,,,,,,,,,,,,,,,,,,,,,,,,,,,,,,,,,,,,,,,,,,,,,,,,,,,,,,,,,,,,,,,,,,,,,,,,,,,,,,,,,,,,,,,,,,,,,,,,,,,,,,,,,,,,,,,,,,,,,,,,,,,,,,,,,,,,,,,,,,,,,,,,
,,,,,,,,,,,,,,,,,,,,,,,,,,,,,,,,,,,,,,,,,,,,,,,,,,,,,,,,,,,,,,,,,,,,,,,,,,,,,,,,,,,,,,,,,,,,,,,,,,,,,,,,,,,,,,,,,,,,,,,,,,,,,,,,,,,,,,,,,,,,,,,,,,,,,,,,,,,,,,,,,,,,,,,,,,,,,,,,,,,,,,,,,,,,,,,
ou)kou=n,οὐκοῦν,adverb,w)=,ὦ,interjection,a)/ndres,ἀνήρ,noun,dikastai/,δικαστής,noun,tw=n,ὁ,article,me\n,μέν,particle,xili/wn,χίλιοι,adjective,draxmw=n,δραχμή,noun,w(s,dikai/ws,δίκαιος,adjective,kai\,καί,conjunction,prosofeilome/nwn,προσοφείλω,verb,ὡς,conjunction,a)peti/mhse/,ἀποτιμάω,verb,moi,ἐγώ,pronoun,th\n,ὁ,article,oi)ki/an,οἰκία,noun,o(,ὁ,article,*polu/euktos,Πολυεύκτος,proper,au)to\s,αὐτός,pronoun,ou(=to/s,οὗτος,pronoun,moi,ἐγώ,pronoun,marturei=,μαρτύρομαι,verb,kai\,καί,conjunction,h(,ὁ,article,tou/tou,οὗτος,pronoun,gunh\,γυνή,noun,pro\s,πρός,preposition,toi=s,ὁ,article,a)/llois,ἄλλος,adjective,tou/tois,οὗτος,pronoun,toi=s,ὁ,article,memarturhko/si,μαρτυρέω,verb,sugxwrou=ntes,συγχωρέω,verb,to/te,τότε,adverb,kai\,καί,conjunction,ou)/te,οὔτε,adverb,pro\s,πρός,preposition,to\n,ὁ,article,*polu/eukton,Πολυεύκτος,proper,a)nteipo/ntes,ἀντεῖπον,verb,e)pibio/nta,ἐπιβιόω,verb,tosau/tas,τοσοῦτος,adjective,h(me/ras,ἡμέρα,noun,ou)/te,οὔτε,adverb,pro\s,πρός,preposition,to\n,ὁ,article,*)aristoge/nh,Ἀριστογένης,proper,e)pei\,ἐπεί,conjunction,ta/xist',τάχιστος,adjective,h)/kousan,ἀκούω,verb,,,,,,,,,,,,,,,,,,,,,,,,,,,,,,,,,,,,,,,,,,
a)lla\,ἀλλά,adverb,mh\n,μήν,particle,ei)/,εἰ,conjunction,ge,γε,particle,dikai/ws,δίκαιος,adjective,a)petimh/qh,ἀποτιμάω,verb,memnhme/nois,μιμνήσκω,verb,tou=,ὁ,article,no/mou,kata\,κατά,preposition,me\n,μέν,particle,tou=q',οὗτος,pronoun,νόμος,noun,u(mi=n,σύ,pronoun,ou)k,οὐ,adverb,e)/stin,εἰμί,verb,a)poyhfi/sasqai,ἀποψηφίζομαι,verb,*spoudi/ou,,,,,,,,,,,,,,,,,,,,,,,,,,,,,,,,,,,,,,,,,,,,,,,,,,,,,,,,,,,,,,,,,,,,,,,,,,,,,,,,,,,,,,,,,,,,,,,,,,,,,,,,,,,,,,,,,,,,,,,,,,,,,,,,,,,,,,,,,,,,,,,
ske/yasqe,σκέπτομαι,verb,de\,δέ,particle,kai\,καί,conjunction,peri\,περί,preposition,tw=n,ὁ,article,ei)/kosi,εἴκοσι,verb,mnw=n,μνᾶ,noun,a(\s,ὅς,pronoun,ou)k,e)panafe/rei,ἐπαναφέρω,verb,,,,,,,οὐ,adverb,,,,,,,,,,,,,,,,,,,,,,,,,,,,,,,,,,,,,,,,,,,,,,,,,,,,,,,,,,,,,,,,,,,,,,,,,,,,,,,,,,,,,,,,,,,,,,,,,,,,,,,,,,,,,,,,,,,,,,,,,,,,,,,,,,,,,,,,,,,,,,,,,,,,,,,,,,,,
kai\,καί,conjunction,ga\r,γάρ,particle,e)ntauqoi=,ἐνταυθοῖ,adverb,pa/lin,πάλιν,adverb,au)to\s,αὐτός,pronoun,ou(=to/s,οὗτος,pronoun,moi,ἐγώ,pronoun,me/gistos,μέγας,adverb,e)/stai,ma/rtus,μάρτυς,noun,ou),οὐ,adverb,lo/gw|,λόγος,noun,εἰμί,verb,ma\,μά,particle,*di/',Δίη,proper,w(/sper,ὥσπερ,adverb,nu=n,νῦν,adverb,a)ntidikw=n,ἀντιδικέω,verb,touti\,οὗτος,pronoun,me\n,μέν,particle,ga\r,γάρ,particle,ou)de\n,οὐδείς,pronoun,tekmh/rio/n,τεκμήριον,noun,e)stin),εἰμί,verb,a)ll',ἀλλά,adverb,e)/rgw|,ἔργον,noun,perifanei=,περιφαίνομαι,verb,,,,,,,,,,,,,,,,,,,,,,,,,,,,,,,,,,,,,,,,,,,,,,,,,,,,,,,,,,,,,,,,,,,,,,,,,,,,,,,,,,,,,,,,,,,,,,,,,,,,,,,,,,,,,,,,,,
ti/,τίς,pronoun,poiw=n,ποιέω,verb,w)=,ὦ,interjection,a)/ndres,ἀνήρ,noun,dikastai/,δικαστής,noun,,,,,,,,,,,,,,,,,,,,,,,,,,,,,,,,,,,,,,,,,,,,,,,,,,,,,,,,,,,,,,,,,,,,,,,,,,,,,,,,,,,,,,,,,,,,,,,,,,,,,,,,,,,,,,,,,,,,,,,,,,,,,,,,,,,,,,,,,,,,,,,,,,,,,,,,,,,,,,,,,,,,,,,,,,,,,,,,,
tou/tw|,οὗτος,pronoun,ga\r,γάρ,particle,h)/dh,ἤδη,adverb,prose/xete,προσέχω,verb,to\n,ὁ,article,nou=n,νόος,adjective,i(/n',ἵνα,conjunction,e)a\n,ἐάν,conjunction,a)/ra,tolma=|,τολμάω,verb,ti,τις,pronoun,kai\,καί,conjunction,ἄρος,adjective,peri\,περί,preposition,th=s,ὁ,article,mhtro\s,μήτηρ,noun,tw=n,ὁ,article,gunaikw=n,γυνή,noun,blasfhmei=n,βλασφημέω,verb,h)\,ἠέ,conjunction,peri\,περί,preposition,tw=n,ὁ,article,gramma/twn,γράμμα,noun,ei)do/tas,οἶδα,verb,u(ma=s,σύ,pronoun,mh\,μή,conjunction,du/nhtai,δύναμαι,verb,le/gwn,λέγω,verb,e)capata=n,ἐξαπατάω,verb,,,,,,,,,,,,,,,,,,,,,,,,,,,,,,,,,,,,,,,,,,,,,,,,,,,,,,,,,,,,,,,,,,,,,,,,,,,,,,,,,,,,,,,,,,,,,,,,,,,,,,,,,,,,
tauti\,οὗτος,pronoun,ga\r,γάρ,particle,ta\,ὁ,article,gra/mmata,γράμμα,noun,kate/lipen,καταλιμπάνω,verb,me\n,μέν,particle,h(,ὁ,article,*polueu/ktou,Πολυεύκτος,proper,gunh/,kaqa/per,καθά,adverb,ei)=pon,εἶπον,verb,o)li/gw|,ὀλίγος,adjective,γυνή,noun,pro/teron,πρότερος,adjective,,,,,,,,,,,,,,,,,,,,,,,,,,,,,,,,,,,,,,,,,,,,,,,,,,,,,,,,,,,,,,,,,,,,,,,,,,,,,,,,,,,,,,,,,,,,,,,,,,,,,,,,,,,,,,,,,,,,,,,,,,,,,,,,,,,,,,,,,,,,,,,,,,,,,,,,,
o(mologoume/nwn,ὁμολογέω,verb,de\,δέ,particle,tw=n,ὁ,article,shmei/wn,σημεῖον,noun,kai\,καί,conjunction,para\,παρά,preposition,th=s,ὁ,article,tou/tou,οὗτος,pronoun,gunaiko\s,kai\,καί,conjunction,para\,παρά,preposition,th=s,ὁ,article,γυνή,noun,e)mh=s,ἐμός,adjective,a)mfo/teroi,ἀμφότερος,adjective,paro/ntes,πάρειμι,verb,a)noi/cantes,ἀνοίγνυμι,verb,a)nti/grafa/,ἀντίγραφος,adjective,t',τε,particle,e)la/bomen,λαμβάνω,verb,ka)kei=na,ἐκεῖνος,pronoun,pa/lin,πάλιν,adverb,katashmhna/menoi,κατασημαίνω,verb,par',παρά,preposition,*)aristoge/nei,,,kateqe/meqa,κατατίθημι,verb,,,,,,,,,,,,,,,,,,,,,,,,,,,,,,,,,,,,,,,,,,,,,,,,,,,,,,,,,,,,,,,,,,,,,,,,,,,,,,,,,,,,,,,,,,,,,,,,,,,,,,,,,,,,,,,,,,,,,
tou=to,οὗτος,pronoun,dh/,δή,particle,tou=t',οὗτος,pronoun,w)=,ὦ,interjection,a)/ndres,ἀνήρ,noun,dikastai/,δικαστής,noun,ma/qete,μανθάνω,verb,pro\s,πρός,preposition,qew=n,,,,,,,,,,θέα,noun,,,,,,,,,,,,,,,,,,,,,,,,,,,,,,,,,,,,,,,,,,,,,,,,,,,,,,,,,,,,,,,,,,,,,,,,,,,,,,,,,,,,,,,,,,,,,,,,,,,,,,,,,,,,,,,,,,,,,,,,,,,,,,,,,,,,,,,,,,,,,,,,,,,,,,,,,,,,
e)nh=san,ἔνειμι,verb,me\n,μέν,particle,ga\r,γάρ,particle,ai(,ὁ,article,du/o,δύο,adjective,mnai=,μνᾶ,noun,h(,ὁ,article,timh\,τιμή,noun,tou=,oi)ke/tou,οἰκέτης,noun,kai\,καί,conjunction,ou),οὐ,adverb,ὁ,article,mo/non,μόνος,adjective,o(,ὁ,article,*polu/euktos,Πολυεύκτος,proper,a)poqnh/|skwn,ἀποθνήσκω,verb,tau/tas,οὗτος,pronoun,e)nekeklh/kei,ἐγκαλέω,verb,e)nh=san,ἔνειμι,verb,d',δέ,particle,ai(,ὁ,article,xi/liai,χίλιοι,adjective,kai\,καί,conjunction,o)ktako/siai,ὀκτακόσιοι,adjective,draxmai/,δραχμή,noun,,,,,,,,,,,,,,,,,,,,,,,,,,,,,,,,,,,,,,,,,,,,,,,,,,,,,,,,,,,,,,,,,,,,,,,,,,,,,,,,,,,,,,,,,,,,,,,,,,,,,,,,,,,,,,,,,,,,,
tau=ta,οὗτος,pronoun,d',δέ,particle,a)nagnou/s,ἀναγιγνώσκω,verb,ei),εἰ,conjunction,me\n,μέν,particle,au)tw=|,αὐτός,pronoun,mhde\n,μηδείς,pronoun,prosh=ken,προσήκω,verb,mhd',a)lhqh=,ἀληθής,adjective,ta\,ὁ,article,gegramme/n',γράφω,verb,μηδέ,particle,h)=n,εἰμί,verb,ti/,τίς,pronoun,dh/,δή,particle,pot',ποτέ,particle,ou)k,οὐ,adverb,eu)qu\s,εὐθύς,adverb,h)gana/ktei,ἀγανακτέω,verb,peri\,περί,preposition,au)tw=n,αὐτός,pronoun,,,,,,,,,,,,,,,,,,,,,,,,,,,,,,,,,,,,,,,,,,,,,,,,,,,,,,,,,,,,,,,,,,,,,,,,,,,,,,,,,,,,,,,,,,,,,,,,,,,,,,,,,,,,,,,,,,,,,,,,,,,,,,,,,
ti/,τίς,pronoun,de\,δέ,particle,suneshmai/neto,συσσημαίνομαι,verb,pa/lin,πάλιν,adverb,ta\,ὁ,article,mhde\n,μηδείς,pronoun,u(gie\s,ὑγιής,adverb,o)/nta,εἰμί,verb,mhd',a)lhqh=,ἀληθής,adjective,gra/mmata,γράμμα,noun,,,,μηδέ,particle,,,,,,,,,,,,,,,,,,,,,,,,,,,,,,,,,,,,,,,,,,,,,,,,,,,,,,,,,,,,,,,,,,,,,,,,,,,,,,,,,,,,,,,,,,,,,,,,,,,,,,,,,,,,,,,,,,,,,,,,,,,,,,,,,,,,,,,,,,,,,,,,,,,,,,,,,,,,
touti\,οὗτος,pronoun,ga\r,γάρ,particle,ou)d',οὐδέ,particle,a)\n,ἄν,particle,ei(=s,εἷς,adjective,dh/pou,δήπου,particle,mh\,μή,conjunction,pa=sin,πᾶς,adjective,o(mologw=n,toi=s,ὁ,article,gegramme/nois,γράφω,verb,poih/seien,ποιέω,verb,ὁμολογέω,verb,,,,,,,,,,,,,,,,,,,,,,,,,,,,,,,,,,,,,,,,,,,,,,,,,,,,,,,,,,,,,,,,,,,,,,,,,,,,,,,,,,,,,,,,,,,,,,,,,,,,,,,,,,,,,,,,,,,,,,,,,,,,,,,,,,,,,,,,,,,,,,,,,,,,,,,,,,,,
a)lla\,ἀλλά,adverb,mh/n,μήν,particle,w)=,ὦ,interjection,a)/ndres,ἀνήρ,noun,dikastai/,δικαστής,noun,tou=to/,οὗτος,pronoun,ge,γε,particle,deino\n,δεινός,adjective,dh/pou,ei),εἰ,conjunction,pro\s,πρός,preposition,ta\,ὁ,article,δήπου,particle,sugkexwrhme/n',συγχωρέω,verb,u(p',ὑπό,preposition,au)tw=n,αὐτός,pronoun,tou/twn,οὗτος,pronoun,e)ce/stai,ἔξεστι,verb,nu=n,νῦν,adverb,a)ntile/gein,ἀντιλέγω,verb,kai\,καί,conjunction,mhde\n,μηδείς,pronoun,shmei=on,σημεῖον,noun,u(mi=n,σύ,pronoun,e)/stai,εἰμί,verb,dio/ti,διότι,conjunction,pa/ntes,πᾶς,adjective,a)/nqrwpoi,ἄνθρωπος,noun,pro\s,πρός,preposition,ta\,ὁ,article,mh/t',μήτε,particle,a)lhqh=,ἀληθής,adjective,mh/te,μήτε,particle,di/kaia,δίκαιος,adjective,tw=n,ὁ,article,e)gklhma/twn,ἔγκλημα,noun,ou),οὐ,adverb,katasiwpa=n,κατασιωπάω,verb,a)lla\,ἀλλά,adverb,paraxrh=m',παραχρῆμα,adverb,a)mfisbhtei=n,ἀμφισβητέω,verb,ei)w/qamen,ἔθω,verb,mh\,μή,conjunction,poih/santes,ποιέω,verb,de\,δέ,particle,tau=ta,οὗτος,pronoun,a)\n,ἄν,particle,u(/steron,ὕστερος,adjective,a)ntidikw=sin,ἀντιδικέω,verb,ponhroi\,πονηρός,adjective,kai\,καί,conjunction,sukofa/ntai,συκοφάντης,noun,dokou=sin,δοκέω,verb,ei)=nai,εἰμί,verb,,,,,,,,,,,,,,,,,,,,,,,,,,,,,,,,,
tau=ta,οὗτος,pronoun,me\n,μέν,particle,toi/nun,τοίνυν,particle,*spoudi/as,,,ou)de\n,οὐδείς,pronoun,h(=tton,ἥσσων,adverb,e)mou=,ἐγώ,pronoun,gignw/skwn,γιγνώσκω,verb,a)ll',oi)=mai,οἴομαι,verb,me\n,μέν,particle,kai\,καί,conjunction,ἀλλά,adverb,a)kribe/steron,ἀκριβής,adjective,o(/sw|,ὅσος,adjective,kai\,καί,conjunction,pukno/teron,πυκνός,adjective,e)ntauqoi=,ἐνταυθοῖ,adverb,pare/rxetai,παρέρχομαι,verb,pa=sin,πᾶς,adjective,e)nanti/a,ἐναντίος,adjective,toi=s,ὁ,article,pepragme/nois,πράσσω,verb,au(tw=|,ἑαυτοῦ,pronoun,le/gwn,λέγω,verb,ou)k,οὐ,adverb,ai)sxu/netai,αἰσχύνω,verb,,,,,,,,,,,,,,,,,,,,,,,,,,,,,,,,,,,,,,,,,,,,,,,,,,,,,,,,,,,,,,,,,,,,,,,,,,,,,,,,,,,,,,,,,,,,,,,,,,,,,,,,,,,,,,,,,,
kai/toi,καίτοι,particle,polla/kis,πολλάκις,adverb,u(mei=s,σύ,pronoun,e(\n,εἷς,adjective,mo/non,μόνος,adjective,skeuw/rhma,σκευώρημα,noun,sunido/ntes,σύνεῖδον,verb,tou/tw|,οὗτος,pronoun,kata\,tw=n,ὁ,article,a)/llwn,ἄλλος,adjective,tw=n,ὁ,article,κατά,preposition,e)gkaloume/nwn,ἐγκαλέω,verb,e)xrh/sasqe,χράω,verb,tekmhri/w|,τεκμήριον,noun,,,,,,,,,,,,,,,,,,,,,,,,,,,,,,,,,,,,,,,,,,,,,,,,,,,,,,,,,,,,,,,,,,,,,,,,,,,,,,,,,,,,,,,,,,,,,,,,,,,,,,,,,,,,,,,,,,,,,,,,,,,,,,,,,,,,,,,,,,,,,,,,,,,
tou/tw|,οὗτος,pronoun,d',δέ,particle,a(/panq',ἅπας,adjective,u(f',ὑπό,preposition,au(tou=,ἑαυτοῦ,pronoun,sumbe/bhken,συμβαίνω,verb,e)cele/gxesqai,ἐξελέγχω,verb,,,,,,,,,,,,,,,,,,,,,,,,,,,,,,,,,,,,,,,,,,,,,,,,,,,,,,,,,,,,,,,,,,,,,,,,,,,,,,,,,,,,,,,,,,,,,,,,,,,,,,,,,,,,,,,,,,,,,,,,,,,,,,,,,,,,,,,,,,,,,,,,,,,,,,,,,,,,,,,,,,,,,,,,,,,
kai/,καί,conjunction,moi,ἐγώ,pronoun,labe\,λαμβάνω,verb,th\n,ὁ,article,marturi/an,μαρτυρία,noun,w(s,ὡς,conjunction,w(mologei=to,ὁμολογέω,verb,to/te,τότε,adverb,ta\,shmei=a,σημεῖον,noun,tw=n,ὁ,article,gramma/twn,γράμμα,noun,ὁ,article,u(po\,ὑπό,preposition,th=s,ὁ,article,tou/tou,οὗτος,pronoun,gunaiko/s,γυνή,noun,kai\,καί,conjunction,nu=n,νῦν,adverb,u(po\,ὑπό,preposition,*spoudi/ou,,,katashmanqe/nta,κατασημαίνω,verb,kei=tai,κέω,verb,,,,,,,,,,,,,,,,,,,,,,,,,,,,,,,,,,,,,,,,,,,,,,,,,,,,,,,,,,,,,,,,,,,,,,,,,,,,,,,,,,,,,,,,,,,,,,,,,,,,,,,,,,,,,,,,,,,,,,,,,,,,,,
tou/twn,οὗτος,pronoun,toi/nun,τοίνυν,particle,ou(/tws,οὕτως,adverb,safw=s,σαφής,adverb,a)podedeigme/nwn,ἀποδείκνυμι,verb,h(gou=mai,ἡγέομαι,verb,me\n,μέν,particle,ou)de\n,οὐδείς,pronoun,e)/ti,dei=n,δέω,verb,plei/w,πλέως,adjective,le/gein,λέγω,verb,ἔτι,adverb,,,,,,,,,,,,,,,,,,,,,,,,,,,,,,,,,,,,,,,,,,,,,,,,,,,,,,,,,,,,,,,,,,,,,,,,,,,,,,,,,,,,,,,,,,,,,,,,,,,,,,,,,,,,,,,,,,,,,,,,,,,,,,,,,,,,,,,,,,,,,,,,,,,,,,,,,,,,
o(po/te,ὁπότε,adverb,ga\r,γάρ,particle,kai\,καί,conjunction,no/mous,νόμος,noun,e)/xw,ἔχω,verb,pare/xesqai,παρέχω,verb,kai\,καί,conjunction,ma/rturas,μάρτυς,noun,a(pa/ntwn,tw=n,ὁ,article,ei)rhme/nwn,ἐρῶ,verb,kai\,καί,conjunction,ἅπας,adjective,to\n,ὁ,article,a)nti/dikon,ἀντίδικος,adjective,au)to\n,αὐτός,pronoun,o(mologou=nta/,ὁμολογέω,verb,moi,ἐγώ,pronoun,ti/,τίς,pronoun,dei=,δέομαι,verb,makrw=n,μακρός,adjective,e)/ti,ἔτι,adverb,lo/gwn,λόγος,noun,,,,,,,,,,,,,,,,,,,,,,,,,,,,,,,,,,,,,,,,,,,,,,,,,,,,,,,,,,,,,,,,,,,,,,,,,,,,,,,,,,,,,,,,,,,,,,,,,,,,,,,,,,,,,,,,,,,,,,,,,,,,,,
o(/mws,ὅμως,conjunction,d',δέ,particle,a)\n,ἄν,particle,a)/ra,ἄρος,adjective,peri\,περί,preposition,th=s,ὁ,article,proiko\s,προίξ,adjective,a)ganakth=|,ἀγανακτέω,verb,kai\,fa/skh|,φάσκω,verb,pleonektei=sqai,πλεονεκτέω,verb,tai=s,ὁ,article,καί,conjunction,xili/ais,χίλιοι,adjective,draxmai=s,δραχμή,noun,yeu/setai,ψεύδω,verb,,,,,,,,,,,,,,,,,,,,,,,,,,,,,,,,,,,,,,,,,,,,,,,,,,,,,,,,,,,,,,,,,,,,,,,,,,,,,,,,,,,,,,,,,,,,,,,,,,,,,,,,,,,,,,,,,,,,,,,,,,,,,,,,,,,,,,,,,,,,,,,,,,,
ou)de\n,οὐδείς,pronoun,ga\r,γάρ,particle,e)/xwn,ἔχω,verb,e)/latton,ἐλάσσων,adjective,a)mfisbhtei=,ἀμφισβητέω,verb,pro\s,πρός,preposition,au)ta/s,αὐτός,pronoun,a)lla\,ἀλλά,adverb,ple/on,w(s,ὡς,conjunction,au)ti/x',αὐτίκα,adverb,u(mi=n,σύ,pronoun,πλέος,adjective,e)/stai,εἰμί,verb,fanero/n,φανερός,adjective,,,,,,,,,,,,,,,,,,,,,,,,,,,,,,,,,,,,,,,,,,,,,,,,,,,,,,,,,,,,,,,,,,,,,,,,,,,,,,,,,,,,,,,,,,,,,,,,,,,,,,,,,,,,,,,,,,,,,,,,,,,,,,,,,,,,,,,,,,,,,,,,,,,,,,
ou),οὐ,adverb,mh\n,μήν,particle,a)ll',ἀλλά,adverb,ei),εἰ,conjunction,pa/nta,πᾶς,adjective,tau=q',οὗτος,pronoun,w(s,ὡς,conjunction,a)lhqw=s,ἀληθής,adjective,sune/bh,ou),οὐ,adverb,dh/pou,δήπου,particle,di/kaion,δίκαιος,adjective,συμβαίνω,verb,e)me\,ἐγώ,pronoun,th\n,ὁ,article,o(mologhqei=san,ὁμολογέω,verb,proi=ka,προίξ,adjective,mh\,μή,conjunction,labei=n,λαμβάνω,verb,ei)/per,εἴπερ,conjunction,o)/felo/s,ὄφελος,noun,ti,τις,pronoun,tw=n,ὁ,article,no/mwn,νόμος,noun,e)sti/n,εἰμί,verb,ou)de/,οὐδέ,particle,ge,γε,particle,to\n,ὁ,article,*polu/eukton,Πολυεύκτος,proper,ei),εἰ,conjunction,tw=n,ὁ,article,qugate/rwn,θυγάτηρ,adjective,e)bou/leto,βούλομαι,verb,th=|,ὁ,article,me\n,μέν,particle,e)la/ttw,ἐλάσσων,adjective,th=|,ὁ,article,de\,δέ,particle,plei/w,πλέως,adjective,proi=k',προίξ,adjective,e)pidou=nai,ἐπιδίδωμι,verb,diakwluqh=nai,διακωλύω,verb,nu=n,νῦν,adverb,,,,,,,,,,,,,,,,,,,,,,,,,,,,,,,,,,,,,,,,,,,,,,,,,,,,,,,,,,,,,,,,,,
soi\,σύ,pronoun,ga\r,γάρ,particle,au)tw=|,αὐτός,pronoun,mh\,μή,conjunction,lamba/nein,λαμβάνω,verb,e)ch=n,ἔξεστι,verb,w)=,ὦ,interjection,*spoudi/a,,,mh\,prostiqeme/nwn,προστίθημι,verb,w(/sper,ὥσπερ,adverb,e)moi\,ἐγώ,pronoun,μή,conjunction,tw=n,ὁ,article,xiliw=n,χίλιοι,adjective,,,,,,,,,,,,,,,,,,,,,,,,,,,,,,,,,,,,,,,,,,,,,,,,,,,,,,,,,,,,,,,,,,,,,,,,,,,,,,,,,,,,,,,,,,,,,,,,,,,,,,,,,,,,,,,,,,,,,,,,,,,,,,,,,,,,,,,,,,,,,,,,,,,,,,
a)ll',ἀλλά,adverb,ou)de\n,οὐδείς,pronoun,e)/latton,ἐλάσσων,adjective,ei)=xes,ἔχω,verb,w(s,ὡς,conjunction,e)gw\,ἐγώ,pronoun,dida/cw,διδάσκω,verb,,,,,,,,,,,,,,,,,,,,,,,,,,,,,,,,,,,,,,,,,,,,,,,,,,,,,,,,,,,,,,,,,,,,,,,,,,,,,,,,,,,,,,,,,,,,,,,,,,,,,,,,,,,,,,,,,,,,,,,,,,,,,,,,,,,,,,,,,,,,,,,,,,,,,,,,,,,,,,,,,,,,,,,,,,,
prw=ton,πρότερος,adjective,d',δέ,particle,e)f',ἐπί,preposition,oi(=s,ὅς,pronoun,e)ce/doto,ἐκδίδωμι,verb,tou/tw|,οὗτος,pronoun,labe/,λαμβάνω,verb,moi,ἐγώ,pronoun,th\n,marturi/an,μαρτυρία,noun,,,,,,,ὁ,article,,,,,,,,,,,,,,,,,,,,,,,,,,,,,,,,,,,,,,,,,,,,,,,,,,,,,,,,,,,,,,,,,,,,,,,,,,,,,,,,,,,,,,,,,,,,,,,,,,,,,,,,,,,,,,,,,,,,,,,,,,,,,,,,,,,,,,,,,,,,,,,,,,,,,,,,,,,,
pw=s,πῶς,adverb,ou)=n,οὖν,particle,ou)de\n,οὐδείς,pronoun,e)/latton,ἐλάσσων,adjective,e)/xei,ἔχω,verb,fh/sei,φημί,verb,tis,τις,pronoun,ei),εἰ,conjunction,tou/tw|,me\n,μέν,particle,e)n,ἐν,preposition,tai=s,ὁ,article,οὗτος,pronoun,tettara/konta,τεσσαράκοντα,adjective,mnai=s,μνᾶ,noun,e)netima=to,ἐντιμάω,verb,ta\,ὁ,article,xrusi/a,χρυσίον,noun,kai\,καί,conjunction,ta\,ὁ,article,i(ma/tia,ἱμάτιον,adjective,tw=n,ὁ,article,xiliw=n,χίλιοι,adjective,e)moi\,ἐγώ,pronoun,d',δέ,particle,ai(,ὁ,article,de/ka,δέκα,verb,mnai=,μνᾶ,noun,xwri\s,χωρίς,adverb,prosapedi/donto,προσαποδίδωμι,verb,,,,,,,,,,,,,,,,,,,,,,,,,,,,,,,,,,,,,,,,,,,,,,,,,,,,,,,,,,,,,,,,,,,,,,,,,,,,,,,,,,,,,,,,,,,,,,,,,,,,,,,,,
tou=to,οὗτος,pronoun,dh\,δή,particle,kai\,καί,conjunction,me/llw,μέλλω,verb,le/gein,λέγω,verb,,,,,,,,,,,,,,,,,,,,,,,,,,,,,,,,,,,,,,,,,,,,,,,,,,,,,,,,,,,,,,,,,,,,,,,,,,,,,,,,,,,,,,,,,,,,,,,,,,,,,,,,,,,,,,,,,,,,,,,,,,,,,,,,,,,,,,,,,,,,,,,,,,,,,,,,,,,,,,,,,,,,,,,,,,,,,,,,,
o(,ὁ,article,me\n,μέν,particle,ga\r,γάρ,particle,*spoudi/as,,,w)=,ὦ,interjection,a)/ndres,ἀνήρ,noun,dikastai/,δικαστής,noun,para\,παρά,preposition,tou=,*lewkra/tous,Λεωκράτης,proper,e)/xousan,ἔχω,verb,ta\,ὁ,article,ὁ,article,xrusi/a,χρυσίον,noun,kai\,καί,conjunction,ta\,ὁ,article,i(ma/tia,ἱμάτιον,adjective,th\n,ὁ,article,gunai=k',γυνή,noun,e)/laben,λάπτω,verb,w(=n,ὅς,pronoun,o(,ὁ,article,*polu/euktos,Πολυεύκτος,proper,prosape/teisen,προσαποτίνω,verb,tw=|,ὁ,article,*lewkra/tei,Λεωκράτης,proper,plei=n,πλέω,verb,h)\,ἠέ,conjunction,xili/as,χίλιοι,adjective,,,,,,,,,,,,,,,,,,,,,,,,,,,,,,,,,,,,,,,,,,,,,,,,,,,,,,,,,,,,,,,,,,,,,,,,,,,,,,,,,,,,,,,,,,,,,,,,,,,,,,,,,,,,
e)gw\,ἐγώ,pronoun,d',δέ,particle,a(/per,ὅς,pronoun,e)/pemye/,πέμπω,verb,moi,ἐγώ,pronoun,xwri\s,χωρίς,adverb,th=s,ὁ,article,proiko/s,προίξ,adjective,o(/s',e)/xw,ἔχω,verb,mo/non,μόνος,adjective,pro\s,πρός,preposition,ὅσος,adjective,ta\,ὁ,article,tou/tw|,οὗτος,pronoun,doqe/nt',δίδωμι,verb,e)a\n,ἐάν,conjunction,a)ntiqh=|,ἀνατίθημι,verb,tis,τις,pronoun,eu(rh/sei,εὑρίσκω,verb,paraplh/sia,παραπλήσιος,adjective,xwri\s,χωρίς,adverb,tw=n,ὁ,article,ei)s,εἰς,preposition,ta\s,ὁ,article,xili/as,χίλιοι,adjective,a)potimhqe/ntwn,ἀποτιμάω,verb,,,,,,,,,,,,,,,,,,,,,,,,,,,,,,,,,,,,,,,,,,,,,,,,,,,,,,,,,,,,,,,,,,,,,,,,,,,,,,,,,,,,,,,,,,,,,,,,,,,,,,,,,,,,,,,,,,
w(/st',ὥστε,conjunction,ei)ko/tws,ἐοικότως,adverb,e)n,ἐν,preposition,tai=s,ὁ,article,tettara/konta,τεσσαράκοντα,adjective,mnai=s,μνᾶ,noun,e)netima=to,ἐντιμάω,verb,tau=ta,οὗτος,pronoun,a(/per,a)petetei/kei,ἀποτίνω,verb,tw=|,ὁ,article,*lewkra/tei,Λεωκράτης,proper,ὅς,pronoun,kai\,καί,conjunction,plei/w,πλέως,adjective,tw=n,ὁ,article,e)moi\,ἐγώ,pronoun,doqe/ntwn,δίδωμι,verb,h)=n,εἰμί,verb,,,,,,,,,,,,,,,,,,,,,,,,,,,,,,,,,,,,,,,,,,,,,,,,,,,,,,,,,,,,,,,,,,,,,,,,,,,,,,,,,,,,,,,,,,,,,,,,,,,,,,,,,,,,,,,,,,,,,,,,,,,,,,,,,,,,,,,,,,
kai/,καί,conjunction,moi,ἐγώ,pronoun,labe\,λαμβάνω,verb,prw=ton,πρότερος,adjective,me\n,μέν,particle,th\n,ὁ,article,a)pografh\n,ἀπογραφή,noun,tau/thn,οὗτος,pronoun,kai\,le/g',λέγω,verb,au)toi=s,αὐτός,pronoun,a(/per,ὅς,pronoun,καί,conjunction,e(ka/teros,ἑκάτερος,adjective,h(mw=n,ἐγώ,pronoun,e)/xei,ἔχω,verb,meta\,μετά,preposition,de\,δέ,particle,tau=ta,οὗτος,pronoun,th\n,ὁ,article,tw=n,ὁ,article,diaithtw=n,διαιτητής,noun,marturi/an,μαρτυρία,noun,i(/n',ἵνα,conjunction,i)/dwsin,εἶδον,verb,o(/ti,ὅστις,pronoun,kai\,καί,conjunction,pollw=|,πολύς,adjective,plei/w,πλέως,adjective,xrh/mat',χρῆμα,adjective,e)/xei,ἔχω,verb,kai\,καί,conjunction,peri\,περί,preposition,tou/twn,οὗτος,pronoun,o(,ὁ,article,*lewkra/ths,Λεωκράτης,proper,e)neka/lei,ἐγκαλέω,verb,kai\,καί,conjunction,kata\,κατά,preposition,tau=t',οὗτος,pronoun,e)/gnwsan,γιγνώσκω,verb,oi(,ὁ,article,diaithtai/,διαιτητής,noun,,,,,,,,,,,,,,,,,,,,,,,,,,,,,,,,,,,,,,,,,,,,,,,,,,,,,,,,,,,,,,,,,,
,,,,,,,,,,,,,,,,,,,,,,,,,,,,,,,,,,,,,,,,,,,,,,,,,,,,,,,,,,,,,,,,,,,,,,,,,,,,,,,,,,,,,,,,,,,,,,,,,,,,,,,,,,,,,,,,,,,,,,,,,,,,,,,,,,,,,,,,,,,,,,,,,,,,,,,,,,,,,,,,,,,,,,,,,,,,,,,,,,,,,,,,,,,,,,,
a)=r',ἆρα,particle,ou)=n,οὖν,particle,ou),οὐ,adverb,fanerw=s,φανερός,adjective,ou(=tos,οὗτος,pronoun,me\n,μέν,particle,e)/xei,ἔχω,verb,tettara/konta,τεσσαράκοντα,adjective,mna=s,pa/lai,πάλαι,adverb,th\n,ὁ,article,proi=ka,προίξ,adjective,μνᾶ,noun,e)gw\,ἐγώ,pronoun,de\,δέ,particle,ta\s,ὁ,article,me\n,μέν,particle,tria/konta,τριάκοντα,noun,kaqa/per,καθά,adverb,ou(=tos,οὗτος,pronoun,ta\s,ὁ,article,de\,δέ,particle,xili/as,χίλιοι,adjective,ou),οὐ,adverb,mo/non,μόνος,adjective,u(/steron,ὕστερος,adjective,ou)k,οὐ,adverb,e)komisa/mhn,κομίζω,verb,a)lla\,ἀλλά,adverb,kai\,καί,conjunction,nuni\,νυνί,adverb,kinduneu/w,κινδυνεύω,verb,peri\,περί,preposition,au)tw=n,αὐτός,pronoun,w(s,ὡς,conjunction,a)di/kws,ἄδικος,adjective,e)/xwn,ἔχω,verb,,,,,,,,,,,,,,,,,,,,,,,,,,,,,,,,,,,,,,,,,,,,,,,,,,,,,,,,,,,,,,,,,,,,,,,,,,,,,,,,,,,,
dia\,διά,preposition,tau=ta,οὗτος,pronoun,me/ntoi,μέντοι,particle,*spoudi/as,,,w)=,ὦ,interjection,a)/ndres,ἀνήρ,noun,dikastai/,δικαστής,noun,toi=s,ὁ,article,fi/lois,ou)k,οὐ,adverb,e)bou/let',βούλομαι,verb,e)pitre/yas,ἐπιτρέπω,verb,φίλος,adjective,a)pallagh=nai,ἀπαλλάσσω,verb,tw=n,ὁ,article,pro\s,πρός,preposition,e)/m',ἐγώ,pronoun,e)gklhma/twn,ἔγκλημα,noun,o(/ti,ὅστις,pronoun,sune/bainen,συμβαίνω,verb,au)tw=|,αὐτός,pronoun,pa/nta,πᾶς,adjective,tau=t',οὗτος,pronoun,e)cele/gxesqai,ἐξελέγχω,verb,,,,,,,,,,,,,,,,,,,,,,,,,,,,,,,,,,,,,,,,,,,,,,,,,,,,,,,,,,,,,,,,,,,,,,,,,,,,,,,,,,,,,,,,,,,,,,,,,,,,,,,,,,,,,,,,,,,,,,,,,,,
pa=sin,πᾶς,adjective,ga\r,γάρ,particle,tou/tois,οὗτος,pronoun,paragegenhme/noi,παραγίγνομαι,verb,kai\,καί,conjunction,safw=s,σαφής,adverb,ei)do/tes,οἶδα,verb,ou)k,οὐ,adverb,e)pe/trepon,au)tw=|,αὐτός,pronoun,le/gein,λέγω,verb,o(/,ὅς,pronoun,ἐπιτρέπω,verb,ti,τις,pronoun,tu/xoi,τυγχάνω,verb,,,,,,,,,,,,,,,,,,,,,,,,,,,,,,,,,,,,,,,,,,,,,,,,,,,,,,,,,,,,,,,,,,,,,,,,,,,,,,,,,,,,,,,,,,,,,,,,,,,,,,,,,,,,,,,,,,,,,,,,,,,,,,,,,,,,,,,,,,,,,,,,,,,,,,
par',παρά,preposition,u(mi=n,σύ,pronoun,d',δέ,particle,oi)/etai,οἴομαι,verb,yeudo/menos,ψεύδω,verb,e)mou=,ἐγώ,pronoun,ta)lhqh=,ἀληθής,adjective,le/gontos,λέγω,verb,perigenh/sesqai,,,,,,,,,,περιγίγνομαι,verb,,,,,,,,,,,,,,,,,,,,,,,,,,,,,,,,,,,,,,,,,,,,,,,,,,,,,,,,,,,,,,,,,,,,,,,,,,,,,,,,,,,,,,,,,,,,,,,,,,,,,,,,,,,,,,,,,,,,,,,,,,,,,,,,,,,,,,,,,,,,,,,,,,,,,,,,,,,,
kai/toi,καίτοι,particle,peri\,περί,preposition,w(=n,ὅς,pronoun,e)gkalw=,ἐγκαλέω,verb,pa/nq',πᾶς,adjective,u(mi=n,σύ,pronoun,a)pe/deica,ἀποδείκνυμι,verb,safw=s,σαφής,adverb,w(s,oi(=o/s,οἷος,adjective,t',τε,particle,h)=n,εἰμί,verb,ὡς,conjunction,au)to/s,αὐτός,pronoun,,,,,,,,,,,,,,,,,,,,,,,,,,,,,,,,,,,,,,,,,,,,,,,,,,,,,,,,,,,,,,,,,,,,,,,,,,,,,,,,,,,,,,,,,,,,,,,,,,,,,,,,,,,,,,,,,,,,,,,,,,,,,,,,,,,,,,,,,,,,,,,,,,,,,,,,,
tou\s,ὁ,article,d',δέ,particle,ei)do/tas,οἶδα,verb,ou(=tos,οὗτος,pronoun,e)/feugen,φεύγω,verb,ou)x,οὐ,adverb,h(gou/menos,ἡγέομαι,verb,ei)=nai,εἰμί,verb,paralogi/sasqai,,,,,,,,,,παραλογίζομαι,verb,,,,,,,,,,,,,,,,,,,,,,,,,,,,,,,,,,,,,,,,,,,,,,,,,,,,,,,,,,,,,,,,,,,,,,,,,,,,,,,,,,,,,,,,,,,,,,,,,,,,,,,,,,,,,,,,,,,,,,,,,,,,,,,,,,,,,,,,,,,,,,,,,,,,,,,,,,,,
mh\,μή,conjunction,toi/nun,τοίνυν,particle,w)=,ὦ,interjection,a)/ndres,ἀνήρ,noun,dikastai/,δικαστής,noun,mhd',μηδέ,particle,u(mei=s,σύ,pronoun,e)pitre/pet',ἐπιτρέπω,verb,au)tw=|,yeu/desqai,ψεύδω,verb,kai\,καί,conjunction,diaba/llein,διαβάλλω,verb,αὐτός,pronoun,memnhme/noi,μιμνήσκω,verb,tw=n,ὁ,article,ei)rhme/nwn,ἐρῶ,verb,,,,,,,,,,,,,,,,,,,,,,,,,,,,,,,,,,,,,,,,,,,,,,,,,,,,,,,,,,,,,,,,,,,,,,,,,,,,,,,,,,,,,,,,,,,,,,,,,,,,,,,,,,,,,,,,,,,,,,,,,,,,,,,,,,,,,,,,,,,,,,,,,,,
i)/ste,οἶδα,verb,ga\r,γάρ,particle,pa/nq',πᾶς,adjective,w(s,ὡς,conjunction,e)ge/neto,γίγνομαι,verb,plh\n,πλήν,preposition,ei)/,εἰ,conjunction,ti,τις,pronoun,pare/lipon,e)gw\,ἐγώ,pronoun,pro\s,πρός,preposition,o)li/gon,ὀλίγος,adjective,παραλείπω,verb,u(/dwr,ὕδωρ,noun,a)nagkazo/menos,ἀναγκάζω,verb,le/gein,λέγω,verb,,,,,,,,,,,,,,,,,,,,,,,,,,,,,,,,,,,,,,,,,,,,,,,,,,,,,,,,,,,,,,,,,,,,,,,,,,,,,,,,,,,,,,,,,,,,,,,,,,,,,,,,,,,,,,,,,,,,,,,,,,,,,,,,,,,,,,,,,,,,,,,,,,,
