word/0/@_form,word/0/lemma/@_entry,word/0/lemma/@_POS,word/1/@_form,word/1/lemma/@_entry,word/1/lemma/@_POS,word/2/@_form,word/2/lemma/@_entry,word/2/lemma/@_POS,word/3/@_form,word/3/lemma/@_entry,word/3/lemma/@_POS,word/4/@_form,word/4/lemma/@_entry,word/4/lemma/@_POS,word/5/@_form,word/5/lemma/@_entry,word/5/lemma/@_POS,word/6/@_form,word/6/lemma/@_entry,word/6/lemma/@_POS,word/7/@_form,word/7/lemma/@_entry,word/7/lemma/@_POS,word/8/@_form,word/8/lemma/@_entry,word/8/lemma/@_POS,word/9/@_form,word/9/lemma/@_entry,word/9/lemma/@_POS,word/10/@_form,word/10/lemma/@_entry,word/10/lemma/@_POS,word/11/@_form,word/12/@_form,word/12/lemma/@_entry,word/12/lemma/@_POS,word/13/@_form,word/13/lemma/@_entry,word/13/lemma/@_POS,word/14/@_form,word/14/lemma/@_entry,word/14/lemma/@_POS,word/15/@_form,word/15/lemma/@_entry,word/15/lemma/@_POS,word/16/@_form,word/16/lemma/@_entry,word/16/lemma/@_POS,word/17/@_form,word/17/lemma/@_entry,word/17/lemma/@_POS,word/18/@_form,word/18/lemma/@_entry,word/18/lemma/@_POS,word/19/@_form,word/19/lemma/@_entry,word/19/lemma/@_POS,word/20/@_form,word/20/lemma/@_entry,word/20/lemma/@_POS,word/21/@_form,word/21/lemma/@_entry,word/21/lemma/@_POS,word/22/@_form,word/22/lemma/@_entry,word/22/lemma/@_POS,word/23/@_form,word/23/lemma/@_entry,word/23/lemma/@_POS,word/24/@_form,word/24/lemma/@_entry,word/24/lemma/@_POS,word/25/@_form,word/25/lemma/@_entry,word/25/lemma/@_POS,word/26/@_form,word/26/lemma/@_entry,word/26/lemma/@_POS,word/27/@_form,word/27/lemma/@_entry,word/27/lemma/@_POS,word/28/@_form,word/28/lemma/@_entry,word/28/lemma/@_POS,word/29/@_form,word/29/lemma/@_entry,word/29/lemma/@_POS,word/30/@_form,word/30/lemma/@_entry,word/30/lemma/@_POS,word/31/@_form,word/31/lemma/@_entry,word/31/lemma/@_POS,word/32/@_form,word/32/lemma/@_entry,word/32/lemma/@_POS,word/33/@_form,word/33/lemma/@_entry,word/33/lemma/@_POS,word/34/@_form,word/34/lemma/@_entry,word/34/lemma/@_POS,word/35/@_form,word/35/lemma/@_entry,word/35/lemma/@_POS,word/36/@_form,word/36/lemma/@_entry,word/36/lemma/@_POS,word/37/@_form,word/37/lemma/@_entry,word/37/lemma/@_POS,word/38/@_form,word/38/lemma/@_entry,word/38/lemma/@_POS,word/11/lemma/@_entry,word/11/lemma/@_POS,word/39/@_form,word/39/lemma/@_entry,word/39/lemma/@_POS,word/40/@_form,word/40/lemma/@_entry,word/40/lemma/@_POS,word/41/@_form,word/41/lemma/@_entry,word/41/lemma/@_POS,word/42/@_form,word/42/lemma/@_entry,word/42/lemma/@_POS,word/43/@_form,word/43/lemma/@_entry,word/43/lemma/@_POS,word/44/@_form,word/44/lemma/@_entry,word/44/lemma/@_POS,word/45/@_form,word/45/lemma/@_entry,word/45/lemma/@_POS,word/46/@_form,word/46/lemma/@_entry,word/46/lemma/@_POS,word/47/@_form,word/47/lemma/@_entry,word/47/lemma/@_POS,word/48/@_form,word/48/lemma/@_entry,word/48/lemma/@_POS,word/49/@_form,word/49/lemma/@_entry,word/49/lemma/@_POS,word/50/@_form,word/50/lemma/@_entry,word/50/lemma/@_POS,word/51/@_form,word/51/lemma/@_entry,word/51/lemma/@_POS,word/52/@_form,word/52/lemma/@_entry,word/52/lemma/@_POS,word/53/@_form,word/53/lemma/@_entry,word/53/lemma/@_POS,word/54/@_form,word/54/lemma/@_entry,word/54/lemma/@_POS,word/55/@_form,word/55/lemma/@_entry,word/55/lemma/@_POS,word/56/@_form,word/56/lemma/@_entry,word/56/lemma/@_POS,word/57/@_form,word/57/lemma/@_entry,word/57/lemma/@_POS,word/58/@_form,word/58/lemma/@_entry,word/58/lemma/@_POS,word/59/@_form,word/59/lemma/@_entry,word/59/lemma/@_POS,word/60/@_form,word/60/lemma/@_entry,word/60/lemma/@_POS,word/61/@_form,word/61/lemma/@_entry,word/61/lemma/@_POS,word/62/@_form,word/62/lemma/@_entry,word/62/lemma/@_POS,word/63/@_form,word/63/lemma/@_entry,word/63/lemma/@_POS,word/64/@_form,word/64/lemma/@_entry,word/64/lemma/@_POS,word/65/@_form,word/65/lemma/@_entry,word/65/lemma/@_POS,word/66/@_form,word/66/lemma/@_entry,word/66/lemma/@_POS,word/67/@_form,word/67/lemma/@_entry,word/67/lemma/@_POS,word/68/@_form,word/68/lemma/@_entry,word/68/lemma/@_POS,word/69/@_form,word/69/lemma/@_entry,word/69/lemma/@_POS,word/70/@_form,word/70/lemma/@_entry,word/70/lemma/@_POS,word/71/@_form,word/71/lemma/@_entry,word/71/lemma/@_POS,word/72/@_form,word/72/lemma/@_entry,word/72/lemma/@_POS,word/73/@_form,word/73/lemma/@_entry,word/73/lemma/@_POS,word/74/@_form,word/74/lemma/@_entry,word/74/lemma/@_POS,word/75/@_form,word/75/lemma/@_entry,word/75/lemma/@_POS,word/76/@_form,word/76/lemma/@_entry,word/76/lemma/@_POS,word/77/@_form,word/77/lemma/@_entry,word/77/lemma/@_POS
pollh\n,πολύς,adjective,xa/rin,χάρις,noun,h)=n,εἰμί,verb,ei)de/nai,οἶδα,verb,tw=|,ὁ,article,kaq',κατά,preposition,h(ma=s,ἐγώ,pronoun,xro/nw|,χρόνος,noun,di/kaion,δίκαιος,adjective,w)=,ὦ,interjection,kra/tiste,κράτιστος,adjective,*)ammai=e,kai\,καί,conjunction,a)/llwn,ἄλλος,adjective,me/n,μέν,particle,tinwn,τις,pronoun,e)pithdeuma/twn,ἐπιτήδευμα,noun,e(/neka,ἕνεκα,preposition,nu=n,νῦν,adverb,ka/llion,κάλλιον,adverb,a)skoume/nwn,ἀσκέω,verb,h)\,ἠέ,conjunction,pro/teron,πρότερος,adjective,ou)x,οὐ,adverb,h(/kista,ἥκιστος,adjective,de\,δέ,particle,th=s,ὁ,article,peri\,περί,preposition,tou\s,ὁ,article,politikou\s,πολιτικός,adjective,lo/gous,λόγος,noun,e)pimelei/as,ἐπιμέλεια,noun,ou),οὐ,adverb,mikra\n,μικρός,adjective,e)pi/dosin,ἐπίδοσις,noun,pepoihme/nhs,ποιέω,verb,e)pi\,ἐπί,preposition,ta\,ὁ,article,krei/ttw,κρείσσων,verb,,,,,,,,,,,,,,,,,,,,,,,,,,,,,,,,,,,,,,,,,,,,,,,,,,,,,,,,,,,,,,,,,,,,,,,,,,,,,,,,,,,,,,,,,,,,,,,,,,,,,,,,,,,,,,,,,,,,,,,
e)n,ἐν,preposition,ga\r,γάρ,particle,dh\,δή,particle,toi=s,ὁ,article,pro\,πρό,preposition,h(mw=n,ἐγώ,pronoun,xro/nois,χρόνος,noun,h(,ὁ,article,me\n,μέν,particle,a)rxai/a,ἀρχαῖος,adjective,kai\,καί,conjunction,filo/sofos,r(htorikh\,ῥητορικός,adjective,prophlakizome/nh,προπηλακίζω,verb,kai\,καί,conjunction,deina\s,δεινός,adjective,u(/breis,ὕβρις,noun,u(pome/nousa,ὑπομένω,verb,katelu/eto,καταλύω,verb,a)rcame/nh,ἄρχω,verb,me\n,μέν,particle,a)po\,ἀπό,preposition,th=s,ὁ,article,*)aleca/ndrou,Ἀλέξανδρος,proper,tou=,ὁ,article,*makedo/nos,Μακεδών,proper,teleuth=s,τελευτή,noun,e)kpnei=n,ἐκπνέω,verb,kai\,καί,conjunction,marai/nesqai,μαραίνω,verb,kat',κατά,preposition,o)li/gon,ὀλίγος,adjective,e)pi\,ἐπί,preposition,de\,δέ,particle,th=s,ὁ,article,kaq',κατά,preposition,h(ma=s,ἐγώ,pronoun,h(liki/as,ἡλικία,noun,mikrou=,μικρός,adjective,φιλόσοφος,noun,deh/sasa,δέω,verb,ei)s,εἰς,preposition,te/los,τέλος,noun,h)fani/sqai,ἀφανίζω,verb,,,,,,,,,,,,,,,,,,,,,,,,,,,,,,,,,,,,,,,,,,,,,,,,,,,,,,,,,,,,,,,,,,,,,,,,,,,,,,,,,,,,,,,,,,,,,,,,,,,,,,,,,
e(te/ra,ἕτερος,adjective,de/,δέ,particle,tis,τις,pronoun,e)pi\,ἐπί,preposition,th\n,ὁ,article,e)kei/nhs,ἐκεῖνος,pronoun,parelqou=sa,παρέρχομαι,verb,ta/cin,τάξις,noun,a)fo/rhtos,ἀφόρητος,adjective,a)naidei/a|,ἀναίδεια,adjective,qeatrikh=|,θεατρικός,adjective,kai\,a)na/gwgos,ἀνάγωγος,adjective,kai\,καί,conjunction,ou)/te,οὔτε,adverb,filosofi/as,φιλοσοφία,noun,ou)/te,οὔτε,adverb,a)/llou,ἄλλος,adjective,paideu/matos,παίδευμα,noun,ou)deno\s,οὐδείς,pronoun,meteilhfui=a,μεταλαμβάνω,verb,e)leuqeri/ou,ἐλευθέριος,adjective,laqou=sa,λανθάνω,verb,kai\,καί,conjunction,parakrousame/nh,παρακρούω,verb,th\n,ὁ,article,tw=n,ὁ,article,o)/xlwn,ὄχλος,noun,a)/gnoian,ἄγνοια,noun,ou),οὐ,adverb,mo/non,μόνος,adjective,e)n,ἐν,preposition,eu)pori/a|,εὐπορία,noun,kai\,καί,conjunction,trufh=|,τρυφή,noun,kai\,καί,conjunction,morfh=|,μορφή,noun,plei/oni,πλείων,verb,th=s,ὁ,article,καί,conjunction,e(te/ras,ἕτερος,adjective,dih=gen,διάγω,verb,a)lla\,ἀλλά,adverb,kai\,καί,conjunction,ta\s,ὁ,article,tima\s,τιμή,noun,kai\,καί,conjunction,ta\s,ὁ,article,prostasi/as,προστασία,noun,tw=n,ὁ,article,po/lewn,πόλις,adjective,a(\s,ὅς,pronoun,e)/dei,δέω,verb,th\n,ὁ,article,filo/sofon,φιλόσοφος,noun,e)/xein,ἔχω,verb,ei)s,εἰς,preposition,e(auth\n,ἑαυτοῦ,pronoun,a)nhrth/sato,ἀναρτάω,verb,kai\,καί,conjunction,h)=n,εἰμί,verb,fortikh/,φορτικός,adjective,tis,τις,pronoun,pa/nu,πάνυ,adverb,kai\,καί,conjunction,o)xlhra\,ὀχληρός,adverb,kai\,καί,conjunction,teleutw=sa,τελευτάω,verb,paraplhsi/an,παραπλήσιος,adjective,e)poi/hse,ποιέω,verb,gene/sqai,γίγνομαι,verb,th\n,ὁ,article,*(ella/da,Ἑλλάς,proper,tai=s,ὁ,article,tw=n,ὁ,article,a)sw/twn,ἄσωτος,adjective,kai\,καί,conjunction,kakodaimo/nwn,κακοδαίμων,adjective,oi)ki/ais,οἰκία,noun
w(/sper,ὥσπερ,adverb,ga\r,γάρ,particle,e)n,ἐν,preposition,e)kei/nais,ἐκεῖνος,pronoun,h(,ὁ,article,me\n,μέν,particle,e)leuqe/ra,ἐλεύθερος,adjective,kai\,καί,conjunction,sw/frwn,σώφρων,noun,gameth\,γαμετή,noun,ka/qhtai,καθίημι,verb,mhdeno\s,ou)=sa,εἰμί,verb,tw=n,ὁ,article,au(th=s,ἑαυτοῦ,pronoun,kuri/a,κυρία,noun,e(tai/ra,ἑταίρα,noun,de/,δέ,particle,tis,τις,pronoun,a)/frwn,ἄφρων,adjective,e)p',ἐπί,preposition,o)le/qrw|,ὄλεθρος,noun,tou=,ὁ,article,bi/ou,βίος,adjective,parou=sa,πάρειμι,verb,pa/shs,πᾶς,adjective,a)cioi=,ἀξιόω,verb,th=s,ὁ,article,ou)si/as,οὐσία,adjective,a)/rxein,ἄρχω,verb,skubali/zousa,σκυβαλίζω,verb,kai\,καί,conjunction,dedittome/nh,δειδίσσομαι,verb,th\n,ὁ,article,e(te/ran,ἕτερος,adjective,,,,,,,,,,,,,μηδείς,pronoun,,,,,,,,,,,,,,,,,,,,,,,,,,,,,,,,,,,,,,,,,,,,,,,,,,,,,,,,,,,,,,,,,,,,,,,,,,,,,,,,,,,,,,,,,,,,,,,,,,,,,,,,,,,,,,,,,,,,,
to\n,ὁ,article,au)to\n,αὐτός,pronoun,tro/pon,τρόπος,noun,e)n,ἐν,preposition,pa/sh|,πᾶς,adjective,po/lei,πόλις,adjective,kai\,καί,conjunction,ou)demia=s,οὐδείς,pronoun,h(=tton,ἥσσων,adverb,e)n,ἐν,preposition,tai=s,ὁ,article,eu)paideu/tois,touti\,οὗτος,pronoun,ga\r,γάρ,particle,a(pa/ntwn,ἅπας,adjective,tw=n,ὁ,article,kakw=n,κακός,adjective,e)/sxaton,σχέθω,verb,h(,ὁ,article,me\n,μέν,particle,*)attikh\,Ἀττικός,adjective,mou=sa,Μοῦσα,proper,kai\,καί,conjunction,a)rxai/a,ἀρχαῖος,adjective,kai\,καί,conjunction,au)to/xqwn,αὐτόχθων,adjective,a)/timon,ἄτιμος,adjective,ei)lh/fei,λαμβάνω,verb,sxh=ma,σχῆμα,noun,tw=n,ὁ,article,e(auth=s,ἑαυτοῦ,pronoun,e)kpesou=sa,ἐκπίτνω,verb,a)gaqw=n,ἀγαθός,adjective,h(,ὁ,article,de\,δέ,particle,e)/k,ἐκ,preposition,tinwn,τις,pronoun,bara/qrwn,βάραθρον,noun,th=s,ὁ,article,εὐπαίδευτος,adjective,*)asi/as,Ἄσιος,proper,e)xqe\s,ἐχθές,adverb,kai\,καί,conjunction,prw/|hn,πρώιος,adjective,a)fikome/nh,ἀφικνέομαι,verb,*mush\,μυσή,noun,h)\,ἠέ,conjunction,*frugi/a,Φρύγιος,proper,tis,τις,pronoun,h)\,ἠέ,conjunction,*kariko/n,Καρικός,adjective,ti,τις,pronoun,kako/n,κακός,adjective,*(ellhni/das,Ἑλληνίς,proper,h)ci/ou,ἀξιόω,verb,dioikei=n,διοικέω,verb,po/leis,πόλις,adjective,a)pela/sasa,ἀπελαύνω,verb,tw=n,ὁ,article,koinw=n,κοινός,adjective,th\n,ὁ,article,e(te/ran,ἕτερος,adjective,h(,ὁ,article,a)maqh\s,ἀμαθής,adjective,th\n,ὁ,article,filo/sofon,φιλόσοφος,noun,kai\,καί,conjunction,h(,ὁ,article,mainome/nh,μαινομένη,noun,th\n,ὁ,article,sw/frona,σώφρων,noun,,,,,,,,,,,,,,,,,,,,,,,,
a)lla\,ἀλλά,adverb,ga\r,γάρ,particle,ou),οὐ,adverb,mo/non,μόνος,adjective,a)ndrw=n,ἀνήρ,noun,dikai/wn,δίκαιος,adjective,xro/nos,χρόνος,noun,swth\r,σωτήρ,noun,a)/ristos,ἄριστος,adjective,kata\,κατά,preposition,*pi/ndaron,Πίνδαρος,proper,a)lla\,kai\,καί,conjunction,texnw=n,τέχνη,noun,nh\,νή,preposition,*di/a,Δίη,proper,kai\,καί,conjunction,e)pithdeuma/twn,ἐπιτήδευμα,noun,ge,γε,particle,kai\,καί,conjunction,panto\s,πᾶς,adjective,a)/llou,ἄλλος,adjective,spoudai/ou,σπουδαῖος,adjective,xrh/matos,χρῆμα,adjective,,,,,,,,,,,,,,,,,,,,,,,,,,,,,,,,,,,,,,,,,,,,,,ἀλλά,adverb,,,,,,,,,,,,,,,,,,,,,,,,,,,,,,,,,,,,,,,,,,,,,,,,,,,,,,,,,,,,,,,,,,,,,,,,,,,,,,,,,,,,,,,,,,,,,,,,,,,,,,,,,,,,,,,,,,,,,
e)/deice,δείκνυμι,verb,de\,δέ,particle,o(,ὁ,article,kaq',κατά,preposition,h(ma=s,ἐγώ,pronoun,xro/nos,χρόνος,noun,ei)/te,εἴτε,adverb,qew=n,θέα,noun,tinos,τις,pronoun,a)/rcantos,ἄρχω,verb,ei)/te,εἴτε,adverb,fusikh=s,perio/dou,περίοδος,noun,th\n,ὁ,article,a)rxai/an,ἀρχαῖος,adjective,ta/cin,τάξις,noun,a)nakuklou/shs,ἀνακυκλέω,verb,ei)/te,εἴτε,adverb,a)nqrwpi/nhs,ἀνθρώπινος,adjective,o(rmh=s,ὁρμή,noun,e)pi\,ἐπί,preposition,ta\,ὁ,article,o(/moia,ὅμοιος,adjective,pollou\s,πολύς,adjective,a)gou/shs,ἄγω,verb,kai\,καί,conjunction,a)pe/dwke,ἀποδίδωμι,verb,th=|,ὁ,article,me\n,μέν,particle,a)rxai/a|,ἀρχαῖος,adjective,kai\,καί,conjunction,sw/froni,σώφρων,noun,r(htorikh=|,ῥητορικός,adjective,th\n,ὁ,article,dikai/an,δίκαιος,adjective,timh/n,τιμή,noun,h(\n,ὅς,pronoun,kai\,καί,conjunction,pro/teron,πρότερος,adjective,φυσικός,adjective,ei)=xe,ἔχω,verb,kalw=s,καλός,noun,a)polabei=n,ἀπολαμβάνω,verb,th=|,ὁ,article,de\,δέ,particle,ne/a|,νέα,adjective,kai\,καί,conjunction,a)noh/tw|,ἀνόητος,adjective,pau/sasqai,παύω,verb,do/can,δόξα,noun,ou),οὐ,adverb,prosh/kousan,προσακούω,verb,karpoume/nh|,καρπέω,verb,kai\,καί,conjunction,e)n,ἐν,preposition,a)llotri/ois,ἀλλότριος,adjective,a)gaqoi=s,ἀγαθός,adjective,trufw/sh|,τρυφάω,verb,,,,,,,,,,,,,,,,,,,,,,,,,,,,,,,,,,,,,,,,,,,,,,,,,,,,,,,,,,,,,,,
kai\,καί,conjunction,ou),οὐ,adverb,kaq',κατά,preposition,e(\n,εἷς,adjective,i)/sws,ἴσως,adverb,tou=to,οὗτος,pronoun,mo/non,μόνος,adjective,e)painei=n,ἐπαινέω,verb,to\n,ὁ,article,paro/nta,πάρειμι,verb,xro/non,χρόνος,noun,kai\,tou\s,ὁ,article,sumfilosofou=ntas,συμφιλοσοφέω,verb,a)nqrw/pous,ἄνθρωπος,noun,a)/cion,ἄξιος,adjective,o(/ti,ὅστις,pronoun,ta\,ὁ,article,krei/ttw,κρείσσων,verb,timiw/tera,τίμιος,adjective,poiei=n,ποιέω,verb,tw=n,ὁ,article,xeiro/nwn,χείρων,adverb,h)/rcanto,ἄρχω,verb,kai/toi,καίτοι,particle,me/ros,μέρος,noun,ge,γε,particle,tou=,ὁ,article,panto\s,πᾶς,adjective,h(/misu,ἥμισυς,adjective,a)rxh\,ἀρχή,noun,le/getai/,λέγω,verb,te,τε,particle,kai\,καί,conjunction,e)/stin,εἰμί,verb,a)ll',ἀλλά,adverb,o(/ti,ὅστις,pronoun,kai\,καί,conjunction,taxei=an,ταχύς,adjective,καί,conjunction,th\n,ὁ,article,metabolh\n,μεταβολή,noun,kai\,καί,conjunction,mega/lhn,μέγας,adverb,th\n,ὁ,article,e)pi/dosin,ἐπίδοσις,noun,au)tw=n,αὐτός,pronoun,pareskeu/ase,παρασκευάζω,verb,gene/sqai,γίγνομαι,verb,,,,,,,,,,,,,,,,,,,,,,,,,,,,,,,,,,,,,,,,,,,,,,,,,,,,,,,,,,,,,,,,,,,,,,,,,,,,,,,,,,,,,,,,,,
e)/cw,ἔξω,adverb,ga\r,γάρ,particle,o)li/gwn,ὀλίγος,adjective,tinw=n,τις,pronoun,*)asianw=n,Ἀσιανός,proper,po/lewn,πόλις,adjective,ai(=s,ὅς,pronoun,di',διά,preposition,a)maqi/an,ἀμαθία,noun,bradei=a/,βραδύς,adjective,e)stin,εἰμί,verb,h(,tw=n,ὁ,article,kalw=n,κάλη,adjective,ma/qhsis,μάθησις,noun,ai(,ὁ,article,loipai\,λοιπός,adjective,pe/pauntai,παύω,verb,tou\s,ὁ,article,fortikou\s,φορτικός,adjective,kai\,καί,conjunction,yuxrou\s,ψυχρός,adjective,kai\,καί,conjunction,a)naisqh/tous,ἀναίσθητος,adjective,a)gapw=sai,ἀγαπάω,verb,lo/gous,λόγος,noun,tw=n,ὁ,article,me\n,μέν,particle,pro/teron,πρότερος,adjective,me/ga,μέγας,adverb,e)p',ἐπί,preposition,au)toi=s,αὐτός,pronoun,fronou/ntwn,φρονέω,verb,ai)doume/nwn,αἰδέομαι,verb,h)/dh,ἤδη,adverb,kai\,καί,conjunction,kata\,κατά,preposition,mikro\n,μικρός,adjective,a)pautomolou/ntwn,ἀπαυτομολέω,verb,ὁ,article,pro\s,πρός,preposition,tou\s,ὁ,article,e(te/rous,ἕτερος,adjective,ei),εἰ,conjunction,mh/,μή,conjunction,tines,τις,pronoun,panta/pasin,παντάπασι,adverb,a)nia/tws,ἀνίατος,adjective,e)/xousi,ἔχω,verb,tw=n,ὁ,article,de\,δέ,particle,newsti\,νεωστί,adverb,tou=,ὁ,article,maqh/matos,μάθημα,noun,a(ptome/nwn,ἅπτω,verb,ei)s,εἰς,preposition,katafro/nhsin,καταφρόνησις,noun,a)go/ntwn,ἄγω,verb,tou\s,ὁ,article,lo/gous,λόγος,noun,kai\,καί,conjunction,ge/lwta,γέλως,noun,poioume/nwn,ποιέω,verb,th\n,ὁ,article,e)p',ἐπί,preposition,au)toi=s,αὐτός,pronoun,spoudh/n,σπουδή,noun,,,,,,,,,,,,,,,,,,,,,,,,,,,,,,,,,,,,
ai)ti/a,αἰτία,noun,d',δέ,particle,oi)=mai,οἴομαι,verb,kai\,καί,conjunction,a)rxh\,ἀρχή,noun,th=s,ὁ,article,tosau/ths,τοσοῦτος,adjective,metabolh=s,μεταβολεύς,noun,e)ge/neto,γίγνομαι,verb,h(,ὁ,article,pa/ntwn,πᾶς,adjective,kratou=sa,*(rw/mh,,,pro\s,πρός,preposition,e(auth\n,ἑαυτοῦ,pronoun,a)nagka/zousa,ἀναγκάζω,verb,ta\s,ὁ,article,o(/las,ὅλος,adjective,po/leis,πόλις,adjective,a)poble/pein,ἀποβλέπω,verb,kai\,καί,conjunction,tau/ths,οὗτος,pronoun,de\,δέ,particle,au)th=s,αὐτός,pronoun,oi(,ἕ,pronoun,dunasteu/ontes,δυναστεύω,verb,kat',κατά,preposition,a)reth\n,ἀρετή,noun,kai\,καί,conjunction,a)po\,ἀπό,preposition,tou=,ὁ,article,krati/stou,κράτιστος,adjective,ta\,ὁ,article,koina\,κοινός,adjective,dioikou=ntes,διοικέω,verb,eu)pai/deutoi,εὐπαίδευτος,adjective,pa/nu,πάνυ,adverb,kai\,καί,conjunction,gennai=oi,γενναῖος,adjective,κρατέω,verb,ta\s,ὁ,article,kri/seis,κρίσις,adjective,geno/menoi,γίγνομαι,verb,u(f',ὑπό,preposition,w(=n,ὅς,pronoun,kosmou/menon,κοσμέω,verb,to/,ὁ,article,te,τε,particle,fro/nimon,φρόνιμος,adjective,th=s,ὁ,article,po/lews,πόλις,adjective,me/ros,μέρος,noun,e)/ti,ἔτι,adverb,ma=llon,μᾶλλον,adverb,e)pide/dwken,ἐπιδίδωμι,verb,kai\,καί,conjunction,to\,ὁ,article,a)no/hton,ἀνόητος,adjective,h)na/gkastai,ἀναγκάζω,verb,nou=n,νόος,adjective,e)/xein,ἔχω,verb,,,,,,,,,,,,,,,,,,,,,,,,,,,,,,,,,,,,,,,,,,,,,,,,,,,,,,
toiga/rtoi,τοιγάρ,particle,pollai\,πολύς,adjective,me\n,μέν,particle,i(stori/ai,ἱστορία,noun,spoudh=s,σπουδή,noun,a)/ciai,ἄξιος,adjective,gra/fontai,γράφω,verb,toi=s,ὁ,article,nu=n,νῦν,adverb,polloi\,πολύς,adjective,de\,δέ,particle,lo/goi,politikoi\,πολιτικός,adjective,xari/entes,χαρίεις,adjective,e)kfe/rontai,ἐκφέρω,verb,filo/sofoi/,φιλόσοφος,noun,te,τε,particle,sunta/ceis,συντάσσω,verb,ou),οὐ,adverb,ma\,μά,particle,*di/a,Δίη,proper,eu)katafro/nhtoi,εὐκαταφρόνητος,adjective,a)/llai,ἄλλος,adjective,te,τε,particle,pollai\,πολύς,adjective,kai\,καί,conjunction,kalai\,κάλαις,noun,pragmatei=ai,πραγματεία,noun,kai\,καί,conjunction,*(rwmai/ois,,,kai\,καί,conjunction,*(/ellhsin,Ἕλλην,proper,eu)=,εὖ,adverb,ma/la,μάλα,adverb,diespoudasme/nai,διασπουδάζω,verb,proelhlu/qasi/,προέρχομαι,verb,te,τε,particle,kai\,καί,conjunction,proeleu/sontai,προέρχομαι,verb,λόγος,noun,kata\,κατά,preposition,to\,ὁ,article,ei)ko/s,ἔοικα,verb,,,,,,,,,,,,,,,,,,,,,,,,,,,,,,,,,,,,,,,,,,,,,,,,,,,,,,,,,,,,,,,,,,,,,,,,,,,,,,,,,,,,,,,,,,,,,,,,,,,,,,,,,,,,
kai\,καί,conjunction,ou)k,οὐ,adverb,a)\n,ἄν,particle,qauma/saimi,θαυμάζω,verb,thlikau/ths,τηλικοῦτος,adjective,metabolh=s,μεταβολεύς,noun,e)n,ἐν,preposition,tou/tw|,οὗτος,pronoun,tw=|,ὁ,article,braxei=,βραχύς,adjective,xro/nw|,χρόνος,noun,gegenhme/nhs,ei),εἰ,conjunction,mhke/ti,μηκέτι,adverb,xwrh/sei,χωρέω,verb,proswte/rw,πρόσω,adverb,mia=s,εἷς,adjective,genea=s,γενεά,noun,o(,ὁ,article,zh=los,ζῆλος,noun,e)kei=nos,ἐκεῖνος,pronoun,tw=n,ὁ,article,a)noh/twn,ἀνόητος,adjective,lo/gwn,λόγος,noun,,,,,,,,,,,,,,,,,,,,,,,,,,,,,,,,,,,,,,,,,,,,,,γίγνομαι,verb,,,,,,,,,,,,,,,,,,,,,,,,,,,,,,,,,,,,,,,,,,,,,,,,,,,,,,,,,,,,,,,,,,,,,,,,,,,,,,,,,,,,,,,,,,,,,,,,,,,,,,,,,,,,,,,,,,,,,
to\,ὁ,article,ga\r,γάρ,particle,e)k,ἐκ,preposition,panto\s,πᾶς,adjective,ei)s,εἰς,preposition,e)la/xiston,ἐλάχιστος,adjective,sunaxqe\n,συνάγω,verb,r(a/|dion,ῥαίδιον,noun,e)c,ἐκ,preposition,o)li/gou,ὀλίγος,adjective,mhde\,μηδέ,particle,ei)=nai,,,,,,,,,,,,,,,,,,,,,,,,,,,,,,,,,,,,,,,,,,,,,,,,,,,,,,,,,,,,,,,,,,,,,,,,,,,,,,,,,,εἰμί,verb,,,,,,,,,,,,,,,,,,,,,,,,,,,,,,,,,,,,,,,,,,,,,,,,,,,,,,,,,,,,,,,,,,,,,,,,,,,,,,,,,,,,,,,,,,,,,,,,,,,,,,,,,,,,,,,,,,,,,
a)lla\,ἀλλά,adverb,ga\r,γάρ,particle,to\,ὁ,article,me\n,μέν,particle,eu)xaristei=n,εὐχαριστέω,verb,tw=|,ὁ,article,metaba/llonti,μεταβάλλω,verb,ta\,ὁ,article,pra/gmata,πρᾶγμα,noun,xro/nw|,χρόνος,noun,kai\,καί,conjunction,to\,tou\s,ὁ,article,ta\,ὁ,article,kra/tista,κράτιστος,adjective,proairoume/nous,προαιρέω,verb,e)painei=n,ἐπαινέω,verb,kai\,καί,conjunction,to\,ὁ,article,ta\,ὁ,article,me/llonta,μέλλω,verb,e)k,ἐκ,preposition,tw=n,ὁ,article,gegono/twn,γίγνομαι,verb,ei)ka/zein,εἰκάζω,verb,kai\,καί,conjunction,pa/nta,πᾶς,adjective,ta\,ὁ,article,paraplh/sia,παραπλήσιος,adjective,tou/tois,οὗτος,pronoun,a(\,ὅς,pronoun,ka)\n,κἀν,conjunction,o(,ὁ,article,tuxw\n,τυγχάνω,verb,ei)pei=n,εἶπον,verb,du/naito,δύναμαι,verb,a)fh/sw,ἀφίημι,verb,e)c,ἐκ,preposition,w(=n,ὅς,pronoun,ὁ,article,d',δέ,particle,a)\n,ἄν,particle,e)/ti,ἔτι,adverb,mei/zw,μέγας,adverb,la/boi,λαμβάνω,verb,ta\,ὁ,article,krei/ttona,κρείσσων,verb,i)sxu/n,ἰσχύς,noun,tau=ta,οὗτος,pronoun,peira/somai,πειράω,verb,le/gein,λέγω,verb,u(po/qesin,ὑπόθεσις,noun,tou=,ὁ,article,lo/gou,λόγος,noun,koinh\n,κοινός,adjective,kai\,καί,conjunction,fila/nqrwpon,φιλάνθρωπον,noun,kai\,καί,conjunction,plei=sta,πλεῖστος,adjective,duname/nhn,δύναμαι,verb,w)felh=sai,ὠφελέω,verb,labw/n,λαμβάνω,verb,,,,,,,,,,,,,,,,,,,,,,,,,,,,,,,,,,,,,,,,,,,,,,,,,,,
e)/sti,εἰμί,verb,de\,δέ,particle,h(/de,ὅδε,pronoun,ti/nes,τίς,pronoun,ei)si\n,εἰμί,verb,a)ciologw/tatoi,ἀξιόλογος,adjective,tw=n,ὁ,article,a)rxai/wn,ἀρχαῖος,adjective,r(hto/rwn,ῥήτωρ,noun,te,τε,particle,kai\,καί,conjunction,suggrafe/wn,kai\,καί,conjunction,ti/nes,τίς,pronoun,au)tw=n,αὐτός,pronoun,e)ge/nonto,γίγνομαι,verb,proaire/seis,προαίρεσις,noun,tou=,ὁ,article,te,τε,particle,bi/ou,βίος,adjective,kai\,καί,conjunction,tw=n,ὁ,article,lo/gwn,λόγος,noun,kai\,καί,conjunction,ti/,τίς,pronoun,par',παρά,preposition,e(ka/stou,ἕκαστος,adjective,dei=,δέομαι,verb,lamba/nein,λαμβάνω,verb,h)\,ἠέ,conjunction,fula/ttesqai,φυλάσσω,verb,kala\,καλός,noun,qewrh/mata,θεώρημα,noun,kai\,καί,conjunction,a)nagkai=a,ἀναγκαῖος,adjective,toi=s,ὁ,article,a)skou=si,ἀσκέω,verb,th\n,ὁ,article,politikh\n,πολιτικός,adjective,συγγραφεύς,noun,filosofi/an,φιλοσοφία,noun,kai\,καί,conjunction,ou),οὐ,adverb,dh/pou,δήπου,particle,ma\,μά,particle,*di/a,Δίη,proper,koina\,κοινός,adjective,ou)de\,οὐδέ,particle,kathmaceume/na,καθαμαξεύω,verb,toi=s,ὁ,article,pro/teron,πρότερος,adjective,,,,,,,,,,,,,,,,,,,,,,,,,,,,,,,,,,,,,,,,,,,,,,,,,,,,,,,,,,,,,,,,,,,,,,,,,,,,,,,,,,,,
e)gw\,ἐγώ,pronoun,gou=n,γοῦν,particle,ou)demia=|,οὐδείς,pronoun,toiau/th|,τοιοῦτος,adjective,perituxw\n,περιτυγχάνω,verb,oi)=da,οἶδα,verb,grafh=|,γραφεύς,noun,pollh\n,πολύς,adjective,zh/thsin,ζήτησις,noun,au)tw=n,αὐτός,pronoun,poihsa/menos,ποιέω,verb,,,,,,,,,,,,,,,,,,,,,,,,,,,,,,,,,,,,,,,,,,,,,,,,,,,,,,,,,,,,,,,,,,,,,,,,,,,,,,,,,,,,,,,,,,,,,,,,,,,,,,,,,,,,,,,,,,,,,,,,,,,,,,,,,,,,,,,,,,,,,,,,,,,,,,,,,,,,,,,,,,,,,,,,,,,,,,,,,,,,,,,,,,,,,,,,,,,,,,,,,
ou),οὐ,adverb,me/ntoi,μέντοι,particle,diabebaiou=mai,διαβεβαιόομαι,verb,ge,γε,particle,w(s,ὡς,conjunction,dh\,δή,particle,kai\,καί,conjunction,safw=s,σαφής,adverb,ei)dw/s,οἶδα,verb,,,,,,,,,,,,,,,,,,,,,,,,,,,,,,,,,,,,,,,,,,,,,,,,,,,,,,,,,,,,,,,,,,,,,,,,,,,,,,,,,,,,,,,,,,,,,,,,,,,,,,,,,,,,,,,,,,,,,,,,,,,,,,,,,,,,,,,,,,,,,,,,,,,,,,,,,,,,,,,,,,,,,,,,,,,,,,,,,,,,,,,,,,,,,,,,,,,,,,,,,,,,,,,
ta/xa,τάχα,adjective,ga\r,γάρ,particle,a)\n,ἄν,particle,ei)=e/n,εἰμί,verb,tines,τις,pronoun,ai(,ὁ,article,e)me\,ἐγώ,pronoun,dialanqa/nousai,διαλανθάνω,verb,toiau=tai,τοιοῦτος,adjective,grafai/,γραφή,noun,to\,ὁ,article,de\,th=s,ὁ,article,a)pa/ntwn,ἀπαντάω,verb,i(stori/as,ἱστορία,noun,o(/ron,ὅρος,adjective,e(auto\n,ἑαυτοῦ,pronoun,poiei=n,ποιέω,verb,kai\,καί,conjunction,peri\,περί,preposition,tou=,ὁ,article,mh\,μή,conjunction,gegone/nai,γίγνομαι,verb,ti,τις,pronoun,tw=n,ὁ,article,dunatw=n,δυνάτης,noun,gene/sqai,γίγνομαι,verb,le/gein,λέγω,verb,au)/qades,,,pa/nu,πάνυ,adverb,kai\,καί,conjunction,ou),οὐ,adverb,po/rrw,πρόσω,adverb,mani/as,μανία,noun,,,,,,,,,,,,,,,,δέ,particle,,,,,,,,,,,,,,,,,,,,,,,,,,,,,,,,,,,,,,,,,,,,,,,,,,,,,,,,,,,,,,,,,,,,,,,,,,,,,,,,,,,,,,,,,,,,,,,,,,,,,,,,,,,,,,,,,,,,,
peri\,περί,preposition,me\n,μέν,particle,ou)=n,οὖν,particle,tou/twn,οὗτος,pronoun,ou)de\n,οὐδείς,pronoun,e)/xw,ἔχω,verb,kaqa/per,καθά,adverb,e)/fhn,φημί,verb,diabebaiou=sqai,διαβεβαιόομαι,verb,,,,,,,,,,,,,,,,,,,,,,,,,,,,,,,,,,,,,,,,,,,,,,,,,,,,,,,,,,,,,,,,,,,,,,,,,,,,,,,,,,,,,,,,,,,,,,,,,,,,,,,,,,,,,,,,,,,,,,,,,,,,,,,,,,,,,,,,,,,,,,,,,,,,,,,,,,,,,,,,,,,,,,,,,,,,,,,,,,,,,,,,,,,,,,,,,,,,,,,,,,,,,,,
tw=n,ὁ,article,de\,δέ,particle,r(hto/rwn,ῥήτωρ,noun,te,τε,particle,kai\,καί,conjunction,suggrafe/wn,συγγραφεύς,noun,u(pe\r,ὑπέρ,preposition,w(=n,ὅς,pronoun,o(,ὁ,article,lo/gos,λόγος,noun,pollw=n,πολύς,adjective,pa/nu,o)/ntwn,εἰμί,verb,kai\,καί,conjunction,a)gaqw=n,ἀγαθός,adjective,to\,ὁ,article,me\n,μέν,particle,u(pe\r,ὑπέρ,preposition,a(pa/ntwn,ἅπας,adjective,gra/fein,γράφω,verb,makrou=,μακρός,adjective,lo/gou,λόγος,noun,deo/menon,δέομαι,verb,o(rw=n,ὁράω,verb,e)a/sw,ἀίω,verb,tou\s,ὁ,article,de\,δέ,particle,xariesta/tous,χαρίεις,adjective,e)c,ἐκ,preposition,au)tw=n,αὐτός,pronoun,proxeirisa/menos,προχειρίζω,verb,kata\,κατά,preposition,ta\s,ὁ,article,h(liki/as,ἡλικία,noun,e)rw=,ἐράομαι,verb,peri\,περί,preposition,e(ka/stou,ἕκαστος,adjective,nu=n,νῦν,adverb,me\n,μέν,particle,πάνυ,adverb,peri\,περί,preposition,tw=n,ὁ,article,r(hto/rwn,ῥήτωρ,noun,e)a\n,ἐάν,conjunction,de\,δέ,particle,e)gxwrh=|,ἐγχωρέω,verb,kai\,καί,conjunction,peri\,περί,preposition,tw=n,ὁ,article,i(storikw=n,ἱστορικός,adjective,,,,,,,,,,,,,,,,,,,,,,,,,,,,,,,,,,,,,,,,,,,,,,,,,,,,,,,,,,,,,,,,,,,,,,,,,,,,,,,,,,,,,,,
e)/sontai,εἰμί,verb,de\,δέ,particle,oi(,ἕ,pronoun,paralambano/menoi,παραλαμβάνω,verb,r(h/tores,ῥήτωρ,noun,trei=s,τρέω,verb,me\n,μέν,particle,e)k,ἐκ,preposition,tw=n,ὁ,article,presbute/rwn,πρέσβυς,noun,*lusi/as,Λυσίας,proper,*)isokra/ths,*)isai=os,,,trei=s,τρέω,verb,d',δέ,particle,e)k,ἐκ,preposition,tw=n,ὁ,article,e)pakmasa/ntwn,ἐπακμάζω,verb,tou/tois,οὗτος,pronoun,*dhmosqe/nhs,Δημοσθένης,proper,*(uperei/dhs,Ὑπερείδης,proper,*ai)sxi/nhs,Αἰσχίνης,proper,ou(\s,ὅς,pronoun,e)gw\,ἐγώ,pronoun,tw=n,ὁ,article,a)/llwn,ἄλλος,adjective,h(gou=mai,ἡγέομαι,verb,krati/stous,κράτιστος,adjective,kai\,καί,conjunction,diaireqh/setai,διαιρέω,verb,me\n,μέν,particle,ei)s,εἰς,preposition,du/o,δύο,adjective,sunta/ceis,συντάσσω,verb,h(,ὁ,article,pragmatei/a,πραγματεία,noun,th\n,ὁ,article,de\,δέ,particle,a)rxh\n,ἀρχή,noun,Ἰσοκράτης,proper,a)po\,ἀπό,preposition,tau/ths,οὗτος,pronoun,lh/yetai,λαμβάνω,verb,th=s,ὁ,article,u(pe\r,ὑπέρ,preposition,tw=n,ὁ,article,presbute/rwn,πρέσβυς,noun,grafei/shs,γράφω,verb,,,,,,,,,,,,,,,,,,,,,,,,,,,,,,,,,,,,,,,,,,,,,,,,,,,,,,,,,,,,,,,,,,,,,,,,,,,,,,,,,,,,,,,,,,,,,
proeirhme/nwn,προερέω,verb,dh\,δή,particle,tou/twn,οὗτος,pronoun,e)pana/gein,ἐπανάγω,verb,kairo\s,καιρός,noun,e)pi\,ἐπί,preposition,ta\,ὁ,article,prokei/mena,πρόκειμαι,verb,,,,,,,,,,,,,,,,,,,,,,,,,,,,,,,,,,,,,,,,,,,,,,,,,,,,,,,,,,,,,,,,,,,,,,,,,,,,,,,,,,,,,,,,,,,,,,,,,,,,,,,,,,,,,,,,,,,,,,,,,,,,,,,,,,,,,,,,,,,,,,,,,,,,,,,,,,,,,,,,,,,,,,,,,,,,,,,,,,,,,,,,,,,,,,,,,,,,,,,,,,,,,,,,,,
