word/0/@_form,word/0/lemma/@_entry,word/0/lemma/@_POS,word/1/@_form,word/1/lemma/@_entry,word/1/lemma/@_POS,word/2/@_form,word/2/lemma/@_entry,word/2/lemma/@_POS,word/3/@_form,word/3/lemma/@_entry,word/3/lemma/@_POS,word/4/@_form,word/5/@_form,word/5/lemma/@_entry,word/5/lemma/@_POS,word/6/@_form,word/6/lemma/@_entry,word/6/lemma/@_POS,word/7/@_form,word/7/lemma/@_entry,word/7/lemma/@_POS,word/8/@_form,word/8/lemma/@_entry,word/8/lemma/@_POS,word/9/@_form,word/9/lemma/@_entry,word/9/lemma/@_POS,word/10/@_form,word/10/lemma/@_entry,word/10/lemma/@_POS,word/11/@_form,word/12/@_form,word/12/lemma/@_entry,word/12/lemma/@_POS,word/13/@_form,word/13/lemma/@_entry,word/13/lemma/@_POS,word/14/@_form,word/14/lemma/@_entry,word/14/lemma/@_POS,word/15/@_form,word/15/lemma/@_entry,word/15/lemma/@_POS,word/16/@_form,word/16/lemma/@_entry,word/16/lemma/@_POS,word/17/@_form,word/17/lemma/@_entry,word/17/lemma/@_POS,word/18/@_form,word/18/lemma/@_entry,word/18/lemma/@_POS,word/19/@_form,word/20/@_form,word/20/lemma/@_entry,word/20/lemma/@_POS,word/21/@_form,word/21/lemma/@_entry,word/21/lemma/@_POS,word/22/@_form,word/22/lemma/@_entry,word/22/lemma/@_POS,word/4/lemma/@_entry,word/4/lemma/@_POS,word/11/lemma/@_entry,word/11/lemma/@_POS,word/19/lemma/@_entry,word/19/lemma/@_POS,word/23/@_form,word/24/@_form,word/24/lemma/@_entry,word/24/lemma/@_POS,word/25/@_form,word/25/lemma/@_entry,word/25/lemma/@_POS,word/26/@_form,word/26/lemma/@_entry,word/26/lemma/@_POS,word/27/@_form,word/27/lemma/@_entry,word/27/lemma/@_POS,word/28/@_form,word/28/lemma/@_entry,word/28/lemma/@_POS,word/29/@_form,word/29/lemma/@_entry,word/29/lemma/@_POS,word/23/lemma/@_entry,word/23/lemma/@_POS,word/30/@_form,word/30/lemma/@_entry,word/30/lemma/@_POS,word/31/@_form,word/31/lemma/@_entry,word/31/lemma/@_POS,word/32/@_form,word/32/lemma/@_entry,word/32/lemma/@_POS,word/33/@_form,word/33/lemma/@_entry,word/33/lemma/@_POS,word/34/@_form,word/34/lemma/@_entry,word/34/lemma/@_POS,word/35/@_form,word/36/@_form,word/36/lemma/@_entry,word/36/lemma/@_POS,word/37/@_form,word/37/lemma/@_entry,word/37/lemma/@_POS,word/38/@_form,word/38/lemma/@_entry,word/38/lemma/@_POS,word/39/@_form,word/39/lemma/@_entry,word/39/lemma/@_POS,word/40/@_form,word/40/lemma/@_entry,word/40/lemma/@_POS,word/41/@_form,word/42/@_form,word/42/lemma/@_entry,word/42/lemma/@_POS,word/43/@_form,word/43/lemma/@_entry,word/43/lemma/@_POS,word/44/@_form,word/44/lemma/@_entry,word/44/lemma/@_POS,word/45/@_form,word/45/lemma/@_entry,word/45/lemma/@_POS,word/46/@_form,word/46/lemma/@_entry,word/46/lemma/@_POS,word/47/@_form,word/47/lemma/@_entry,word/47/lemma/@_POS,word/48/@_form,word/48/lemma/@_entry,word/48/lemma/@_POS,word/49/@_form,word/49/lemma/@_entry,word/49/lemma/@_POS,word/35/lemma/@_entry,word/35/lemma/@_POS,word/41/lemma/@_entry,word/41/lemma/@_POS
su/rigges,σῦριγξ,noun,gi/nontai,γίγνομαι,verb,me\n,μέν,particle,u(po\,ὑπό,preposition,flasma/twn,kai\,καί,conjunction,fuma/twn,φῦμα,noun,gi/nontai,γίγνομαι,verb,de\,δέ,particle,kai\,καί,conjunction,u(po\,ὑπό,preposition,e)resi/hs,kai\,καί,conjunction,i(ppasi/hs,ἱππασία,noun,o(/tan,ὅταν,conjunction,a)qroisqh=|,ἀθροίζω,verb,e)n,ἐν,preposition,tw=|,ὁ,article,gloutw=|,γλουτός,noun,ai)=ma,plhsi/on,πλησίος,adjective,th=s,ὁ,article,e(/drhs,ἕδρα,noun,,,,,,,,,,,,,,,,,,,,,,,,,,,,,,,,,,,,,,,,,,,,,,,,,,,,,,,,,,,,,,,,,,,,,,,,,,,,,,,,,,,,,,,
shpo/menon,σήπω,verb,ga\r,γάρ,particle,ne/metai,νέμω,verb,e)s,εἰς,preposition,ta\,malqaka\,μαλθακός,adjective,a(/te,ἅτε,adverb,u(grou=,ὑγρός,adjective,e)o/ntos,εἰμί,verb,tou=,ὁ,article,te,τε,particle,a)rxou=,kai\,καί,conjunction,th=s,ὁ,article,sarko\s,σάρξ,adjective,malqakh=s,μαλθακός,adjective,e)n,ἐν,preposition,h(=|,ὅς,pronoun,ne/metai,νέμω,verb,e)/st',a)\n,ἄν,particle,to\,ὁ,article,fu=ma,φῦμα,noun,ὁ,article,ἀρχός,noun,εἰμί,verb,*rh/ch|,kai\,καί,conjunction,ka/tw,κάτος,adjective,e)s,εἰς,preposition,to\n,ὁ,article,a)rxo\n,ἀρχός,noun,diash/yh|,διασήπομαι,verb,,,,,,,,,,,,,,,,,,,,,,,,,,,,,,,,,,,,,,,,,,,,,,,,,,,,,,,,,,,,,,
e)ph\n,ἐπήν,conjunction,de\,δέ,particle,tou=to,οὗτος,pronoun,ge/nhtai,γίγνομαι,verb,suriggou=tai,kai\,καί,conjunction,i)xw\r,ἰχώρ,adjective,*re/ei,,,kai\,καί,conjunction,ko/pros,κόπρος,noun,*rei=,,,di',au)th=s,αὐτός,pronoun,kai\,καί,conjunction,fu=sa,φύω,verb,kai\,καί,conjunction,bdelugmi/h,βδελυγμία,noun,pollh/,πολύς,adjective,,,,,,,,,,,,,,συριγγόω,verb,διά,preposition,,,,,,,,,,,,,,,,,,,,,,,,,,,,,,,,,,,,,,,,,,,,,,,,,,,,,,,,,,,,,,,,,,,,,,,,,,,,,,,,,,,
u(po\,ὑπό,preposition,me\n,μέν,particle,ou)=n,οὖν,particle,tw=n,ὁ,article,flasma/twn,gi/netai,γίγνομαι,verb,o(ko/tan,,,ti,τις,pronoun,tw=n,ὁ,article,peri\,περί,preposition,to\n,ὁ,article,a)rxo\n,xwri/wn,χωρίον,noun,flasqh=|,,,u(po\,ὑπό,preposition,plhgh=s,πληγή,noun,h)\,ἠέ,conjunction,u(po\,ὑπό,preposition,ptw/matos,πτῶμα,noun,h)\,u(po\,ὑπό,preposition,trw/matos,τραῦμα,noun,h)\,ἠέ,conjunction,,,ἀρχός,noun,ἠέ,conjunction,i(ppasi/hs,h)\,ἠέ,conjunction,e)resi/hs,,,h)\,ἠέ,conjunction,o(/sa,ὅσος,adjective,toiouto/tropa/,τοιουτότροπος,adjective,e)sti,εἰμί,verb,ἱππασία,noun,,,,,,,,,,,,,,,,,,,,,,,,,,,,,,,,,,,,,,,,,,,,,,,,,,,,,,,,,,,,
cuni/statai,συνίστημι,verb,ga\r,γάρ,particle,ai(=ma,αἷμα,noun,,,,,,,,,,,,,,,,,,,,,,,,,,,,,,,,,,,,,,,,,,,,,,,,,,,,,,,,,,,,,,,,,,,,,,,,,,,,,,,,,,,,,,,,,,,,,,,,,,,,,,,,,,,,,,,,,,,,,,,,,,,,,,,,,,,,,,,,,,,,,
shpo/menon,σήπω,verb,de\,δέ,particle,e)kpui/+sketai,,,,,,,,,,,,,,,,,,,,,,,,,,,,,,,,,,,,,,,,,,,,,,,,,,,,,,,,,,,,,,,,,,,,,,,,,,,,,,,,,,,,,,,,,,,,,,,,,,,,,,,,,,,,,,,,,,,,,,,,,,,,,,,,,,,,,,,,,,,,,,,
u(po\,ὑπό,preposition,de\,δέ,particle,tou=,ὁ,article,e)kpui+skome/nou,,,pa/sxei,a(/per,ὅς,pronoun,e)pi\,ἐπί,preposition,tw=n,ὁ,article,fuma/twn,φῦμα,noun,ei)/rhtai,ἔρομαι,verb,,,,,,,,,,,,,,,,,,,,,,,,,,,,,,,,,,,,πάσχω,verb,,,,,,,,,,,,,,,,,,,,,,,,,,,,,,,,,,,,,,,,,,,,,,,,,,,,,,,,,,,,,,,,,,,,,,,,,,,,,,,,,,,,,
prw=ton,πρότερος,adjective,me\n,μέν,particle,ou)=n,οὖν,particle,o(/tan,ὅταν,conjunction,ti,toiou=ton,τοιοῦτος,adjective,ai)/sqh|,αἰσθάνομαι,verb,fuo/menon,φύω,verb,fu=ma,φῦμα,noun,ta/mnein,τέμνω,verb,w(s,ὡς,conjunction,ta/xista,w)mo\n,ὠμός,adjective,pri\n,πρίν,adverb,h)\,ἠέ,conjunction,diapuh=sai,διαπυέω,verb,e)s,εἰς,preposition,to\n,ὁ,article,a)rxo/n,ἀρχός,noun,,,,,,,,,,,τις,pronoun,τάχιστος,adjective,,,,,,,,,,,,,,,,,,,,,,,,,,,,,,,,,,,,,,,,,,,,,,,,,,,,,,,,,,,,,,,,,,,,,,,,,,,,,,,,,,,
h)\n,ἐάν,conjunction,de\,δέ,particle,nose/onta,νοσέω,verb,h)/dh,ἤδη,adverb,th\n,su/rigga,σῦριγξ,noun,parala/bh|s,παραλαμβάνω,verb,labw\n,λαμβάνω,verb,skoro/dou,σκόροδον,noun,fu/sigga,φῦσιγξ,noun,nearh\n,νεαρός,adjective,a)nakli/nas,to\n,ὁ,article,a)/nqrwpon,ἄνθρωπος,noun,u(/ption,ὕπτιος,adjective,ta\,ὁ,article,ske/lea,σκέλος,noun,diagagw\n,διάγω,verb,to\,ὁ,article,me\n,e)/nqa,ἔνθα,adverb,to\,ὁ,article,de\,δέ,particle,ὁ,article,ἀνακλίνω,verb,μέν,particle,e)/nqa,th\n,ὁ,article,fu/sigga,φῦσιγξ,noun,kaqie/nai,καθίημι,verb,e)/st',εἰμί,verb,a)\n,ἄν,particle,prosko/yh|,προσκόπτω,verb,ἔνθα,adverb,metrh=sai/,μετρέω,verb,te,τε,particle,to\,ὁ,article,ba/qos,βάθος,adjective,th=s,ὁ,article,suri/ggos,th=|,ὁ,article,fu/siggi,φῦσιγξ,noun,kai\,καί,conjunction,sese/lios,σέσελις,noun,de\,δέ,particle,*ri/zan,ko/yas,κόπτω,verb,w(s,ὡς,conjunction,leptota/thn,λεπτός,adjective,u(/dwr,ὕδωρ,noun,e)pixe/as,ἐπιχέω,verb,bre/xein,βρέχω,verb,te/ssaras,τέσσαρες,noun,h(me/ras,ἡμέρα,noun,,,,
kai\,καί,conjunction,pronhsteu/sas,προνηστεύω,verb,pine/tw,πίνω,verb,me/liti,μέλι,noun,parami/sgwn,to\,ὁ,article,u(/dwr,ὕδωρ,noun,kata\,κατά,preposition,trei=s,τρέω,verb,kua/qous,κύαθος,noun,,,,,,,,,,,,,,,,,,,,,,,,,,,,,,,,,,,,παραμίγνυμι,verb,,,,,,,,,,,,,,,,,,,,,,,,,,,,,,,,,,,,,,,,,,,,,,,,,,,,,,,,,,,,,,,,,,,,,,,,,,,,,,,,,,,,,
e)n,ἐν,preposition,tou/tw|,οὗτος,pronoun,ka/qaire,καθαίρω,verb,kai\,καί,conjunction,ta\s,a)skari/das,ἀσκαρίς,noun,,,,,,,,,,,,,,,,,,,,,,,,,,,,,,,,,,,,,,,,,,,,,,,,ὁ,article,,,,,,,,,,,,,,,,,,,,,,,,,,,,,,,,,,,,,,,,,,,,,,,,,,,,,,,,,,,,,,,,,,,,,,,,,,,,,,,,,,,,,
o(ko/soi,ὁπόσος,adjective,d',δέ,particle,a)\n,ἄν,particle,katalei/fqwsin,,,a)qera/peutoi,qnh/skousin,θνήσκω,verb,,,,,,,,,,,,,,,,,,,,,,,,,,,,,,,,,,,,,,,,,,,,,,,,ἀθεράπευτος,adjective,,,,,,,,,,,,,,,,,,,,,,,,,,,,,,,,,,,,,,,,,,,,,,,,,,,,,,,,,,,,,,,,,,,,,,,,,,,,,,,,,,,,,
e)/peita,ἔπειτα,adverb,o)qo/nion,ὀθόνιον,noun,bu/ssinon,βύσσινος,adjective,tiquma/llou,τιθύμαλλος,adjective,o)pw=|,tou=,ὁ,article,mega/lou,μέγας,adverb,deu/sas,δέω,verb,katapa/sswn,καταπάσσω,verb,a)/nqos,ἄνθος,adjective,xalkou=,χαλκός,noun,o)pto\n,tetrimme/non,τρίβω,verb,strobi/lhn,στροβίλη,noun,poih/sas,ποιέω,verb,i)/shn,ἴσος,adjective,th=|,ὁ,article,su/riggi,σῦριγξ,noun,to\,ὁ,article,mh=kos,*ra/mma,,,diei\s,δίεμαι,verb,di',διά,preposition,ὀπάζω,verb,ὀπτός,adjective,μῆκος,adjective,a)/kras,th=s,ὁ,article,strobi/lhs,στροβίλη,noun,kai\,καί,conjunction,au)=qis,αὖθις,adverb,dia\,διά,preposition,th=s,ὁ,article,ἄκρος,adjective,fu/siggos,φῦσιγξ,noun,u(/ption,ὕπτιος,adjective,katakli/nas,κατακλίνω,verb,to\n,ὁ,article,a)/nqrwpon,ἄνθρωπος,noun,katopth=ri,katidw\n,κατεῖδον,verb,to\,ὁ,article,diabebrwme/non,διαβιβρώσκω,verb,tou=,ὁ,article,a)rxou=,ἀρχός,noun,tau/th|,th\n,ὁ,article,fu/sigga,φῦσιγξ,noun,diei=nai,διίημι,verb,,,,,,,,,,,,,,,,κατόπτης,noun,οὗτος,pronoun
kai\,καί,conjunction,o(ko/tan,,,paraku/yh|,παράκυψις,noun,es,,,to\n,a)oxo\n,,,e)pilambano/menos,ἐπιλαμβάνω,verb,e(/lkein,ἕλκω,verb,a)/xris,ἄχρι,adverb,ou(=,ἕ,pronoun,h(,ὁ,article,strobi/lh,diwsqh=|,διωθέω,verb,kai\,καί,conjunction,i)swqh=|,ἰσόω,verb,tw=|,ὁ,article,te,τε,particle,a)/nw,ἄνω,adverb,kai\,καί,conjunction,tw=|,ka/tw,κάτος,adjective,,,,,,,ὁ,article,στροβίλη,noun,ὁ,article,,,,,,,,,,,,,,,,,,,,,,,,,,,,,,,,,,,,,,,,,,,,,,,,,,,,,,,,,,,,,,,,,,,,,,,,,,,,,,,,,
e)ph\n,ἐπήν,conjunction,de\,δέ,particle,e)swsqh=|,εἰσωθέω,verb,ba/lanon,βάλανος,adjective,e)nqei\s,kerati/nhn,κεράτινος,adjective,e)s,εἰς,preposition,to\n,ὁ,article,a)rxo\n,ἀρχός,noun,gh=,γῆ,noun,diaxri/sas,διαχρίω,verb,smhktri/di,to\n,ὁ,article,a)rxon,,,e)a=|n,ἀίω,verb,,,,,,,,,,,,,,,,,,,,,,,ἐντίθημι,verb,σμηκτρίς,noun,,,,,,,,,,,,,,,,,,,,,,,,,,,,,,,,,,,,,,,,,,,,,,,,,,,,,,,,,,,,,,,,,,,,,,,,,,,,,,,,,,,
e)ph\n,ἐπήν,conjunction,de\,δέ,particle,a)popate/h,,,e)caire/ein,ἐξαιρέω,verb,kai\,au)=qis,αὖθις,adverb,prostiqe/nai,προστίθημι,verb,e(/ws,ἕως,conjunction,a)\n,ἄν,particle,pemptai/h,πεμπταῖος,adjective,ge/nhtai,γίγνομαι,verb,,,,,,,,,,,,,,,,,,,,,,,,,,,,,,,,,καί,conjunction,,,,,,,,,,,,,,,,,,,,,,,,,,,,,,,,,,,,,,,,,,,,,,,,,,,,,,,,,,,,,,,,,,,,,,,,,,,,,,,,,,,,,
e(/kth|,ἕκτος,adjective,de\,δέ,particle,h(me/rh|,ἡμέρα,noun,e)caire/ein,ἐξαιρέω,verb,e(/lkwn,th\n,ὁ,article,strobi/lhn,στροβίλη,noun,e)/cw,ἔξω,adverb,th=s,ὁ,article,sarko/s,σάρξ,adjective,,,,,,,,,,,,,,,,,,,,,,,,,,,,,,,,,,,,ἕλκω,verb,,,,,,,,,,,,,,,,,,,,,,,,,,,,,,,,,,,,,,,,,,,,,,,,,,,,,,,,,,,,,,,,,,,,,,,,,,,,,,,,,,,,,
kai\,καί,conjunction,tri/yai,τρίβω,verb,stupthri/hn,στυπτηρία,noun,meta\,μετά,preposition,tau=ta,kai\,καί,conjunction,plh/sas,πίμπλημι,verb,th\n,ὁ,article,ba/lanon,βάλανος,adjective,kai\,καί,conjunction,e)s,εἰς,preposition,to\n,a)rxo\n,ἀρχός,noun,e)mbalw\n,ἐμβάλλω,verb,e)a=|n,ἀίω,verb,a)/xris,ἄχρι,adverb,ou(=,ἕ,pronoun,h(,ὁ,article,stupthri/h,στυπτηρία,noun,u(grh\,ge/nhtai,γίγνομαι,verb,,,,,,,οὗτος,pronoun,ὁ,article,ὑγρός,adjective,,,,,,,,,,,,,,,,,,,,,,,,,,,,,,,,,,,,,,,,,,,,,,,,,,,,,,,,,,,,,,,,,,,,,,,,,,,,,,,,,
to\n,ὁ,article,de\,δέ,particle,a)rxo\n,ἀρχός,noun,smu/rnh|,σμύρνα,noun,a)lei/fein,a)/xris,ἄχρι,adverb,ou(=,ἕ,pronoun,a)\n,ἄν,particle,doke/h|,δοκέω,verb,cumpefuke/nai,συμφύω,verb,,,,,,,,,,,,,,,,,,,,,,,,,,,,,,,,,,,,ἀλείφω,verb,,,,,,,,,,,,,,,,,,,,,,,,,,,,,,,,,,,,,,,,,,,,,,,,,,,,,,,,,,,,,,,,,,,,,,,,,,,,,,,,,,,,,
e(te/rh,ἕτερος,adjective,qerapei/h,θεραπεία,noun,,,,,,,,,,,,,,,,,,,,,,,,,,,,,,,,,,,,,,,,,,,,,,,,,,,,,,,,,,,,,,,,,,,,,,,,,,,,,,,,,,,,,,,,,,,,,,,,,,,,,,,,,,,,,,,,,,,,,,,,,,,,,,,,,,,,,,,,,,,,,,,,
w)mo/linon,ὠμόλινον,noun,labw\n,λαμβάνω,verb,w(s,ὡς,conjunction,lepto/taton,λεπτός,adjective,sumba/llein,o(/son,ὅσος,adjective,spiqamiai=on,,,penta/ploun,,,kai\,καί,conjunction,cumperilabei=n,συμπεριλαμβάνω,verb,i(ppei/hn,ἱππεία,noun,tri/xa,,,,,,,,,,,,,,,,,,,,,,,,,,,,,,,,συμβάλλω,verb,θρίξ,noun,,,,,,,,,,,,,,,,,,,,,,,,,,,,,,,,,,,,,,,,,,,,,,,,,,,,,,,,,,,,,,,,,,,,,,,,,,,,,,,,,,,
e)/peita,ἔπειτα,adverb,poihsa/menos,ποιέω,verb,mh/lhn,μήλη,noun,kassiteri/nhn,κασσιτέρινος,adjective,e)p',a)/krou,ἄκρον,noun,tetrhme/nhn,τετραίνω,verb,e)nei/ras,ἐνείρω,verb,e)s,εἰς,preposition,th\n,ὁ,article,mh/lhn,μήλη,noun,th\n,a)rxh\n,ἀρχή,noun,tou=,ὁ,article,w)moli/nou,ὠμόλινον,noun,sumbeblhme/nou,συμβάλλω,verb,kaqie/nai,καθίημι,verb,th\n,ὁ,article,mh/lhn,μήλη,noun,e)s,th\n,ὁ,article,su/rigga,σῦριγξ,noun,kai\,καί,conjunction,ἐπί,preposition,ὁ,article,εἰς,preposition,a(/ma,th=s,ὁ,article,a)risterh=s,ἀριστερός,adjective,xeiro\s,χείρ,noun,to\n,ὁ,article,da/ktulon,δάκτυλος,noun,to\n,ὁ,article,ἅμα,adverb,lixano\n,λιχανός,adjective,kaqie/nai,καθίημι,verb,e)s,εἰς,preposition,th\n,ὁ,article,e(/drhn,ἕδρα,noun,,,,,,,,,,,,,,,,,,,,,,,,,,,,,,,,,,,,,,,,,,,,,
e)ph\n,ἐπήν,conjunction,de\,δέ,particle,yau/sh|,ψαύω,verb,h(,ὁ,article,mh/lh,tou=,ὁ,article,daktu/lou,δάκτυλος,noun,a)/gein,ἄγω,verb,e)/cw,ἔξω,adverb,tw=|,ὁ,article,daktu/lw|,δάκτυλος,noun,a)poka/myas,th=s,ὁ,article,mh/lhs,μήλη,noun,to\,ὁ,article,a)/kron,ἄκρον,noun,kai\,καί,conjunction,th\n,ὁ,article,a)rxh\n,ἀρχή,noun,th\n,e)n,ἐν,preposition,th=|,ὁ,article,mh/lh|,μήλη,noun,μήλη,noun,ἀποκάμπτω,verb,ὁ,article,,,,,,,,,,,,,,,,,,,,,,,,,,,,,,,,,,,,,,,,,,,,,,,,,,,,,,,,,,,,,,,,,,,,,,,,,,,,,,,,,
kai\,καί,conjunction,th\n,ὁ,article,me\n,μέν,particle,mh/lhn,μήλη,noun,pa/lin,e)caire/ein,ἐξαιρέω,verb,tou=,ὁ,article,de\,δέ,particle,w)moli/nou,ὠμόλινον,noun,ta\s,ὁ,article,a)rxa\s,ἀρχή,noun,a)fa/yai,di\s,δίς,adverb,h)\,ἠέ,conjunction,tri/s,τρίς,adverb,,,,,,,,,,,,,,,,,,,,,,,πάλιν,adverb,ἀφάπτω,verb,,,,,,,,,,,,,,,,,,,,,,,,,,,,,,,,,,,,,,,,,,,,,,,,,,,,,,,,,,,,,,,,,,,,,,,,,,,,,,,,,,,
kai\,καί,conjunction,to\,ὁ,article,loipo\n,λοιπός,adjective,tou=,ὁ,article,w)moli/nou,e)pistre/yas,ἐπιστρέφω,verb,e)pidh=sai,ἐπιδέω,verb,pro\s,πρός,preposition,to\,ὁ,article,a)/mma,ἄμπν,noun,,,,,,,,,,,,,,,,,,,,,,,,,,,,,,,,,,,,ὠμόλινον,noun,,,,,,,,,,,,,,,,,,,,,,,,,,,,,,,,,,,,,,,,,,,,,,,,,,,,,,,,,,,,,,,,,,,,,,,,,,,,,,,,,,,,,
e)/peita,ἔπειτα,adverb,keleu/ein,κελεύω,verb,a)pelqo/nta,ἀπέρχομαι,verb,diaprh/ssesqai,διαπράσσω,verb,ta\,e(wutou=,ἑαυτοῦ,pronoun,,,,,,,,,,,,,,,,,,,,,,,,,,,,,,,,,,,,,,,,,,,,,,,,ὁ,article,,,,,,,,,,,,,,,,,,,,,,,,,,,,,,,,,,,,,,,,,,,,,,,,,,,,,,,,,,,,,,,,,,,,,,,,,,,,,,,,,,,,,
o(ko/son,ὁπόσος,adjective,dh\,δή,particle,shpome/nhs,σήπω,verb,th=s,ὁ,article,su/riggos,xala=ta,,,tou=,ὁ,article,w)moli/nou,ὠμόλινον,noun,tou=to,οὗτος,pronoun,e)pitei/nein,ἐπιτείνω,verb,kai\,καί,conjunction,e)pistre/fein,ai)ei\,ἀεί,adverb,kaq',κατά,preposition,e(ka/sthn,ἕκαστος,adjective,h(me/rhn,ἡμέρα,noun,,,,,,,,,,,,,,,,,,,,σῦριγξ,noun,ἐπιστρέφω,verb,,,,,,,,,,,,,,,,,,,,,,,,,,,,,,,,,,,,,,,,,,,,,,,,,,,,,,,,,,,,,,,,,,,,,,,,,,,,,,,,,,,
h)\n,ἐάν,conjunction,de/,δέ,particle,soi,σύ,pronoun,to\,ὁ,article,w)mo/linon,diasaph=|,διασήπομαι,verb,pro/sqen,πρόσθεν,adverb,h)\,ἠέ,conjunction,th\n,ὁ,article,su/rigga,σῦριγξ,noun,diabrwqh=nai,διαβιβρώσκω,verb,pro\s,th\n,ὁ,article,tri/xa,θρίξ,noun,prosa/yas,προσάπτω,verb,e(/teron,ἕτερος,adjective,w)mo/linon,ὠμόλινον,noun,diei=nai,διίημι,verb,kai\,καί,conjunction,a)fa/yaih(,ga\r,γάρ,particle,qri\c,θρίξ,noun,dia\,διά,preposition,ὠμόλινον,noun,πρός,preposition,,,tou=to,paraba/lletai,παραβάλλω,verb,tw=|,ὁ,article,w)moli/nw|,ὠμόλινον,noun,o(/ti,ὅστις,pronoun,a)/shpto/s,ἄσηπτος,adjective,e)stin',εἰμί,verb,οὗτος,pronoun,,,,,,,,,,,,,,,,,,,,,,,,,,,,,,,,,,,,,,,,,,,,,,,,,,,,,,,,,,,,
e)ph\n,ἐπήν,conjunction,de\,δέ,particle,diasaph=|,διασήπομαι,verb,h(,ὁ,article,su/rigc,ta/mnesqai,τέμνω,verb,xrh\,χρή,verb,spo/ggon,σπόγγος,noun,malako\n,μαλακός,adjective,w(s,ὡς,conjunction,lepto/taton,λεπτός,adjective,prosteqe/nta,,,,,,,,,,,,,,,,,,,,,,,,,,,,,,,,,,προστίθημι,verb,,,,,,,,,,,,,,,,,,,,,,,,,,,,,,,,,,,,,,,,,,,,,,,,,,,,,,,,,,,,,,,,,,,,,,,,,,,,,,,,,,,
e)/peita,ἔπειτα,adverb,e)s,εἰς,preposition,me\n,μέν,particle,th\n,ὁ,article,su/rigga,a)/nqos,ἄνθος,adjective,xalkou=,χαλκός,noun,o)pto\n,ὀπτός,adjective,suxno\n,συχνός,adjective,th=|,ὁ,article,mh/lh|,μήλη,noun,e)nqei=nai,to\n,ὁ,article,de\,δέ,particle,spo/ggon,σπόγγος,noun,a)lei=yai,ἀλείφω,verb,me/liti,μέλι,noun,kai\,καί,conjunction,u(pobalw\n,ὑποβάλλω,verb,me/son,tw=|,ὁ,article,lixanw=|,λιχανός,adjective,daktu/lw|,δάκτυλος,noun,σῦριγξ,noun,ἐντίθημι,verb,μέσος,adjective,th=s,a)risterh=s,ἀριστερός,adjective,xeiro\s,χείρ,noun,w)=sai,ὠθέω,verb,pro/sw,πρόσω,adverb,kai\,καί,conjunction,prosqei\s,προστίθημι,verb,ὁ,article,e(/teron,ἕτερος,adjective,spo/ggon,σπόγγος,noun,a)nadh=sai,ἀναδέω,verb,to\n,ὁ,article,au)to\n,αὐτός,pronoun,tro/pon,o(/n,ὅς,pronoun,per,πέρ,particle,kai\,καί,conjunction,e)pi\,ἐπί,preposition,th=|sin,ὁ,article,ai(mor)*roi/+sin,,,,,,,,,,,,,,,,,,,,,,,,,τρόπος,noun,,
th=|,ὁ,article,de\,δέ,particle,au)/rion,αὔριον,adverb,a)polu/sas,ἀπολύω,verb,perini/yai,u(/dati,ὕδωρ,noun,qermw=|,θερμός,adjective,kai\,καί,conjunction,spo/ggw|,σπόγγος,noun,tw=|,ὁ,article,daktu/lw|,δάκτυλος,noun,th=s,a)risterh=s,ἀριστερός,adjective,xeiro\s,χείρ,noun,peira=|n,πειράω,verb,diakaqai/rein,διακαθαίρω,verb,th\n,ὁ,article,su/rigga,σῦριγξ,noun,kai\,καί,conjunction,au)=qis,pa/lin,πάλιν,adverb,to\,ὁ,article,a)/nqos,ἄνθος,adjective,περινίζω,verb,ὁ,article,αὖθις,adverb,e)pidh=sai,,,,,,,,,,,,,,,,,,,ἐπιδέω,verb,,,,,,,,,,,,,,,,,,,,,,,,,,,,,,,,,,,,,,,,,,,,,,,,,,,,,,,,,,,,
tau=ta,οὗτος,pronoun,poie/ein,ποιέω,verb,e(pta\,ἑπτά,noun,h(me/ras,ἡμέρα,noun,e)n,tau/th|si,οὗτος,pronoun,ga\r,γάρ,particle,ma/lista,μάλιστα,adverb,o(,ὁ,article,xitw\n,χιτών,adjective,th=s,ὁ,article,su/riggos,e)ksh/petai,ἐκσήπω,verb,,,,,,,,,,,,,,,,,,,,,,,,,,,,,ἐν,preposition,σῦριγξ,noun,,,,,,,,,,,,,,,,,,,,,,,,,,,,,,,,,,,,,,,,,,,,,,,,,,,,,,,,,,,,,,,,,,,,,,,,,,,,,,,,,,,
to\,ὁ,article,de\,δέ,particle,loipo\n,λοιπός,adjective,e)/st',εἰμί,verb,a)\n,u(gianqh=|,ὑγιαίνω,verb,toute/w|,,,e)pidei=n,ἐπεῖδον,verb,,,,,,,,,,,,,,,,,,,,,,,,,,,,,,,,,,,,,,,,,,ἄν,particle,,,,,,,,,,,,,,,,,,,,,,,,,,,,,,,,,,,,,,,,,,,,,,,,,,,,,,,,,,,,,,,,,,,,,,,,,,,,,,,,,,,,,
kata\,κατά,preposition,ga\r,γάρ,particle,tou=ton,οὗτος,pronoun,to\n,ὁ,article,tro/pon,u(po\,ὑπό,preposition,tou=,ὁ,article,spo/ggou,σπόγγος,noun,dianagkazome/nh,διαναγκάζω,verb,kai\,καί,conjunction,a)naptussome/nh,ἀναπτύσσω,verb,h(,su/rigc,,,ou)/te,οὔτε,adverb,pa/lin,πάλιν,adverb,cumpe/soi,συμπίτνω,verb,a)\n,ἄν,particle,ou)/te,οὔτε,adverb,to\,ὁ,article,me\n,au)th=s,αὐτός,pronoun,u(gianqei/h,ὑγιαίνω,verb,a)\n,ἄν,particle,τρόπος,noun,ὁ,article,μέν,particle,to\,de\,δέ,particle,pa/lin,πάλιν,adverb,cumplhrwqei/h,συμπληρόω,verb,a)ll',ἀλλά,adverb,e)n,ἐν,preposition,e(wuth=|,ἑαυτοῦ,pronoun,ὁ,article,pa=sa,πᾶς,adjective,u(gih\s,ὑγιής,adverb,e)/stai,εἰμί,verb,,,,,,,,,,,,,,,,,,,,,,,,,,,,,,,,,,,,,,,,,,,,,,,,,,,
e)n,ἐν,preposition,th=|,ὁ,article,qerapei/h|,θεραπεία,noun,de\,δέ,particle,prosaiona=|n,u(/dati,ὕδωρ,noun,polllw=|,,,qermw=|,θερμός,adjective,kai\,καί,conjunction,limoktone/ein,λιμοκτονέω,verb,,,,,,,,,,,,,,,,,,,,,,,,,,,,,,,,,,,,προσαιονάω,verb,,,,,,,,,,,,,,,,,,,,,,,,,,,,,,,,,,,,,,,,,,,,,,,,,,,,,,,,,,,,,,,,,,,,,,,,,,,,,,,,,,,,,
h)\n,ἐάν,conjunction,de\,δέ,particle,mh\,μή,conjunction,diabebrw/kh|,διαβιβρώσκω,verb,h(,su/rigc,,,promhlw/sas,προμηλόω,verb,mh/lh|,μήλη,noun,te/mne,τέμνω,verb,e(/ws,ἕως,conjunction,a)\n,ἄν,particle,die/lqh|,kai\,καί,conjunction,e)pi/passe,ἐπιπάσσω,verb,a)/nqos,ἄνθος,adjective,xalkou=,χαλκός,noun,kai\,καί,conjunction,e)a=|n,ἀίω,verb,e)pi\,ἐπί,preposition,pe/nte,h(me/ras,ἡμέρα,noun,,,,,,,ὁ,article,διέρχομαι,verb,πέντε,adverb,,,,,,,,,,,,,,,,,,,,,,,,,,,,,,,,,,,,,,,,,,,,,,,,,,,,,,,,,,,,,,,,,,,,,,,,,,,,,,,,,
kata/xee,καταχέω,verb,de\,δέ,particle,u(/dwr,ὕδωρ,noun,qermo/n,θερμός,adjective,,,,,,,,,,,,,,,,,,,,,,,,,,,,,,,,,,,,,,,,,,,,,,,,,,,,,,,,,,,,,,,,,,,,,,,,,,,,,,,,,,,,,,,,,,,,,,,,,,,,,,,,,,,,,,,,,,,,,,,,,,,,,,,,,,,,,,,,,,
kai\,καί,conjunction,e)pa/nw,ἐπάνω,adverb,u(/dati,ὕδωρ,noun,furw=n,φυρός,adjective,a)/lfiton,kata/passe,καταπάσσω,verb,kai\,καί,conjunction,fu/lla,φύλλον,noun,teu/tlwn,τεῦτλον,noun,e)pi/dei,ἐπιδέω,verb,,,,,,,,,,,,,,,,,,,,,,,,,,,,,,,,,,,,ἄλφιτον,noun,,,,,,,,,,,,,,,,,,,,,,,,,,,,,,,,,,,,,,,,,,,,,,,,,,,,,,,,,,,,,,,,,,,,,,,,,,,,,,,,,,,,,
e)ph\n,ἐπήν,conjunction,de\,δέ,particle,e)kpe/sh|,ἐκπίτνω,verb,to\,ὁ,article,a)/nqos,tou=,ὁ,article,xalkou=,χαλκός,noun,kai\,καί,conjunction,kaqaro\n,καθαρός,adjective,h)=|,εἰμί,verb,to\,ὁ,article,e(/lkos,th=s,ὁ,article,su/riggos,σῦριγξ,noun,i)w=,ἰός,adjective,w(/sper,ὥσπερ,adverb,th\n,ὁ,article,e)/mprosqen,ἔμπροσθεν,adverb,,,,,,,,,,,,,,ἄνθος,adjective,ἕλκος,noun,,,,,,,,,,,,,,,,,,,,,,,,,,,,,,,,,,,,,,,,,,,,,,,,,,,,,,,,,,,,,,,,,,,,,,,,,,,,,,,,,,,
h)\n,ἐάν,conjunction,de\,δέ,particle,e)n,ἐν,preposition,xwri/w|,χωρίον,noun,h)=|,o(\,ὅς,pronoun,mh\,μή,conjunction,oi(=o/n,οἷος,adjective,te,τε,particle,ta/mnein,τέμνω,verb,baqei/h,,,de\,kai\,καί,conjunction,h(,ὁ,article,su/rigc,,,a)/nqei,ἄνθος,adjective,xalkou=,χαλκός,noun,kai\,καί,conjunction,smu/rnh|,σμύρνα,noun,kai\,li/trw|,λίτρον,noun,ou)/rw|,οὖρον,noun,diei\s,δίεμαι,verb,εἰμί,verb,δέ,particle,καί,conjunction,klu/zein,kai\,καί,conjunction,e)s,εἰς,preposition,to\,ὁ,article,sto/ma,στόμα,noun,th=s,ὁ,article,su/riggos,σῦριγξ,noun,κλύζω,verb,molu/bdion,μολύβδιον,noun,e)ntiqe/nai,ἐντίθημι,verb,o(/pws,ὅπως,conjunction,mh\,μή,conjunction,cumfu/htai,συμφύω,verb,,,,,,,,,,,,,,,,,,,,,,,,,,,,,,,,,,,,,,,,,,,,,
klu/zein,κλύζω,verb,de\,δέ,particle,pterou=,πτερόν,noun,su/rigga,σῦριγξ,noun,prosdh/sas,pro\s,πρός,preposition,ku/stin,κύστις,noun,kai\,καί,conjunction,kaqei\s,καθίημι,verb,e)s,εἰς,preposition,th\n,ὁ,article,su/rigga,pro\s,πρός,preposition,tou=to,οὗτος,pronoun,dia/gein,διάγω,verb,klu/zwn,κλύζω,verb,,,,,,,,,,,,,,,,,,,,προσδέομαι,verb,σῦριγξ,noun,,,,,,,,,,,,,,,,,,,,,,,,,,,,,,,,,,,,,,,,,,,,,,,,,,,,,,,,,,,,,,,,,,,,,,,,,,,,,,,,,,,
u(gih\s,ὑγιής,adverb,de\,δέ,particle,ou),οὐ,adverb,gi/netai,γίγνομαι,verb,h)\n,mh\,μή,conjunction,tmhqh=|,τέμνω,verb,,,,,,,,,,,,,,,,,,,,,,,,,,,,,,,,,,,,,,,,,,,,,ἐάν,conjunction,,,,,,,,,,,,,,,,,,,,,,,,,,,,,,,,,,,,,,,,,,,,,,,,,,,,,,,,,,,,,,,,,,,,,,,,,,,,,,,,,,,,,
h)\n,ἐάν,conjunction,o(,ὁ,article,a)rxo\s,ἀρχός,noun,flegmh/nh|,φλεγμαίνω,verb,kai\,o)du/nh,ὀδύνη,noun,e)/xh|,ἔχω,verb,kai\,καί,conjunction,pureto\s,πυρετός,noun,kai\,καί,conjunction,e)s,εἰς,preposition,a)/fodon,qamina\,θαμινός,adverb,kaqi/zh|,καθίζω,verb,kai\,καί,conjunction,mhde\n,μηδείς,pronoun,u(poxwreh|,,,kai\,καί,conjunction,u(po\,ὑπό,preposition,tou=,fle/gmatos,φλέγμα,noun,doke/h|,δοκέω,verb,e)cie/nai,ἔξειμι,verb,καί,conjunction,ἄφοδος,noun,ὁ,article,h(,e(/drh,ἕδρα,noun,kai\,καί,conjunction,e)ni/ote,ἐνίοτε,adverb,straggouri/h,στραγγουρία,noun,e)pilamba/nh|,ἐπιλαμβάνω,verb,tou=to,οὗτος,pronoun,ὁ,article,to\,ὁ,article,no/shma,νόσημα,noun,gi/netai,γίγνομαι,verb,o(/tan,ὅταν,conjunction,fle/gma,φλέγμα,noun,e)s,to\n,ὁ,article,a)rxo\n,ἀρχός,noun,katasthri/ch|,καταστηρίζω,verb,e)k,ἐκ,preposition,tou=,ὁ,article,sw/matos,,,,,,,,,,,,,,,,,,,,,,,,,εἰς,preposition,σῶμα,adjective
cumfe/rei,συμφέρω,verb,de\,δέ,particle,ta\,ὁ,article,qerma/,θερμός,adjective,du/natai,ga\r,γάρ,particle,ta/de,ὅδε,pronoun,prosfero/mena,προσφέρω,verb,leptu/nein,λεπτύνω,verb,kai\,καί,conjunction,e)kth/kein,ἐκτήκω,verb,to\,fle/gma,φλέγμα,noun,kai\,καί,conjunction,a(/ma,ἅμα,adverb,tw=|,ὁ,article,drimei=,δριμύς,adjective,to\,ὁ,article,a(lmuro\n,ἁλμυρός,adjective,e)cudatou=n,w(/ste,ὥστε,conjunction,mh\,μή,conjunction,ei)=nai,εἰμί,verb,δύναμαι,verb,ὁ,article,ἐξυδατόω,verb,to\,kau=ma,καῦμα,noun,mhde\,μηδέ,particle,dh=ci/n,δῆξις,noun,tina,τις,pronoun,e)n,ἐν,preposition,tw=|,ὁ,article,ὁ,article,e)nte/rw|,ἔντερον,noun,,,,,,,,,,,,,,,,,,,,,,,,,,,,,,,,,,,,,,,,,,,,,,,,,,,,,,,,,
qerapeu/ein,θεραπεύω,verb,ou)=n,οὖν,particle,xrh\,χρή,verb,w(=de,ὧδε,adverb,,,,,,,,,,,,,,,,,,,,,,,,,,,,,,,,,,,,,,,,,,,,,,,,,,,,,,,,,,,,,,,,,,,,,,,,,,,,,,,,,,,,,,,,,,,,,,,,,,,,,,,,,,,,,,,,,,,,,,,,,,,,,,,,,,,,,,,,,,
kaqi/zein,καθίζω,verb,e)s,εἰς,preposition,u(/dwr,ὕδωρ,noun,qermo\n,θερμός,adjective,kai\,tri/yanta,τρίβω,verb,tou=,ὁ,article,ko/kkou,κόκκος,noun,tou=,ὁ,article,knidi/ou,,,e(ch/konta,ἑξήκοντα,adjective,ko/kkous,diei=nai,διίημι,verb,e)n,ἐν,preposition,oi)/nou,οἶνον,noun,kotu/lh|,κοτύλη,noun,kai\,καί,conjunction,e)lai/ou,ἔλαιον,noun,h(mikotuli/w|,ἡμικοτύλιον,adjective,xlih/nas,klu/son,κλύζω,verb,,,,,,,καί,conjunction,κόκκος,noun,χλιαίνω,verb,,,,,,,,,,,,,,,,,,,,,,,,,,,,,,,,,,,,,,,,,,,,,,,,,,,,,,,,,,,,,,,,,,,,,,,,,,,,,,,,,
a)/gei,ἄγω,verb,de\,δέ,particle,tau=ta,οὗτος,pronoun,fle/gma,φλέγμα,noun,kai\,ko/pron,κόπρον,noun,,,,,,,,,,,,,,,,,,,,,,,,,,,,,,,,,,,,,,,,,,,,,,,,καί,conjunction,,,,,,,,,,,,,,,,,,,,,,,,,,,,,,,,,,,,,,,,,,,,,,,,,,,,,,,,,,,,,,,,,,,,,,,,,,,,,,,,,,,,,
o(/tan,ὅταν,conjunction,de\,δέ,particle,mh\,μή,conjunction,e)n,ἐν,preposition,tw=|,u(/dati,ὕδωρ,noun,kaqi/zh|,καθίζω,verb,w)a\,ᾠόν,noun,e(yh/sas,ἕψω,verb,e)n,ἐν,preposition,oi)/nw|,οἶνον,noun,me/lani,eu)w/dei,εὐώδης,adverb,prostiqe/nai,προστίθημι,verb,pro\s,πρός,preposition,th\n,ὁ,article,e(/drhn,ἕδρα,noun,u(popeta/sas,ὑποπετάννυμι,verb,ti,τις,pronoun,ka/twqen,qermo\n,θερμός,adjective,h)\,ἠέ,conjunction,ku/stin,κύστις,noun,ὁ,article,μέλας,adjective,κάτωθεν,adverb,u(/datos,qermou=,θερμός,adjective,plh/sas,πίμπλημι,verb,h)\,ἠέ,conjunction,li/nou,λίνος,noun,spe/rma,σπέρμα,noun,pefwsme/non,,,ὕδωρ,noun,a)le/sas,ἀλέω,verb,tri/yas,τρίβω,verb,kai\,καί,conjunction,mi/cas,μίγνυμι,verb,i)/son,ἴσος,adjective,a)/lhton,e)n,ἐν,preposition,oi)/nw|,οἶνον,noun,me/lani,μέλας,adjective,kai\,καί,conjunction,eu)w/dei,εὐώδης,adverb,kai\,e)lai/w|,ἔλαιον,noun,katapla/ssein,καταπλάσσω,verb,w(s,ὡς,conjunction,qermota/tw|,θερμός,adjective,,,,,,,,,,,,,εἴλω,verb,καί,conjunction
h)\,ἠέ,conjunction,kriqa\s,κριθή,noun,mi/cas,μίγνυμι,verb,h)\,ἠέ,conjunction,stupthri/hn,ai)gupti/hn,αἰγυπτία,noun,tetrimme/nhn,τρίβω,verb,katapla/ssein,καταπλάσσω,verb,te,τε,particle,kai\,καί,conjunction,purih=|n,,,,,,,,,,,,,,,,,,,,,,,,,,,,,,,,,,,στυπτήριος,adjective,,,,,,,,,,,,,,,,,,,,,,,,,,,,,,,,,,,,,,,,,,,,,,,,,,,,,,,,,,,,,,,,,,,,,,,,,,,,,,,,,,,,,
e)/peita,ἔπειτα,adverb,pla/sas,πλάσσω,verb,ba/lanon,βάλανος,adjective,makrh\n,μακρός,adjective,kai\,xliai/nwn,χλιαίνω,verb,pro\s,πρός,preposition,puro\s,πῦρ,noun,toi=si,ὁ,article,daktu/loisi,δάκτυλος,noun,prospla/ssein,προσπλάσσω,verb,,,,,,,,,,,,,,,,,,,,,,,,,,,,,,,,,καί,conjunction,,,,,,,,,,,,,,,,,,,,,,,,,,,,,,,,,,,,,,,,,,,,,,,,,,,,,,,,,,,,,,,,,,,,,,,,,,,,,,,,,,,,,
e)/peita,ἔπειτα,adverb,a)kroxli/hron,,,poie/wn,ποιέω,verb,e)ntiqe/nai,ἐντίθημι,verb,e)s,th\n,ὁ,article,e(/drhn,ἕδρα,noun,,,,,,,,,,,,,,,,,,,,,,,,,,,,,,,,,,,,,,,,,,,,,εἰς,preposition,,,,,,,,,,,,,,,,,,,,,,,,,,,,,,,,,,,,,,,,,,,,,,,,,,,,,,,,,,,,,,,,,,,,,,,,,,,,,,,,,,,,,
ta\,ὁ,article,e)/cwqen,ἔξωθεν,adverb,de\,δέ,particle,khrwth=|,κηρωτή,noun,perialei=yai,kai\,καί,conjunction,katapla/ssein,καταπλάσσω,verb,skoro/doisin,σκόροδον,noun,e(fqoi=sin,ἑφθός,adjective,e)n,ἐν,preposition,oi)/nw|,οἶνον,noun,me/lani,kekrhme/nw|,χράω,verb,,,,,,,,,,,,,,,,,,,,,,,,,,,,,περιαλείφω,verb,μέλας,adjective,,,,,,,,,,,,,,,,,,,,,,,,,,,,,,,,,,,,,,,,,,,,,,,,,,,,,,,,,,,,,,,,,,,,,,,,,,,,,,,,,,,
e)ph\n,ἐπήν,conjunction,de\,δέ,particle,e)caire/h|s,ἐξαιρέω,verb,e)s,εἰς,preposition,u(/dwr,q,,,rmo\n,,,e)fi/zein,ἐφίζω,verb,kai\,καί,conjunction,summi/cas,συμμίγνυμι,verb,xulo\n,χυλός,noun,stru/xnou,kai\,καί,conjunction,xhno\s,χήν,noun,kai\,καί,conjunction,u(o\s,ὗς,noun,ste/ar,στέαρ,noun,kai\,καί,conjunction,xrusoko/llan,χρυσοκόλλα,noun,kai\,*rhti/nhn,,,kai\,καί,conjunction,khro\n,κηρός,noun,ὕδωρ,noun,στρύχνον,noun,καί,conjunction,leuko\n,e)/peita,ἔπειτα,adverb,diath/cas,διατήκω,verb,e)n,ἐν,preposition,tw=|,ὁ,article,au)tw=|,αὐτός,pronoun,kai\,καί,conjunction,λευκός,adjective,cummi/cas,συμμίγνυμι,verb,tou/toisin,οὗτος,pronoun,e)gxri/ein,ἐγχρίω,verb,kai\,καί,conjunction,e(/ws,ἕως,conjunction,a)\n,flegmai/nh|,φλεγμαίνω,verb,katapla/ssein,καταπλάσσω,verb,toi=si,ὁ,article,skoro/doisi,σκόροδον,noun,qermoi=si,θερμός,adjective,,,,,,,,,,,,,,,,,,,,,,,,,,ἄν,particle,,
kai\,καί,conjunction,h)\n,ἐάν,conjunction,me\n,μέν,particle,pro\s,πρός,preposition,tau=ta,a)palla/sshtai,ἀπαλλάσσω,verb,th=s,ὁ,article,o)du/nhs,ὀδύνη,noun,a)rkei/tw,ἀρκέω,verb,,,,,,,,,,,,,,,,,,,,,,,,,,,,,,,,,,,,,,,οὗτος,pronoun,,,,,,,,,,,,,,,,,,,,,,,,,,,,,,,,,,,,,,,,,,,,,,,,,,,,,,,,,,,,,,,,,,,,,,,,,,,,,,,,,,,,,
h)\n,ἐάν,conjunction,de\,δέ,particle,mh\,μή,conjunction,pi/sai,πίσα,adjective,to\,mhkw/nion,μηκώνιον,noun,to\,ὁ,article,leuko/n,λευκός,adjective,,,,,,,,,,,,,,,,,,,,,,,,,,,,,,,,,,,,,,,,,,ὁ,article,,,,,,,,,,,,,,,,,,,,,,,,,,,,,,,,,,,,,,,,,,,,,,,,,,,,,,,,,,,,,,,,,,,,,,,,,,,,,,,,,,,,,
h)\n,ἐάν,conjunction,de\,δέ,particle,mh\,μή,conjunction,a)/llo,ἄλλος,adjective,o(/,ti,τις,pronoun,fle/gma,φλέγμα,noun,kaqai/rei,καθαίρω,verb,,,,,,,,,,,,,,,,,,,,,,,,,,,,,,,,,,,,,,,,,,ὅς,pronoun,,,,,,,,,,,,,,,,,,,,,,,,,,,,,,,,,,,,,,,,,,,,,,,,,,,,,,,,,,,,,,,,,,,,,,,,,,,,,,,,,,,,,
diaita=|n,διαιτάω,verb,de\,δέ,particle,e(/ws,ἕως,conjunction,a)\n,ἄν,particle,flegmai/nh|,*rufh/masi,,,kou/foisin,κοῦφος,adjective,,,,,,,,,,,,,,,,,,,,,,,,,,,,,,,,,,,,,,,,,,,,,φλεγμαίνω,verb,,,,,,,,,,,,,,,,,,,,,,,,,,,,,,,,,,,,,,,,,,,,,,,,,,,,,,,,,,,,,,,,,,,,,,,,,,,,,,,,,,,,,
h(,ὁ,article,de\,δέ,particle,stoaggouri/h,,,e)pipi/ptei,ἐπιπίπτω,verb,e)k,tw=nde,ὅδε,pronoun,,,,,,,,,,,,,,,,,,,,,,,,,,,,,,,,,,,,,,,,,,,,,,,,ἐκ,preposition,,,,,,,,,,,,,,,,,,,,,,,,,,,,,,,,,,,,,,,,,,,,,,,,,,,,,,,,,,,,,,,,,,,,,,,,,,,,,,,,,,,,,
qermainome/nh,θερμαίνω,verb,h(,ὁ,article,ku/stis,κύστις,noun,e)k,ἐκ,preposition,tou=,a)rxou=,ἀρχός,noun,prosa/getai,προσάγω,verb,th=|,ὁ,article,qermo/thti,θερμότης,noun,fle/gma,φλέγμα,noun,,,,,,,,,,,,,,,,,,,,,,,,,,,,,,,,,,,,ὁ,article,,,,,,,,,,,,,,,,,,,,,,,,,,,,,,,,,,,,,,,,,,,,,,,,,,,,,,,,,,,,,,,,,,,,,,,,,,,,,,,,,,,,,
u(po\,ὑπό,preposition,de\,δέ,particle,tou=,ὁ,article,fle/gmatos,φλέγμα,noun,straggouri/h,gi/netai,γίγνομαι,verb,,,,,,,,,,,,,,,,,,,,,,,,,,,,,,,,,,,,,,,,,,,,,,,,στραγγουρία,noun,,,,,,,,,,,,,,,,,,,,,,,,,,,,,,,,,,,,,,,,,,,,,,,,,,,,,,,,,,,,,,,,,,,,,,,,,,,,,,,,,,,,,
h)\n,ἐάν,conjunction,me\n,μέν,particle,ou)=n,οὖν,particle,a(/ma,ἅμα,adverb,th=|,nou/sw|,νόσος,noun,pau/htai,παύω,verb,file/ei,φιλέω,verb,ga\r,γάρ,particle,w(s,ὡς,conjunction,ta\,ὁ,article,polla\,ou(/tw,οὕτως,adverb,gi/nesqai,γίγνομαι,verb,,,,,,,,,,,,,,,,,,,,,,,,,,ὁ,article,πολύς,adjective,,,,,,,,,,,,,,,,,,,,,,,,,,,,,,,,,,,,,,,,,,,,,,,,,,,,,,,,,,,,,,,,,,,,,,,,,,,,,,,,,,,
h)\n,ἐάν,conjunction,de\,δέ,particle,mh\,μή,conjunction,di/dou,δίδημι,verb,tw=n,farma/kwn,φάρμακον,noun,tw=n,ὁ,article,straggourikw=n,στραγγουρικός,adjective,,,,,,,,,,,,,,,,,,,,,,,,,,,,,,,,,,,,,,,,,,ὁ,article,,,,,,,,,,,,,,,,,,,,,,,,,,,,,,,,,,,,,,,,,,,,,,,,,,,,,,,,,,,,,,,,,,,,,,,,,,,,,,,,,,,,,
h)\n,ἐάν,conjunction,de\,δέ,particle,o(,ὁ,article,a)rxo\s,ἀρχός,noun,e)kpi/pth|,a)nw/sas,ἀνάζω,verb,spo/ggw|,σπόγγος,noun,malqakw=|,μαλθακός,adjective,kai\,καί,conjunction,kataxri/sas,καταχρίω,verb,koxli/h|,κόχλιας,noun,tw=n,xeirw=n,χείρ,noun,dh/sas,δέω,verb,e)kkre/mason,ἐκκρεμάννυμι,verb,o)li/gon,ὀλίγος,adjective,xro/non,χρόνος,noun,kai\,καί,conjunction,ei)/seisin,εἴσειμι,verb,,,,,,,,,,,ἐκπίτνω,verb,ὁ,article,,,,,,,,,,,,,,,,,,,,,,,,,,,,,,,,,,,,,,,,,,,,,,,,,,,,,,,,,,,,,,,,,,,,,,,,,,,,,,,,,,,
h)\n,ἐάν,conjunction,de\,δέ,particle,mei=zon,μέγας,adverb,e)kpe/sh|,ἐκπίτνω,verb,kai\,mh\,μή,conjunction,me/nh|,μένω,verb,e)/ndon,ἔνδον,adverb,diazw/sas,διαζάω,verb,e)n,ἐν,preposition,th=|si,ὁ,article,lago/si,kai\,καί,conjunction,u(fei\s,ὑφίημι,verb,o)/pisqen,ὄπισθεν,adverb,e)k,ἐκ,preposition,tou=,ὁ,article,diazw/matos,διάζωμα,noun,taini/hn,ταινία,noun,w)/sas,e)/sw,ἔσω,adjective,to\n,ὁ,article,a)rxo\n,ἀρχός,noun,καί,conjunction,λαγών,noun,ὠθέω,verb,prosqei=nai,spo/ggon,σπόγγος,noun,malqako\n,μαλθακός,adjective,bre/cas,βρέχω,verb,u(/dati,ὕδωρ,noun,qermw=|,θερμός,adjective,e)neyh/sas,ἐνέψω,verb,προστίθημι,verb,lwtou=,λωτός,adjective,pri/smata,πρίσμα,noun,,,,,,,,,,,,,,,,,,,,,,,,,,,,,,,,,,,,,,,,,,,,,,,,,,,,,,
kataxe/ai,καταχέω,verb,de\,δέ,particle,kai\,καί,conjunction,kata\,κατά,preposition,tou=,a)rxou=,ἀρχός,noun,a)p',ἀπό,preposition,au)tou=,αὐτός,pronoun,tou=,ὁ,article,u(/datos,ὕδωρ,noun,to\n,ὁ,article,de\,spo/ggon,σπόγγος,noun,e)kpie/sai,ἐκπιέζω,verb,,,,,,,,,,,,,,,,,,,,,,,,,,ὁ,article,δέ,particle,,,,,,,,,,,,,,,,,,,,,,,,,,,,,,,,,,,,,,,,,,,,,,,,,,,,,,,,,,,,,,,,,,,,,,,,,,,,,,,,,,,
e)/peita,ἔπειτα,adverb,u(potei/nas,ὑποτείνω,verb,th\n,ὁ,article,taini/hn,ταινία,noun,dia\,me/swn,μέσος,adjective,tw=n,ὁ,article,skele/wn,σκέλος,noun,a)nadh=sai,ἀναδέω,verb,peri\,περί,preposition,to\n,ὁ,article,o)mfalo/n,,,,,,,,,,,,,,,,,,,,,,,,,,,,,,,,διά,preposition,ὀμφαλός,noun,,,,,,,,,,,,,,,,,,,,,,,,,,,,,,,,,,,,,,,,,,,,,,,,,,,,,,,,,,,,,,,,,,,,,,,,,,,,,,,,,,,
o(/tan,ὅταν,conjunction,de\,δέ,particle,qe/lh,,,a)fodeu/ein,ἀφοδεύω,verb,e)pi\,lasa/noisin,λάσανα,adjective,w(s,ὡς,conjunction,stenota/toisin,στενός,adjective,a)fodeue/tw,ἀφοδεύω,verb,,,,,,,,,,,,,,,,,,,,,,,,,,,,,,,,,,,,,,,ἐπί,preposition,,,,,,,,,,,,,,,,,,,,,,,,,,,,,,,,,,,,,,,,,,,,,,,,,,,,,,,,,,,,,,,,,,,,,,,,,,,,,,,,,,,,,
h)\n,ἐάν,conjunction,de\,δέ,particle,paidi/on,παιδίον,noun,h)=|,εἰμί,verb,e)pi\,gunaiko\s,γυνή,noun,tw=n,ὁ,article,podw=n,πούς,noun,pro\s,πρός,preposition,ta\,ὁ,article,gou/nata,γόνυ,noun,proskliqei/s,,,,,,,,,,,,,,,,,,,,,,,,,,,,,,,,ἐπί,preposition,προσκλίνω,verb,,,,,,,,,,,,,,,,,,,,,,,,,,,,,,,,,,,,,,,,,,,,,,,,,,,,,,,,,,,,,,,,,,,,,,,,,,,,,,,,,,,
o(/tan,ὅταν,conjunction,de\,δέ,particle,a)fodeu/h|,ἀφοδεύω,verb,ta\,ὁ,article,ske/lea,e)kteina/tw,ἐκτείνω,verb,,,,,,,,,,,,,,,,,,,,,,,,,,,,,,,,,,,,,,,,,,,,,,,,σκέλος,noun,,,,,,,,,,,,,,,,,,,,,,,,,,,,,,,,,,,,,,,,,,,,,,,,,,,,,,,,,,,,,,,,,,,,,,,,,,,,,,,,,,,,,
ou(/tw,οὕτως,adverb,ga\r,γάρ,particle,a)\n,ἄν,particle,h(/kista,ἥκιστος,adjective,e)kpi/ptoi,h(,ὁ,article,e(/drh,ἕδρα,noun,,,,,,,,,,,,,,,,,,,,,,,,,,,,,,,,,,,,,,,,,,,,,ἐκπίτνω,verb,,,,,,,,,,,,,,,,,,,,,,,,,,,,,,,,,,,,,,,,,,,,,,,,,,,,,,,,,,,,,,,,,,,,,,,,,,,,,,,,,,,,,
h)\n,ἐάν,conjunction,de\,δέ,particle,u(grai/nhtai,ὑγραίνω,verb,o(,ὁ,article,a)rxo\s,kai\,καί,conjunction,i)xw\r,ἰχώρ,adjective,a)por)*re/h|,,,perini/yai,περινίζω,verb,trugi\,τρύξ,noun,kekaume/nh|,καίω,verb,kai\,u(/dati,ὕδωρ,noun,a)po\,ἀπό,preposition,mursi/nhs,μυρσίνη,noun,kai\,καί,conjunction,a)di/anton,ἀδίαντον,noun,chrh/nas,ξηραίνω,verb,kai\,καί,conjunction,ko/yas,diash/sas,διασάω,verb,kata/passe,καταπάσσω,verb,*)\hn,ἐάν,conjunction,ἀρχός,noun,καί,conjunction,κόπτω,verb,de\,ai(mor)*roh=|,,,perini/yas,περινίζω,verb,toi=sin,τίς,pronoun,au)toi=si,αὐτός,pronoun,xalki=tin,,,kai\,καί,conjunction,δέ,particle,pri/sma,πρίσμα,noun,kupari/ssou,κυπάρισσος,noun,h)\,ἠέ,conjunction,ke/drou\,κέδρον,noun,h)\,ἠέ,conjunction,pi/tuos,h)\,ἠέ,conjunction,termi/nqou,τέρμινθος,noun,tri/yas,τρίβω,verb,summi/cas,συμμίγνυμι,verb,th=|,ὁ,article,xalki/tidi,i)/son,ἴσος,adjective,katapla/ssein,καταπλάσσω,verb,ta\,ὁ,article,e)/caiqen,,,de\,δέ,particle,khrwth=|,κηρωτή,noun,paxei/h|,παχύς,adjective,perialei/fein,περιαλείφω,verb,πίτυς,adjective,,
*(okotan,,,a)rxo\s,ἀρχός,noun,e)kpi/pth|,ἐκπίτνω,verb,kai\,καί,conjunction,mh\,qe/lh|,ἐθέλω,verb,kata\,κατά,preposition,xw/rhn,χώρα,noun,me/nein,μένω,verb,si/lfion,σίλφιον,noun,o(/ti,ὅστις,pronoun,a)/riston,kai\,καί,conjunction,pokno/taton,,,cu/sac,,,lepto\n,λεπτός,adjective,katapla/ssein,καταπλάσσω,verb,,,,,,,,,,,,,,,,,μή,conjunction,ἄριστος,adjective,,,,,,,,,,,,,,,,,,,,,,,,,,,,,,,,,,,,,,,,,,,,,,,,,,,,,,,,,,,,,,,,,,,,,,,,,,,,,,,,,,,
kai\,καί,conjunction,tou=,ὁ,article,ptarmikou=,πταρμικός,adjective,farma/kou,φαρμακόω,verb,pro\s,th\n,ὁ,article,*ri=na,,,prostiqe/nai,προστίθημι,verb,kai\,καί,conjunction,parocu/nein,παροξύνω,verb,to\n,ὁ,article,a)/nqrwpon,,,,,,,,,,,,,,,,,,,,,,,,,,,,,,,,πρός,preposition,ἄνθρωπος,noun,,,,,,,,,,,,,,,,,,,,,,,,,,,,,,,,,,,,,,,,,,,,,,,,,,,,,,,,,,,,,,,,,,,,,,,,,,,,,,,,,,,
h)\,ἠέ,conjunction,u(/dati,ὕδωρ,noun,qermw=|,θερμός,adjective,periplu/nas,περιπλύνω,verb,si/dia,kai\,καί,conjunction,stupthri/hn,στυπτηρία,noun,tri/yas,τρίβω,verb,e)n,ἐν,preposition,oi)/nw|,οἶνον,noun,leukw=|,λευκός,adjective,kataxe/ai,tou=,ὁ,article,a)rxou=,ἀρχός,noun,e)/peita,ἔπειτα,adverb,*ra/kea,,,e)mbalei=n,ἐμβάλλω,verb,kai\,καί,conjunction,tou\s,ὁ,article,mhrou\s,cundh=sai,συνδέομαι,verb,h(me/ras,ἡμέρα,noun,trei=s,τρέω,verb,σίδιον,noun,καταχέω,verb,μηρός,noun,kai\,nhsteue/tw,νηστεύω,verb,oi)=non,οἶνον,noun,de\,δέ,particle,pine/tw,πίνω,verb,gluku/n,γλυκύς,adjective,,,,καί,conjunction,,,,,,,,,,,,,,,,,,,,,,,,,,,,,,,,,,,,,,,,,,,,,,,,,,,,,,,,,,,,
h)\n,ἐάν,conjunction,de\,δέ,particle,mhde\,μηδέ,particle,ou(/tw,οὕτως,adverb,diaxwre/h|,mi/lton,μίλτος,noun,mi/cas,μίγνυμι,verb,o(mou=,ὁμοῦ,adverb,me/liti,μέλι,noun,diaxrie/tw,διαχρίω,verb,,,,,,,,,,,,,,,,,,,,,,,,,,,,,,,,,,,,διαχωρέω,verb,,,,,,,,,,,,,,,,,,,,,,,,,,,,,,,,,,,,,,,,,,,,,,,,,,,,,,,,,,,,,,,,,,,,,,,,,,,,,,,,,,,,,
a)rxo\s,ἀρχός,noun,h)\n,ἐάν,conjunction,e)kpi/pth|,ἐκπίτνω,verb,kai\,καί,conjunction,ai(mor)*roh=|,,,,,,,,,,,,,,,,,,,,,,,,,,,,,,,,,,,,,,,,,,,,,,,,,,,,,,,,,,,,,,,,,,,,,,,,,,,,,,,,,,,,,,,,,,,,,,,,,,,,,,,,,,,,,,,,,,,,,,,,,,,,,,,,,,,,,,,,,
a)/rou,ἄρον,noun,*ri/zhs,,,perielw\n,περιαιρέω,verb,to\n,ὁ,article,floio\n,e(yei=n,ἕψω,verb,e)n,ἐν,preposition,u(/dati,ὕδωρ,noun,,,,,,,,,,,,,,,,,,,,,,,,,,,,,,,,,,,,,,,,,,φλοιός,noun,,,,,,,,,,,,,,,,,,,,,,,,,,,,,,,,,,,,,,,,,,,,,,,,,,,,,,,,,,,,,,,,,,,,,,,,,,,,,,,,,,,,,
e)/peita,ἔπειτα,adverb,tri/bein,τρίβω,verb,a)/lhton,ἄλητον,noun,cummi/sgwn,συμμίγνυμι,verb,kai\,katapla/ssein,καταπλάσσω,verb,qermo/n,θερμός,adjective,,,,,,,,,,,,,,,,,,,,,,,,,,,,,,,,,,,,,,,,,,,,,καί,conjunction,,,,,,,,,,,,,,,,,,,,,,,,,,,,,,,,,,,,,,,,,,,,,,,,,,,,,,,,,,,,,,,,,,,,,,,,,,,,,,,,,,,,,
,,,,,,,,,,,,,,,,,,,,,,,,,,,,,,,,,,,,,,,,,,,,,,,,,,,,,,,,,,,,,,,,,,,,,,,,,,,,,,,,,,,,,,,,,,,,,,,,,,,,,,,,,,,,,,,,,,,,,,,,,,,,,,,,,,,,,,,,,,,,,,,,,,,,,
th=s,ὁ,article,a)mpe/lou,ἄμπελος,noun,th=s,ὁ,article,a)gri/hs,ἄγριος,adjective,h(\n,e)/nioi,ἔνιοι,adjective,kale/ousi,καλέω,verb,yilw/qrion,,,tau/ths,οὗτος,pronoun,ta\s,ὁ,article,*ri/zas,,,ta\s,a)palwta/tas,,,perice/santa,περιξέω,verb,e(yh=sai,ἕψω,verb,e)n,ἐν,preposition,oi)/nw|,οἶνον,noun,me/lani,μέλας,adjective,a)krh/tw|,ἄκρατος,adjective,au)sthrw=|,,,,,,,,,,ὅς,pronoun,ὁ,article,αὐστηρός,adjective,,,,,,,,,,,,,,,,,,,,,,,,,,,,,,,,,,,,,,,,,,,,,,,,,,,,,,,,,,,,,,,,,,,,,,,,,,,,,,,,,
e)/peita,ἔπειτα,adverb,tri/yanta,τρίβω,verb,katapla/ssein,καταπλάσσω,verb,xlihro/n,,,,,,,,,,,,,,,,,,,,,,,,,,,,,,,,,,,,,,,,,,,,,,,,,,,,,,,,,,,,,,,,,,,,,,,,,,,,,,,,,,,,,,,,,,,,,,,,,,,,,,,,,,,,,,,,,,,,,,,,,,,,,,,,,,,,,,,,,,,,
cummi/sgein,συμμίγνυμι,verb,de\,δέ,particle,kai\,καί,conjunction,a)/leura,ἄλευρον,adjective,kai\,furh=|n,,,e)n,ἐν,preposition,oi)/nw|,οἶνον,noun,leukw=|,λευκός,adjective,kai\,καί,conjunction,e)lai/w|,ἔλαιον,noun,xlihrw=s,,,,,,,,,,,,,,,,,,,,,,,,,,,,,,,,καί,conjunction,,,,,,,,,,,,,,,,,,,,,,,,,,,,,,,,,,,,,,,,,,,,,,,,,,,,,,,,,,,,,,,,,,,,,,,,,,,,,,,,,,,,,
,,,,,,,,,,,,,,,,,,,,,,,,,,,,,,,,,,,,,,,,,,,,,,,,,,,,,,,,,,,,,,,,,,,,,,,,,,,,,,,,,,,,,,,,,,,,,,,,,,,,,,,,,,,,,,,,,,,,,,,,,,,,,,,,,,,,,,,,,,,,,,,,,,,,,
kwnei/ou,κώνειον,noun,karpo\n,καρπός,noun,tri/bonta,τρίβω,verb,parasta/zein,παραστάζω,verb,oi)=non,leuko\n,λευκός,adjective,eu)w/dea,εὐώδης,adverb,e)/peita,ἔπειτα,adverb,katapla/ssein,καταπλάσσω,verb,xlihro/n,,,,,,,,,,,,,,,,,,,,,,,,,,,,,,,,,,,,,,οἶνον,noun,,,,,,,,,,,,,,,,,,,,,,,,,,,,,,,,,,,,,,,,,,,,,,,,,,,,,,,,,,,,,,,,,,,,,,,,,,,,,,,,,,,,,
h)\n,ἐάν,conjunction,de\,δέ,particle,flegmai/nh|,φλεγμαίνω,verb,kissou=,κισσός,noun,*ri/zan,e(yh/sas,ἕψω,verb,e)n,ἐν,preposition,u(/dati,ὕδωρ,noun,tri/yas,τρίβω,verb,lei=on,λείων,adjective,a)/leuron,ἄλευρον,adjective,cummi/sgwn,w(s,ὡς,conjunction,ka/lliston,καλός,noun,e)n,ἐν,preposition,oi)/nw|leukw=|,,,furh/sas,φυράω,verb,katapla/ssein,καταπλάσσω,verb,kai\,καί,conjunction,a)/leifa,pro\s,πρός,preposition,tou/tois,οὗτος,pronoun,cummi/cas,συμμίγνυμι,verb,,,συμμίγνυμι,verb,ἄλειφαρ,noun,,,,,,,,,,,,,,,,,,,,,,,,,,,,,,,,,,,,,,,,,,,,,,,,,,,,,,,,,,,,,,,,,,,,,,,,,,,,,,,,,
,,,,,,,,,,,,,,,,,,,,,,,,,,,,,,,,,,,,,,,,,,,,,,,,,,,,,,,,,,,,,,,,,,,,,,,,,,,,,,,,,,,,,,,,,,,,,,,,,,,,,,,,,,,,,,,,,,,,,,,,,,,,,,,,,,,,,,,,,,,,,,,,,,,,,
mandrago/rou,μανδραγόρας,noun,*ri/zan,,,ma/lista,μάλιστα,adverb,me\n,μέν,particle,xlwrh\n,ei),εἰ,conjunction,de\,δέ,particle,mh\,μή,conjunction,chrh\n,ξηρός,adjective,th\n,ὁ,article,me\n,μέν,particle,ou)=n,xlwrh\n,χλωρός,adjective,a)poplu/nanta,ἀποπλύνω,verb,kai\,καί,conjunction,tamo/nta,τέμνω,verb,e(yh=sai,ἕψω,verb,e)n,ἐν,preposition,oi)/nw|,οἶνον,noun,kekrhme/nw|,kai\,καί,conjunction,katapla/ssein,καταπλάσσω,verb,,,,χλωρός,adjective,οὖν,particle,χράω,verb,,,,,,,,,,,,,,,,,,,,,,,,,,,,,,,,,,,,,,,,,,,,,,,,,,,,,,,,,,,,,,,,,,,,,,,,,,,,,,,,,
th\n,ὁ,article,de/,δέ,particle,ge,γε,particle,chrh\n,ξηρός,adjective,tri/yanta,katapla/ssein,καταπλάσσω,verb,o(moi/ws,ὅμοιος,adjective,,,,,,,,,,,,,,,,,,,,,,,,,,,,,,,,,,,,,,,,,,,,,τρίβω,verb,,,,,,,,,,,,,,,,,,,,,,,,,,,,,,,,,,,,,,,,,,,,,,,,,,,,,,,,,,,,,,,,,,,,,,,,,,,,,,,,,,,,,
,,,,,,,,,,,,,,,,,,,,,,,,,,,,,,,,,,,,,,,,,,,,,,,,,,,,,,,,,,,,,,,,,,,,,,,,,,,,,,,,,,,,,,,,,,,,,,,,,,,,,,,,,,,,,,,,,,,,,,,,,,,,,,,,,,,,,,,,,,,,,,,,,,,,,
siku/ou,σίκυος,noun,pe/ponos,πέπων,verb,to\,ὁ,article,e)/ndon,ἔνδον,adverb,tri/yas,lei=on,λείων,adjective,katapla/ssein,καταπλάσσω,verb,,,,,,,,,,,,,,,,,,,,,,,,,,,,,,,,,,,,,,,,,,,,,τρίβω,verb,,,,,,,,,,,,,,,,,,,,,,,,,,,,,,,,,,,,,,,,,,,,,,,,,,,,,,,,,,,,,,,,,,,,,,,,,,,,,,,,,,,,,
h)\n,ἐάν,conjunction,de\,δέ,particle,ge/nhtai,γίγνομαι,verb,o)du/nh,ὀδύνη,noun,kai\,mh\,μή,conjunction,flegmh/nh|,φλεγμαίνω,verb,li/tron,λίτρον,noun,o)pth/sas,ὀπτάω,verb,e)ruqro\n,ἐρυθρός,adjective,kai\,καί,conjunction,tri/yas,lei=on,λείων,adjective,kai\,καί,conjunction,stupthri/hn,στυπτηρία,noun,kai\,καί,conjunction,a(/las,ἅλας,noun,fw/cas,φώσσω,verb,kai\,καί,conjunction,tri/yas,lei/ous,λείων,adjective,summi/cai,συμμίγνυμι,verb,i)/son,ἴσος,adjective,καί,conjunction,τρίβω,verb,τρίβω,verb,e(ka/stou,,,,,,,,,,,,,,,,,,,ἕκαστος,adjective,,,,,,,,,,,,,,,,,,,,,,,,,,,,,,,,,,,,,,,,,,,,,,,,,,,,,,,,,,,,
ei)=ta,εἶτα,adverb,pi/ssh|,πίσσα,noun,cummi/cas,συμμίγνυμι,verb,w(s,ὡς,conjunction,belti/sth,e)s,εἰς,preposition,*ra/kos,,,e)nalei/yas,ἐναλείφω,verb,e)ntiqe/nai,ἐντίθημι,verb,kai\,καί,conjunction,katadei=n,καταδέω,verb,,,,,,,,,,,,,,,,,,,,,,,,,,,,,,,,,βέλτιστος,adjective,,,,,,,,,,,,,,,,,,,,,,,,,,,,,,,,,,,,,,,,,,,,,,,,,,,,,,,,,,,,,,,,,,,,,,,,,,,,,,,,,,,,,
,,,,,,,,,,,,,,,,,,,,,,,,,,,,,,,,,,,,,,,,,,,,,,,,,,,,,,,,,,,,,,,,,,,,,,,,,,,,,,,,,,,,,,,,,,,,,,,,,,,,,,,,,,,,,,,,,,,,,,,,,,,,,,,,,,,,,,,,,,,,,,,,,,,,,
kappa/rios,κάππαρις,noun,fu/lla,φύλλον,noun,xlwra\,χλωρός,adjective,tri/yas,τρίβω,verb,e)s,marsi/pion,,,e)mbalw\n,ἐμβάλλω,verb,proskatadei=n,προσκαταδέω,verb,,,,,,,,,,,,,,,,,,,,,,,,,,,,,,,,,,,,,,,,,,εἰς,preposition,,,,,,,,,,,,,,,,,,,,,,,,,,,,,,,,,,,,,,,,,,,,,,,,,,,,,,,,,,,,,,,,,,,,,,,,,,,,,,,,,,,,,
kai\,καί,conjunction,e)ph\n,ἐπήν,conjunction,kai/ein,καίω,verb,doke/h|,δοκέω,verb,a)faire/ein,kai\,καί,conjunction,au)=qis,αὖθις,adverb,prostiqe/nai,προστίθημι,verb,,,,,,,,,,,,,,,,,,,,,,,,,,,,,,,,,,,,,,,,,,ἀφαιρέω,verb,,,,,,,,,,,,,,,,,,,,,,,,,,,,,,,,,,,,,,,,,,,,,,,,,,,,,,,,,,,,,,,,,,,,,,,,,,,,,,,,,,,,,
h)\n,ἐάν,conjunction,de\,δέ,particle,mh\,μή,conjunction,h)=|,εἰμί,verb,fu/lla,kappa/rios,κάππαρις,noun,to\n,ὁ,article,floio\n,φλοιός,noun,th=s,ὁ,article,*ri/zhs,,,ko/yas,κόπτω,verb,furh/sas,oi)/nw|,οἶνον,noun,me/lani,μέλας,adjective,to\n,ὁ,article,au)to\n,αὐτός,pronoun,tro/pon,τρόπος,noun,katadei=n,καταδέω,verb,,,,,,,,,,,,,,φύλλον,noun,φυράω,verb,,,,,,,,,,,,,,,,,,,,,,,,,,,,,,,,,,,,,,,,,,,,,,,,,,,,,,,,,,,,,,,,,,,,,,,,,,,,,,,,,,,
tou=to,οὗτος,pronoun,kai\,καί,conjunction,pro\s,πρός,preposition,splhnw=n,σπλήν,noun,o/du/nhn,a)gaqo/n,ἀγαθός,adjective,,,,,,,,,,,,,,,,,,,,,,,,,,,,,,,,,,,,,,,,,,,,,,,,,,,,,,,,,,,,,,,,,,,,,,,,,,,,,,,,,,,,,,,,,,,,,,,,,,,,,,,,,,,,,,,,,,,,,,,,,,,,,,,,,,,,,,
tou/twn,οὗτος,pronoun,tw=n,ὁ,article,kataplasma/twn,κατάπλασμα,noun,du/natai,δύναμαι,verb,ta\,me\n,μέν,particle,yu/xonta,ψύχω,verb,kwlu/ein,κωλύω,verb,*rei=n,,,ta\,ὁ,article,de\,δέ,particle,malqa/ssonta,kai\,καί,conjunction,qermai/nonta,θερμαίνω,verb,diaxei=n,διαχέω,verb,ta\,ὁ,article,de\,δέ,particle,e)s,εἰς,preposition,e(wuta\,ἑαυτοῦ,pronoun,e(/lkonta,chrai/nein,ξηραίνω,verb,kai\,καί,conjunction,i)sxnai/nein,ἰσχναίνω,verb,ὁ,article,μαλθάσσω,verb,ἕλκω,verb,,,,,,,,,,,,,,,,,,,,,,,,,,,,,,,,,,,,,,,,,,,,,,,,,,,,,,,,,,,,,,,,,,,,,,,,,,,,,,,,,
tou=to,οὗτος,pronoun,de\,δέ,particle,to\,ὁ,article,nou/shma,,,gi/netai,o(/tan,ὅταν,conjunction,xolh\,χολή,noun,kai\,καί,conjunction,fle/gma,φλέγμα,noun,e)s,εἰς,preposition,tou\s,ὁ,article,to/pous,katasthri/ch|,καταστηρίζω,verb,,,,,,,,,,,,,,,,,,,,,,,,,,,,,γίγνομαι,verb,τόπος,noun,,,,,,,,,,,,,,,,,,,,,,,,,,,,,,,,,,,,,,,,,,,,,,,,,,,,,,,,,,,,,,,,,,,,,,,,,,,,,,,,,,,
a)rxou=,ἀρχός,noun,de\,δέ,particle,flegmh/nantos,φλεγμαίνω,verb,diaxri/ein,διαχρίω,verb,tw=|,farma/kw|,φάρμακον,noun,o(/ph,ὅπη,adverb,h(,ὁ,article,*rhti/nh,,,kai\,καί,conjunction,to\,ὁ,article,e)/laion,kai\,καί,conjunction,o(,ὁ,article,khro\s,κήρ,noun,kai\,καί,conjunction,h(,ὁ,article,molu/bdaina,μολύβδαινα,noun,kai\,καί,conjunction,to\,ste/ar,στέαρ,noun,,,,,,,ὁ,article,ἔλαιον,noun,ὁ,article,,,,,,,,,,,,,,,,,,,,,,,,,,,,,,,,,,,,,,,,,,,,,,,,,,,,,,,,,,,,,,,,,,,,,,,,,,,,,,,,,
w(s,ὡς,conjunction,qermo/tata,θερμός,adjective,dier)*rh/qhsan,,,katapla/ttesqai,καταπλάσσω,verb,,,,,,,,,,,,,,,,,,,,,,,,,,,,,,,,,,,,,,,,,,,,,,,,,,,,,,,,,,,,,,,,,,,,,,,,,,,,,,,,,,,,,,,,,,,,,,,,,,,,,,,,,,,,,,,,,,,,,,,,,,,,,,,,,,,,,,,,,,
