word/0/@_form,word/0/lemma/@_entry,word/0/lemma/@_POS,word/1/@_form,word/1/lemma/@_entry,word/1/lemma/@_POS,word/2/@_form,word/2/lemma/@_entry,word/2/lemma/@_POS,word/3/@_form,word/3/lemma/@_entry,word/3/lemma/@_POS,word/4/@_form,word/4/lemma/@_entry,word/4/lemma/@_POS,word/5/@_form,word/5/lemma/@_entry,word/5/lemma/@_POS,word/6/@_form,word/6/lemma/@_entry,word/6/lemma/@_POS,word/7/@_form,word/7/lemma/@_entry,word/7/lemma/@_POS,word/8/@_form,word/8/lemma/@_entry,word/8/lemma/@_POS,word/9/@_form,word/9/lemma/@_entry,word/9/lemma/@_POS,word/10/@_form,word/10/lemma/@_entry,word/10/lemma/@_POS,word/11/@_form,word/11/lemma/@_entry,word/11/lemma/@_POS,word/12/@_form,word/13/@_form,word/13/lemma/@_entry,word/13/lemma/@_POS,word/14/@_form,word/14/lemma/@_entry,word/14/lemma/@_POS,word/15/@_form,word/15/lemma/@_entry,word/15/lemma/@_POS,word/16/@_form,word/16/lemma/@_entry,word/16/lemma/@_POS,word/17/@_form,word/17/lemma/@_entry,word/17/lemma/@_POS,word/18/@_form,word/18/lemma/@_entry,word/18/lemma/@_POS,word/19/@_form,word/19/lemma/@_entry,word/19/lemma/@_POS,word/20/@_form,word/20/lemma/@_entry,word/20/lemma/@_POS,word/12/lemma/@_entry,word/12/lemma/@_POS,word/21/@_form,word/21/lemma/@_entry,word/21/lemma/@_POS,word/22/@_form,word/22/lemma/@_entry,word/22/lemma/@_POS,word/23/@_form,word/23/lemma/@_entry,word/23/lemma/@_POS,word/24/@_form,word/24/lemma/@_entry,word/24/lemma/@_POS,word/25/@_form,word/25/lemma/@_entry,word/25/lemma/@_POS,word/26/@_form,word/27/@_form,word/27/lemma/@_entry,word/27/lemma/@_POS,word/28/@_form,word/28/lemma/@_entry,word/28/lemma/@_POS,word/29/@_form,word/29/lemma/@_entry,word/29/lemma/@_POS,word/30/@_form,word/30/lemma/@_entry,word/30/lemma/@_POS,word/31/@_form,word/31/lemma/@_entry,word/31/lemma/@_POS,word/32/@_form,word/32/lemma/@_entry,word/32/lemma/@_POS,word/33/@_form,word/33/lemma/@_entry,word/33/lemma/@_POS,word/34/@_form,word/34/lemma/@_entry,word/34/lemma/@_POS,word/35/@_form,word/35/lemma/@_entry,word/35/lemma/@_POS,word/36/@_form,word/36/lemma/@_entry,word/36/lemma/@_POS,word/37/@_form,word/37/lemma/@_entry,word/37/lemma/@_POS,word/38/@_form,word/38/lemma/@_entry,word/38/lemma/@_POS,word/39/@_form,word/40/@_form,word/40/lemma/@_entry,word/40/lemma/@_POS,word/41/@_form,word/41/lemma/@_entry,word/41/lemma/@_POS,word/42/@_form,word/42/lemma/@_entry,word/42/lemma/@_POS,word/43/@_form,word/43/lemma/@_entry,word/43/lemma/@_POS,word/44/@_form,word/44/lemma/@_entry,word/44/lemma/@_POS,word/45/@_form,word/45/lemma/@_entry,word/45/lemma/@_POS,word/46/@_form,word/46/lemma/@_entry,word/46/lemma/@_POS,word/47/@_form,word/47/lemma/@_entry,word/47/lemma/@_POS,word/26/lemma/@_entry,word/26/lemma/@_POS,word/39/lemma/@_entry,word/39/lemma/@_POS
h)\,ἠέ,conjunction,o(/moia,ὅμοιος,adjective,h)\,ἠέ,conjunction,a)no/moia,ἀνόμοιος,adjective,e)c,ἐκ,preposition,a)rxh=s,ἀρχή,noun,,,,,,,,,,,,,,,,,,,,,,,,,,,,,,,,,,,,,,,,,,,,,,,,,,,,,,,,,,,,,,,,,,,,,,,,,,,,,,,,,,,,,,,,,,,,,,,,,,,,,,,,,,,,,,,,,,,,,,,,,,,,,,
a)po\,ἀπό,preposition,tw=n,ὁ,article,megi/stwn,μέγας,adverb,a)po\,ἀπό,preposition,tw=n,ὁ,article,*rhi/+stwn,,,a)po\,ἀπό,preposition,tw=n,ὁ,article,pa/nth,πάντῃ,adverb,pa/ntws,πάντως,adverb,gignwskome/nwn,γιγνώσκω,verb,,,,,,,,,,,,,,,,,,,,,,,,,,,,,,,,,,,,,,,,,,,,,,,,,,,,,,,,,,,,,,,,,,,,,,,,,,,,,,,,,,,,,,,,,,,,,,,,,,,,,,,,,,,,,,,
a(,ὁ,article,kai\,καί,conjunction,i)dei=n,εἶδον,verb,kai\,καί,conjunction,qigei=n,θιγγάνω,verb,kai\,καί,conjunction,a)kou=sai,ἀκέω,verb,e)/stin,εἰμί,verb,,,,,,,,,,,,,,,,,,,,,,,,,,,,,,,,,,,,,,,,,,,,,,,,,,,,,,,,,,,,,,,,,,,,,,,,,,,,,,,,,,,,,,,,,,,,,,,,,,,,,,,,,,,,,,,,,,,,,,,,
a(\,ὅς,pronoun,kai\,καί,conjunction,th=|,ὁ,article,o)/yei,ὄψις,noun,kai\,καί,conjunction,th=|,ὁ,article,a(fh=|,ἁφή,noun,kai\,καί,conjunction,th=|,ὁ,article,a)koh=|,ἀκοή,noun,kai\,καί,conjunction,th=|,ὁ,article,*rini\,kai\,καί,conjunction,th=|,ὁ,article,glw/ssh|,γλῶσσα,noun,kai\,καί,conjunction,th=|,ὁ,article,gnw/mh|,γνώμη,noun,e)/stin,εἰμί,verb,ai)sqe/sqai,αἰσθάνομαι,verb,,,,,,,,,,,,,,,,,,,,,,,,,,,,,,,,,,,,,,,,,,,,,,,,,,,,,,,,,,,,,,,,,,,,,,,,,,,,,,,,,,,
a(\,ὅς,pronoun,oi(=s,ὅς,pronoun,gignw/skomen,γιγνώσκω,verb,a(/pasin,ἅπας,adjective,e)/sti,εἰμί,verb,gnw=nai,γιγνώσκω,verb,,,,,,,,,,,,,,,,,,,,,,,,,,,,,,,,,,,,,,,,,,,,,,,,,,,,,,,,,,,,,,,,,,,,,,,,,,,,,,,,,,,,,,,,,,,,,,,,,,,,,,,,,,,,,,,,,,,,,,,,,,,,,,
ta\,ὁ,article,d',δέ,particle,e)s,εἰς,preposition,xeirourgi/hn,χειρουργία,noun,kat',κατά,preposition,i)htrei=on,,,,,,,,,,,,,,,,,,,,,,,,,,,,,,,,,,,,,,,,,,,,,,,,,,,,,,,,,,,,,,,,,,,,,,,,,,,,,,,,,,,,,,,,,,,,,,,,,,,,,,,,,,,,,,,,,,,,,,,,,,,,,,,,
o(,ὁ,article,a)sqene/wn,ἀσθενής,adjective,,,,,,,,,,,,,,,,,,,,,,,,,,,,,,,,,,,,,,,,,,,,,,,,,,,,,,,,,,,,,,,,,,,,,,,,,,,,,,,,,,,,,,,,,,,,,,,,,,,,,,,,,,,,,,,,,,,,,,,,,,,,,,,,,,,,,,,,,,
o(,ὁ,article,drw=n,δράω,verb,,,,,,,,,,,,,,,,,,,,,,,,,,,,,,,,,,,,,,,,,,,,,,,,,,,,,,,,,,,,,,,,,,,,,,,,,,,,,,,,,,,,,,,,,,,,,,,,,,,,,,,,,,,,,,,,,,,,,,,,,,,,,,,,,,,,,,,,,,
oi(,ἕ,pronoun,u(phre/tai,ὑπηρέτης,noun,,,,,,,,,,,,,,,,,,,,,,,,,,,,,,,,,,,,,,,,,,,,,,,,,,,,,,,,,,,,,,,,,,,,,,,,,,,,,,,,,,,,,,,,,,,,,,,,,,,,,,,,,,,,,,,,,,,,,,,,,,,,,,,,,,,,,,,,,,
ta\,ὁ,article,o)/rgana,ὄργανον,noun,,,,,,,,,,,,,,,,,,,,,,,,,,,,,,,,,,,,,,,,,,,,,,,,,,,,,,,,,,,,,,,,,,,,,,,,,,,,,,,,,,,,,,,,,,,,,,,,,,,,,,,,,,,,,,,,,,,,,,,,,,,,,,,,,,,,,,,,,,
to\,ὁ,article,fw=s,φάος,adjective,,,,,,,,,,,,,,,,,,,,,,,,,,,,,,,,,,,,,,,,,,,,,,,,,,,,,,,,,,,,,,,,,,,,,,,,,,,,,,,,,,,,,,,,,,,,,,,,,,,,,,,,,,,,,,,,,,,,,,,,,,,,,,,,,,,,,,,,,,
,,,,,,,,,,,,,,,,,,,,,,,,,,,,,,,,,,,,,,,,,,,,,,,,,,,,,,,,,,,,,,,,,,,,,,,,,,,,,,,,,,,,,,,,,,,,,,,,,,,,,,,,,,,,,,,,,,,,,,,,,,,,,,,,,,,,,,,,,,,,,,,
,,,,,,,,,,,,,,,,,,,,,,,,,,,,,,,,,,,,,,,,,,,,,,,,,,,,,,,,,,,,,,,,,,,,,,,,,,,,,,,,,,,,,,,,,,,,,,,,,,,,,,,,,,,,,,,,,,,,,,,,,,,,,,,,,,,,,,,,,,,,,,,
,,,,,,,,,,,,,,,,,,,,,,,,,,,,,,,,,,,,,,,,,,,,,,,,,,,,,,,,,,,,,,,,,,,,,,,,,,,,,,,,,,,,,,,,,,,,,,,,,,,,,,,,,,,,,,,,,,,,,,,,,,,,,,,,,,,,,,,,,,,,,,,
,,,,,,,,,,,,,,,,,,,,,,,,,,,,,,,,,,,,,,,,,,,,,,,,,,,,,,,,,,,,,,,,,,,,,,,,,,,,,,,,,,,,,,,,,,,,,,,,,,,,,,,,,,,,,,,,,,,,,,,,,,,,,,,,,,,,,,,,,,,,,,,
o(/kou,ὅπου,adverb,to\,ὁ,article,sw=ma,σῶμα,adjective,ta\,ὁ,article,a)/rmena,ἄρμενα,noun,,,,,,,,,,,,,,,,,,,,,,,,,,,,,,,,,,,,,,,,,,,,,,,,,,,,,,,,,,,,,,,,,,,,,,,,,,,,,,,,,,,,,,,,,,,,,,,,,,,,,,,,,,,,,,,,,,,,,,,,,,,,,,,,,
o(,ὁ,article,xro/nos,χρόνος,noun,,,,,,,,,,,,,,,,,,,,,,,,,,,,,,,,,,,,,,,,,,,,,,,,,,,,,,,,,,,,,,,,,,,,,,,,,,,,,,,,,,,,,,,,,,,,,,,,,,,,,,,,,,,,,,,,,,,,,,,,,,,,,,,,,,,,,,,,,,
o(,ὁ,article,tro/pos,τρόπος,noun,,,,,,,,,,,,,,,,,,,,,,,,,,,,,,,,,,,,,,,,,,,,,,,,,,,,,,,,,,,,,,,,,,,,,,,,,,,,,,,,,,,,,,,,,,,,,,,,,,,,,,,,,,,,,,,,,,,,,,,,,,,,,,,,,,,,,,,,,,
o(,ὁ,article,to/pos,τόπος,noun,,,,,,,,,,,,,,,,,,,,,,,,,,,,,,,,,,,,,,,,,,,,,,,,,,,,,,,,,,,,,,,,,,,,,,,,,,,,,,,,,,,,,,,,,,,,,,,,,,,,,,,,,,,,,,,,,,,,,,,,,,,,,,,,,,,,,,,,,,
o(,ὁ,article,drw=n,δράω,verb,h)\,ἠέ,conjunction,kaqh/menos,κάθημαι,verb,h)\,ἠέ,conjunction,e(stew\s,ἵστημι,verb,cumme/trws,σύμμετρος,adverb,pro\s,πρός,preposition,e(wuto\n,ἑαυτοῦ,pronoun,pro\s,πρός,preposition,to\,ὁ,article,xeirizo/menon,,,pro\s,th\n,ὁ,article,au)gh/n,αὐγή,noun,,,,,,,,,,,,,,,,,,,πρός,preposition,,,,,,,,,,,,,,,,,,,,,,,,,,,,,,,,,,,,,,,,,,,,,,,,,,,,,,,,,,,,,,,,,,,,,,,,,,,,,,,,,
*au)ge/hs,Αὐγέης,proper,me\n,μέν,particle,ou)=n,οὖν,particle,du/o,δύο,adjective,ei)/dea,εἶδος,noun,to\,ὁ,article,me\n,μέν,particle,koino\n,κοινός,adjective,to\,ὁ,article,de\,δέ,particle,texnhto/n,τεχνητός,adjective,,,,,,,,,,,,,,,,,,,,,,,,,,,,,,,,,,,,,,,,,,,,,,,,,,,,,,,,,,,,,,,,,,,,,,,,,,,,,,,,,,,,,,,,,,,,,,,,,,,,,,,,,,,,,,,
to\,ὁ,article,me\n,μέν,particle,ou)=n,οὖν,particle,koino\n,κοινός,adjective,ou)k,οὐ,adverb,e)f',ἐπί,preposition,h(mi=n,ἐγώ,pronoun,,,,,,,,,,,,,,,,,,,,,,,,,,,,,,,,,,,,,,,,,,,,,,,,,,,,,,,,,,,,,,,,,,,,,,,,,,,,,,,,,,,,,,,,,,,,,,,,,,,,,,,,,,,,,,,,,,,,,,,,,,,
to\,ὁ,article,de\,δέ,particle,texnhto\n,τεχνητός,adjective,kai\,καί,conjunction,e)f',ἐπί,preposition,h(mi=n,ἐγώ,pronoun,,,,,,,,,,,,,,,,,,,,,,,,,,,,,,,,,,,,,,,,,,,,,,,,,,,,,,,,,,,,,,,,,,,,,,,,,,,,,,,,,,,,,,,,,,,,,,,,,,,,,,,,,,,,,,,,,,,,,,,,,,,,,,
w(=n,ὅς,pronoun,e(kate/rou,ἑκάτερος,adjective,dissai\,δισσός,adjective,xrh/sies,χρῆσις,noun,h)\,ἠέ,conjunction,pro\s,πρός,preposition,au)gh\n,αὐγή,noun,h)\,ἠέ,conjunction,u(p',ὑπό,preposition,au)gh/n,αὐγή,noun,,,,,,,,,,,,,,,,,,,,,,,,,,,,,,,,,,,,,,,,,,,,,,,,,,,,,,,,,,,,,,,,,,,,,,,,,,,,,,,,,,,,,,,,,,,,,,,,,,,,,,,,,,,,,,,,,,
u(p',ὑπό,preposition,au)gh\n,αὐγή,noun,me\n,μέν,particle,ou)=n,οὖν,particle,o)li/gh,ὀλίγος,adjective,te,τε,particle,h(,ὁ,article,xrh=sis,χρῆσις,noun,katafanh/s,καταφανής,adverb,te,τε,particle,h(,ὁ,article,metrio/ths,μετριότης,noun,,,,,,,,,,,,,,,,,,,,,,,,,,,,,,,,,,,,,,,,,,,,,,,,,,,,,,,,,,,,,,,,,,,,,,,,,,,,,,,,,,,,,,,,,,,,,,,,,,,,,,,,,,,,
ta\,ὁ,article,de\,δέ,particle,pro\s,πρός,preposition,au)gh\n,αὐγή,noun,e)k,ἐκ,preposition,tw=n,ὁ,article,pareouse/wn,πάρειμι,verb,e)k,ἐκ,preposition,tw=n,ὁ,article,cumferouse/wn,συμφέρω,verb,au)ge/wn,αὐγή,noun,pro\s,πρός,preposition,th\n,lamprota/thn,λαμπρός,adjective,tre/pein,τρέπω,verb,to\,ὁ,article,xeirizo/menon,,,,,,,,,,,,,,,ὁ,article,,,,,,,,,,,,,,,,,,,,,,,,,,,,,,,,,,,,,,,,,,,,,,,,,,,,,,,,,,,,,,,,,,,,,,,,,,,,,,,,,
plh\n,πλήν,preposition,o(ko/sa,ὁπόσος,adjective,laqei=n,λανθάνω,verb,dei=,δέομαι,verb,h)\,ἠέ,conjunction,o(rh=|n,,,ai)sxro/n,αἰσχρός,adjective,,,,,,,,,,,,,,,,,,,,,,,,,,,,,,,,,,,,,,,,,,,,,,,,,,,,,,,,,,,,,,,,,,,,,,,,,,,,,,,,,,,,,,,,,,,,,,,,,,,,,,,,,,,,,,,,,,,,,,,,,,,
ou(/tw,οὕτως,adverb,de\,δέ,particle,to\,ὁ,article,me\n,μέν,particle,xeirizo/menon,,,e)nanti/on,ἐναντίος,adjective,th=|,ὁ,article,au)gh=|,αὐγή,noun,to\n,ὁ,article,de\,δέ,particle,xeiri/zonta,,,e)nanti/on,ἐναντίον,adverb,tw=|,xeirizome/nw|,,,plh\n,πλήν,preposition,w(/ste,ὥστε,conjunction,mh\,μή,conjunction,e)piskota/zein,ἐπισκοτάζω,verb,,,,,,,,,,τίς,pronoun,,,,,,,,,,,,,,,,,,,,,,,,,,,,,,,,,,,,,,,,,,,,,,,,,,,,,,,,,,,,,,,,,,,,,,,,,,,,,,,,,
ou(/tw,οὕτως,adverb,ga\r,γάρ,particle,a)\n,ἄν,particle,o(,ὁ,article,me\n,μέν,particle,drw=n,δράω,verb,o(rw/|h,ὁράω,verb,to\,ὁ,article,de\,δέ,particle,xeirizo/menon,,,ou)x,οὐ,adverb,o(rw=|to,ὁράω,verb,,,,,,,,,,,,,,,,,,,,,,,,,,,,,,,,,,,,,,,,,,,,,,,,,,,,,,,,,,,,,,,,,,,,,,,,,,,,,,,,,,,,,,,,,,,,,,,,,,,,,,,,,,,,
pro\s,πρός,preposition,e(wuto\n,ἑαυτοῦ,pronoun,de\,δέ,particle,kaqhme/nw|,κάθημαι,verb,po/des,πούς,noun,e)s,εἰς,preposition,th\n,ὁ,article,a)/nw,ἄνω,adverb,i)/cin,,,kat',κατά,preposition,i)qu\,εὐθύς,adjective,gou/nasin,γόνυ,noun,,,,,,,,,,,,,,,,,,,,,,,,,,,,,,,,,,,,,,,,,,,,,,,,,,,,,,,,,,,,,,,,,,,,,,,,,,,,,,,,,,,,,,,,,,,,,,,,,,,,,,,,,,,,
dia/stasin,διάστασις,noun,de\,δέ,particle,o)li/gon,ὀλίγος,adjective,cumbebw=tes,συμβαίνω,verb,,,,,,,,,,,,,,,,,,,,,,,,,,,,,,,,,,,,,,,,,,,,,,,,,,,,,,,,,,,,,,,,,,,,,,,,,,,,,,,,,,,,,,,,,,,,,,,,,,,,,,,,,,,,,,,,,,,,,,,,,,,,,,,,,,,,
gou/nata,γόνυ,noun,de\,δέ,particle,a)nwte/rw,ἀνώτερος,adjective,boubw/nwn,βουβών,noun,smikro\n,μικρός,adjective,dia/stasin,διάστασις,noun,de\,δέ,particle,a)gkw/nwn,ἀγκών,noun,qe/sei,θέσις,noun,kai\,καί,conjunction,paraqe/sei,παράθεσις,noun,,,,,,,,,,,,,,,,,,,,,,,,,,,,,,,,,,,,,,,,,,,,,,,,,,,,,,,,,,,,,,,,,,,,,,,,,,,,,,,,,,,,,,,,,,,,,,,,,,,,,,,,,,,,,,,
i(ma/tion,ἱμάτιον,adjective,eu)stale/ws,εὐσταλής,adjective,eu)krine/ws,εὐκρινής,adverb,i)/sws,ἴσως,adverb,o(moi/ws,ὅμοιος,adjective,a)gkw=sin,ἀγκών,noun,w)/moisin,ὦμος,noun,,,,,,,,,,,,,,,,,,,,,,,,,,,,,,,,,,,,,,,,,,,,,,,,,,,,,,,,,,,,,,,,,,,,,,,,,,,,,,,,,,,,,,,,,,,,,,,,,,,,,,,,,,,,,,,,,,,,,,,,,,,
pro\s,πρός,preposition,de\,δέ,particle,to\,ὁ,article,xeirizo/menon,,,tou=,ὁ,article,me\n,μέν,particle,pro/sw,πρόσω,adverb,kai\,καί,conjunction,e)ggu\s,ἐγγύς,adverb,kai\,καί,conjunction,tou=,ὁ,article,a)/nw,ἄνω,adverb,kai\,tou=,ὁ,article,ka/tw,κάτος,adjective,kai\,καί,conjunction,e)/nqa,ἔνθα,adverb,h)\,ἠέ,conjunction,e)/nqa,ἔνθα,adverb,h)\,ἠέ,conjunction,me/son,μέσος,adjective,καί,conjunction,,,,,,,,,,,,,,,,,,,,,,,,,,,,,,,,,,,,,,,,,,,,,,,,,,,,,,,,,,,,,,,,,,,,,,,,,,,,,,,,,
tou=,ὁ,article,me\n,μέν,particle,pro/sw,πρόσω,adverb,kai\,καί,conjunction,e)ggu\s,ἐγγύς,adverb,o(/rion,ὅριον,noun,a)gkw=nas,ἀγκών,noun,e)s,εἰς,preposition,me\n,μέν,particle,to\,ὁ,article,pro/sqen,πρόσθεν,adverb,gou/nata,γόνυ,noun,mh\,a)mei/bein,ἀμείβω,verb,e)s,εἰς,preposition,de\,δέ,particle,to\,ὁ,article,o)/pisqen,ὄπισθεν,adverb,pleura/s,πλευρά,noun,,,,,,,μή,conjunction,,,,,,,,,,,,,,,,,,,,,,,,,,,,,,,,,,,,,,,,,,,,,,,,,,,,,,,,,,,,,,,,,,,,,,,,,,,,,,,,,
tou=,ὁ,article,de\,δέ,particle,a)/nw,ἄνω,adverb,mh\,μή,conjunction,a)nwte/rw,ἄνω,adverb,mazw=n,μᾶζα,noun,a)/kras,ἄκρος,adjective,xei=ras,χείρ,noun,e)/xein,ἔχω,verb,,,,,,,,,,,,,,,,,,,,,,,,,,,,,,,,,,,,,,,,,,,,,,,,,,,,,,,,,,,,,,,,,,,,,,,,,,,,,,,,,,,,,,,,,,,,,,,,,,,,,,,,,,,,,,,,,,,,,
tou=,ὁ,article,de\,δέ,particle,ka/tw,κάτος,adjective,mh\,μή,conjunction,katwte/rw,κάτος,adjective,h)\,ἠέ,conjunction,w(s,ὡς,conjunction,to\,ὁ,article,sth=qos,στῆθος,noun,e)pi\,ἐπί,preposition,gou/nasin,γόνυ,noun,e)/xonta,ἔχω,verb,e)/xein,a)/kras,ἄκρος,adjective,xei=ras,χείρ,noun,e)ggwni/ous,ἐγγώνιος,adverb,pro\s,πρός,preposition,braxi/onas,βραχίων,adjective,,,,,,,,,,ἔχω,verb,,,,,,,,,,,,,,,,,,,,,,,,,,,,,,,,,,,,,,,,,,,,,,,,,,,,,,,,,,,,,,,,,,,,,,,,,,,,,,,,,
ta\,ὁ,article,me\n,μέν,particle,kata\,κατά,preposition,me/son,μέσος,adjective,ou(/tws,οὕτως,adverb,,,,,,,,,,,,,,,,,,,,,,,,,,,,,,,,,,,,,,,,,,,,,,,,,,,,,,,,,,,,,,,,,,,,,,,,,,,,,,,,,,,,,,,,,,,,,,,,,,,,,,,,,,,,,,,,,,,,,,,,,,,,,,,,,
ta\,ὁ,article,de\,δέ,particle,e)/nqa,ἔνθα,adverb,h)\,ἠέ,conjunction,e)/nqa,ἔνθα,adverb,mh\,μή,conjunction,e)/cw,ἔξω,adverb,th=s,ὁ,article,e)/drhs,δράω,verb,kata\,κατά,preposition,lo/gon,λόγος,noun,de\,δέ,particle,th=s,e)pitrofh=s,ἐπιτροφή,noun,prosballo/menon,προσδαίω,verb,to\,ὁ,article,sw=ma,σῶμα,adjective,kai\,καί,conjunction,tou=,ὁ,article,sw/matos,σῶμα,adjective,to\,ὁ,article,ὁ,article,e)rgazo/menon,ἐργάζομαι,verb,,,,,,,,,,,,,,,,,,,,,,,,,,,,,,,,,,,,,,,,,,,,,,,,,,,,,,,,,,,,,,,,,,,,,,,,,,,,,,
e(stew=ta,ἵστημι,verb,de\,δέ,particle,i)dei=n,εἶδον,verb,me\n,μέν,particle,e)p',ἐπί,preposition,a)mfote/rwn,ἀμφότερος,adjective,bebw=ta,βαίνω,verb,e)c,ἐκ,preposition,i)/sou,ἴσος,adjective,tw=n,ὁ,article,podw=n,πούς,noun,a(/lis,ἅλις,adverb,drh=|n,de\,δέ,particle,tw=|,ὁ,article,e(te/rw|,ἕτερος,adjective,e)pibebw=ta,ἐπιβαίνω,verb,mh\,μή,conjunction,tw=|,ὁ,article,kata\,κατά,preposition,th\n,ὁ,article,,,drw=san,δράω,verb,xei=ra,χείρ,noun,,,,,,,,,,,,,,,,,,,,,,,,,,,,,,,,,,,,,,,,,,,,,,,,,,,,,,,,,,,,,,,,,,,,,,,,,,,
u(/yos,ὕψος,noun,gou/na,,,tos,,,pro\s,πρός,preposition,boubw=nas,βουβών,noun,w(s,ὡς,conjunction,e)n,ἐν,preposition,e(/drh|,ἕδρα,noun,,,,,,,,,,,,,,,,,,,,,,,,,,,,,,,,,,,,,,,,,,,,,,,,,,,,,,,,,,,,,,,,,,,,,,,,,,,,,,,,,,,,,,,,,,,,,,,,,,,,,,,,,,,,,,,,,,,,,,,,
kai\,καί,conjunction,ta\,ὁ,article,a)/lla,ἄλλος,adjective,o(/ria,ὅριον,noun,ta\,ὁ,article,au)ta/,αὐτός,pronoun,,,,,,,,,,,,,,,,,,,,,,,,,,,,,,,,,,,,,,,,,,,,,,,,,,,,,,,,,,,,,,,,,,,,,,,,,,,,,,,,,,,,,,,,,,,,,,,,,,,,,,,,,,,,,,,,,,,,,,,,,,,,,,
o(,ὁ,article,de\,δέ,particle,xeirizo/menos,,,tw=|,ὁ,article,xeiri/zonti,,,tw=|,ὁ,article,a)/llw|,ἄλλος,adjective,tou=,ὁ,article,sw/matos,σῶμα,adjective,me/rei,μέρος,noun,u(phretei/tw,ὑπηρετέω,verb,h)\,ἠέ,conjunction,e(stew\s,h)\,ἠέ,conjunction,kaqh/menos,κάθημαι,verb,h)\,ἠέ,conjunction,kei/menos,κεῖμαι,verb,o(/kws,ὅπως,conjunction,a)\n,ἄν,particle,*rh/i+sta,,,o(\,ὅς,pronoun,ἵστημι,verb,dei=,δέομαι,verb,sxh=ma,σχῆμα,noun,e)/xwn,ἔχω,verb,diatele/h|,διατελέω,verb,fula/sswn,φυλάσσω,verb,u(po/r)*rusin,u(po/stasin,ὑπόστασις,noun,e)/ktreyin,ἔκτρεψις,noun,katanti/an,καταντία,noun,w(s,ὡς,conjunction,o(\,ὅς,pronoun,dei=,δέομαι,verb,sw/zhtai,σώζω,verb,kai\,καί,conjunction,sxh=ma,σχῆμα,noun,kai\,καί,conjunction,ei)=dos,εἶδος,noun,tou=,ὁ,article,xeirizome/nou,e)n,ἐν,preposition,pare/cei,παραξέω,verb,e)n,ἐν,preposition,xeirismw=|,χειρισμός,noun,e)n,ἐν,preposition,th=|,ὁ,article,e)/peita,ἔπειτα,adverb,e(/cei,ἔχω,verb,,,,
o)/nuxas,ὄνυξ,noun,mh/te,μήτε,particle,u(pere/xein,ὑπερέχω,verb,mh/te,μήτε,particle,e)llei/pein,ἐλλείπω,verb,,,,,,,,,,,,,,,,,,,,,,,,,,,,,,,,,,,,,,,,,,,,,,,,,,,,,,,,,,,,,,,,,,,,,,,,,,,,,,,,,,,,,,,,,,,,,,,,,,,,,,,,,,,,,,,,,,,,,,,,,,,,,,,,,
daktu/lwn,δάκτυλος,noun,korufh=|si,κορυφή,noun,xrh=sis,χρῆσις,noun,,,,,,,,,,,,,,,,,,,,,,,,,,,,,,,,,,,,,,,,,,,,,,,,,,,,,,,,,,,,,,,,,,,,,,,,,,,,,,,,,,,,,,,,,,,,,,,,,,,,,,,,,,,,,,,,,,,,,,,,,,,,,,,,,,,,,,,
a)ske/ein,ἀσκέω,verb,daktu/loisi,δάκτυλος,noun,me\n,μέν,particle,a)/krois,ἄκρον,noun,ta\,ὁ,article,plei=sta,πλεῖστος,adjective,lixanw=|,λιχανός,adjective,pro\s,πρός,preposition,me/gan,μέγας,adverb,,,,,,,,,,,,,,,,,,,,,,,,,,,,,,,,,,,,,,,,,,,,,,,,,,,,,,,,,,,,,,,,,,,,,,,,,,,,,,,,,,,,,,,,,,,,,,,,,,,,,,,,,,,,,,,,,,,,,
o(/lh|,ὅλος,adjective,de\,δέ,particle,kataprhnei=,καταπρηνής,adjective,,,,,,,,,,,,,,,,,,,,,,,,,,,,,,,,,,,,,,,,,,,,,,,,,,,,,,,,,,,,,,,,,,,,,,,,,,,,,,,,,,,,,,,,,,,,,,,,,,,,,,,,,,,,,,,,,,,,,,,,,,,,,,,,,,,,,,,
a)mfote/rh|si,ἀμφότερος,adjective,de\,δέ,particle,e)nanti/h|sin,ἐναντίος,adjective,,,,,,,,,,,,,,,,,,,,,,,,,,,,,,,,,,,,,,,,,,,,,,,,,,,,,,,,,,,,,,,,,,,,,,,,,,,,,,,,,,,,,,,,,,,,,,,,,,,,,,,,,,,,,,,,,,,,,,,,,,,,,,,,,,,,,,,
daktu/lwn,δάκτυλος,noun,eu)fui/+a,εὐφυία,noun,me/ga,μέγας,adverb,to\,ὁ,article,e)n,ἐν,preposition,me/sw|,μέσος,adjective,tw=n,ὁ,article,daktu/lwn,δάκτυλος,noun,kai\,καί,conjunction,a)penanti/on,ἀπεναντίος,adjective,to\n,ὁ,article,me/gan,μέγας,adverb,tw=|,lixanw=|,λιχανός,adjective,,,,,,,,,,,,,,,,,,,,,,ὁ,article,,,,,,,,,,,,,,,,,,,,,,,,,,,,,,,,,,,,,,,,,,,,,,,,,,,,,,,,,,,,,,,,,,,,,,,,,,,,,,,,,
nou=sos,νόσος,noun,de\,δέ,particle,di',διά,preposition,h(\n,ὅς,pronoun,kai\,καί,conjunction,bla/ptontai,βλάπτω,verb,oi(=sin,ὅς,pronoun,e)k,ἐκ,preposition,geneh=s,γενεά,noun,h)\,ἠέ,conjunction,e)n,ἐν,preposition,trofh=|,τροφεύς,noun,ei)/qistai,o(,ὁ,article,me/gas,μέγας,adverb,u(po\,ὑπό,preposition,tw=n,ὁ,article,a)/llwn,ἄλλος,adjective,daktu/lwn,δάκτυλος,noun,kate/xesqai,κατέχω,verb,dh=lon,δῆλος,adjective,ἐθίζω,verb,,,,,,,,,,,,,,,,,,,,,,,,,,,,,,,,,,,,,,,,,,,,,,,,,,,,,,,,,,,,,,,,,,,,,,,,,,,,,,,,,
ta\,ὁ,article,e)/rga,ἔργον,noun,pa/nta,πᾶς,adjective,a)ske/ein,ἀσκέω,verb,e(ka,,,te/rh|,,,drw=nta,δράω,verb,kai\,καί,conjunction,a)mfote/rh|sin,ἀμφότερος,adjective,a(/mao(/moiai,,,ga/r,γάρ,particle,ei)sin,εἰμί,verb,a)mfo/terai),stoxazo/menon,στοχάζομαι,verb,a)gaqw=s,ἀγαθός,adjective,kalw=s,καλός,noun,taxe/ws,ταχέως,adverb,a)po/nws,ἄπονος,adjective,eu)ru/qmws,εὔρυθμος,adjective,eu)po/rws,εὔπορος,adjective,,,,ἀμφότερος,adjective,,,,,,,,,,,,,,,,,,,,,,,,,,,,,,,,,,,,,,,,,,,,,,,,,,,,,,,,,,,,,,,,,,,,,,,,,,,,,,,,,
*(/organa,,,me\n,μέν,particle,kai\,καί,conjunction,o(/te,ὅστε,pronoun,kai\,καί,conjunction,oi(/ws,οἵως,adverb,ei)rh/setai,ἔρομαι,verb,,,,,,,,,,,,,,,,,,,,,,,,,,,,,,,,,,,,,,,,,,,,,,,,,,,,,,,,,,,,,,,,,,,,,,,,,,,,,,,,,,,,,,,,,,,,,,,,,,,,,,,,,,,,,,,,,,,,,,,,,,,
o(/kou,ὅπου,adverb,dei=,δέομαι,verb,,,,,,,,,,,,,,,,,,,,,,,,,,,,,,,,,,,,,,,,,,,,,,,,,,,,,,,,,,,,,,,,,,,,,,,,,,,,,,,,,,,,,,,,,,,,,,,,,,,,,,,,,,,,,,,,,,,,,,,,,,,,,,,,,,,,,,,,,,
mh\,μή,conjunction,e)mpodw\n,ἐμποδών,adverb,tw=|,ὁ,article,e)/rgw|,ἔργον,noun,mhde\,μηδέ,particle,e)mpodw\n,ἐμποδών,adverb,th=|,ὁ,article,a)naire/sei,ἀναίρεσις,noun,para\,παρά,preposition,to\,ὁ,article,e)rgazo/menon,ἐργάζομαι,verb,de\,δέ,particle,tou=,sw/matos,σῶμα,adjective,,,,,,,,,,,,,,,,,,,,,,ὁ,article,,,,,,,,,,,,,,,,,,,,,,,,,,,,,,,,,,,,,,,,,,,,,,,,,,,,,,,,,,,,,,,,,,,,,,,,,,,,,,,,,
a)/llos,ἄλλος,adjective,de\,δέ,particle,h)\n,ἐάν,conjunction,didw=|,δίδωμι,verb,e(/toimos,ἑτοῖμος,adjective,o)li/gw|,ὀλίγος,adjective,pro/teron,πρότερος,adjective,e)/stw,εἰμί,verb,poiei/tw,ποιέω,verb,de\,δέ,particle,o(/tan,ὅταν,conjunction,keleu/h|s,κελεύω,verb,,,,,,,,,,,,,,,,,,,,,,,,,,,,,,,,,,,,,,,,,,,,,,,,,,,,,,,,,,,,,,,,,,,,,,,,,,,,,,,,,,,,,,,,,,,,,,,,,,,,,,,,,,,,
oi(,ὁ,article,de\,δέ,particle,peri\,περί,preposition,to\n,ὁ,article,a)sqene/onta,ἀσθενέω,verb,to\,ὁ,article,me\n,μέν,particle,xeirizo/menon,,,parexo/ntwn,παρέχω,verb,w(s,ὡς,conjunction,a)\n,ἄν,particle,dokh=|,δοκάζω,verb,,,,,,,,,,,,,,,,,,,,,,,,,,,,,,,,,,,,,,,,,,,,,,,,,,,,,,,,,,,,,,,,,,,,,,,,,,,,,,,,,,,,,,,,,,,,,,,,,,,,,,,,,,,,
to\,ὁ,article,de\,δέ,particle,a)/llo,ἄλλος,adjective,sw=ma,σῶμα,adjective,katexo/ntwn,κατέχω,verb,w(s,ὡς,conjunction,a)\n,ἄν,particle,a)treme/h|,ἀτρεμέω,verb,sigw=ntes,σιγάω,verb,a)kou/ontes,ἀκούω,verb,tou=,ὁ,article,e)festew=tos,ἐφίστημι,verb,,,,,,,,,,,,,,,,,,,,,,,,,,,,,,,,,,,,,,,,,,,,,,,,,,,,,,,,,,,,,,,,,,,,,,,,,,,,,,,,,,,,,,,,,,,,,,,,,,,,,,,,,,,,
e)pide/sios,ἐπίδεσις,noun,du/o,δύο,adjective,ei)/dea,εἶδος,noun,ei)rgasme/non,ἐργάζομαι,verb,kai\,καί,conjunction,e)rgazo/menon,ἐργάζομαι,verb,,,,,,,,,,,,,,,,,,,,,,,,,,,,,,,,,,,,,,,,,,,,,,,,,,,,,,,,,,,,,,,,,,,,,,,,,,,,,,,,,,,,,,,,,,,,,,,,,,,,,,,,,,,,,,,,,,,,,,,,,,,,,,
e)rgazo/menon,ἐργάζομαι,verb,me\n,μέν,particle,taxe/ws,ταχέως,adverb,a)po/nws,ἄπονος,adjective,eu)po/rws,εὔπορος,adjective,eu)ru/qmws,εὔρυθμος,adjective,,,,,,,,,,,,,,,,,,,,,,,,,,,,,,,,,,,,,,,,,,,,,,,,,,,,,,,,,,,,,,,,,,,,,,,,,,,,,,,,,,,,,,,,,,,,,,,,,,,,,,,,,,,,,,,,,,,,,,,,,,,,,,
taxe/ws,ταχέως,adverb,me\n,μέν,particle,a)nu/ein,ἀνύω,verb,ta\,ὁ,article,e)/rga,ἔργον,noun,,,,,,,,,,,,,,,,,,,,,,,,,,,,,,,,,,,,,,,,,,,,,,,,,,,,,,,,,,,,,,,,,,,,,,,,,,,,,,,,,,,,,,,,,,,,,,,,,,,,,,,,,,,,,,,,,,,,,,,,,,,,,,,,,
a)po/nws,ἄπονος,adjective,de\,δέ,particle,*rhi=di/ws,,,drh=|n,,,,,,,,,,,,,,,,,,,,,,,,,,,,,,,,,,,,,,,,,,,,,,,,,,,,,,,,,,,,,,,,,,,,,,,,,,,,,,,,,,,,,,,,,,,,,,,,,,,,,,,,,,,,,,,,,,,,,,,,,,,,,,,,,,,,,,
eu)po/rws,εὔπορος,adjective,de\,δέ,particle,e)s,εἰς,preposition,pa=n,πᾶς,adjective,e(toi/mws,ἑτοῖμος,adjective,,,,,,,,,,,,,,,,,,,,,,,,,,,,,,,,,,,,,,,,,,,,,,,,,,,,,,,,,,,,,,,,,,,,,,,,,,,,,,,,,,,,,,,,,,,,,,,,,,,,,,,,,,,,,,,,,,,,,,,,,,,,,,,,,
eu)ru/qmws,εὔρυθμος,adjective,de\,δέ,particle,o(rh=sqai,ὁράω,verb,h(de/ws,ἡδέως,adverb,,,,,,,,,,,,,,,,,,,,,,,,,,,,,,,,,,,,,,,,,,,,,,,,,,,,,,,,,,,,,,,,,,,,,,,,,,,,,,,,,,,,,,,,,,,,,,,,,,,,,,,,,,,,,,,,,,,,,,,,,,,,,,,,,,,,
a)/f',ἀπό,preposition,w(=n,ὅς,pronoun,de\,δέ,particle,tau=ta,οὗτος,pronoun,a)skhma/twn,ἄσκημα,noun,ei)/rhtai,ἔρομαι,verb,,,,,,,,,,,,,,,,,,,,,,,,,,,,,,,,,,,,,,,,,,,,,,,,,,,,,,,,,,,,,,,,,,,,,,,,,,,,,,,,,,,,,,,,,,,,,,,,,,,,,,,,,,,,,,,,,,,,,,,,,,,,,,
ei)rgasme/non,ἐργάζομαι,verb,de\,δέ,particle,a)gaqw=s,ἀγαθός,adjective,kalw=s,καλός,noun,,,,,,,,,,,,,,,,,,,,,,,,,,,,,,,,,,,,,,,,,,,,,,,,,,,,,,,,,,,,,,,,,,,,,,,,,,,,,,,,,,,,,,,,,,,,,,,,,,,,,,,,,,,,,,,,,,,,,,,,,,,,,,,,,,,,
kalw=s,καλός,noun,me\n,μέν,particle,a(plw=s,ἁπλῶς,adverb,eu)krine/ws,εὐκρινής,adverb,,,,,,,,,,,,,,,,,,,,,,,,,,,,,,,,,,,,,,,,,,,,,,,,,,,,,,,,,,,,,,,,,,,,,,,,,,,,,,,,,,,,,,,,,,,,,,,,,,,,,,,,,,,,,,,,,,,,,,,,,,,,,,,,,,,,
h)\,ἠέ,conjunction,o(/moia,ὅμοιος,adjective,kai\,καί,conjunction,i)/sa,ἴσος,adjective,i)/sws,ἴσως,adverb,kai\,καί,conjunction,o(moi/ws,ὅμοιος,adjective,,,,,,,,,,,,,,,,,,,,,,,,,,,,,,,,,,,,,,,,,,,,,,,,,,,,,,,,,,,,,,,,,,,,,,,,,,,,,,,,,,,,,,,,,,,,,,,,,,,,,,,,,,,,,,,,,,,,,,,,,,,
h)\,ἠέ,conjunction,a)/nisa,ἄνισος,adverb,kai\,καί,conjunction,a)no/moia,ἀνόμοιος,adjective,a)ni/sws,ἄνισος,adverb,kai\,καί,conjunction,a)nomoi/ws,ἀνόμοιος,adjective,,,,,,,,,,,,,,,,,,,,,,,,,,,,,,,,,,,,,,,,,,,,,,,,,,,,,,,,,,,,,,,,,,,,,,,,,,,,,,,,,,,,,,,,,,,,,,,,,,,,,,,,,,,,,,,,,,,,,,,,,,,
ta\,ὁ,article,de\,δέ,particle,ei)/dea,εἶδος,noun,a(plou=n,ἁπλόος,adjective,ske/parnon,σκέπαρνον,noun,simo\n,σιμός,adjective,o)fqalmo\s,ὀφθαλμός,noun,*ro/mbos,,,kai\,καί,conjunction,h(mi/tomon,ἡμίτομον,noun,,,,,,,,,,,,,,,,,,,,,,,,,,,,,,,,,,,,,,,,,,,,,,,,,,,,,,,,,,,,,,,,,,,,,,,,,,,,,,,,,,,,,,,,,,,,,,,,,,,,,,,,,,,,,,,,,,
a(rmo/zon,ἁρμόζω,verb,to\,ὁ,article,ei)=dos,εἶδος,noun,tw=|,ὁ,article,ei)/dei,εἶδος,noun,kai\,καί,conjunction,tw=|,ὁ,article,pa/qei,πάθος,adjective,tou=,ὁ,article,e)pideome/nou,ἐπιδέω,verb,,,,,,,,,,,,,,,,,,,,,,,,,,,,,,,,,,,,,,,,,,,,,,,,,,,,,,,,,,,,,,,,,,,,,,,,,,,,,,,,,,,,,,,,,,,,,,,,,,,,,,,,,,,,,,,,,,
a)gaqa\,ἀγαθός,adjective,de\,δέ,particle,du/o,δύο,adjective,ei)/dea,εἶδος,noun,tou=,ὁ,article,e)pideome/nou,ἐπιδέω,verb,,,,,,,,,,,,,,,,,,,,,,,,,,,,,,,,,,,,,,,,,,,,,,,,,,,,,,,,,,,,,,,,,,,,,,,,,,,,,,,,,,,,,,,,,,,,,,,,,,,,,,,,,,,,,,,,,,,,,,,,,,,,,,
i)sxu/os,ἰσχύς,noun,me\n,μέν,particle,h)\,ἠέ,conjunction,pie/cei,πιέζω,verb,h)\,ἠέ,conjunction,plh/qei,πλῆθος,noun,o)qoni/wn,ὀθόνιον,noun,,,,,,,,,,,,,,,,,,,,,,,,,,,,,,,,,,,,,,,,,,,,,,,,,,,,,,,,,,,,,,,,,,,,,,,,,,,,,,,,,,,,,,,,,,,,,,,,,,,,,,,,,,,,,,,,,,,,,,,,,,,
to\,ὁ,article,me\n,μέν,particle,ou)=n,οὖν,particle,au(/th,οὗτος,pronoun,h(,ὁ,article,e)pi/desis,ἐπίδεσις,noun,i)h=tai,ἰάομαι,verb,to\,ὁ,article,de\,δέ,particle,toi=sin,τίς,pronoun,i)wme/noisin,ἰάομαι,verb,u(phrete/ei,ὑπηρετέω,verb,,,,,,,,,,,,,,,,,,,,,,,,,,,,,,,,,,,,,,,,,,,,,,,,,,,,,,,,,,,,,,,,,,,,,,,,,,,,,,,,,,,,,,,,,,,,,,,,,,,,,,,,,,,,
e)s,εἰς,preposition,me\n,μέν,particle,ou)=n,οὖν,particle,tau=ta,οὗτος,pronoun,no/mos,νόμος,noun,,,,,,,,,,,,,,,,,,,,,,,,,,,,,,,,,,,,,,,,,,,,,,,,,,,,,,,,,,,,,,,,,,,,,,,,,,,,,,,,,,,,,,,,,,,,,,,,,,,,,,,,,,,,,,,,,,,,,,,,,,,,,,,,,
e)n,ἐν,preposition,de\,δέ,particle,toute/oisi,,,me/gista,μέγας,adverb,e)pide/sios,ἐπίδεσις,noun,,,,,,,,,,,,,,,,,,,,,,,,,,,,,,,,,,,,,,,,,,,,,,,,,,,,,,,,,,,,,,,,,,,,,,,,,,,,,,,,,,,,,,,,,,,,,,,,,,,,,,,,,,,,,,,,,,,,,,,,,,,,,,,,,
pi/ecis,,,me\n,μέν,particle,w(/ste,ὥστε,conjunction,ta\,ὁ,article,e)pikei/mena,ἐπίκειμαι,verb,mh\,μή,conjunction,a)festa/nai,ἀφίστημι,verb,mhde\,μηδέ,particle,e)rhrei=sqai,ἐρείδω,verb,ka/rta,κάρτα,adverb,a)lla\,ἀλλά,adverb,h(rmo/sqai,ἁρμόζω,verb,me\n,proshnagka/sqai,προσαναγκάζω,verb,de\,δέ,particle,mh\,μή,conjunction,h(=sson,ἥσσων,adverb,me\n,μέν,particle,ta\,ὁ,article,e)/sxata,σχέθω,verb,h(/kista,ἥκιστος,adjective,μέν,particle,de\,δέ,particle,ta\,ὁ,article,me/sa,μέση,noun,,,,,,,,,,,,,,,,,,,,,,,,,,,,,,,,,,,,,,,,,,,,,,,,,,,,,,,,,,,,,,,,,,,,,,,,
a(/mma,ἅμμα,noun,kai\,καί,conjunction,*ra/mma,,,nemo/menon,νέμω,verb,mh\,μή,conjunction,ka/tw,κάτος,adjective,a)ll',ἀλλά,adverb,a)/nw,ἄνω,adverb,e)n,ἐν,preposition,pare/cei,παραξέω,verb,kai\,καί,conjunction,sxe/sei,σχέσις,noun,kai\,e)pide/sei,ἐπίδεσις,noun,kai\,καί,conjunction,pie/cei,πιέζω,verb,,,,,,,,,,,,,,,,καί,conjunction,,,,,,,,,,,,,,,,,,,,,,,,,,,,,,,,,,,,,,,,,,,,,,,,,,,,,,,,,,,,,,,,,,,,,,,,,,,,,,,,,
a)rxa\s,ἀρχή,noun,ba/llesqai,βάλλω,verb,mh\,μή,conjunction,e)pi\,ἐπί,preposition,to\,ὁ,article,e(/lkos,ἕλκος,noun,a)ll',ἀλλά,adverb,e)/nqa,ἔνθα,adverb,to\,ὁ,article,a(/mma,ἅμμα,noun,,,,,,,,,,,,,,,,,,,,,,,,,,,,,,,,,,,,,,,,,,,,,,,,,,,,,,,,,,,,,,,,,,,,,,,,,,,,,,,,,,,,,,,,,,,,,,,,,,,,,,,,,,,,,,,,,,
to\,ὁ,article,de\,δέ,particle,a(/mma,ἅμμα,noun,mh/te,μήτε,particle,e)n,ἐν,preposition,tri/bw|,τρίβος,noun,mh/te,μήτε,particle,e)n,ἐν,preposition,e)/rgw|,ἔργον,noun,mh/te,μήτε,particle,e)kei=se,ἐκεῖσε,adverb,o(/kou,ὅπου,adverb,e)neo/n,,,,,,,,,,,,,,,,,,,,,,,,,ἐνεός,adjective,,,,,,,,,,,,,,,,,,,,,,,,,,,,,,,,,,,,,,,,,,,,,,,,,,,,,,,,,,,,,,,,,,,,,,,,,,,,,,,,,
a(/mma,ἅμμα,noun,de\,δέ,particle,kai\,καί,conjunction,*ra/mma,,,malqako\n,μαλθακός,adjective,ou),οὐ,adverb,me/ga,μέγας,adverb,,,,,,,,,,,,,,,,,,,,,,,,,,,,,,,,,,,,,,,,,,,,,,,,,,,,,,,,,,,,,,,,,,,,,,,,,,,,,,,,,,,,,,,,,,,,,,,,,,,,,,,,,,,,,,,,,,,,,,,,,,,
eu)=,εὖ,adverb,ge,γε,particle,mh\n,μήν,particle,gno/nta,γιγνώσκω,verb,o(/ti,ὅστις,pronoun,e)s,εἰς,preposition,ta\,ὁ,article,kata/nth,κατάντης,adjective,kai\,καί,conjunction,a)po/ch,ἀποξέω,verb,feu/gei,φεύγω,verb,pa=s,πᾶς,adjective,e)pi/desmos,oi(=on,οἷος,adjective,kefalh=s,κεφαλή,noun,me\n,μέν,particle,to\,ὁ,article,a)/nw,ἄνω,adverb,knh/mhs,κνήμη,adjective,de\,δέ,particle,to\,ὁ,article,ἐπίδεσμος,noun,ka/tw,κάτος,adjective,,,,,,,,,,,,,,,,,,,,,,,,,,,,,,,,,,,,,,,,,,,,,,,,,,,,,,,,,,,,,,,,,,,,,,,,,,,,,,
e)pidei=n,ἐπεῖδον,verb,decia\,δεξιός,adjective,e)p',ἐπί,preposition,a)ristera\,ἀριστερός,adjective,a)ristera\,ἀριστερός,adjective,e)pi\,ἐπί,preposition,decia\,δεξιός,adjective,plh\n,πλήν,preposition,th=s,ὁ,article,kefalh=s,κεφαλή,noun,,,,,,,,,,,,,,,,,,,,,,,,,,,,,,,,,,,,,,,,,,,,,,,,,,,,,,,,,,,,,,,,,,,,,,,,,,,,,,,,,,,,,,,,,,,,,,,,,,,,,,,,,,,,,,,,,,
tau/thn,οὗτος,pronoun,de\,δέ,particle,kat',κατά,preposition,i)/cin,,,,,,,,,,,,,,,,,,,,,,,,,,,,,,,,,,,,,,,,,,,,,,,,,,,,,,,,,,,,,,,,,,,,,,,,,,,,,,,,,,,,,,,,,,,,,,,,,,,,,,,,,,,,,,,,,,,,,,,,,,,,,,,,,,,,,,
ta\,ὁ,article,d',δέ,particle,u(penanti/a,ὑπεναντίος,adjective,a)po\,ἀπό,preposition,du/o,δύο,adjective,a)rxe/wn,ἀρχή,noun,,,,,,,,,,,,,,,,,,,,,,,,,,,,,,,,,,,,,,,,,,,,,,,,,,,,,,,,,,,,,,,,,,,,,,,,,,,,,,,,,,,,,,,,,,,,,,,,,,,,,,,,,,,,,,,,,,,,,,,,,,,,,,
h)\n,ἐάν,conjunction,de\,δέ,particle,a)po\,ἀπό,preposition,mih=s,εἷς,adjective,e)f',ἐπί,preposition,o(/moion,ὅμοιος,adjective,e)s,εἰς,preposition,to\,ὁ,article,mo/nimon,μόνιμος,adjective,oi(=on,οἷος,adjective,to\,ὁ,article,me/son,μέσος,adjective,th=s,kefalh=s,κεφαλή,noun,h)\,ἠέ,conjunction,o(/,ὅς,pronoun,ti,τις,pronoun,a)/llo,ἄλλος,adjective,toiou=ton,τοιοῦτος,adjective,,,,,,,ὁ,article,,,,,,,,,,,,,,,,,,,,,,,,,,,,,,,,,,,,,,,,,,,,,,,,,,,,,,,,,,,,,,,,,,,,,,,,,,,,,,,,,
ta\,ὁ,article,de\,δέ,particle,kineu/mena,κινέω,verb,oi(=on,οἷος,adjective,a)/rqra,ἄρθρον,noun,o(/ph,ὅπη,adverb,me\n,μέν,particle,cugka/mptetai,συγκάμπτω,verb,w(s,ὡς,conjunction,h(/kista,ἥκιστος,adjective,kai\,καί,conjunction,eu)stale/stata,εὐσταλής,adjective,periba/llein,oi(=on,οἷος,adjective,i)gnu/h|,ἰγνύα,noun,,,,,,,,,,,,,,,,,,,περιβάλλω,verb,,,,,,,,,,,,,,,,,,,,,,,,,,,,,,,,,,,,,,,,,,,,,,,,,,,,,,,,,,,,,,,,,,,,,,,,,,,,,,,,,
o(/ph,ὅπη,adverb,de\,δέ,particle,peritei/netai,περιτείνω,verb,a(pla=,ἁπλόος,adjective,te,τε,particle,kai\,καί,conjunction,plate/a,πλατύς,adjective,oi(=on,οἷος,adjective,mu/lh|,μύλη,noun,,,,,,,,,,,,,,,,,,,,,,,,,,,,,,,,,,,,,,,,,,,,,,,,,,,,,,,,,,,,,,,,,,,,,,,,,,,,,,,,,,,,,,,,,,,,,,,,,,,,,,,,,,,,,,,,,,,,,
prosperiba/llein,προσπεριβάλλω,verb,de\,δέ,particle,katalh/yios,κατάληψις,noun,me\n,μέν,particle,tw=n,ὁ,article,peri\,περί,preposition,tau=ta,οὗτος,pronoun,ei(/neka,ἕνεκα,preposition,a)nalh/yios,ἀνάληψις,noun,de\,δέ,particle,tou=,ὁ,article,cu/mpantos,σύμπας,adjective,e)pide/smou,e)n,ἐν,preposition,toi=sin,τίς,pronoun,a)treme/ousi,ἀτρεμέω,verb,kai\,καί,conjunction,laparwte/roisi,λαπαρός,adjective,tou=,ὁ,article,sw/matos,σῶμα,adjective,oi(=on,οἷος,adjective,ἐπίδεσμον,noun,to\,ὁ,article,a)/nw,ἄνω,adverb,kai\,καί,conjunction,to\,ὁ,article,ka/tw,κάτος,adjective,tou=,gou/natos,γόνυ,noun,,,,,,,,,,,,,,,,,,,,,,,,,,,,,,,,,,,,,,,,,,,,,,,,,,,,,,,,,,,ὁ,article,,
o(mologe/ei,ὁμολογέω,verb,de\,δέ,particle,w)/mou,ὦμος,noun,me\n,μέν,particle,h(,ὁ,article,peri\,περί,preposition,th\n,ὁ,article,e(te/rhn,ἕτερος,adjective,masxa/lhn,μασχάλη,adjective,peribolh\,περιβολή,noun,boubw=nos,βουβών,noun,de\,δέ,particle,h(,peri\,περί,preposition,to\n,ὁ,article,e(/teron,ἕτερος,adjective,enew=na,,,kai\,καί,conjunction,knh/mhs,κνήμη,adjective,h(,ὁ,article,u(pe\r,ὑπέρ,preposition,ὁ,article,gastroknhmi/hs,γαστροκνημία,noun,,,,,,,,,,,,,,,,,,,,,,,,,,,,,,,,,,,,,,,,,,,,,,,,,,,,,,,,,,,,,,,,,,,,,,,,,,,,,,
*(oko/soisi,ὁπόσος,adjective,me\n,μέν,particle,a)/nw,ἄνω,adverb,h(,ὁ,article,fugh\,φυγή,noun,ka/twqen,κάτωθεν,adverb,h(,ὁ,article,a)nti/lhyis,ἀντίληψις,noun,,,,,,,,,,,,,,,,,,,,,,,,,,,,,,,,,,,,,,,,,,,,,,,,,,,,,,,,,,,,,,,,,,,,,,,,,,,,,,,,,,,,,,,,,,,,,,,,,,,,,,,,,,,,,,,,,,,,,,,,
oi(=si,ὅς,pronoun,de\,δέ,particle,ka/tw,κάτος,adjective,tou)nanti/on,ἐναντίον,adverb,,,,,,,,,,,,,,,,,,,,,,,,,,,,,,,,,,,,,,,,,,,,,,,,,,,,,,,,,,,,,,,,,,,,,,,,,,,,,,,,,,,,,,,,,,,,,,,,,,,,,,,,,,,,,,,,,,,,,,,,,,,,,,,,,,,,
oi(=si,ὅς,pronoun,de\,δέ,particle,mh\,μή,conjunction,e)/sti,εἰμί,verb,oi(=on,οἷος,adjective,kefalh=|,κεφαλή,noun,toute/wn,οὗτος,pronoun,e)n,ἐν,preposition,tw=|,ὁ,article,o(malwta/tw|,ὁμαλός,adjective,ta\s,ὁ,article,katalh/yias,κατάληψις,noun,poie/esqai,kai\,καί,conjunction,h(/kista,ἥκιστος,adjective,locw=|,λοξός,adjective,tw=|,ὁ,article,e)pide/smw|,ἐπίδεσμον,noun,xre/esqai,χράομαι,verb,w(s,ὡς,conjunction,to\,ὁ,article,ποιέω,verb,monimw/taton,μόνιμος,adjective,u(/staton,ὕστατος,adjective,periblhqe\n,περιβάλλω,verb,ta\,ὁ,article,planwde/stata,πλανώδης,adjective,kate/xh|,,,,,,,,,,,,,,,,,,,,,,,,,,,,,,,,,,,,,,,,,,,,,,,,,,,,,,,,,,,,,,κατέχω,verb,,
*(oko/soisi,ὁπόσος,adjective,de\,δέ,particle,toi=sin,τίς,pronoun,o)qoni/oisi,ὀθόνιον,noun,mh\,μή,conjunction,eu)katalh/ptws,εὐκατάληπτος,adjective,mhde\,μηδέ,particle,eu)analh/ptws,εὐανάληπτος,adjective,e)/xei,ἔχω,verb,*ra/mmasi,,,ta\s,ὁ,article,a)nalh/yias,ἀνάληψις,noun,poie/esqai,e)k,ἐκ,preposition,katabolh=s,καταβολεύς,noun,h)\,ἠέ,conjunction,cur)*rafh=s,,,,,,,,,,,,,,,ποιέω,verb,,,,,,,,,,,,,,,,,,,,,,,,,,,,,,,,,,,,,,,,,,,,,,,,,,,,,,,,,,,,,,,,,,,,,,,,,,,,,,,,,
e)pide/smata,ἐπίδεσμα,noun,kaqara\,καθαρός,adjective,kou=fa,κοῦφος,adjective,malqaka\,μαλθακός,adjective,lepta/,λεπτός,adjective,,,,,,,,,,,,,,,,,,,,,,,,,,,,,,,,,,,,,,,,,,,,,,,,,,,,,,,,,,,,,,,,,,,,,,,,,,,,,,,,,,,,,,,,,,,,,,,,,,,,,,,,,,,,,,,,,,,,,,,,,,,,,,,,,
*(eli/ssein,ἑλίσσω,verb,a)mfote/rh|sin,ἀμφότερος,adjective,a(/ma,ἅμα,adverb,kai\,καί,conjunction,e(kate/rh|,ἑκάτερος,adjective,xwri\s,χωρίς,adverb,a)ske/ein,ἀσκέω,verb,,,,,,,,,,,,,,,,,,,,,,,,,,,,,,,,,,,,,,,,,,,,,,,,,,,,,,,,,,,,,,,,,,,,,,,,,,,,,,,,,,,,,,,,,,,,,,,,,,,,,,,,,,,,,,,,,,,,,,,,,,,
th=|,ὁ,article,prepou/sh|,πρέπω,verb,de\,δέ,particle,e)s,εἰς,preposition,ta\,ὁ,article,pla/th,πλάτη,noun,kai\,καί,conjunction,ta\,ὁ,article,pa/xh,πάχος,adjective,tw=n,ὁ,article,mori/wn,μόριον,noun,tekmairo/menon,τεκμαίρομαι,verb,xre/esqai,,,,,,,,,,,,,,,,,,,,,,,,,χράομαι,verb,,,,,,,,,,,,,,,,,,,,,,,,,,,,,,,,,,,,,,,,,,,,,,,,,,,,,,,,,,,,,,,,,,,,,,,,,,,,,,,,,
*(eli/cios,,,kefalai\,κεφαλή,noun,sklhrai\,σκληρός,adjective,o(malai\,ὁμαλός,adjective,eu)krine/es,εὐκρινής,adverb,,,,,,,,,,,,,,,,,,,,,,,,,,,,,,,,,,,,,,,,,,,,,,,,,,,,,,,,,,,,,,,,,,,,,,,,,,,,,,,,,,,,,,,,,,,,,,,,,,,,,,,,,,,,,,,,,,,,,,,,,,,,,,,,,
ta\,ὁ,article,de\,δέ,particle,dh\,δή,particle,me/llonta,μέλλω,verb,a)popi/ptein,ἀποπίπτω,verb,kaki/w,κακός,adjective,taxe/ws,ταχέως,adverb,a)popeso/ntwn,ἀποπίπτω,verb,,,,,,,,,,,,,,,,,,,,,,,,,,,,,,,,,,,,,,,,,,,,,,,,,,,,,,,,,,,,,,,,,,,,,,,,,,,,,,,,,,,,,,,,,,,,,,,,,,,,,,,,,,,,,,,,,,,,,,,,
ta\,ὁ,article,de\,δέ,particle,w(s,ὡς,conjunction,mh/te,μήτε,particle,pie/zein,πιέζω,verb,mh/te,μήτε,particle,a)popi/ptein,ἀποπίπτω,verb,,,,,,,,,,,,,,,,,,,,,,,,,,,,,,,,,,,,,,,,,,,,,,,,,,,,,,,,,,,,,,,,,,,,,,,,,,,,,,,,,,,,,,,,,,,,,,,,,,,,,,,,,,,,,,,,,,,,,,,,,,,
w(=n,ὅς,pronoun,de\,δέ,particle,e)/xetai,ἔχω,verb,h)\,ἠέ,conjunction,e)pi/desis,ἐπίδεσις,noun,h)\,ἠέ,conjunction,u(po/desis,ὑπόδεσις,noun,h)\,ἠέ,conjunction,a)mfo/tera,ἀμφότερος,adjective,,,,,,,,,,,,,,,,,,,,,,,,,,,,,,,,,,,,,,,,,,,,,,,,,,,,,,,,,,,,,,,,,,,,,,,,,,,,,,,,,,,,,,,,,,,,,,,,,,,,,,,,,,,,,,,,,,,,,
u(po/desis,ὑπόδεσις,noun,me\n,μέν,particle,ai)ti/h,αἰτία,noun,w(/ste,ὥστε,conjunction,h)\,ἠέ,conjunction,a)festew=ta,ἀφίστημι,verb,prostei=lai,προστέλλω,verb,h)\,ἠέ,conjunction,e)kpeptame/na,ἐκπετάννυμι,verb,sustei=lai,συστέλλω,verb,h)\,ἠέ,conjunction,cunestalme/na,συστέλλω,verb,diastei=lai,h)\,ἠέ,conjunction,diestramme/na,διαστρέφω,verb,diorqw=sai,διορθόω,verb,h)\,ἠέ,conjunction,ta)nanti/a,ἐναντίος,adjective,,,,,,,,,,διαστέλλω,verb,,,,,,,,,,,,,,,,,,,,,,,,,,,,,,,,,,,,,,,,,,,,,,,,,,,,,,,,,,,,,,,,,,,,,,,,,,,,,,,,,
paraskeua/zein,παρασκευάζω,verb,de\,δέ,particle,o)qo/nia,ὀθόνιον,noun,kou=fa,κοῦφος,adjective,lepta\,λεπτόν,noun,malqaka\,μαλθακός,adjective,kaqara\,καθαρός,adjective,plate/a,πλατύς,adjective,mh\,μή,conjunction,e)/xonta,ἔχω,verb,cur)*rafa\s,,,mhd',μηδέ,particle,e)casti/as,kai\,καί,conjunction,u(gie/a,ὑγιής,adverb,w(/ste,ὥστε,conjunction,ta/nusin,τάνυσις,noun,fe/rein,φέρω,verb,kai\,καί,conjunction,o)li/gw|,ὀλίγος,adjective,kre/ssw,κρείσσων,verb,,,mh\,μή,conjunction,chra\,ξηρός,adjective,a)ll',ἀλλά,adverb,e)/gxuma,ἔγχυμος,adjective,xumw=|,χυμός,noun,w(=|,e(/kasta,ἕκαστος,adjective,cu/ntrofa,σύντροφος,adjective,,,,,,,,,,,,,,,,,,,,,,,,,,,,,,,,,,,,,,,,,,,,,,,,,,,,,,,,ὅς,pronoun,,
a)festew=ta,ἀφίστημι,verb,me\n,μέν,particle,w(/ste,ὥστε,conjunction,ta\,ὁ,article,mete/wra,μετέωρος,adjective,th=s,ὁ,article,e(/drhs,ἕδρα,noun,yau/ein,ψαύω,verb,me\n,μέν,particle,pie/zein,πιέζω,verb,de\,δέ,particle,mh/,μή,conjunction,,,,,,,,,,,,,,,,,,,,,,,,,,,,,,,,,,,,,,,,,,,,,,,,,,,,,,,,,,,,,,,,,,,,,,,,,,,,,,,,,,,,,,,,,,,,,,,,,,,,,,,,,,,,
a)/rxesqai,ἄρχω,verb,de\,δέ,particle,e)k,ἐκ,preposition,tou=,ὁ,article,u(gie/os,ὑγιής,adverb,teleuta=|n,τελευτάω,verb,de\,δέ,particle,pro\s,πρός,preposition,to\,ὁ,article,e(/lkos,ἕλκος,noun,w(s,ὡς,conjunction,to\,ὁ,article,me\n,u(peo\n,ὕπειμι,verb,e)caqe/lghtai,,,e(/teron,ἕτερος,adjective,de\,δέ,particle,mh\,μή,conjunction,e)piculle/ghtai,συλλέγω,verb,,,,,,,μέν,particle,,,,,,,,,,,,,,,,,,,,,,,,,,,,,,,,,,,,,,,,,,,,,,,,,,,,,,,,,,,,,,,,,,,,,,,,,,,,,,,,,
e)pidei=n,ἐπεῖδον,verb,ta\,ὁ,article,me\n,μέν,particle,o)rqa\,ὀρθός,adjective,e)s,εἰς,preposition,o)rqo\n,ὀρθός,adjective,ta\,ὁ,article,de\,δέ,particle,loca\,λοξός,adjective,locw=s,λοξός,adjective,e)n,ἐν,preposition,sxh/mati,σχῆμα,noun,a)po/nw|,e)n,ἐν,preposition,w(=|,ὅς,pronoun,mh/te,μήτε,particle,a)po/sfigcis,ἀπόσφιγξις,noun,mh/te,μήτε,particle,a)po/stasis,ἀπόστασις,noun,e)/stai,εἰμί,verb,tis,τις,pronoun,ἄπονος,adjective,e)c,ἐκ,preposition,ou(=,ἕ,pronoun,o(/tan,ὅταν,conjunction,metalla/ssh|,μεταλλάσσω,verb,h)\,ἠέ,conjunction,e)s,a)na/lhyin,ἀνάληψις,noun,h)\,ἠέ,conjunction,e)s,εἰς,preposition,qe/sin,θέσις,noun,ou),οὐ,adverb,metalla/cousin,μεταλήγω,verb,a)ll',ἀλλά,adverb,o(/moia,ὅμοιος,adjective,tau=ta,οὗτος,pronoun,e(/cou/si,ἔχω,verb,mu/es,μῦς,noun,fle/bes,φλέψ,noun,neu=ra,o)ste/a,ὀστέον,noun,h(=|,ὅς,pronoun,ma/lista,μάλιστα,adverb,eu)/qeta,εὔθετος,adjective,kai\,καί,conjunction,eu)/sxeta,εὔσχετος,adjective,,,,,,,εἰς,preposition,νεῦρον,noun
a)nalela/fqai,ἀναλαμβάνω,verb,de\,δέ,particle,h)\,ἠέ,conjunction,ke/esqai,κέω,verb,e)n,ἐν,preposition,sxh/mati,σχῆμα,noun,a)po/nw|,ἄπονος,adjective,tw=|,ὁ,article,kata\,κατά,preposition,fu/sin,φύσις,noun,,,,,,,,,,,,,,,,,,,,,,,,,,,,,,,,,,,,,,,,,,,,,,,,,,,,,,,,,,,,,,,,,,,,,,,,,,,,,,,,,,,,,,,,,,,,,,,,,,,,,,,,,,,,,,,,,,
w(=n,ὅς,pronoun,de\,δέ,particle,a)\n,ἄν,particle,a)posth=|,ἀφίστημι,verb,ta)nanti/a,ἐναντίος,adjective,,,,,,,,,,,,,,,,,,,,,,,,,,,,,,,,,,,,,,,,,,,,,,,,,,,,,,,,,,,,,,,,,,,,,,,,,,,,,,,,,,,,,,,,,,,,,,,,,,,,,,,,,,,,,,,,,,,,,,,,,,,,,,,,,
w(=n,ὅς,pronoun,de\,δέ,particle,e)kpeptame/na,ἐκπετάννυμι,verb,custei=lai,συστέλλω,verb,ta\,ὁ,article,me\n,μέν,particle,a)/lla,ἄλλος,adjective,kata\,κατά,preposition,ta\,ὁ,article,au)ta\,αὐτός,pronoun,e)k,ἐκ,preposition,pollou=,πολύς,adjective,de/,tinos,τις,pronoun,dei=,δέομαι,verb,th\n,ὁ,article,cunagwgh\n,συναγωγή,noun,kai\,καί,conjunction,e)k,ἐκ,preposition,prosagwgh=s,προσαγωγεύς,noun,th\n,ὁ,article,δέ,particle,pi/ecin,,,to\,ὁ,article,prw=ton,πρότερος,adjective,h(/kista,ἥκιστος,adjective,e)/peita,ἔπειτα,adverb,e)pi\,ma=llon,μᾶλλον,adverb,o(/rion,ὅριον,noun,tou=,ὁ,article,ma/lista,μάλιστα,adverb,to\,ὁ,article,cumyau/ein,συμψαύω,verb,,,,,,,,,,,,,,,,,,,,,,,,,,,,,,,,,,,,,,,,,,,,ἐπί,preposition,,
w(=n,ὅς,pronoun,de\,δέ,particle,cunestalme/na,συστέλλω,verb,diastei=lai,διαστέλλω,verb,cu\n,σύν,preposition,me\n,μέν,particle,flegmonh=|,φλεγμονή,noun,ta)nanti/a,ἐναντίος,adjective,,,,,,,,,,,,,,,,,,,,,,,,,,,,,,,,,,,,,,,,,,,,,,,,,,,,,,,,,,,,,,,,,,,,,,,,,,,,,,,,,,,,,,,,,,,,,,,,,,,,,,,,,,,,,,,,,,,,,,,,
a)/neu,ἄνευ,preposition,de\,δέ,particle,tau/ths,οὗτος,pronoun,paraskeuh=|,παρασκευή,noun,me\n,μέν,particle,th=|,ὁ,article,au)th=|,αὐτός,pronoun,e)pide/sei,ἐπίδεσις,noun,de\,δέ,particle,e)nanti/h|,ἐναντίος,adjective,,,,,,,,,,,,,,,,,,,,,,,,,,,,,,,,,,,,,,,,,,,,,,,,,,,,,,,,,,,,,,,,,,,,,,,,,,,,,,,,,,,,,,,,,,,,,,,,,,,,,,,,,,,,,,,,,,
diestramme/na,διαστρέφω,verb,de\,δέ,particle,diorqw=sai,διορθόω,verb,ta\,ὁ,article,me\n,μέν,particle,a)/lla,ἄλλος,adjective,kata\,κατά,preposition,ta\,ὁ,article,au)ta/,αὐτός,pronoun,,,,,,,,,,,,,,,,,,,,,,,,,,,,,,,,,,,,,,,,,,,,,,,,,,,,,,,,,,,,,,,,,,,,,,,,,,,,,,,,,,,,,,,,,,,,,,,,,,,,,,,,,,,,,,,,,,,,,
dei=,δέομαι,verb,de\,δέ,particle,ta\,ὁ,article,me\n,μέν,particle,a)pelhluqo/ta,ἀπέρχομαι,verb,e)pagagei=n,ἐπάγω,verb,u(pode/sei,ὑπόδεσις,noun,parakollh/sei,παρακόλλησις,noun,a)nalh/yei,ἀνάληψις,noun,,,,,,,,,,,,,,,,,,,,,,,,,,,,,,,,,,,,,,,,,,,,,,,,,,,,,,,,,,,,,,,,,,,,,,,,,,,,,,,,,,,,,,,,,,,,,,,,,,,,,,,,,,,,,,,,,,,,,
ta\,ὁ,article,de\,δέ,particle,e)nanti/a,ἐναντίος,adjective,e)nanti/ws,ἐναντίος,adjective,,,,,,,,,,,,,,,,,,,,,,,,,,,,,,,,,,,,,,,,,,,,,,,,,,,,,,,,,,,,,,,,,,,,,,,,,,,,,,,,,,,,,,,,,,,,,,,,,,,,,,,,,,,,,,,,,,,,,,,,,,,,,,,,,,,,
kath/gmasi,,,de\,δέ,particle,splhnw=n,σπλήν,noun,mh/kea,μῆκος,adjective,pla/tea,πλάτης,noun,pa/xea,πάχος,adjective,plh/qea,πλῆθος,noun,,,,,,,,,,,,,,,,,,,,,,,,,,,,,,,,,,,,,,,,,,,,,,,,,,,,,,,,,,,,,,,,,,,,,,,,,,,,,,,,,,,,,,,,,,,,,,,,,,,,,,,,,,,,,,,,,,,,,,,,,,,
mh=kos,μῆκος,adjective,o(/sh,ὅσος,adjective,h(,ὁ,article,e)pi/desis,ἐπίδεσις,noun,,,,,,,,,,,,,,,,,,,,,,,,,,,,,,,,,,,,,,,,,,,,,,,,,,,,,,,,,,,,,,,,,,,,,,,,,,,,,,,,,,,,,,,,,,,,,,,,,,,,,,,,,,,,,,,,,,,,,,,,,,,,,,,,,,,,
pla/tos,πλάτος,adjective,triw=n,τρεῖς,noun,h)\,ἠέ,conjunction,tessa/rwn,τέσσαρες,noun,daktu/lwn,δάκτυλος,noun,,,,,,,,,,,,,,,,,,,,,,,,,,,,,,,,,,,,,,,,,,,,,,,,,,,,,,,,,,,,,,,,,,,,,,,,,,,,,,,,,,,,,,,,,,,,,,,,,,,,,,,,,,,,,,,,,,,,,,,,,,,,,,,,,
pa/xos,πάχος,adjective,triptu/xous,τρίπτυχος,adjective,h)\,ἠέ,conjunction,tetraptu/xous,τετράπτυχος,adjective,,,,,,,,,,,,,,,,,,,,,,,,,,,,,,,,,,,,,,,,,,,,,,,,,,,,,,,,,,,,,,,,,,,,,,,,,,,,,,,,,,,,,,,,,,,,,,,,,,,,,,,,,,,,,,,,,,,,,,,,,,,,,,,,,,,,
plh=qos,πλῆθος,noun,kukleu=ntas,κυκλέω,verb,mh\,μή,conjunction,u(perba/llein,ὑπερβάλλω,verb,mhde\,μηδέ,particle,e)llei/pein,ἐλλείπω,verb,,,,,,,,,,,,,,,,,,,,,,,,,,,,,,,,,,,,,,,,,,,,,,,,,,,,,,,,,,,,,,,,,,,,,,,,,,,,,,,,,,,,,,,,,,,,,,,,,,,,,,,,,,,,,,,,,,,,,,,,,,,,,,
oi(=si,ὅς,pronoun,de\,δέ,particle,e)s,εἰς,preposition,dio/rqwsin,διόρθωσις,noun,mh=kos,μῆκος,adjective,kukleu=nta,κυκλέω,verb,,,,,,,,,,,,,,,,,,,,,,,,,,,,,,,,,,,,,,,,,,,,,,,,,,,,,,,,,,,,,,,,,,,,,,,,,,,,,,,,,,,,,,,,,,,,,,,,,,,,,,,,,,,,,,,,,,,,,,,,,,,,,,
pla/tos,πλάτος,adjective,kai\,καί,conjunction,pa/xos,πάχος,adjective,th=|,ὁ,article,e)ndei/h|,ἔνδεια,noun,tekmai/resqai,τεκμαίρομαι,verb,mh\,μή,conjunction,a)qro/a,ἀθρόος,adjective,plhreu=nta,πληρόω,verb,,,,,,,,,,,,,,,,,,,,,,,,,,,,,,,,,,,,,,,,,,,,,,,,,,,,,,,,,,,,,,,,,,,,,,,,,,,,,,,,,,,,,,,,,,,,,,,,,,,,,,,,,,,,,,,,,,,,,
tw=n,ὁ,article,de\,δέ,particle,o)qoni/wn,ὀθόνιον,noun,u(podesmi/des,ὑποδεσμίς,noun,ei)si\,εἰμί,verb,du/o,δύο,adjective,,,,,,,,,,,,,,,,,,,,,,,,,,,,,,,,,,,,,,,,,,,,,,,,,,,,,,,,,,,,,,,,,,,,,,,,,,,,,,,,,,,,,,,,,,,,,,,,,,,,,,,,,,,,,,,,,,,,,,,,,,,,,,
th=|,ὁ,article,prw/th|,πρότερος,adjective,e)k,ἐκ,preposition,tou=,ὁ,article,si/neos,σίνος,noun,e)s,εἰς,preposition,to\,ὁ,article,a)/nw,ἄνω,adverb,teleutw/sh|,τελευτάω,verb,th=|,ὁ,article,de\,δέ,particle,deute/rh|,δεύτερος,adjective,e)k,tou=,ὁ,article,si/neos,σίνος,noun,e)s,εἰς,preposition,to\,ὁ,article,ka/tw,κάτος,adjective,e)k,ἐκ,preposition,tou=,ὁ,article,ka/tw,κάτος,adjective,ἐκ,preposition,e)s,εἰς,preposition,to\,ὁ,article,a)/nw,ἄνω,adverb,teleutw/sh|,τελευτάω,verb,,,,,,,,,,,,,,,,,,,,,,,,,,,,,,,,,,,,,,,,,,,,,,,,,,,,,,,,,,,,,,,,,,,,,
ta\,ὁ,article,kata\,κατά,preposition,to\,ὁ,article,si/nos,σίνος,noun,pie/zein,πιέζω,verb,ma/lista,μάλιστα,adverb,h(/kista,ἥκιστος,adjective,ta\,ὁ,article,a)/kra,ἄκρον,noun,ta\,ὁ,article,de\,δέ,particle,a)/llakata\,,,lo/gon,,,,,,,,,,,,,,,,,,,,,,,,,λόγος,noun,,,,,,,,,,,,,,,,,,,,,,,,,,,,,,,,,,,,,,,,,,,,,,,,,,,,,,,,,,,,,,,,,,,,,,,,,,,,,,,,,
h(,ὁ,article,de\,δέ,particle,e)pi/desis,ἐπίδεσις,noun,poulu\,πολύς,adjective,tou=,ὁ,article,u(gie/os,ὑγιής,adverb,proslambane/tw,προσλαμβάνω,verb,,,,,,,,,,,,,,,,,,,,,,,,,,,,,,,,,,,,,,,,,,,,,,,,,,,,,,,,,,,,,,,,,,,,,,,,,,,,,,,,,,,,,,,,,,,,,,,,,,,,,,,,,,,,,,,,,,,,,,,,,,,
*)epide/smwn,ἐπίδεσμον,noun,de\,δέ,particle,plh=qos,πλῆθος,noun,mh=kos,μῆκος,adjective,pla/tos,πλάτος,adjective,,,,,,,,,,,,,,,,,,,,,,,,,,,,,,,,,,,,,,,,,,,,,,,,,,,,,,,,,,,,,,,,,,,,,,,,,,,,,,,,,,,,,,,,,,,,,,,,,,,,,,,,,,,,,,,,,,,,,,,,,,,,,,,,,
plh=qos,πλῆθος,noun,me\n,μέν,particle,mh\,μή,conjunction,h(ssa=sqai,ἡσσάομαι,verb,tou=,ὁ,article,si/neos,σίνος,noun,mhde\,μηδέ,particle,na/rqhcin,νάρθηξ,noun,e)ne/reisin,ἐνέρεισις,noun,ei)=nai,εἰμί,verb,mhde\,μηδέ,particle,a)/xqos,ἄχθος,noun,mhde\,peri/r)*reyin,,,mhde\,μηδέ,particle,e)kqh/lunsin,ἐκθήλυνσις,noun,,,,,,,,,,,,,,,,μηδέ,particle,,,,,,,,,,,,,,,,,,,,,,,,,,,,,,,,,,,,,,,,,,,,,,,,,,,,,,,,,,,,,,,,,,,,,,,,,,,,,,,,,
mh=kos,μῆκος,adjective,de\,δέ,particle,kai\,καί,conjunction,pla/tos,πλάτος,adjective,triw=n,τρεῖς,noun,h)\,ἠέ,conjunction,tessa/rwn,τέσσαρες,noun,h)\,ἠέ,conjunction,pe/nte,πέντε,adverb,h)\,ἠέ,conjunction,e(\c,ἕξ,adjective,ph/xewn,πῆχυς,noun,me\n,mh=kos,μῆκος,adjective,daktu/lwn,δάκτυλος,noun,de\,δέ,particle,pla/tos,πλάτος,adjective,,,,,,,,,,,,,μέν,particle,,,,,,,,,,,,,,,,,,,,,,,,,,,,,,,,,,,,,,,,,,,,,,,,,,,,,,,,,,,,,,,,,,,,,,,,,,,,,,,,,
kai\,καί,conjunction,parairh/matos,παραίρημα,noun,peribolai\,περιβολή,noun,tosau=tai,τοσοῦτος,adjective,w(/ste,ὥστε,conjunction,mh\,μή,conjunction,pie/zein,πιέζω,verb,,,,,,,,,,,,,,,,,,,,,,,,,,,,,,,,,,,,,,,,,,,,,,,,,,,,,,,,,,,,,,,,,,,,,,,,,,,,,,,,,,,,,,,,,,,,,,,,,,,,,,,,,,,,,,,,,,,,,,,,,,,
malqaka\,μαλθακός,adjective,de\,δέ,particle,mh\,μή,conjunction,paxe/a,παχύς,adjective,,,,,,,,,,,,,,,,,,,,,,,,,,,,,,,,,,,,,,,,,,,,,,,,,,,,,,,,,,,,,,,,,,,,,,,,,,,,,,,,,,,,,,,,,,,,,,,,,,,,,,,,,,,,,,,,,,,,,,,,,,,,,,,,,,,,
tau=ta,οὗτος,pronoun,pa/nta,πᾶς,adjective,w(s,ὡς,conjunction,e)pi\,ἐπί,preposition,mh/kei,μῆκος,adjective,kai\,καί,conjunction,pla/tei,πλάτος,adjective,kai\,καί,conjunction,pa/xei,πάχος,adjective,tou=,ὁ,article,paqo/ntos,πάσχω,verb,,,,,,,,,,,,,,,,,,,,,,,,,,,,,,,,,,,,,,,,,,,,,,,,,,,,,,,,,,,,,,,,,,,,,,,,,,,,,,,,,,,,,,,,,,,,,,,,,,,,,,,,,,,,,,,
na/rqhkes,νάρθηξ,noun,de\,δέ,particle,lei=oi,λεῖος,adjective,o(maloi\,ὁμαλός,adjective,simoi\,σιμός,adjective,kat',κατά,preposition,a)/kra,ἄκρον,noun,smikrw=|,μικρός,adjective,mei/ous,μείων,adverb,e)/nqen,ἔνθεν,adverb,kai\,καί,conjunction,e)/nqen,ἔνθεν,adverb,th=s,e)pide/sios,ἐπίδεσις,noun,paxu/tatoi,,,de\,δέ,particle,h(=|,ὅς,pronoun,e)ch/ripe,ἐξερείπω,verb,to\,ὁ,article,ka/thgma,,,,,,ὁ,article,,,,,,,,,,,,,,,,,,,,,,,,,,,,,,,,,,,,,,,,,,,,,,,,,,,,,,,,,,,,,,,,,,,,,,,,,,,,,,,,,
o(ko/sa,ὁπόσος,adjective,de\,δέ,particle,kurta\,κυρτός,adjective,kai\,καί,conjunction,a)/sarka,ἄσαρκος,adjective,fu/sei,φύσις,noun,fulasso/menon,φυλάσσω,verb,tw=n,ὁ,article,u(perexo/ntwn,ὑπερέχω,verb,oi(=on,οἷος,adjective,kata\,κατά,preposition,daktu/lous,δάκτυλος,noun,h)\,sfura\,σφυρόν,noun,h)\,ἠέ,conjunction,th=|,ὁ,article,qe/sei,θέσις,noun,h)\,ἠέ,conjunction,th=|,ὁ,article,braxu/thti,βραχύτης,adjective,,,,ἠέ,conjunction,,,,,,,,,,,,,,,,,,,,,,,,,,,,,,,,,,,,,,,,,,,,,,,,,,,,,,,,,,,,,,,,,,,,,,,,,,,,,,,,,
*parairh/masi,παραίρημα,noun,de\,δέ,particle,e(rma/zein,ἑρμάζω,verb,mh\,μή,conjunction,pie/zein,πιέζω,verb,to\,ὁ,article,prw=ton,πρότερος,adjective,,,,,,,,,,,,,,,,,,,,,,,,,,,,,,,,,,,,,,,,,,,,,,,,,,,,,,,,,,,,,,,,,,,,,,,,,,,,,,,,,,,,,,,,,,,,,,,,,,,,,,,,,,,,,,,,,,,,,,,,,,,
khrwth=|,κηρωτή,noun,malqakh=|,μαλθακός,adjective,kai\,καί,conjunction,lei/h|,λεία,noun,kai\,καί,conjunction,kaqarh=|,καθαρός,adjective,e(lisse/sqw,ἑλίσσω,verb,,,,,,,,,,,,,,,,,,,,,,,,,,,,,,,,,,,,,,,,,,,,,,,,,,,,,,,,,,,,,,,,,,,,,,,,,,,,,,,,,,,,,,,,,,,,,,,,,,,,,,,,,,,,,,,,,,,,,,,,,,,
u(/datos,ὕδωρ,noun,qermo/ths,θερμότης,noun,plh=qos,πλῆθος,noun,,,,,,,,,,,,,,,,,,,,,,,,,,,,,,,,,,,,,,,,,,,,,,,,,,,,,,,,,,,,,,,,,,,,,,,,,,,,,,,,,,,,,,,,,,,,,,,,,,,,,,,,,,,,,,,,,,,,,,,,,,,,,,,,,,,,,,,
qermo/ths,θερμότης,noun,me\n,μέν,particle,kata\,κατά,preposition,th=s,ὁ,article,e(wutou=,ἑαυτοῦ,pronoun,xeiro\s,χείρ,noun,kataxei=n,καταχέω,verb,,,,,,,,,,,,,,,,,,,,,,,,,,,,,,,,,,,,,,,,,,,,,,,,,,,,,,,,,,,,,,,,,,,,,,,,,,,,,,,,,,,,,,,,,,,,,,,,,,,,,,,,,,,,,,,,,,,,,,,,,,,
plh=qos,πλῆθος,noun,de\,δέ,particle,xala/sai,χαλάω,verb,me\n,μέν,particle,kai\,καί,conjunction,i)sxnh=nai,ἰσχναίνω,verb,to\,ὁ,article,plei=ston,πλεῖστος,adjective,a)/riston,ἄριστος,adjective,sarkw=sai,σαρκάω,verb,de\,δέ,particle,kai\,καί,conjunction,a(palu=nai,to\,ὁ,article,me/trion,μέτριος,adjective,,,,,,,,,,,,,,,,,,,ἁπαλύνω,verb,,,,,,,,,,,,,,,,,,,,,,,,,,,,,,,,,,,,,,,,,,,,,,,,,,,,,,,,,,,,,,,,,,,,,,,,,,,,,,,,,
me/tron,μέτρον,noun,de\,δέ,particle,th=s,ὁ,article,kataxu/sios,κατάχυσις,noun,e)/ti,ἔτι,adverb,metewrizome/nou,μετεωρίζω,verb,dei=,δέομαι,verb,pri\n,πρίν,adverb,cumpi/ptein,συμπίτνω,verb,pau/esqai,παύω,verb,,,,,,,,,,,,,,,,,,,,,,,,,,,,,,,,,,,,,,,,,,,,,,,,,,,,,,,,,,,,,,,,,,,,,,,,,,,,,,,,,,,,,,,,,,,,,,,,,,,,,,,,,,,,,,,,,,
to\,ὁ,article,me\n,μέν,particle,ga\r,γάρ,particle,prw=ton,πρότερος,adjective,ai)/retai,αἴρω,verb,e)/peita,ἔπειτα,adverb,de\,δέ,particle,i)sxnai/netai,ἰσχναίνω,verb,,,,,,,,,,,,,,,,,,,,,,,,,,,,,,,,,,,,,,,,,,,,,,,,,,,,,,,,,,,,,,,,,,,,,,,,,,,,,,,,,,,,,,,,,,,,,,,,,,,,,,,,,,,,,,,,,,,,,,,,
qe/sis,θέσις,noun,de\,δέ,particle,malqakh\,μαλθακός,adjective,o(malh\,ὁμαλός,adjective,a)na/r)*ropos,,,toi=sin,τίς,pronoun,e)ce/xousi,ἐξέχω,verb,tou=,ὁ,article,sw/matos,σῶμα,adjective,oi(=on,οἷος,adjective,pte/rnh|,πτέρνα,noun,kai\,καί,conjunction,i)sxi/w|,w(s,ὡς,conjunction,mh/te,μήτε,particle,a)nakla=tai,ἀνακλάω,verb,mh/te,μήτε,particle,a)pokla=tai,ἀποκλάω,verb,mh/te,μήτε,particle,e)ktre/phtai,ἐκτρέπω,verb,,,,ἴσχιον,noun,,,,,,,,,,,,,,,,,,,,,,,,,,,,,,,,,,,,,,,,,,,,,,,,,,,,,,,,,,,,,,,,,,,,,,,,,,,,,,,,,
*swlh=na,σωλήν,noun,panti\,πᾶς,adjective,tw=|,ὁ,article,ske/lei,σκέλος,noun,h)\,ἠέ,conjunction,h(mi/sei,ἥμισυς,adjective,,,,,,,,,,,,,,,,,,,,,,,,,,,,,,,,,,,,,,,,,,,,,,,,,,,,,,,,,,,,,,,,,,,,,,,,,,,,,,,,,,,,,,,,,,,,,,,,,,,,,,,,,,,,,,,,,,,,,,,,,,,,,,
e)s,εἰς,preposition,to\,ὁ,article,pa/qos,πάθος,adjective,de\,δέ,particle,ble/pein,βλέπω,verb,kai\,καί,conjunction,ta)/lla,ἄλλος,adjective,o(/sa,ὅσος,adjective,bla/ptei,βλάπτω,verb,dh=la,δῆλος,adjective,,,,,,,,,,,,,,,,,,,,,,,,,,,,,,,,,,,,,,,,,,,,,,,,,,,,,,,,,,,,,,,,,,,,,,,,,,,,,,,,,,,,,,,,,,,,,,,,,,,,,,,,,,,,,,,,,,
*pa/recis,πάρεξις,noun,de\,δέ,particle,kai\,καί,conjunction,dia/tasis,διάτασις,noun,kai\,καί,conjunction,a)na/plasis,ἀνάπλασις,noun,kai\,καί,conjunction,ta\,ὁ,article,a)/lla,ἄλλος,adjective,kata\,κατά,preposition,fu/sin,φύσις,noun,,,,,,,,,,,,,,,,,,,,,,,,,,,,,,,,,,,,,,,,,,,,,,,,,,,,,,,,,,,,,,,,,,,,,,,,,,,,,,,,,,,,,,,,,,,,,,,,,,,,,,,,,,,,,,,
fu/sis,φύσις,noun,de\,δέ,particle,e)n,ἐν,preposition,me\n,μέν,particle,e)/rgois,ἔργον,noun,tou=,ὁ,article,e)/rgou,ἔργον,noun,th=|,ὁ,article,prh/cei,πρᾶξις,adjective,o(\,ὅς,pronoun,bou/letai,βούλομαι,verb,tekmarte/on,τεκμαρτέος,adjective,,,,,,,,,,,,,,,,,,,,,,,,,,,,,,,,,,,,,,,,,,,,,,,,,,,,,,,,,,,,,,,,,,,,,,,,,,,,,,,,,,,,,,,,,,,,,,,,,,,,,,,,,,,,
e)s,εἰς,preposition,de\,δέ,particle,tau=ta,οὗτος,pronoun,e)k,ἐκ,preposition,tou=,ὁ,article,e)linu/ontos,ἐλινύω,verb,e)k,ἐκ,preposition,tou=,ὁ,article,koinou=,κοινός,adjective,e)k,ἐκ,preposition,tou=,ὁ,article,e)/qeos,ἔθος,noun,,,,,,,,,,,,,,,,,,,,,,,,,,,,,,,,,,,,,,,,,,,,,,,,,,,,,,,,,,,,,,,,,,,,,,,,,,,,,,,,,,,,,,,,,,,,,,,,,,,,,,,,,,,,
e)k,ἐκ,preposition,me\n,μέν,particle,tou=,ὁ,article,e)linu/ontos,ἐλινύω,verb,kai\,καί,conjunction,a)feime/nou,ἀφίημι,verb,ta\s,ὁ,article,i)quwri/as,ἰθυωρίη,adjective,ske/ptesqai,σκέπτομαι,verb,oi(=on,οἷος,adjective,to\,ὁ,article,th=s,ὁ,article,xeiro/s,,,,,,,,,,,,,,,,,,,,,,,,,χείρ,noun,,,,,,,,,,,,,,,,,,,,,,,,,,,,,,,,,,,,,,,,,,,,,,,,,,,,,,,,,,,,,,,,,,,,,,,,,,,,,,,,,
e)k,ἐκ,preposition,de\,δέ,particle,tou=,ὁ,article,koinou=,κοινός,adjective,e)/ktasin,ἔκτασις,noun,cu/gkamyin,σύγκαμψις,noun,oi(=on,οἷος,adjective,to\,ὁ,article,e)ggu\s,ἐγγύς,adverb,tou=,ὁ,article,e)ggwni/ou,ἐγγώνιος,adverb,ph/xeos,πῆχυς,noun,pro\s,braxi/ona,βραχίων,adjective,,,,,,,,,,,,,,,,,,,,,,πρός,preposition,,,,,,,,,,,,,,,,,,,,,,,,,,,,,,,,,,,,,,,,,,,,,,,,,,,,,,,,,,,,,,,,,,,,,,,,,,,,,,,,,
e)k,ἐκ,preposition,de\,δέ,particle,tou=,ὁ,article,e)/qeos,ἔθος,noun,o(/ti,ὅστις,pronoun,ou)k,οὐ,adverb,a)/lla,ἄλλος,adjective,sxh/mata,σχῆμα,noun,fe/rein,φέρω,verb,dunatw/teron,δυνατός,adjective,oi(=on,οἷος,adjective,ske/lea|,,,e)/ktasin,,,,,,,,,,,,,,,,,,,,,,,,,ἔκτασις,noun,,,,,,,,,,,,,,,,,,,,,,,,,,,,,,,,,,,,,,,,,,,,,,,,,,,,,,,,,,,,,,,,,,,,,,,,,,,,,,,,,
a)po\,ἀπό,preposition,toute/wn,οὗτος,pronoun,ga\r,γάρ,particle,*rh/i+sta,,,plei=ston,πλεῖστος,adjective,xro/non,χρόνος,noun,e)/xoi,ἔχω,verb,a)\n,ἄν,particle,mh\,μή,conjunction,metalla/ssonta,μεταλλάσσω,verb,,,,,,,,,,,,,,,,,,,,,,,,,,,,,,,,,,,,,,,,,,,,,,,,,,,,,,,,,,,,,,,,,,,,,,,,,,,,,,,,,,,,,,,,,,,,,,,,,,,,,,,,,,,,,,,,,,
e)n,ἐν,preposition,de\,δέ,particle,th=|,ὁ,article,metallagh=|,μεταλλαγή,noun,e)k,ἐκ,preposition,diata/sios,διάτασις,noun,o(/moia,ὅμοιος,adjective,tau=ta,οὗτος,pronoun,e(/cousin,ἔχω,verb,e)s,εἰς,preposition,e(/cin,ἕξις,noun,h)\,ἠέ,conjunction,qe/sin,mu/es,μῦς,noun,fle/bes,φλέψ,noun,neu=ra,νεῦρον,noun,o)ste/a,ὀστέον,noun,h(=|,ὅς,pronoun,ma/lista,μάλιστα,adverb,eu)/qeta,εὔθετος,adjective,kai\,καί,conjunction,θέσις,noun,eu)/sxeta,εὔσχετος,adjective,,,,,,,,,,,,,,,,,,,,,,,,,,,,,,,,,,,,,,,,,,,,,,,,,,,,,,,,,,,,,,,,,,,,,,,,,,,,,,
dia/tasis,διάτασις,noun,ma/lista,μάλιστα,adverb,ta\,ὁ,article,me/gista,μέγας,adverb,kai\,καί,conjunction,pa/xista,παχύς,adjective,kai\,καί,conjunction,o(/kou,ὅπου,adverb,a)mfo/tera,ἀμφότερος,adjective,,,,,,,,,,,,,,,,,,,,,,,,,,,,,,,,,,,,,,,,,,,,,,,,,,,,,,,,,,,,,,,,,,,,,,,,,,,,,,,,,,,,,,,,,,,,,,,,,,,,,,,,,,,,,,,,,,,,,
deu/tera,δεύτερος,adjective,w(=n,ὅς,pronoun,to\,ὁ,article,u(potetagme/non,ὑποτάσσω,verb,,,,,,,,,,,,,,,,,,,,,,,,,,,,,,,,,,,,,,,,,,,,,,,,,,,,,,,,,,,,,,,,,,,,,,,,,,,,,,,,,,,,,,,,,,,,,,,,,,,,,,,,,,,,,,,,,,,,,,,,,,,,,,,,,,,,
h(/kista,ἥκιστος,adjective,w(=n,ὅς,pronoun,to\,ὁ,article,a)/nw,ἄνω,adverb,,,,,,,,,,,,,,,,,,,,,,,,,,,,,,,,,,,,,,,,,,,,,,,,,,,,,,,,,,,,,,,,,,,,,,,,,,,,,,,,,,,,,,,,,,,,,,,,,,,,,,,,,,,,,,,,,,,,,,,,,,,,,,,,,,,,
ma=llon,μᾶλλον,adverb,de\,δέ,particle,tou=,ὁ,article,metri/ou,μέτριος,adjective,bla/bh,βλάβος,noun,plh\n,πλήν,preposition,paidi/wn,παίδιον,noun,,,,,,,,,,,,,,,,,,,,,,,,,,,,,,,,,,,,,,,,,,,,,,,,,,,,,,,,,,,,,,,,,,,,,,,,,,,,,,,,,,,,,,,,,,,,,,,,,,,,,,,,,,,,,,,,,,,,,,,,,,,
e)/xein,ἔχω,verb,a)na/nth,ἀνάντης,adjective,smikro/n,μικρός,adjective,,,,,,,,,,,,,,,,,,,,,,,,,,,,,,,,,,,,,,,,,,,,,,,,,,,,,,,,,,,,,,,,,,,,,,,,,,,,,,,,,,,,,,,,,,,,,,,,,,,,,,,,,,,,,,,,,,,,,,,,,,,,,,,,,,,,,,,
diorqw/sios,διόρθωσις,noun,para/deigma,παράδειγμα,noun,to\,ὁ,article,o(mw/numon,ὁμώνυμος,adjective,to\,ὁ,article,o(mo/zugon,ὁμόζυγος,adjective,to\,ὁ,article,o(/moion,ὅμοιος,adjective,to\,ὁ,article,u(gie/s,ὑγιής,adverb,,,,,,,,,,,,,,,,,,,,,,,,,,,,,,,,,,,,,,,,,,,,,,,,,,,,,,,,,,,,,,,,,,,,,,,,,,,,,,,,,,,,,,,,,,,,,,,,,,,,,,,,,,,,,,,,,,
a)na/triyis,ἀνάτριψις,noun,du/natai,δύναμαι,verb,lu=sai,λύω,verb,dh=sai,δέομαι,verb,sarkw=sai,σαρκάω,verb,minuqh=sai,μινυθέω,verb,,,,,,,,,,,,,,,,,,,,,,,,,,,,,,,,,,,,,,,,,,,,,,,,,,,,,,,,,,,,,,,,,,,,,,,,,,,,,,,,,,,,,,,,,,,,,,,,,,,,,,,,,,,,,,,,,,,,,,,,,,,,,,
h(,ὁ,article,sklhrh\,σκληρός,adjective,dh=sai,δέομαι,verb,,,,,,,,,,,,,,,,,,,,,,,,,,,,,,,,,,,,,,,,,,,,,,,,,,,,,,,,,,,,,,,,,,,,,,,,,,,,,,,,,,,,,,,,,,,,,,,,,,,,,,,,,,,,,,,,,,,,,,,,,,,,,,,,,,,,,,,
h(,ὁ,article,malakh\,μαλακός,adjective,lu=sai,λύω,verb,,,,,,,,,,,,,,,,,,,,,,,,,,,,,,,,,,,,,,,,,,,,,,,,,,,,,,,,,,,,,,,,,,,,,,,,,,,,,,,,,,,,,,,,,,,,,,,,,,,,,,,,,,,,,,,,,,,,,,,,,,,,,,,,,,,,,,,
h(,ὁ,article,pollh\,πολύς,adjective,minuqh=sai,μινυθέω,verb,,,,,,,,,,,,,,,,,,,,,,,,,,,,,,,,,,,,,,,,,,,,,,,,,,,,,,,,,,,,,,,,,,,,,,,,,,,,,,,,,,,,,,,,,,,,,,,,,,,,,,,,,,,,,,,,,,,,,,,,,,,,,,,,,,,,,,,
h(,ὁ,article,metri/h,μέτριος,adjective,paxu=nai,παχύνω,verb,,,,,,,,,,,,,,,,,,,,,,,,,,,,,,,,,,,,,,,,,,,,,,,,,,,,,,,,,,,,,,,,,,,,,,,,,,,,,,,,,,,,,,,,,,,,,,,,,,,,,,,,,,,,,,,,,,,,,,,,,,,,,,,,,,,,,,,
e)pidei=n,ἐπεῖδον,verb,de\,δέ,particle,to\,ὁ,article,prw=ton,πρότερος,adjective,,,,,,,,,,,,,,,,,,,,,,,,,,,,,,,,,,,,,,,,,,,,,,,,,,,,,,,,,,,,,,,,,,,,,,,,,,,,,,,,,,,,,,,,,,,,,,,,,,,,,,,,,,,,,,,,,,,,,,,,,,,,,,,,,,,,
o(,ὁ,article,me\n,μέν,particle,e)pidedeme/nos,ἐπιδέω,verb,ma/lista,μάλιστα,adverb,fa/tw,φάτης,noun,pepie/xqai,,,kata\,κατά,preposition,to\,ὁ,article,si/nos,σίνος,noun,h(/kista,ἥκιστος,adjective,ta\,ὁ,article,a)/kra,ἄκρον,noun,,,,,,,,,,,,,,,,,,,,,,,,,,,,,,,,,,,,,,,,,,,,,,,,,,,,,,,,,,,,,,,,,,,,,,,,,,,,,,,,,,,,,,,,,,,,,,,,,,,,,,,,,,,,
h(rma/sqai,ἑρμάζω,verb,de\,δέ,particle,mh\,μή,conjunction,pepie/xqai,,,,,,,,,,,,,,,,,,,,,,,,,,,,,,,,,,,,,,,,,,,,,,,,,,,,,,,,,,,,,,,,,,,,,,,,,,,,,,,,,,,,,,,,,,,,,,,,,,,,,,,,,,,,,,,,,,,,,,,,,,,,,,,,,,,,,,
plh/qei,πλῆθος,noun,mh\,μή,conjunction,i)sxu/i+,ἰσχύς,noun,,,,,,,,,,,,,,,,,,,,,,,,,,,,,,,,,,,,,,,,,,,,,,,,,,,,,,,,,,,,,,,,,,,,,,,,,,,,,,,,,,,,,,,,,,,,,,,,,,,,,,,,,,,,,,,,,,,,,,,,,,,,,,,,,,,,,,,
th\n,ὁ,article,de\,δέ,particle,h(me/rhn,ἡμέρα,noun,tau/thn,οὗτος,pronoun,kai\,καί,conjunction,nu/kta,νύξ,adjective,o)li/gw|,ὀλίγος,adjective,ma=llon,μᾶλλον,adverb,th\n,ὁ,article,d',δέ,particle,u(ste/rhn,ὑστέρα,noun,h(=sson,ἥσσων,adverb,,,,,,,,,,,,,,,,,,,,,,,,,,,,,,,,,,,,,,,,,,,,,,,,,,,,,,,,,,,,,,,,,,,,,,,,,,,,,,,,,,,,,,,,,,,,,,,,,,,,,,,,,,,,
tri/th,τρίτος,adjective,xalara/,χαλαρός,adjective,,,,,,,,,,,,,,,,,,,,,,,,,,,,,,,,,,,,,,,,,,,,,,,,,,,,,,,,,,,,,,,,,,,,,,,,,,,,,,,,,,,,,,,,,,,,,,,,,,,,,,,,,,,,,,,,,,,,,,,,,,,,,,,,,,,,,,,,,,
*eu(reqh/tw,εὑρίσκω,verb,de\,δέ,particle,th=|,ὁ,article,me\n,μέν,particle,u(sterai/h|,ὑστεραῖος,adjective,e)n,ἐν,preposition,a)/kroisin,ἄκρος,adjective,oi)/dhma,οἴδημα,noun,malqako/n,μαλθακός,adjective,,,,,,,,,,,,,,,,,,,,,,,,,,,,,,,,,,,,,,,,,,,,,,,,,,,,,,,,,,,,,,,,,,,,,,,,,,,,,,,,,,,,,,,,,,,,,,,,,,,,,,,,,,,,,,,,,,,,,
th=|,ὁ,article,tri/th|,τρίτος,adjective,de\,δέ,particle,to\,ὁ,article,e)pideqe\n,ἐπιδέω,verb,luqe\n,λύω,verb,i)sxno/teron,ἰσχνός,adjective,para\,παρά,preposition,pa/sas,πᾶς,adjective,ta\s,ὁ,article,e)pide/sias,ἐπίδεσις,noun,tou=to,οὗτος,pronoun,,,,,,,,,,,,,,,,,,,,,,,,,,,,,,,,,,,,,,,,,,,,,,,,,,,,,,,,,,,,,,,,,,,,,,,,,,,,,,,,,,,,,,,,,,,,,,,,,,,,,,,,,,,,
th=|,ὁ,article,de\,δέ,particle,u(sterai/h|,ὑστεραῖος,adjective,e)pide/sei,ἐπίδεσις,noun,h)\n,ἐάν,conjunction,dikai/ws,δίκαιος,adjective,e)pidedeme/non,ἐπιδέω,verb,fanh=|,φαίνω,verb,maqei=n,μανθάνω,verb,dei=,δέομαι,verb,,,,,,,,,,,,,,,,,,,,,,,,,,,,,,,,,,,,,,,,,,,,,,,,,,,,,,,,,,,,,,,,,,,,,,,,,,,,,,,,,,,,,,,,,,,,,,,,,,,,,,,,,,,,,,,,,,
e)nteu=qen,ἐντεῦθεν,adverb,de\,δέ,particle,ma=llon,μᾶλλον,adverb,kai\,καί,conjunction,e)pi\,ἐπί,preposition,ple/osi,πλείων,verb,piexqh/tw,πιέζω,verb,,,,,,,,,,,,,,,,,,,,,,,,,,,,,,,,,,,,,,,,,,,,,,,,,,,,,,,,,,,,,,,,,,,,,,,,,,,,,,,,,,,,,,,,,,,,,,,,,,,,,,,,,,,,,,,,,,,,,,,,,,,
th=|,ὁ,article,de\,δέ,particle,tri/th|,τρίτος,adjective,e)pi\,ἐπί,preposition,ma=llon,μᾶλλον,adverb,kai\,καί,conjunction,e)pi\,ἐπί,preposition,ple/osin,πλείων,verb,,,,,,,,,,,,,,,,,,,,,,,,,,,,,,,,,,,,,,,,,,,,,,,,,,,,,,,,,,,,,,,,,,,,,,,,,,,,,,,,,,,,,,,,,,,,,,,,,,,,,,,,,,,,,,,,,,,,,,,,
th=|,ὁ,article,de\,δέ,particle,e(bdo/mh|,ἕβδομος,adjective,a)po\,ἀπό,preposition,th=s,ὁ,article,prw/ths,πρότερος,adjective,e)pide/sios,ἐπίδεσις,noun,luqe/nta,λύω,verb,eu(reqh/tw,εὑρίσκω,verb,i)sxna\,ἰσχνός,adjective,xalara\,χαλαρός,adjective,ta\,ὁ,article,o)ste/a,,,,,,,,,,,,,,,,,,,,,,,,,ὀστέον,noun,,,,,,,,,,,,,,,,,,,,,,,,,,,,,,,,,,,,,,,,,,,,,,,,,,,,,,,,,,,,,,,,,,,,,,,,,,,,,,,,,
e)s,εἰς,preposition,de\,δέ,particle,na/rqhkas,νάρθηξ,noun,deqe/nta,δέω,verb,h)\n,ἐάν,conjunction,i)sxna\,ἰσχνός,adjective,kai\,καί,conjunction,a)/knhsma,ἄκνησμος,adjective,kai\,καί,conjunction,a)ne/lkea,,,h)=|,εἰμί,verb,e)a=|n,ἀίω,verb,me/xris,ei)/kosin,εἴκοσι,verb,h(mere/wn,ἡμέρα,noun,a)po\,ἀπό,preposition,tou=,ὁ,article,si/neos,σίνος,noun,,,,,,,,,,μέχρι,preposition,,,,,,,,,,,,,,,,,,,,,,,,,,,,,,,,,,,,,,,,,,,,,,,,,,,,,,,,,,,,,,,,,,,,,,,,,,,,,,,,,
h)\n,ἐάν,conjunction,de/,δέ,particle,ti,τις,pronoun,u(popteu/htai,ὑποπτεύω,verb,lu=sai,λύω,verb,e)n,ἐν,preposition,tw=|,ὁ,article,me/sw|,μέσος,adjective,,,,,,,,,,,,,,,,,,,,,,,,,,,,,,,,,,,,,,,,,,,,,,,,,,,,,,,,,,,,,,,,,,,,,,,,,,,,,,,,,,,,,,,,,,,,,,,,,,,,,,,,,,,,,,,,,,,,,,,,
na/rqhkas,νάρθηξ,noun,dia\,διά,preposition,tri/ths,τρίτος,adjective,e)rei/dein,ἐρείδω,verb,,,,,,,,,,,,,,,,,,,,,,,,,,,,,,,,,,,,,,,,,,,,,,,,,,,,,,,,,,,,,,,,,,,,,,,,,,,,,,,,,,,,,,,,,,,,,,,,,,,,,,,,,,,,,,,,,,,,,,,,,,,,,,,,,,,,
h(,ὁ,article,a)na/lhyis,ἀνάληψις,noun,h(,ὁ,article,qe/sis,θέσις,noun,h(,ὁ,article,e)pi/desis,ἐπίδεσις,noun,w(s,ὡς,conjunction,e)n,ἐν,preposition,tw=|,ὁ,article,au)tw=|,αὐτός,pronoun,sxh/mati,σχῆμα,noun,diafula/ssein,διαφυλάσσω,verb,,,,,,,,,,,,,,,,,,,,,,,,,,,,,,,,,,,,,,,,,,,,,,,,,,,,,,,,,,,,,,,,,,,,,,,,,,,,,,,,,,,,,,,,,,,,,,,,,,,,,,,,,,,,
kefa/laia,κεφάλαιος,adjective,sxhma/twn,σχῆμα,noun,e)/qea,ἔθος,noun,fu/sies,φύσις,noun,e(ka/stou,ἕκαστος,adjective,tw=n,ὁ,article,mele/wn,μέλη,noun,,,,,,,,,,,,,,,,,,,,,,,,,,,,,,,,,,,,,,,,,,,,,,,,,,,,,,,,,,,,,,,,,,,,,,,,,,,,,,,,,,,,,,,,,,,,,,,,,,,,,,,,,,,,,,,,,,,,,,,,,,,
ta\,ὁ,article,ei)/dea,εἶδος,noun,e)k,ἐκ,preposition,tou=,ὁ,article,tre/xein,τρέχω,verb,o(doipore/ein,ὁδοιπορέω,verb,e(sta/nai,ἵστημι,verb,katakei=sqai,κατάκειμαι,verb,e)k,ἐκ,preposition,tou=,ὁ,article,e)/rgou,ἔργον,noun,e)k,ἐκ,preposition,tou=,a)fei=sqai,ἀφίημι,verb,,,,,,,,,,,,,,,,,,,,,,ὁ,article,,,,,,,,,,,,,,,,,,,,,,,,,,,,,,,,,,,,,,,,,,,,,,,,,,,,,,,,,,,,,,,,,,,,,,,,,,,,,,,,,
o(/ti,ὅστις,pronoun,xrh=sis,χρῆσις,noun,kratu/nei,κρατύνω,verb,a)rgi/h,ἀργία,noun,de\,δέ,particle,th/kei,τήκω,verb,,,,,,,,,,,,,,,,,,,,,,,,,,,,,,,,,,,,,,,,,,,,,,,,,,,,,,,,,,,,,,,,,,,,,,,,,,,,,,,,,,,,,,,,,,,,,,,,,,,,,,,,,,,,,,,,,,,,,,,,,,,,,,
h(,ὁ,article,pi/ecis,,,plh/qei,πλῆθος,noun,mh\,μή,conjunction,i)sxu/i+,ἰσχύς,noun,,,,,,,,,,,,,,,,,,,,,,,,,,,,,,,,,,,,,,,,,,,,,,,,,,,,,,,,,,,,,,,,,,,,,,,,,,,,,,,,,,,,,,,,,,,,,,,,,,,,,,,,,,,,,,,,,,,,,,,,,,,,,,,,,
o(ko/sa,ὁπόσος,adjective,de\,δέ,particle,e)kxumw/mata,ἐκχύμωμα,noun,h)\,ἠέ,conjunction,fla/smata,,,h)\,ἠέ,conjunction,spa/smata,σπάσμα,noun,h)\,ἠέ,conjunction,oi)dh/mata,οἴδημα,noun,a)fle/gmanta,ἀφλέγμαντος,adjective,e)ceru/etai,ἐξερύω,verb,ai(=ma,αἷμα,noun,e)k,tou=,ὁ,article,trw/matos,τραῦμα,noun,e)s,εἰς,preposition,me\n,μέν,particle,to\,ὁ,article,a)/nw,ἄνω,adverb,tou=,ὁ,article,sw/matos,σῶμα,adjective,ἐκ,preposition,plei=ston,πλεῖστος,adjective,braxu\,βραχύς,adjective,de/,δέ,particle,ti,τις,pronoun,kai\,καί,conjunction,e)s,to\,ὁ,article,ka/tw,κάτος,adjective,,,,,,,,,,,,,,,,,,,,,,,,,,,,,,,,,,,,,,,,,,,,,,,,,,,,,,,,εἰς,preposition,,
mh\,μή,conjunction,kata/nth,κατάντης,adjective,th\n,ὁ,article,xei=ra,χείρ,noun,e)/xonta,ἔχω,verb,h)\,ἠέ,conjunction,to\,ὁ,article,ske/los,σκέλος,noun,,,,,,,,,,,,,,,,,,,,,,,,,,,,,,,,,,,,,,,,,,,,,,,,,,,,,,,,,,,,,,,,,,,,,,,,,,,,,,,,,,,,,,,,,,,,,,,,,,,,,,,,,,,,,,,,,,,,,,,,
tiqe/menon,τίθημι,verb,th\n,ὁ,article,a)rxh\n,ἀρχή,noun,kata\,κατά,preposition,to\,ὁ,article,trw=ma,τραῦμα,noun,kai\,καί,conjunction,ma/lista,μάλιστα,adverb,e)rei/donta,ἐρείδω,verb,h(/kista,ἥκιστος,adjective,ta\,ὁ,article,a)/kra,ἄκρον,noun,me/sws,ta\,ὁ,article,dia\,διά,preposition,me/sou,μέσος,adjective,,,,,,,,,,,,,,,,μέσος,adjective,,,,,,,,,,,,,,,,,,,,,,,,,,,,,,,,,,,,,,,,,,,,,,,,,,,,,,,,,,,,,,,,,,,,,,,,,,,,,,,,,
to\,ὁ,article,e)/sxaton,σχέθω,verb,pro\s,πρός,preposition,ta\,ὁ,article,a)/nw,ἄνω,adverb,tou=,ὁ,article,sw/matos,σῶμα,adjective,nemo/menon,νέμω,verb,,,,,,,,,,,,,,,,,,,,,,,,,,,,,,,,,,,,,,,,,,,,,,,,,,,,,,,,,,,,,,,,,,,,,,,,,,,,,,,,,,,,,,,,,,,,,,,,,,,,,,,,,,,,,,,,,,,,,,,,
e)pide/sei,ἐπίδεσις,noun,pie/cei,πιέζω,verb,,,,,,,,,,,,,,,,,,,,,,,,,,,,,,,,,,,,,,,,,,,,,,,,,,,,,,,,,,,,,,,,,,,,,,,,,,,,,,,,,,,,,,,,,,,,,,,,,,,,,,,,,,,,,,,,,,,,,,,,,,,,,,,,,,,,,,,,,,
a)ta\r,ἀτάρ,particle,kai\,καί,conjunction,tau=ta,οὗτος,pronoun,plh/qei,πλῆθος,noun,ma=llon,μᾶλλον,adverb,h)\,ἠέ,conjunction,i)sxu/i+,ἰσχύς,noun,,,,,,,,,,,,,,,,,,,,,,,,,,,,,,,,,,,,,,,,,,,,,,,,,,,,,,,,,,,,,,,,,,,,,,,,,,,,,,,,,,,,,,,,,,,,,,,,,,,,,,,,,,,,,,,,,,,,,,,,,,,
ma/lista,μάλιστα,adverb,de\,δέ,particle,toute/oisin,,,o)qo/nia,ὀθόνιον,noun,lepta\,λεπτόν,noun,kou=fa,κοῦφος,adjective,malqaka\,μαλθακός,adjective,kaqara\,καθαρός,adjective,plate/a,πλατύς,adjective,u(gie/a,ὑγιής,adverb,w(s,ὡς,conjunction,a)\n,ἄν,particle,a)/neu,narqh/kwn,νάρθηξ,noun,,,,,,,,,,,,,,,,,,,,,,ἄνευ,preposition,,,,,,,,,,,,,,,,,,,,,,,,,,,,,,,,,,,,,,,,,,,,,,,,,,,,,,,,,,,,,,,,,,,,,,,,,,,,,,,,,
kai\,καί,conjunction,kataxu/sei,κατάχυσις,noun,xrh=sqai,χράομαι,verb,,,,,,,,,,,,,,,,,,,,,,,,,,,,,,,,,,,,,,,,,,,,,,,,,,,,,,,,,,,,,,,,,,,,,,,,,,,,,,,,,,,,,,,,,,,,,,,,,,,,,,,,,,,,,,,,,,,,,,,,,,,,,,,,,,,,,,,
ta\,ὁ,article,de\,δέ,particle,e)kptw/mata,ἔκπτωμα,noun,h)\,ἠέ,conjunction,stre/mmata,στρέμμα,noun,h)\,ἠέ,conjunction,diasth/mata,διάστημα,noun,h)\,ἠέ,conjunction,a)pospa/smata,ἀπόσπασμα,noun,h)\,ἠέ,conjunction,a)pokla/smata,ἀπόκλασμα,noun,h)\,ἠέ,conjunction,diastre/mmata,oi(=a,οἷος,adjective,ta\,ὁ,article,kulla\,κυλλός,adjective,ta\,ὁ,article,e(tero/r)*ropa,,,o(/qen,ὅθεν,adverb,me\n,μέν,particle,e)ce/sth,ἐξίστημι,verb,διάστρεμμα,noun,cundido/nta,συνδίδωμι,verb,o(/ph,ὅπη,adverb,de\,δέ,particle,cuntei/nonta,συντείνω,verb,w(s,ὡς,conjunction,e)s,ta)nanti/a,ἐναντίος,adjective,*re/ph|,,,e)pideqe/nta,ἐπιδέω,verb,h)\,ἠέ,conjunction,pri\n,πρίν,adverb,e)pideqh=nai,ἐπιδέω,verb,smikrw=|,μικρός,adjective,ma=llon,μᾶλλον,adverb,h)\,ἠέ,conjunction,w(/ste,ὥστε,conjunction,e)c,ἐκ,preposition,i)/sou,ἴσος,adjective,ei)=nai,,,,,,,,,,,,,,,,,,,,,,,,,εἰς,preposition,εἰμί,verb
kai\,καί,conjunction,toi=sin,τίς,pronoun,e)pide/smoisi,ἐπίδεσμον,noun,kai\,καί,conjunction,toi=si,ὁ,article,splh/nesi,σπλήν,noun,kai\,καί,conjunction,toi=sin,τίς,pronoun,a)nalh/mmasi,ἀνάλημμα,noun,kai\,καί,conjunction,toi=si,ὁ,article,sxh/masi,σχῆμα,noun,katata/sei,a)natri/yei,ἀνάτριψις,noun,diorqw/sei,διόρθωσις,noun,tau=ta,οὗτος,pronoun,kai\,καί,conjunction,kataxu/sei,κατάχυσις,noun,plei/oni,πλείων,verb,,,,,,,κατάτασις,noun,,,,,,,,,,,,,,,,,,,,,,,,,,,,,,,,,,,,,,,,,,,,,,,,,,,,,,,,,,,,,,,,,,,,,,,,,,,,,,,,,
ta\,ὁ,article,de\,δέ,particle,minuqh/mata,μινύθημα,noun,poulu\,πολύς,adjective,proslamba/nonta,προσλαμβάνω,verb,tou=,ὁ,article,u(gie/os,ὑγιής,adverb,e)pidei=n,ἐπεῖδον,verb,w(s,ὡς,conjunction,a)\n,ἄν,particle,e)c,ἐκ,preposition,e)pidromh=s,ἐπιδρομή,noun,ta\,cuntake/nta,συντήκω,verb,ple/on,πλέος,adjective,h)\,ἠέ,conjunction,au)ta\,αὐτός,pronoun,e)minu/qei,μινυθέω,verb,a)lloi/h|,ἀλλοῖος,adjective,th=|,ὁ,article,e)pide/sei,ἐπίδεσις,noun,ὁ,article,paralla/canta,παραλλάσσω,verb,e)kkli/nein,ἐκκλίνω,verb,e)s,εἰς,preposition,th\n,ὁ,article,au)/chsin,αὔξησις,noun,kai\,a)na/plasin,ἀνάπλασις,noun,tw=n,ὁ,article,sarkw=n,σάρξ,adjective,poih/shtai,ποιέω,verb,,,,,,,,,,,,,,,,,,,,,,,,,,,,,,,,,,,,,,,,,,,,,,,,,,καί,conjunction,,
be/ltion,βελτίων,adverb,de\,δέ,particle,kai\,καί,conjunction,to\,ὁ,article,a)/nwqen,ἄνωθεν,adverb,oi(=on,οἷος,adjective,knh/mhs,κνήμη,adjective,kai\,καί,conjunction,to\n,ὁ,article,e(/teron,ἕτερος,adjective,mhro\n,μηρός,noun,kai\,καί,conjunction,to\,ske/los,σκέλος,noun,to\,ὁ,article,u(gie\s,ὑγιής,adverb,sunepidei=n,συνεπιδέω,verb,w(s,ὡς,conjunction,o(moio/teron,ὅμοιος,adjective,h)=|,εἰμί,verb,kai\,καί,conjunction,ὁ,article,o(moi/ws,ὅμοιος,adjective,e)linu/h|,ἐλινύω,verb,kai\,καί,conjunction,o(moi/ws,ὅμοιος,adjective,th=s,ὁ,article,trofh=s,a)poklei/htai,ἀποκλείω,verb,kai\,καί,conjunction,de/xhtai,δέχομαι,verb,,,,,,,,,,,,,,,,,,,,,,,,,,,,,,,,,,,,,,,,,,,,,,,,,,,,,τροφεύς,noun,,
o)qoni/wn,ὀθόνιον,noun,plh/qei,πλῆθος,noun,mh\,μή,conjunction,pie/cei,πιέζω,verb,,,,,,,,,,,,,,,,,,,,,,,,,,,,,,,,,,,,,,,,,,,,,,,,,,,,,,,,,,,,,,,,,,,,,,,,,,,,,,,,,,,,,,,,,,,,,,,,,,,,,,,,,,,,,,,,,,,,,,,,,,,,,,,,,,,,
a)nie/nta,ἀνίημι,verb,prw=ton,πρότερος,adjective,to\,ὁ,article,ma/lista,μάλιστα,adverb,deo/menon,δέομαι,verb,kai\,καί,conjunction,a)natri/yei,ἀνάτριψις,noun,xrw/menon,χράομαι,verb,sarkou/sh|,σαρκάω,verb,kai\,καί,conjunction,kataxu/sei,κατάχυσις,noun,,,,,,,,,,,,,,,,,,,,,,,,,,,,,,,,,,,,,,,,,,,,,,,,,,,,,,,,,,,,,,,,,,,,,,,,,,,,,,,,,,,,,,,,,,,,,,,,,,,,,,,,,,,,,,,
a)/neu,ἄνευ,preposition,narqh/kwn,νάρθηξ,noun,,,,,,,,,,,,,,,,,,,,,,,,,,,,,,,,,,,,,,,,,,,,,,,,,,,,,,,,,,,,,,,,,,,,,,,,,,,,,,,,,,,,,,,,,,,,,,,,,,,,,,,,,,,,,,,,,,,,,,,,,,,,,,,,,,,,,,,,,,
ta\,ὁ,article,de\,δέ,particle,e(rma/smata,ἕρμασμα,noun,kai\,καί,conjunction,a)posthri/gmata,ἀποστήριγμα,noun,oi(=on,οἷος,adjective,sth/qei,στῆθος,noun,pleurh=|si,πλευρά,noun,kefalh=|,κεφαλή,noun,kai\,καί,conjunction,toi=sin,τίς,pronoun,a)/lloisin,ἄλλος,adjective,o(/sa,toiau=ta,τοιοῦτος,adjective,,,,,,,,,,,,,,,,,,,,,,ὅσος,adjective,,,,,,,,,,,,,,,,,,,,,,,,,,,,,,,,,,,,,,,,,,,,,,,,,,,,,,,,,,,,,,,,,,,,,,,,,,,,,,,,,
ta\,ὁ,article,me\n,μέν,particle,sfugmw=n,σφυγμός,noun,e(/neken,ἕνεκα,preposition,w(s,ὡς,conjunction,mh\,μή,conjunction,e)nsei/htai,ἐνσείω,verb,,,,,,,,,,,,,,,,,,,,,,,,,,,,,,,,,,,,,,,,,,,,,,,,,,,,,,,,,,,,,,,,,,,,,,,,,,,,,,,,,,,,,,,,,,,,,,,,,,,,,,,,,,,,,,,,,,,,,,,,,,,
ta\,ὁ,article,de\,δέ,particle,kai\,καί,conjunction,tw=n,ὁ,article,diastasi/wn,διάστασις,noun,tw=n,ὁ,article,kata\,κατά,preposition,ta\s,ὁ,article,a(rmoni/as,ἁρμονία,noun,e)n,ἐν,preposition,toi=si,ὁ,article,kata\,κατά,preposition,th\n,kefalh\n,κεφαλή,noun,o)ste/oisin,ὀστέον,noun,e)reisma/twn,ἔρεισμα,noun,xa/rin,χάρις,noun,,,,,,,,,,,,,ὁ,article,,,,,,,,,,,,,,,,,,,,,,,,,,,,,,,,,,,,,,,,,,,,,,,,,,,,,,,,,,,,,,,,,,,,,,,,,,,,,,,,,
e)pi/,ἐπί,preposition,te,τε,particle,bhxe/wn,,,h)\,ἠέ,conjunction,ptarme/wn,,,h)\,ἠέ,conjunction,a)/llhs,ἄλλος,adjective,kinh/sios,κίνησις,adjective,oi(=a,οἷος,adjective,ta\,ὁ,article,kata\,κατά,preposition,qw/rhka,θώραξ,noun,kai\,kefalh\n,κεφαλή,noun,a)posthri/gmata,ἀποστήριγμα,noun,gi/gnetai,γίγνομαι,verb,,,,,,,,,,,,,,,,καί,conjunction,,,,,,,,,,,,,,,,,,,,,,,,,,,,,,,,,,,,,,,,,,,,,,,,,,,,,,,,,,,,,,,,,,,,,,,,,,,,,,,,,
toute/wn,οὗτος,pronoun,a(pa/ntwn,ἅπας,adjective,ai(,ὁ,article,au)tai\,αὐτός,pronoun,cummetri/ai,συμμετρία,noun,th=s,ὁ,article,e)pide/sios,ἐπίδεσις,noun,,,,,,,,,,,,,,,,,,,,,,,,,,,,,,,,,,,,,,,,,,,,,,,,,,,,,,,,,,,,,,,,,,,,,,,,,,,,,,,,,,,,,,,,,,,,,,,,,,,,,,,,,,,,,,,,,,,,,,,,,,,
h(=|,ὅς,pronoun,me\n,μέν,particle,ga\r,γάρ,particle,ta\,ὁ,article,si/nh,σίνος,noun,ma/lista,μάλιστα,adverb,pie/zei,πιέζω,verb,,,,,,,,,,,,,,,,,,,,,,,,,,,,,,,,,,,,,,,,,,,,,,,,,,,,,,,,,,,,,,,,,,,,,,,,,,,,,,,,,,,,,,,,,,,,,,,,,,,,,,,,,,,,,,,,,,,,,,,,,,,
u(potiqe/nai,ὑποτίθημι,verb,ou)=n,οὖν,particle,malqako/n,μαλθακός,adjective,ti,τις,pronoun,a(rmo/zon,ἁρμόζω,verb,tw=|,ὁ,article,pa/qei,πάθος,adjective,,,,,,,,,,,,,,,,,,,,,,,,,,,,,,,,,,,,,,,,,,,,,,,,,,,,,,,,,,,,,,,,,,,,,,,,,,,,,,,,,,,,,,,,,,,,,,,,,,,,,,,,,,,,,,,,,,,,,,,,,,,
e)pidei=n,ἐπεῖδον,verb,de\,δέ,particle,mh\,μή,conjunction,ma=llon,μᾶλλον,adverb,piezeu=nta,πιέζω,verb,h)\,ἠέ,conjunction,w(/ste,ὥστε,conjunction,tou\s,ὁ,article,sfugmou\s,σφυγμός,noun,mh\,μή,conjunction,e)nsei/ein,ἐνσείω,verb,mhde\,μηδέ,particle,ma=llon,h)\,ἠέ,conjunction,w(/ste,ὥστε,conjunction,tw=n,ὁ,article,diesthko/twn,διίστημι,verb,ta\,ὁ,article,e)/sxata,σχέθω,verb,tw=n,ὁ,article,a(rmoniw=n,ἁρμονία,noun,μᾶλλον,adverb,yau/ein,ψαύω,verb,a)llh/lwn,ἀλλήλων,pronoun,mhde\,μηδέ,particle,ta\s,ὁ,article,bh=xas,βήξ,adjective,kai\,tou\s,ὁ,article,ptarmou\s,πταρμός,noun,w(/ste,ὥστε,conjunction,kwlu/ein,κωλύω,verb,a)ll',ἀλλά,adverb,w(/ste,ὥστε,conjunction,a)posth/rigma,ἀποστήριγμα,noun,ei)=nai,εἰμί,verb,w(s,ὡς,conjunction,mh/te,μήτε,particle,dianagka/zhtai,διαναγκάζω,verb,mh/te,μήτε,particle,e)nsei/htai,,,,,,,,,,,,,,,,,,,,,,,,,καί,conjunction,ἐνσείω,verb
