word/0/@_form,word/0/lemma/@_entry,word/0/lemma/@_POS,word/1/@_form,word/1/lemma/@_entry,word/1/lemma/@_POS,word/2/@_form,word/2/lemma/@_entry,word/2/lemma/@_POS,word/3/@_form,word/3/lemma/@_entry,word/3/lemma/@_POS,word/4/@_form,word/4/lemma/@_entry,word/4/lemma/@_POS,word/5/@_form,word/5/lemma/@_entry,word/5/lemma/@_POS,word/6/@_form,word/6/lemma/@_entry,word/6/lemma/@_POS,word/7/@_form,word/8/@_form,word/8/lemma/@_entry,word/8/lemma/@_POS,word/9/@_form,word/9/lemma/@_entry,word/9/lemma/@_POS,word/10/@_form,word/10/lemma/@_entry,word/10/lemma/@_POS,word/11/@_form,word/11/lemma/@_entry,word/11/lemma/@_POS,word/12/@_form,word/12/lemma/@_entry,word/12/lemma/@_POS,word/13/@_form,word/13/lemma/@_entry,word/13/lemma/@_POS,word/14/@_form,word/14/lemma/@_entry,word/14/lemma/@_POS,word/15/@_form,word/15/lemma/@_entry,word/15/lemma/@_POS,word/16/@_form,word/16/lemma/@_entry,word/16/lemma/@_POS,word/17/@_form,word/17/lemma/@_entry,word/17/lemma/@_POS,word/18/@_form,word/18/lemma/@_entry,word/18/lemma/@_POS,word/19/@_form,word/19/lemma/@_entry,word/19/lemma/@_POS,word/7/lemma/@_entry,word/7/lemma/@_POS,word/20/@_form,word/21/@_form,word/22/@_form,word/23/@_form,word/23/lemma/@_entry,word/23/lemma/@_POS,word/24/@_form,word/24/lemma/@_entry,word/24/lemma/@_POS,word/25/@_form,word/25/lemma/@_entry,word/25/lemma/@_POS,word/26/@_form,word/26/lemma/@_entry,word/26/lemma/@_POS,word/27/@_form,word/27/lemma/@_entry,word/27/lemma/@_POS,word/28/@_form,word/28/lemma/@_entry,word/28/lemma/@_POS,word/29/@_form,word/29/lemma/@_entry,word/29/lemma/@_POS,word/20/lemma/@_entry,word/20/lemma/@_POS,word/21/lemma/@_entry,word/21/lemma/@_POS,word/22/lemma/@_entry,word/22/lemma/@_POS,word/30/@_form,word/30/lemma/@_entry,word/30/lemma/@_POS,word/31/@_form,word/31/lemma/@_entry,word/31/lemma/@_POS,word/32/@_form,word/32/lemma/@_entry,word/32/lemma/@_POS,word/33/@_form,word/33/lemma/@_entry,word/33/lemma/@_POS,word/34/@_form,word/34/lemma/@_entry,word/34/lemma/@_POS,word/35/@_form,word/35/lemma/@_entry,word/35/lemma/@_POS,word/36/@_form,word/36/lemma/@_entry,word/36/lemma/@_POS,word/37/@_form,word/37/lemma/@_entry,word/37/lemma/@_POS,word/38/@_form,word/38/lemma/@_entry,word/38/lemma/@_POS,word/39/@_form,word/39/lemma/@_entry,word/39/lemma/@_POS,word/40/@_form,word/40/lemma/@_entry,word/40/lemma/@_POS,word/41/@_form,word/41/lemma/@_entry,word/41/lemma/@_POS,word/42/@_form,word/42/lemma/@_entry,word/42/lemma/@_POS,word/43/@_form,word/43/lemma/@_entry,word/43/lemma/@_POS,word/44/@_form,word/44/lemma/@_entry,word/44/lemma/@_POS,word/45/@_form,word/45/lemma/@_entry,word/45/lemma/@_POS,word/46/@_form,word/46/lemma/@_entry,word/46/lemma/@_POS,word/47/@_form,word/47/lemma/@_entry,word/47/lemma/@_POS,word/48/@_form,word/48/lemma/@_entry,word/48/lemma/@_POS,word/49/@_form,word/49/lemma/@_entry,word/49/lemma/@_POS,word/50/@_form,word/50/lemma/@_entry,word/50/lemma/@_POS,word/51/@_form,word/51/lemma/@_entry,word/51/lemma/@_POS,word/52/@_form,word/52/lemma/@_entry,word/52/lemma/@_POS,word/53/@_form,word/53/lemma/@_entry,word/53/lemma/@_POS,word/54/@_form,word/54/lemma/@_entry,word/54/lemma/@_POS,word/55/@_form,word/55/lemma/@_entry,word/55/lemma/@_POS,word/56/@_form,word/56/lemma/@_entry,word/56/lemma/@_POS
e)n,ἐν,preposition,e)leuqe/ra|,ἐλεύθερος,adjective,po/lei,πόλις,adjective,ta\,ὁ,article,toi=s,ὁ,article,tura/nnois,τύραννος,noun,sumfe/ronta,συμφέρω,verb,t,ei)s,εἰς,preposition,doulei/an,δουλεία,noun,kalw=n,κάλη,adjective,pragma/twn,πρᾶγμα,noun,kai\,καί,conjunction,th=|,ὁ,article,po/lei,πόλις,adjective,kai\,καί,conjunction,toi=s,ὁ,article,*(/ellhsin,Ἕλλη,proper,ai)/tios,αἴτιος,adjective,e)ge/neto,γίγνομαι,verb,,,,,,,,,,,,,,,,,,,,,,,,,,,,,,,,,,,,,,,,,,,,,,,,,,,,,,,,,,,,,,,,,,,,,,,,,,,,,,,,,,,,,,,,,,,,,,,,,,,,,,,,,,,,,,,,,
toigarou=n,σύ,pronoun,kai\,καί,conjunction,par',παρά,preposition,h(mi=n,ἐγώ,pronoun,kai\,καί,conjunction,para\,παρά,preposition,toi=s,ὁ,article,a)/llois,pa=sin,πᾶς,adjective,tw=n,ὁ,article,megi/stwn,μέγας,adverb,dwrew=n,δωρεά,noun,e)/tuxen,τυγχάνω,verb,dikai/ws,δίκαιος,adjective,ga\r,γάρ,particle,u(po\,ὑπό,preposition,dei=,δέομαι,verb,xa/rin,χάρις,noun,h(ma=s,ἐγώ,pronoun,a)podido/nai,ἀποδίδωμι,verb,ἄλλος,adjective,*)alec,a/nod,rw|,dia\,διά,preposition,tou\s,ὁ,article,teleuth/santas,τελευτάω,verb,e)gw\,ἐγώ,pronoun,de\,δέ,particle,oi)=mai,οἴομαι,verb,e)kei=nos,ἐκεῖνος,pronoun,,,,,,,,,,,,,,,,,,,,,,,,,,,,,,,,,,,,,,,,,,,,,,,,,,,,,,,,,,,,,,,,,,,,,,,,,,,,,,,,,,,,,,,
e)/peiq',ἔπειτα,adverb,ou(=toi,οὗτος,pronoun,e)pembai/nousin,ἐπεμβαίνω,verb,tw=|,ὁ,article,dh/mw|,δῆμος,noun,e)n,ἐν,preposition,tai=s,ὁ,article,a)tuxi/ais,,,,,,,,,,,,,,,,,,,,,,,,,,,,,,,,,,,,,ἀτυχία,noun,,,,,,,,,,,,,,,,,,,,,,,,,,,,,,,,,,,,,,,,,,,,,,,,,,,,,,,,,,,,,,,,,,,,,,,,,,,,,,,,,,,,,,,,,,,,,,,,,,,,,,,,,,,,,,,
dio/,διό,conjunction,per,πέρ,particle,kai\,καί,conjunction,polu\,πολύς,adjective,ma=llon,μᾶλλον,adverb,a)/cioi/,ἄξιος,adjective,ei)sin,εἰμί,verb,misei=sqai,,,,,,,,,,,,,,,,,,,,,,,,,,,,,,,,,,,,,μισέω,verb,,,,,,,,,,,,,,,,,,,,,,,,,,,,,,,,,,,,,,,,,,,,,,,,,,,,,,,,,,,,,,,,,,,,,,,,,,,,,,,,,,,,,,,,,,,,,,,,,,,,,,,,,,,,,,,
w(/s,ὅς,pronoun,per,πέρ,particle,ga\r,γάρ,particle,ta\,ὁ,article,sw/mata,σῶμα,adjective,plei/sths,πλεῖστος,adjective,e)pimelei/as,ἐπιμέλεια,noun,e)n,tai=s,ὁ,article,a)rrwsti/ais,ἀρρωστία,noun,dei=tai,δέομαι,verb,ou(/tws,οὕτως,adverb,kai\,καί,conjunction,ai(,ὁ,article,po/leis,πόλις,adjective,plei/sths,πλεῖστος,adjective,qerapei/as,θεραπεία,noun,e)n,ἐν,preposition,tai=s,ὁ,article,a)tuxi/ais,ἀτυχία,noun,ἐν,preposition,de/ontai,mo/nois,de\,tou/tois,οὗτος,pronoun,dhmokrati/a,δημοκρατία,noun,,,,,,,,,,,,,,,,δέομαι,verb,μόνος,adjective,δέ,particle,,,,,,,,,,,,,,,,,,,,,,,,,,,,,,,,,,,,,,,,,,,,,,,,,,,,,,,,,,,,,,,,,,,,,,,,,,,,,,,,,
a)fei\s,ἀφίημι,verb,de\,δέ,particle,ta\,ὁ,article,polla\,πολύς,adjective,peri\,περί,preposition,w(=n,ὅς,pronoun,kai\,καί,conjunction,sunhgo/rei,*fili/ppw|,Φίλιππος,proper,kai\,καί,conjunction,e)strateu/sato,στρατεύω,verb,met',μετά,preposition,e)kei/nou,ἐκεῖνος,pronoun,e)pi\,ἐπί,preposition,th\n,ὁ,article,xw/ran,χώρα,noun,o(/per,ὅσπερ,adjective,me/giston,μέγας,adverb,tou=to,οὗτος,pronoun,dhlw/sw,δηλόω,verb,συνηγορέω,verb,*fi,e)strateu/sato,e)f',h(ma=s,ἐγώ,pronoun,kai\,καί,conjunction,tou\s,ὁ,article,summa/xous,σύμμαχος,adjective,a)kribw=s,ἀκριβῶς,adverb,ge,γε,particle,di/dwsin,δίδωμι,verb,,,στρατεύω,verb,ἐπί,preposition,e(/kastos,ἕκαστος,adjective,au)tw=n,αὐτός,pronoun,o(,ὁ,article,me\n,μέν,particle,e)n,ἐν,preposition,*qh/bais,Θῆβαι,proper,o(,ὁ,article,d',δέ,particle,e)n,ἐν,preposition,*tana/gra|,Τάναγρα,proper,o(,ὁ,article,d',δέ,particle,e)n,ἐν,preposition,th=|,ὁ,article,tw=n,ὁ,article,a)pallage/nta,ἀπαλλάσσω,verb,,,,,,,,,,,,,,,,,,,,,,,,,,,,,,,,,
h)\,ἠέ,conjunction,ou)k,οὐ,adverb,eu)/xesqai,εὔχομαι,verb,kai\,καί,conjunction,ta)=lla,ἄλλος,adjective,pa/nta,πᾶς,adjective,ta\,ὁ,article,e)n,th=|,ὁ,article,*(ella/di,Ἑλλάς,proper,a)natraph=nai,ἀνατρέπω,verb,oi(/,ἕ,pronoun,g',γε,particle,a)po\,ἀπό,preposition,tw=n,ὁ,article,a)nairoume/nwn,ἀναιρέω,verb,po/lewn,πόλις,adjective,a)parxa\s,ἀπαρχή,noun,lamba/nousin,λαμβάνω,verb,,,,ἐν,preposition,,,,,,,,,,,,,,,,,,,,,,,,,,,,,,,,,,,,,,,,,,,,,,,,,,,,,,,,,,,,,,,,,,,,,,,,,,,,,,,,,,,,,,,,,,,,,,,,,,,,,,,,,,,,,,,
kai\,καί,conjunction,u(ma=s,σύ,pronoun,me\n,μέν,particle,a)ei\,ἀεί,adverb,bou/lesqai,βούλομαι,verb,e)n,ἐν,preposition,fo/bw|,φόβος,noun,kai\,kindu/nois,κίνδυνος,noun,ei)=nai,εἰμί,verb,eu)telh\s,εὐτελής,adverb,to\,ὁ,article,sw=ma,σῶμα,adjective,dia\,διά,preposition,lepto/thta,λεπτότης,noun,,,,,,,,,,,,,,,,καί,conjunction,,,,,,,,,,,,,,,,,,,,,,,,,,,,,,,,,,,,,,,,,,,,,,,,,,,,,,,,,,,,,,,,,,,,,,,,,,,,,,,,,,,,,,,,,,,,,,,,,,,,,,,,,,,,,,,
kathgori/as,κατηγορία,noun,poiou=ntai,ποιέω,verb,kai\,καί,conjunction,fanero\n,φανερός,adjective,poiou=sin,ποιέω,verb,o(/ti,ὅστις,pronoun,ou)de\,οὐδέ,particle,to/te,fi/loi,φίλος,adjective,o)/ntes,εἰμί,verb,*lakedaimoni/wn,Λακεδαιμόνιος,proper,u(pe\r,ὑπέρ,preposition,e)kei/nwn,ἐκεῖνος,pronoun,e)/legon,λέγω,verb,a)lla\,ἀλλά,adverb,th\n,ὁ,article,po/lin,πόλις,adjective,misou=ntes,μισέω,verb,kai\,καί,conjunction,tou\s,ὁ,article,τότε,adverb,i)sxu/ontas,a)ei\,kaq',u(mw=n,σύ,pronoun,qerapeu/ontes,θεραπεύω,verb,,,,,,,,,,,,,,,,ἰσχύω,verb,ἀεί,adverb,κατά,preposition,,,,,,,,,,,,,,,,,,,,,,,,,,,,,,,,,,,,,,,,,,,,,,,,,,,,,,,,,,,,,,,,,,,,,,,,,,,,,,,,,
e)pei\,ἐπεί,conjunction,de\,δέ,particle,nu=n,νῦν,adverb,h(,ὁ,article,e)kei/nwn,ἐκεῖνος,pronoun,du/namis,δύναμις,adjective,ei)s,εἰς,preposition,tou=ton,mete/sth,μεθίστημι,verb,to/te,τότε,adverb,dh\,δή,particle,kolakeu/ein,κολακεύω,verb,proei/lonto,προαιρέω,verb,,,,,,,,,,,,,,,,,,,,,,οὗτος,pronoun,,,,,,,,,,,,,,,,,,,,,,,,,,,,,,,,,,,,,,,,,,,,,,,,,,,,,,,,,,,,,,,,,,,,,,,,,,,,,,,,,,,,,,,,,,,,,,,,,,,,,,,,,,,,,,,
kai\,καί,conjunction,*dhmokra/ths,Δημοκράτης,proper,au)toi=s,αὐτός,pronoun,o(,ὁ,article,*)afidnai=os,Ἀφιδναῖος,proper,a)ei\,ἀεί,adverb,parakaqh/menos,παρακάθημαι,verb,kai\,i(sta\s,ἵστημι,verb,gelwtopoiei=,γελωτοποιέω,verb,e)pi\,ἐπί,preposition,toi=s,ὁ,article,th=s,ὁ,article,po/lews,πόλις,adjective,a)tuxh/masin,ἀτύχημα,noun,kai\,καί,conjunction,loidorei=,λοιδορέω,verb,q',τε,particle,u(mi=n,σύ,pronoun,meq',μετά,preposition,καί,conjunction,h(me/ran,e)n,th=|,a)gora=|,ἀγορά,noun,ei)s,εἰς,preposition,e(spe/ran,ἑσπέρα,noun,de\,δέ,particle,deipnh/swn,δειπνέω,verb,w(s,ὡς,conjunction,u(ma=s,σύ,pronoun,ἡμέρα,noun,ἐν,preposition,ὁ,article,e)/rxetai,ἔρχομαι,verb,,,,,,,,,,,,,,,,,,,,,,,,,,,,,,,,,,,,,,,,,,,,,,,,,,,,,,,,,,,,,,,,,,,,,,,,,,,,,,
kai/toi,καίτοι,particle,w)=,ὦ,interjection,*dhmo/krates,Δημοκράτης,proper,mo/nw|,μόνος,adjective,soi,σύ,pronoun,ou)k,οὐ,adverb,e)/ni,ἐν,preposition,le/gein,peri\,περί,preposition,tou=,ὁ,article,dh/mou,δῆμος,noun,flau=ron,φλαῦρος,adjective,ou)de/n,οὐδείς,pronoun,,,,,,,,,,,,,,,,,,,,,,λέγω,verb,,,,,,,,,,,,,,,,,,,,,,,,,,,,,,,,,,,,,,,,,,,,,,,,,,,,,,,,,,,,,,,,,,,,,,,,,,,,,,,,,,,,,,,,,,,,,,,,,,,,,,,,,,,,,,,
dia\,διά,preposition,ti/,τίς,pronoun,,,,,,,,,,,,,,,,,,,,,,,,,,,,,,,,,,,,,,,,,,,,,,,,,,,,,,,,,,,,,,,,,,,,,,,,,,,,,,,,,,,,,,,,,,,,,,,,,,,,,,,,,,,,,,,,,,,,,,,,,,,,,,,,,,,,,,,,,,,,,,,,,,,,,,,,,,,,,,,,,,,,,
o(/ti,ὅστις,pronoun,prw=ton,πρότερος,adjective,me\n,μέν,particle,ou),οὐ,adverb,par',παρά,preposition,e(te/rou,ἕτερος,adjective,s',σύ,pronoun,e)/dei,maqei=n,μανθάνω,verb,o(/ti,ὅστις,pronoun,o(,ὁ,article,dh=mos,δῆμος,noun,xa/ritas,χάρις,noun,a)podi/dwsin,ἀποδίδωμι,verb,toi=s,ὁ,article,eu)erge/tais,εὐεργέτης,noun,a)lla\,ἀλλά,adverb,para\,παρά,preposition,sautou=,σαυτοῦ,pronoun,,,,δέω,verb,,,,,,,,,,,,,,,,,,,,,,,,,,,,,,,,,,,,,,,,,,,,,,,,,,,,,,,,,,,,,,,,,,,,,,,,,,,,,,,,,,,,,,,,,,,,,,,,,,,,,,,,,,,,,,,
au)to\s,αὐτός,pronoun,ga\r,γάρ,particle,u(pe\r,ὑπέρ,preposition,w(=n,ὅς,pronoun,e(/teroi,ἕτερος,adjective,eu)erge/thsan,εὐεργετέω,verb,nu=n,νῦν,adverb,ta\s,tima\s,τιμή,noun,komi/zei,κομίζω,verb,,,,,,,,,,,,,,,,,,,,,,,,,,,,,,,ὁ,article,,,,,,,,,,,,,,,,,,,,,,,,,,,,,,,,,,,,,,,,,,,,,,,,,,,,,,,,,,,,,,,,,,,,,,,,,,,,,,,,,,,,,,,,,,,,,,,,,,,,,,,,,,,,,,,
e)/peiq',ἔπειτα,adverb,o(/ti,ὅστις,pronoun,e)n,ἐν,preposition,no/mw|,νόμος,noun,gra/yas,γράφω,verb,o(,ὁ,article,dh=mos,δῆμος,noun,a)pei=pen,mh/te,μήτε,particle,le/gein,λέγω,verb,e)cei=nai,ἔξεστι,verb,mhdeni\,μηδείς,pronoun,kakw=s,κακός,adjective,*(armo/dion,Ἁρμόδιος,proper,kai\,καί,conjunction,*)aristogei/tona,Ἀριστογείτων,proper,mh/t',μήτε,particle,a)=|sai,ἀείδω,verb,e)pi\,ἐπί,preposition,ta\,ὁ,article,ἀπεῖπον,verb,kaki/ona,,,,,,,,,,,,,,,,,,,,,,,,κακός,adjective,,,,,,,,,,,,,,,,,,,,,,,,,,,,,,,,,,,,,,,,,,,,,,,,,,,,,,,,,,,,,,,,,,,,,,,,,,,,,,,,,,,,,
h(=|,ὅς,pronoun,kai\,καί,conjunction,deino/n,δεινός,adjective,e)stin,εἰμί,verb,ei),εἰ,conjunction,tou\s,ὁ,article,me\n,μέν,particle,sou\s,progo/nous,πρόγονος,adjective,o(,ὁ,article,dh=mos,δῆμος,noun,ou)de\,οὐδέ,particle,mequsqe/nti,μεθύσκω,verb,w)/|eto,οἴομαι,verb,dei=n,δέω,verb,e)cei=nai,ἔξεστι,verb,kakw=s,κακός,adjective,ei)pei=n,εἶπον,verb,su\,σύ,pronoun,de\,δέ,particle,σός,adjective,nh/fwn,to\n,dh=mon,kakw=s,κακός,adjective,le/geis,λέγω,verb,,,,,,,,,,,,,,,,νήφω,verb,ὁ,article,δῆμος,noun,,,,,,,,,,,,,,,,,,,,,,,,,,,,,,,,,,,,,,,,,,,,,,,,,,,,,,,,,,,,,,,,,,,,,,,,,,,,,,,,,
*braxe/a,βραχύς,adjective,d',δέ,particle,e)/ti,ἔτι,adverb,pro\s,πρός,preposition,u(ma=s,σύ,pronoun,ei)pw/n,εἶπον,verb,w)=,ὦ,interjection,a)/ndres,dikastai/,δικαστής,noun,kai\,καί,conjunction,a)nalogisa/menos,ἀναλογίζομαι,verb,katabh/somai,καθάπτω,verb,,,,,,,,,,,,,,,,,,,,,,,,,ἀνήρ,noun,,,,,,,,,,,,,,,,,,,,,,,,,,,,,,,,,,,,,,,,,,,,,,,,,,,,,,,,,,,,,,,,,,,,,,,,,,,,,,,,,,,,,,,,,,,,,,,,,,,,,,,,,,,,,,,
grafh\,γραφή,noun,parano/mwn,παράνομος,adjective,e)sti\n,εἰμί,verb,u(pe\r,ὑπέρ,preposition,h(=s,ὅς,pronoun,th\n,ὁ,article,yh=fon,ψῆφος,noun,me/llete,fe/rein,φέρω,verb,to\,ὁ,article,de\,δέ,particle,yh/fisma,ψήφισμα,noun,to\,ὁ,article,krino/menon,κρίνω,verb,e)/painos,ἔπαινος,noun,proe/drwn,πρόεδρος,noun,,,,,,,,,,,,,μέλλω,verb,,,,,,,,,,,,,,,,,,,,,,,,,,,,,,,,,,,,,,,,,,,,,,,,,,,,,,,,,,,,,,,,,,,,,,,,,,,,,,,,,,,,,,,,,,,,,,,,,,,,,,,,,,,,,,,
o(/ti,ὅστις,pronoun,de\,δέ,particle,prosh/kei,προσήκω,verb,tou\s,ὁ,article,proe/drous,πρόεδρος,noun,kata\,κατά,preposition,tou\s,ὁ,article,no/mous,proedreu/ein,προεδρεύω,verb,ou(=toi,οὗτος,pronoun,de\,δέ,particle,para\,παρά,preposition,tou\s,ὁ,article,no/mous,νόμος,noun,prohdreu/kasin,προεδρεύω,verb,au)tw=n,αὐτός,pronoun,tw=n,ὁ,article,no/mwn,νόμος,noun,h)kou/ete,ἀκούω,verb,a)nagignwskome/nwn,ἀναγιγνώσκω,verb,νόμος,noun,,,,,,,,,,,,,,,,,,,,,,,,,,,,,,,,,,,,,,,,,,,,,,,,,,,,,,,,,,,,,,,,,,,,,,,,,,,,,,,,,,,,,,,,,,,,,,,,,,,,,,,,,,,,,,,
to\,ὁ,article,loipo\n,λοιπός,adjective,h)/dh,ἤδη,adverb,e)sti\n,εἰμί,verb,par',παρά,preposition,u(mi=n,σύ,pronoun,,,,,,,,,,,,,,,,,,,,,,,,,,,,,,,,,,,,,,,,,,,,,,,,,,,,,,,,,,,,,,,,,,,,,,,,,,,,,,,,,,,,,,,,,,,,,,,,,,,,,,,,,,,,,,,,,,,,,,,,,,,,,,,,,,,,,,,,,,,,,,,,,,,,,,,,,
dei/cete,δείκνυμι,verb,ga\r,γάρ,particle,po/tera,πότερος,adjective,tou\s,ὁ,article,para/noma,παράνομος,adjective,gra/fontas,γράφω,verb,timwrh/sesqe,τιμωρέω,verb,h)\,ta\s,ὁ,article,toi=s,ὁ,article,eu)erge/tais,εὐεργέτης,noun,a)podedeigme/nas,ἀποδείκνυμι,verb,tima\s,τιμή,noun,tau/tas,οὗτος,pronoun,dw/sete,δίδωμι,verb,toi=s,ὁ,article,e)nanti/a,ἐναντίος,adjective,toi=s,ὁ,article,no/mois,νόμος,noun,proedreu/ousin,προεδρεύω,verb,ἠέ,conjunction,kai\,tau=ta,o)mwmoko/tes,kata\,κατά,preposition,tou\s,ὁ,article,no/mous,νόμος,noun,yhfiei=sqai,ψηφίζομαι,verb,,,,,,,,,,καί,conjunction,οὗτος,pronoun,ὄμνυμι,verb,,,,,,,,,,,,,,,,,,,,,,,,,,,,,,,,,,,,,,,,,,,,,,,,,,,,,,,,,,,,,,,,,,,,,,,,,,,,,,,,,
a)lla\,ἀλλά,adverb,mh\n,μήν,particle,ou)d',οὐδέ,particle,e)capathqh=nai,ἐξαπατάω,verb,u(mi=n,σύ,pronoun,e)/nestin,ἔνειμι,verb,u(po\,ὑπό,preposition,tou=,lo/gou,λόγος,noun,au)tw=n,αὐτός,pronoun,a)\n,ἄν,particle,fw=sin,φάος,adjective,a)nagkai=a,ἀναγκαῖος,adjective,ei)=nai,εἰμί,verb,tw=|,ὁ,article,dh/mw|,δῆμος,noun,ta\,ὁ,article,peri\,περί,preposition,tw=n,ὁ,article,e)pai/nwn,ἔπαινος,noun,ὁ,article,yhfi/zesqai,,,,,,,,,,,,,,,,,,,,,,,,ψηφίζομαι,verb,,,,,,,,,,,,,,,,,,,,,,,,,,,,,,,,,,,,,,,,,,,,,,,,,,,,,,,,,,,,,,,,,,,,,,,,,,,,,,,,,,,,,
tou\s,ὁ,article,ga\r,γάρ,particle,proe/drous,πρόεδρος,noun,ou)k,οὐ,adverb,e)/nestin,ἔνειμι,verb,ei)pei=n,εἶπον,verb,w(s,ὡς,conjunction,a)na/gkh,tis,τις,pronoun,h)=n,εἰμί,verb,stefanw=sai,στεφανόω,verb,,,,,,,,,,,,,,,,,,,,,,,,,,,,ἀνάγκη,noun,,,,,,,,,,,,,,,,,,,,,,,,,,,,,,,,,,,,,,,,,,,,,,,,,,,,,,,,,,,,,,,,,,,,,,,,,,,,,,,,,,,,,,,,,,,,,,,,,,,,,,,,,,,,,,,
pro\s,πρό,preposition,de\e\,δέω,verb,tou/tois,οὗτος,pronoun,au)to\s,αὐτός,pronoun,u(mi=n,σύ,pronoun,ou(=tos,ἕ,pronoun,r(a|di/an,ῥᾴδιος,adjective,pepoi/hken,th\n,ὁ,article,gnw=sin,γνῶσις,noun,,,,,,,,,,,,,,,,,,,,,,,,,,,,,,,ποιέω,verb,,,,,,,,,,,,,,,,,,,,,,,,,,,,,,,,,,,,,,,,,,,,,,,,,,,,,,,,,,,,,,,,,,,,,,,,,,,,,,,,,,,,,,,,,,,,,,,,,,,,,,,,,,,,,,,
e)/grayen,γράφω,verb,ga\r,γάρ,particle,w(=n,ὅς,pronoun,e(/neka,ἕνεκα,preposition,e)stefa/nwsen,στεφανόω,verb,tou\s,ὁ,article,proe/drous,πρόεδρος,noun,dikaiosu/nhs,te,τε,particle,th=s,ὁ,article,ei)s,εἰς,preposition,to\n,ὁ,article,dh=mon,δῆμος,noun,to\n,ὁ,article,*)aqhnai/wn,Ἀθήναια,proper,kai\,καί,conjunction,dio/ti,διότι,conjunction,kata\,κατά,preposition,tou\s,ὁ,article,no/mous,νόμος,noun,δικαιοσύνη,noun,prohdreu/kasin,,,,,,,,,,,,,,,,,,,,,,,,προεδρεύω,verb,,,,,,,,,,,,,,,,,,,,,,,,,,,,,,,,,,,,,,,,,,,,,,,,,,,,,,,,,,,,,,,,,,,,,,,,,,,,,,,,,,,,,
e)pi\,ἐπί,preposition,dh\,δή,particle,tau=t',οὗτος,pronoun,a)/get',ἄγω,verb,au)to\n,αὐτός,pronoun,a)pologhso/menon,ἀπολογέομαι,verb,kai\,καί,conjunction,su/,w)=,ὦ,interjection,*filippi/dh,Φιλιππίδης,proper,dei/cas,δείκνυμι,verb,a)lhqh=,ἀληθής,adjective,ei)=nai,εἰμί,verb,ta\,ὁ,article,peri\,περί,preposition,tw=n,ὁ,article,proe/drwn,πρόεδρος,noun,a(\,ὅς,pronoun,u(pe/qou,ὑποτίθημι,verb,e)n,ἐν,preposition,σύ,pronoun,tw=|,yhfi/smati,a)po/feuge,,,,,,,,,,,,,,,,,,,,,,ὁ,article,ψηφίς,noun,ἀποφεύγω,verb,,,,,,,,,,,,,,,,,,,,,,,,,,,,,,,,,,,,,,,,,,,,,,,,,,,,,,,,,,,,,,,,,,,,,,,,,,,,,,,,,
ei),εἰ,conjunction,d',δέ,particle,oi)/ei,οἴομαι,verb,kordaki/zwn,κορδακίζω,verb,kai\,καί,conjunction,gelwtopoiw=n,γελωτοποιός,adjective,o(/per,ὅσπερ,adjective,poiei=n,ei)/wqas,ἔθω,verb,e)pi\,ἐπί,preposition,tw=n,ὁ,article,dikasthri/wn,δικαστήριον,noun,a)pofeu/cesqai,ἀποφεύγω,verb,eu)h/qhs,εὐήθης,adjective,ei)=,εἶμι,verb,h)\,ἠέ,conjunction,para\,παρά,preposition,tou/tois,οὗτος,pronoun,suggnw/mhn,συγγνώμη,adjective,h)\,ἠέ,conjunction,ποιέω,verb,e)/leo/n,tina,para\,to\,ὁ,article,di/kaion,δίκη,adjective,u(pa/rxein,ὑπάρχω,verb,,,,,,,,,,,,,ἒ,interjection,τις,pronoun,παρά,preposition,,,,,,,,,,,,,,,,,,,,,,,,,,,,,,,,,,,,,,,,,,,,,,,,,,,,,,,,,,,,,,,,,,,,,,,,,,,,,,,,,
pollou=,πολύς,adjective,ge,γε,particle,dei=,δέομαι,verb,,,,,,,,,,,,,,,,,,,,,,,,,,,,,,,,,,,,,,,,,,,,,,,,,,,,,,,,,,,,,,,,,,,,,,,,,,,,,,,,,,,,,,,,,,,,,,,,,,,,,,,,,,,,,,,,,,,,,,,,,,,,,,,,,,,,,,,,,,,,,,,,,,,,,,,,,,,,,,,,,,
ou),οὐ,adverb,ga\r,γάρ,particle,a)pe/qou,ἀποτίθημι,verb,sautw=|,σαυτοῦ,pronoun,eu)/noian,εὔνοια,noun,para\,παρά,preposition,tw=|,ὁ,article,dh/mw|,a)ll',ἀλλά,adverb,e(te/rwqi,ἑτέρωθι,adverb,ou)de\,οὐδέ,particle,tou\s,ὁ,article,sw=sai/,σώζω,verb,se,σύ,pronoun,duname/nous,δύναμαι,verb,w)/|ou,ᾦον,noun,dei=n,δέω,verb,kolakeu/ein,κολακεύω,verb,a)lla\,ἀλλά,adverb,tou\s,ὁ,article,δῆμος,noun,tw=|,dh/mw|,foberou\s,o)/ntas,εἰμί,verb,,,,,,,,,,,,,,,,,,,ὁ,article,δῆμος,noun,φοβερός,adjective,,,,,,,,,,,,,,,,,,,,,,,,,,,,,,,,,,,,,,,,,,,,,,,,,,,,,,,,,,,,,,,,,,,,,,,,,,,,,,,,,
kai\,καί,conjunction,e(\n,εἷς,adjective,me\n,μέν,particle,sw=ma,σῶμα,adjective,a)qa/naton,ἀθάνατος,adjective,u(pei/lhfas,ὑπολαμβάνω,verb,e)/sesqai,εἰμί,verb,po/lews,de\,δέ,particle,thlikau/ths,τηλικοῦτος,adjective,qa/naton,θάνατος,adjective,kate/gnws,καταγιγνώσκω,verb,ou)d',οὐδέ,particle,e)kei=no,ἐκεῖνος,pronoun,sunidw/n,σύνεῖδον,verb,o(/ti,ὅστις,pronoun,tw=n,ὁ,article,me\n,μέν,particle,tura/nnwn,τύραννος,noun,ou)dei\s,οὐδείς,pronoun,πόλις,adjective,pw/pote,teleuth/sas,a)nebi/wsen,po/leis,πόλις,adjective,de\,δέ,particle,pollai\,πολύς,adjective,a)/rdhn,ἄρδην,adverb,a)naireqei=sai,ἀναιρέω,verb,pa/lin,πάλιν,adverb,i)/sxusan,ἰσχύω,verb,πώποτε,adverb,τελευτάω,verb,ἀναβιόω,verb,,,,,,,,,,,,,,,,,,,,,,,,,,,,,,,,,,,,,,,,,,,,,,,,,,,,,,,,,,,,,,,,,,,,,,,,,,,,,,,,,
ou)de\,οὐδέ,particle,ta\,ὁ,article,e)pi\,ἐπί,preposition,tw=n,ὁ,article,tria/konta,τριάκοντα,noun,e)logi/sasqe,λογίζομαι,verb,ou)d',οὐδέ,particle,w(s,kai\,καί,conjunction,tw=n,ὁ,article,e)pistrateusa/ntwn,ἐπιστρατεύω,verb,kai\,καί,conjunction,tw=n,ὁ,article,e)/ndoqen,ἔνδοθεν,adverb,sunepiqeme/nwn,συνεπιτίθημι,verb,au)th=|,αὐτός,pronoun,periege/neto,περιγίγνομαι,verb,a)lla\,ἀλλά,adverb,faneroi\,φανερός,adjective,e)ge/nesqe,γίγνομαι,verb,ὡς,conjunction,kairofulakou=ntes,th\n,po/lin,ei)/,εἰ,conjunction,pote,ποτέ,particle,doqh/setai,δίδωμι,verb,e)cousi/a,ἐξουσία,noun,le/gein,λέγω,verb,ti,τις,pronoun,h)\,ἠέ,conjunction,καιροφυλακέω,verb,ὁ,article,πόλις,adjective,pra/ttein,πράσσω,verb,kata\,κατά,preposition,tou=,ὁ,article,dh/mou,δῆμος,noun,,,,,,,,,,,,,,,,,,,,,,,,,,,,,,,,,,,,,,,,,,,,,,,,,,,,,,,,,,,,,,,,,,,,,
ei)=ta,εἶτα,adverb,peri\,περί,preposition,kairw=n,καιρός,noun,au)ti/ka,αὐτίκα,adverb,dh\,δή,particle,tolmh/sete,τολμάω,verb,le/gein,λέγω,verb,tou\s,kata\,κατά,preposition,th=s,ὁ,article,po/lews,πόλις,adjective,kairou\s,καιρός,noun,ou),οὐ,adverb,parafula/cantes,παραφυλάσσω,verb,,,,,,,,,,,,,,,,,,,ὁ,article,,,,,,,,,,,,,,,,,,,,,,,,,,,,,,,,,,,,,,,,,,,,,,,,,,,,,,,,,,,,,,,,,,,,,,,,,,,,,,,,,,,,,,,,,,,,,,,,,,,,,,,,,,,,,,,
kai\,καί,conjunction,ta\,ὁ,article,paidi/a,παιδία,noun,h(/keis,ἥκω,verb,e)/xwn,ἔχω,verb,ei)s,εἰς,preposition,to\,ὁ,article,dikasth/rion,kai\,καί,conjunction,a)nabiba/sas,ἀναβιβάζω,verb,au)ti/ka,αὐτίκα,adverb,dh\,δή,particle,a)ciw/seis,ἀξίωσις,noun,u(po\,ὑπό,preposition,tou/twn,οὗτος,pronoun,e)leei=sqai,ἐλεάω,verb,,,,,,,,,,,,,δικαστήριον,noun,,,,,,,,,,,,,,,,,,,,,,,,,,,,,,,,,,,,,,,,,,,,,,,,,,,,,,,,,,,,,,,,,,,,,,,,,,,,,,,,,,,,,,,,,,,,,,,,,,,,,,,,,,,,,,,
a)ll',ἀλλά,adverb,ou),οὐ,adverb,di/kaion,δίκαιος,adjective,,,,,,,,,,,,,,,,,,,,,,,,,,,,,,,,,,,,,,,,,,,,,,,,,,,,,,,,,,,,,,,,,,,,,,,,,,,,,,,,,,,,,,,,,,,,,,,,,,,,,,,,,,,,,,,,,,,,,,,,,,,,,,,,,,,,,,,,,,,,,,,,,,,,,,,,,,,,,,,,,,
o(/te,ὅτε,conjunction,ga\r,γάρ,particle,h(,ὁ,article,po/lis,πόλις,adjective,u(po\,ὑπό,preposition,tw=n,ὁ,article,a)/llwn,ἄλλος,adjective,w)|ktei/reto,dia\,διά,preposition,ta\,ὁ,article,sumba/nta,συμβαίνω,verb,to/q',τόθι,adverb,u(f',ὑπό,preposition,u(mw=n,σύ,pronoun,e)cubri/zeto,ἐξυβρίζω,verb,,,,,,,,,,,,,,,,,,,,,,,,,,,,,,,,,,,,,,,,,,,,,,,,,,,,,,,,,,,,,,,,,,,,,,,,,,,,,,,,,,,,,,,,,,,,,,,,,,,,,,,,,,,,,,,,,,,,,,,,,,,,,,,,
kai/toi,καίτοι,particle,ou(=toi,οὗτος,pronoun,me\n,μέν,particle,th\n,ὁ,article,*(ella/da,Ἑλλάς,proper,sw/|zein,σώζω,verb,proelo/menoi,προαιρέω,verb,a)na/cia,tw=n,ὁ,article,fronhma/twn,φρόνημα,noun,e)/pasxon,πάσχω,verb,su\,σύ,pronoun,de\,δέ,particle,th\n,ὁ,article,po/lin,πόλις,adjective,ei)s,εἰς,preposition,ta\s,ὁ,article,e)sxa/tas,σχέθω,verb,ai)sxu/nas,αἰσχύνη,adjective,a)di/kws,ἄδικος,adjective,ἀνάξιος,adjective,kaqista\s,nuni\,dikai/ws,timwri/as,τιμωρία,noun,teu/ch|,τεύχω,verb,,,,,,,,,,,,,,,,καθίστημι,verb,νυνί,adverb,δίκαιος,adjective,,,,,,,,,,,,,,,,,,,,,,,,,,,,,,,,,,,,,,,,,,,,,,,,,,,,,,,,,,,,,,,,,,,,,,,,,,,,,,,,,
dia\,διά,preposition,ti/,τίς,pronoun,ga\r,γάρ,particle,a)\n,ἄν,particle,tou/tou,οὗτος,pronoun,fei/saisqe,φείδομαι,verb,,,,,,,,,,,,,,,,,,,,,,,,,,,,,,,,,,,,,,,,,,,,,,,,,,,,,,,,,,,,,,,,,,,,,,,,,,,,,,,,,,,,,,,,,,,,,,,,,,,,,,,,,,,,,,,,,,,,,,,,,,,,,,,,,,,,,,,,,,,,,,,,,,,,,,,,,
po/tera,πότερος,adjective,dio/ti,διότι,conjunction,dhmotiko/s,δημοτικός,adjective,e)stin,εἰμί,verb,,,,,,,,,,,,,,,,,,,,,,,,,,,,,,,,,,,,,,,,,,,,,,,,,,,,,,,,,,,,,,,,,,,,,,,,,,,,,,,,,,,,,,,,,,,,,,,,,,,,,,,,,,,,,,,,,,,,,,,,,,,,,,,,,,,,,,,,,,,,,,,,,,,,,,,,,,,,,,,
a)lla\,ἀλλά,adverb,i)/st',οἶδα,verb,au)to\n,αὐτός,pronoun,toi=s,ὁ,article,me\n,μέν,particle,tura/nnois,τύραννος,noun,douleu/ein,δουλεύω,verb,proelo/menon,tw=|,ὁ,article,de\,δέ,particle,dh/mw|,δῆμος,noun,prosta/ttein,προστάσσω,verb,a)ciou=nta,ἀξιόω,verb,,,,,,,,,,,,,,,,,,,,,,προαιρέω,verb,,,,,,,,,,,,,,,,,,,,,,,,,,,,,,,,,,,,,,,,,,,,,,,,,,,,,,,,,,,,,,,,,,,,,,,,,,,,,,,,,,,,,,,,,,,,,,,,,,,,,,,,,,,,,,,
a)ll',ἀλλά,adverb,o(/ti,ὅστις,pronoun,xrhsto/s,χρηστός,adjective,,,,,,,,,,,,,,,,,,,,,,,,,,,,,,,,,,,,,,,,,,,,,,,,,,,,,,,,,,,,,,,,,,,,,,,,,,,,,,,,,,,,,,,,,,,,,,,,,,,,,,,,,,,,,,,,,,,,,,,,,,,,,,,,,,,,,,,,,,,,,,,,,,,,,,,,,,,,,,,,,,
a)lla\,ἀλλά,adverb,di\s,δίς,adverb,au)tou=,αὐτός,pronoun,a)diki/an,ἀδικία,noun,kate/gnwte,καταγιγνώσκω,verb,,,,,,,,,,,,,,,,,,,,,,,,,,,,,,,,,,,,,,,,,,,,,,,,,,,,,,,,,,,,,,,,,,,,,,,,,,,,,,,,,,,,,,,,,,,,,,,,,,,,,,,,,,,,,,,,,,,,,,,,,,,,,,,,,,,,,,,,,,,,,,,,,,,,,,,,,,,,
nai/,ναί,adverb,a)lla\,ἀλλά,adverb,xrh/simos,χρήσιμος,adjective,,,,,,,,,,,,,,,,,,,,,,,,,,,,,,,,,,,,,,,,,,,,,,,,,,,,,,,,,,,,,,,,,,,,,,,,,,,,,,,,,,,,,,,,,,,,,,,,,,,,,,,,,,,,,,,,,,,,,,,,,,,,,,,,,,,,,,,,,,,,,,,,,,,,,,,,,,,,,,,,,,
a)ll',ἀλλά,adverb,ei),εἰ,conjunction,xrh/sesqe,χράω,verb,tw=|,ὁ,article,u(f',ὑπό,preposition,u(mw=n,σύ,pronoun,o(mologoume/nws,ὁμολογουμένως,adverb,ponhrw=|,kriqe/nti,κρίνω,verb,h)\,ἠέ,conjunction,kri/nein,κρίνω,verb,kakw=s,κακός,adjective,do/cete,δοκέω,verb,h)\,ἠέ,conjunction,ponhrw=n,πονηρός,adjective,a)nqrw/pwn,ἄνθρωπος,noun,e)piqumei=n,ἐπιθυμέω,verb,,,,,,,,,,πονηρός,adjective,,,,,,,,,,,,,,,,,,,,,,,,,,,,,,,,,,,,,,,,,,,,,,,,,,,,,,,,,,,,,,,,,,,,,,,,,,,,,,,,,,,,,,,,,,,,,,,,,,,,,,,,,,,,,,,
ou)kou=n,οὐκοῦν,adverb,ou)k,οὐ,adverb,a)/cion,ἄξιος,adjective,ta\,ὁ,article,tou/tou,οὗτος,pronoun,a)dikh/mata,ἀδίκημα,noun,au)tou\s,αὐτός,pronoun,a)nade/xesqai,a)lla\,ἀλλά,adverb,timwrei=sqai,τιμωρέω,verb,to\n,ὁ,article,a)dikou=nta,ἀδικέω,verb,kai\,καί,conjunction,a)\n,ἄν,particle,a)/ra,ἄρα,particle,le/gh|,λέγω,verb,tis,τις,pronoun,a)naba\s,ἀναβαίνω,verb,w(s,ὡς,conjunction,di\s,δίς,adverb,ἀναδέχομαι,verb,h(/lwken,pro/teron,parano/mwn,kai\,καί,conjunction,dia\,διά,preposition,tou=to,οὗτος,pronoun,fh=|,φημί,verb,dei=n,δέω,verb,u(ma=s,σύ,pronoun,a)poyhfi/sasqai,ἀποψηφίζομαι,verb,ἁλίσκομαι,verb,πρότερος,adjective,παράνομος,adjective,tou)nanti/on,ἐναντίον,adverb,poiei=te,ποιέω,verb,kat',κατά,preposition,a)mfo/tera,ἀμφότερος,adjective,,,,,,,,,,,,,,,,,,,,,,,,,,,,,,,,,,,,,,,,,,,,,,,,,,,,,,,,,,,,,,,,,,,,,
prw=ton,πρότερος,adjective,me\n,μέν,particle,o(/,ὅς,pronoun,ti,τις,pronoun,eu)tu/xhma/,εὐτύχημα,noun,e)stin,εἰμί,verb,to\n,ὁ,article,o(mologoume/nws,ta\,ὁ,article,para/noma,παράνομος,adjective,gra/fonta,γράφω,verb,to\,ὁ,article,tri/ton,τρίτος,adjective,krino/menon,κρίνω,verb,labei=n,λαμβάνω,verb,,,,,,,,,,,,,,,,ὁμολογουμένως,adverb,,,,,,,,,,,,,,,,,,,,,,,,,,,,,,,,,,,,,,,,,,,,,,,,,,,,,,,,,,,,,,,,,,,,,,,,,,,,,,,,,,,,,,,,,,,,,,,,,,,,,,,,,,,,,,,
ou),οὐ,adverb,ga\r,γάρ,particle,w(/sper,ὥσπερ,adverb,a)gaqou=,ἀγαθός,adjective,tinos,τις,pronoun,fei/desqai,φείδομαι,verb,prosh/kei,προσήκω,verb,tou/tou,a)lla\,ἀλλά,adverb,th\n,ὁ,article,taxi/sthn,τάχιστος,adjective,a)phlla/xqai,ἀπαλλάσσω,verb,o(/s,ὅς,pronoun,ge,γε,particle,tou=,ὁ,article,tro/pou,τρόπος,noun,di\s,δίς,adverb,h)/dh,ἤδη,adverb,e)n,ἐν,preposition,u(mi=n,σύ,pronoun,οὗτος,pronoun,ba/sanon,de/dwken,,,,,,,,,,,,,,,,,,,,,,,βάσανος,noun,δίδωμι,verb,,,,,,,,,,,,,,,,,,,,,,,,,,,,,,,,,,,,,,,,,,,,,,,,,,,,,,,,,,,,,,,,,,,,,,,,,,,,,,,,,,,
e)/peita,ἔπειτα,adverb,de/,δέ,particle,w(/sper,ὥσπερ,adverb,toi=s,ὁ,article,tw=n,ὁ,article,yeudomarturi/wn,ψευδομαρτυρέω,verb,di\s,δίς,adverb,h(lwko/sin,dedw/kate,δίδωμι,verb,u(mei=s,σύ,pronoun,to\,ὁ,article,tri/ton,τρίτος,adjective,mh\,μή,conjunction,marturei=n,μαρτυρέω,verb,mhd',μηδέ,particle,oi(=s,ὅς,pronoun,a)\n,ἄν,particle,parage/nwntai,παραγίγνομαι,verb,i(/na,ἵνα,conjunction,mhdeni\,μηδείς,pronoun,ἁλίσκομαι,verb,tw=n,politw=n,h)=|,to\,ὁ,article,u(me/teron,ὑμέτερος,adjective,plh=qos,πλῆθος,noun,ai)/tion,αἴτιος,adjective,tou=,ὁ,article,h)timw=sqai,ἀτιμόω,verb,a)ll',ἀλλά,adverb,ὁ,article,πολίτης,noun,εἰμί,verb,au)to\s,αὐτός,pronoun,au(tw=|,ἑαυτοῦ,pronoun,a)\n,ἄν,particle,mh\,μή,conjunction,pau/htai,παύω,verb,ta\,ὁ,article,yeudh=,ψευδής,adverb,marturw=n,μαρτυρέω,verb,ou(/tw,οὕτως,adverb,kai\,καί,conjunction,toi=s,ὁ,article,h(lwko/si,ἁλίσκομαι,verb,parano/mwn,παράνομος,adjective,e)/cestin,ἔξεστι,verb,mhke/ti,μηκέτι,adverb,gra/fein,γράφω,verb,ei),εἰ,conjunction,de\,δέ,particle,mh/,μή,conjunction,dh=lo/n,δῆλος,adjective,e)stin,εἰμί,verb,o(/ti,ὅστις,pronoun,i)di/ou,ἴδιος,adjective,tino\s,τις,pronoun,e(/neka,ἕνεκα,preposition,tou=to,οὗτος,pronoun,poiou=sin,ποιέω,verb
w(/ste,ὥστε,conjunction,ou)k,οὐ,adverb,oi)/ktou,οἶκτος,noun,oi(,ὁ,article,toiou=toi,τοιοῦτος,adjective,a)/cioi/,ἄξιος,adjective,ei)sin,εἰμί,verb,a)lla\,timwri/as,τιμωρία,noun,,,,,,,,,,,,,,,,,,,,,,,,,,,,,,,,,,ἀλλά,adverb,,,,,,,,,,,,,,,,,,,,,,,,,,,,,,,,,,,,,,,,,,,,,,,,,,,,,,,,,,,,,,,,,,,,,,,,,,,,,,,,,,,,,,,,,,,,,,,,,,,,,,,,,,,,,,,
i(/na,ἵνα,conjunction,de\,δέ,particle,mh\,μή,conjunction,proqe/menos,προτίθημι,verb,pro\s,πρός,preposition,a)mfore/a,ἀμφορεύς,adjective,u(/datos,ὕδωρ,noun,ei)pei=n,makrologw=,μακρολογέω,verb,o(,ὁ,article,me\n,μέν,particle,grammateu\s,γραμματεύς,noun,u(mi=n,σύ,pronoun,a)nagnw/setai,ἀναγιγνώσκω,verb,th\n,ὁ,article,grafh\n,γραφή,noun,pa/lin,πάλιν,adverb,,,,,,,,,,εἶπον,verb,,,,,,,,,,,,,,,,,,,,,,,,,,,,,,,,,,,,,,,,,,,,,,,,,,,,,,,,,,,,,,,,,,,,,,,,,,,,,,,,,,,,,,,,,,,,,,,,,,,,,,,,,,,,,,,
u(mei=s,σύ,pronoun,de\,δέ,particle,tw=n,ὁ,article,te,τε,particle,kathgorhme/nwn,κατηγορέω,verb,memnhme/noi,μιμνήσκω,verb,kai\,καί,conjunction,tw=n,no/mwn,νόμος,noun,a)kou/santes,ἀκούω,verb,a)nagignwskome/nwn,ἀναγιγνώσκω,verb,ta/,τίς,pronoun,te,τε,particle,di/kaia,δίκαιος,adjective,kai\,καί,conjunction,ta\,ὁ,article,sumfe/ronta,συμφέρω,verb,u(mi=n,σύ,pronoun,au)toi=s,αὐτός,pronoun,yhfi/zesqe,ψηφίζομαι,verb,ὁ,article,,,,,,,,,,,,,,,,,,,,,,,,,,,,,,,,,,,,,,,,,,,,,,,,,,,,,,,,,,,,,,,,,,,,,,,,,,,,,,,,,,,,,,,,,,,,,,,,,,,,,,,,,,,,,,,
