word/0/@_form,word/0/lemma/@_entry,word/0/lemma/@_POS,word/1/@_form,word/1/lemma/@_entry,word/1/lemma/@_POS,word/2/@_form,word/2/lemma/@_entry,word/2/lemma/@_POS,word/3/@_form,word/3/lemma/@_entry,word/3/lemma/@_POS,word/4/@_form,word/4/lemma/@_entry,word/4/lemma/@_POS,word/5/@_form,word/5/lemma/@_entry,word/5/lemma/@_POS,word/6/@_form,word/7/@_form,word/7/lemma/@_entry,word/7/lemma/@_POS,word/8/@_form,word/9/@_form,word/9/lemma/@_entry,word/9/lemma/@_POS,word/10/@_form,word/10/lemma/@_entry,word/10/lemma/@_POS,word/11/@_form,word/11/lemma/@_entry,word/11/lemma/@_POS,word/12/@_form,word/12/lemma/@_entry,word/12/lemma/@_POS,word/13/@_form,word/13/lemma/@_entry,word/13/lemma/@_POS,word/14/@_form,word/14/lemma/@_entry,word/14/lemma/@_POS,word/15/@_form,word/15/lemma/@_entry,word/15/lemma/@_POS,word/16/@_form,word/16/lemma/@_entry,word/16/lemma/@_POS,word/17/@_form,word/17/lemma/@_entry,word/17/lemma/@_POS,word/18/@_form,word/18/lemma/@_entry,word/18/lemma/@_POS,word/19/@_form,word/19/lemma/@_entry,word/19/lemma/@_POS,word/20/@_form,word/20/lemma/@_entry,word/20/lemma/@_POS,word/21/@_form,word/21/lemma/@_entry,word/21/lemma/@_POS,word/22/@_form,word/23/@_form,word/23/lemma/@_entry,word/23/lemma/@_POS,word/24/@_form,word/25/@_form,word/25/lemma/@_entry,word/25/lemma/@_POS,word/26/@_form,word/26/lemma/@_entry,word/26/lemma/@_POS,word/27/@_form,word/27/lemma/@_entry,word/27/lemma/@_POS,word/28/@_form,word/28/lemma/@_entry,word/28/lemma/@_POS,word/29/@_form,word/29/lemma/@_entry,word/29/lemma/@_POS,word/30/@_form,word/30/lemma/@_entry,word/30/lemma/@_POS,word/31/@_form,word/31/lemma/@_entry,word/31/lemma/@_POS,word/32/@_form,word/32/lemma/@_entry,word/32/lemma/@_POS,word/33/@_form,word/33/lemma/@_entry,word/33/lemma/@_POS,word/34/@_form,word/34/lemma/@_entry,word/34/lemma/@_POS,word/35/@_form,word/35/lemma/@_entry,word/35/lemma/@_POS,word/36/@_form,word/36/lemma/@_entry,word/36/lemma/@_POS,word/37/@_form,word/37/lemma/@_entry,word/37/lemma/@_POS,word/38/@_form,word/38/lemma/@_entry,word/38/lemma/@_POS,word/39/@_form,word/39/lemma/@_entry,word/39/lemma/@_POS,word/40/@_form,word/40/lemma/@_entry,word/40/lemma/@_POS,word/41/@_form,word/41/lemma/@_entry,word/41/lemma/@_POS,word/6/lemma/@_entry,word/6/lemma/@_POS,word/8/lemma/@_entry,word/8/lemma/@_POS,word/22/lemma/@_entry,word/22/lemma/@_POS,word/24/lemma/@_entry,word/24/lemma/@_POS,word/42/@_form,word/42/lemma/@_entry,word/42/lemma/@_POS,word/43/@_form,word/44/@_form,word/44/lemma/@_entry,word/44/lemma/@_POS,word/45/@_form,word/45/lemma/@_entry,word/45/lemma/@_POS,word/46/@_form,word/46/lemma/@_entry,word/46/lemma/@_POS,word/47/@_form,word/47/lemma/@_entry,word/47/lemma/@_POS,word/48/@_form,word/48/lemma/@_entry,word/48/lemma/@_POS,word/49/@_form,word/49/lemma/@_entry,word/49/lemma/@_POS,word/43/lemma/@_entry,word/43/lemma/@_POS,word/50/@_form,word/50/lemma/@_entry,word/50/lemma/@_POS,word/51/@_form,word/51/lemma/@_entry,word/51/lemma/@_POS,word/52/@_form,word/52/lemma/@_entry,word/52/lemma/@_POS,word/53/@_form,word/53/lemma/@_entry,word/53/lemma/@_POS,word/54/@_form,word/54/lemma/@_entry,word/54/lemma/@_POS,word/55/@_form,word/55/lemma/@_entry,word/55/lemma/@_POS
*)ari/starxo/s,Ἀρίσταρχος,proper,tis,τις,pronoun,tessa/rwn,τέσσαρες,noun,path\r,πατήρ,noun,geno/menos,γίγνομαι,verb,pai/dwn,παῖς,adjective,*kurwni/dou,kai\,καί,conjunction,*dhmoxa/rous,kai\,καί,conjunction,th=s,ὁ,article,mhtro\s,μήτηρ,noun,tou=,ὁ,article,le/gontos,λέγω,verb,to\n,ὁ,article,lo/gon,λόγος,noun,kai\,καί,conjunction,a)/llhs,ἄλλος,adjective,ko/rhs,κόρη,noun,tou/twn,οὗτος,pronoun,me\n,μέν,particle,to\n,ὁ,article,*kurwni/dhn,e)/ti,ἔτι,adverb,peri/wn,ei)sepoi/hsen,εἰσποιέω,verb,ei)s,εἰς,preposition,to\n,ὁ,article,*cenaine/tou,Ξεναίνετος,proper,tou=,ὁ,article,kata\,κατά,preposition,mhte/ra,μήτηρ,noun,pa/ppou,πάππας,noun,klh=ron,κλῆρος,adjective,au)to\s,αὐτός,pronoun,de\,δέ,particle,klhrono/mous,κληρόνομος,noun,tou\s,ὁ,article,loipou\s,λοιπός,adjective,e(autw=|,ἑαυτοῦ,pronoun,kate/leiye,καταλείβω,verb,pai=das,παῖς,adjective,,,,,,,,,,,,,,,,,,,,,,,,,,,,,,,,,,,,,,,,,,,,,,,,,,
meta\,μετά,preposition,tau=ta,οὗτος,pronoun,teleuta=|,τελευτάω,verb,me\n,μέν,particle,*dhmoxa/rhs,Δημοχάρης,proper,a)/pais,ἄπαις,noun,kai\,h(,ὁ,article,mi/a,quga/thr,θυγάτηρ,adjective,au)tou=,αὐτός,pronoun,,,,,,,,,,,,,,,,,,,,,,,,,,,,,,,,,,,,,,,,,,,,,,,,,,,,,,,,,,,,,,,,,,,,,,,,,,,,,,,,,,,,,,,,,,καί,conjunction,εἷς,adjective,,,,,,,,,,,,,,,,,,,,,,,,,,,,,,,,,,,,,,,,,,,,,,
kai\,καί,conjunction,au)th\,αὐτός,pronoun,a)/pais,ἄπαις,noun,o(,ὁ,article,de\,δέ,particle,klh=ros,κλῆρος,adjective,o(/los,e)/rxetai,ἔρχομαι,verb,dikai/ws,ei)s,εἰς,preposition,th\n,ὁ,article,mhte/ra,μήτηρ,noun,tou=,ὁ,article,le/gontos,λέγω,verb,to\n,ὁ,article,lo/gon,λόγος,noun,,,,,,,,,,,,,,,,,,,,,,,,,,,,,,,,,,,,,,,,,,,,,,,,,,,,,,,,,,,,,,,,,,,,,,,,,,,ὅλος,adjective,δίκαιος,adjective,,,,,,,,,,,,,,,,,,,,,,,,,,,,,,,,,,,,,,,,,,,,,,
kai\,καί,conjunction,tau=ta,οὗτος,pronoun,me\n,μέν,particle,ou(/tw,οὕτως,adverb,,,,,,,,,,,,,,,,,,,,,,,,,,,,,,,,,,,,,,,,,,,,,,,,,,,,,,,,,,,,,,,,,,,,,,,,,,,,,,,,,,,,,,,,,,,,,,,,,,,,,,,,,,,,,,,,,,,,,,,,,,,,,,,,,,,,,,,,,,,,,,,,,,,,,,,,,,,,
meta\,μετά,preposition,de\,δέ,particle,th\n,ὁ,article,teleuth\n,τελευτή,noun,*)arista/rxou,Ἀρίσταρχος,proper,*)aristome/nhs,Ἀριστομένης,proper,a)delfo\s,w)\n,εἰμί,verb,au)tou=,kai\,καί,conjunction,kata\,κατά,preposition,no/mon,νόμος,noun,e)pi/tropos,ἐπίτροπος,adjective,tw=n,ὁ,article,tou=,ὁ,article,a)delfou=,ἀδελφός,adjective,gino/menos,γίγνομαι,verb,pai/dwn,παῖς,adjective,e)kde/dwke,ἐκδίδωμι,verb,*kurwni/dh|,,,tw=|,ὁ,article,e)kpoih/tw|,,,ui(w=|,*)arista/rxou,Ἀρίσταρχος,proper,th\n,qugate/ra,θυγάτηρ,adjective,e(autou=,ἑαυτοῦ,pronoun,e)paggeila/menos,ἐπαγγέλλω,verb,peripoih=sai,περιποιέω,verb,au)tw=|,αὐτός,pronoun,to\n,ὁ,article,*)arista/rxou,Ἀρίσταρχος,proper,klh=ron,κλῆρος,adjective,,,,,,,,,,,,,,,,,,,,,,,,,,,,ἀδελφός,adjective,αὐτός,pronoun,υἱός,noun,ὁ,article,,,,,,,,,,,,,,,,,,,,,,,,,,,,,,,,,,,,,,,,,,
o(\,ὅς,pronoun,dh\,δή,particle,kai\,καί,conjunction,pepoi/hke,ποιέω,verb,,,,,,,,,,,,,,,,,,,,,,,,,,,,,,,,,,,,,,,,,,,,,,,,,,,,,,,,,,,,,,,,,,,,,,,,,,,,,,,,,,,,,,,,,,,,,,,,,,,,,,,,,,,,,,,,,,,,,,,,,,,,,,,,,,,,,,,,,,,,,,,,,,,,,,,,,,,,
genome/nou,γίγνομαι,verb,ga\r,γάρ,particle,ui(ou=,υἱός,noun,tw=|,ὁ,article,*kurwni/dh|,,,prw=ton,πρότερος,adjective,me\n,o)/noma,ὄνομα,adjective,tw=|,paidi\,παῖς,adjective,to\,ὁ,article,tou=,ὁ,article,pa/ppou,πάππας,noun,dedw/kasin,δίδωμι,verb,*)ari/starxon,Ἀρίσταρχος,proper,o)noma/santes,ὀνομάζω,verb,ei)=ta,εἶτα,adverb,ei)sepoi/hsan,εἰσποιέω,verb,au)to\n,αὐτός,pronoun,ei)s,εἰς,preposition,to\n,ὁ,article,lttou=gt,,,pa/ppou,oi)=kon,οἶκος,noun,w(s,dh\,δή,particle,tou=to,οὗτος,pronoun,e)kei/nou,ἐκεῖνος,pronoun,prosta/cantos,προσστάζω,verb,kai\,καί,conjunction,parade/dwken,παραδίδωμι,verb,*)aristome/nhs,Ἀριστομένης,proper,au)tw=|,αὐτός,pronoun,to\n,ὁ,article,o(/lon,ὅλος,adjective,tou=,ὁ,article,pa/ppou,πάππας,noun,klh=ron,κλῆρος,adjective,,,,,,,,,,,,,μέν,particle,ὁ,article,πάππας,noun,ὡς,conjunction,,,,,,,,,,,,,,,,,,,,,,,,,,,,,,,,,,,,,,,,,,
e)/ti,ἔτι,adverb,de\,δέ,particle,a)/pais,ἄπαις,noun,w)\n,εἰμί,verb,e)kei=nos,ἐκεῖνος,pronoun,kai\,καί,conjunction,,,,,,,,,,,,,,,,,,,,,,,,,,,,,,,,,,,,,,,,,,,,,,,,,,,,,,,,,,,,,,,,,,,,,,,,,,,,,,,,,,,,,,,,,,,,,,,,,,,,,,,,,,,,,,,,,,,,,,,,,,,,,,,,,,,,,,,,,,,,,,,,,,,,,,
teleutw=n,τελευτάω,verb,klhrono/mon,κληρονόμος,noun,kata\,κατά,preposition,diaqh/kas,διαθήκη,noun,e)nesth/sato,ἐνίστημι,verb,to\n,ὁ,article,i)/dion,a)delfo\n,ἀδελφός,adjective,*cenai/neton,,,,,,,,,,,,,,,,,,,,,,,,,,,,,,,,,,,,,,,,,,,,,,,,,,,,,,,,,,,,,,,,,,,,,,,,,,,,,,,,,,,,,,,,,,,,,,,,ἴδιος,adjective,,,,,,,,,,,,,,,,,,,,,,,,,,,,,,,,,,,,,,,,,,,,,,,,
tou/twn,οὗτος,pronoun,ou(/tw,οὕτως,adverb,genome/nwn,γίγνομαι,verb,kai\,καί,conjunction,kratou=ntos,κρατέω,verb,*cenaine/tou,Ξεναίνετος,proper,th\n,*)arista/rxou,Ἀρίσταρχος,proper,tou=,palaiou=,παλαιός,adjective,ou)si/an,οὐσία,adjective,a)mfisbhtei=,ἀμφισβητέω,verb,pro\s,πρός,preposition,au)to\n,αὐτός,pronoun,o(,ὁ,article,ui(o\s,υἱός,noun,th=s,ὁ,article,qugatro\s,θυγάτηρ,adjective,*)arista/rxou,Ἀρίσταρχος,proper,tou=,ὁ,article,palaiou=,παλαιός,adjective,le/gwn,λέγω,verb,e(auto\n,mo/non,μόνος,adjective,ei)=nai,klhrono/mon,κληρονόμος,noun,dikai/ws,δίκαιος,adjective,tw=n,ὁ,article,*)arista/rxou,Ἀρίσταρχος,proper,tou=,ὁ,article,palaiou=,παλαιός,adjective,xrhma/twn,χρῆμα,adjective,,,,,,,,,,,,,,,,,,,,,,,,,,,,,,,ὁ,article,ὁ,article,ἑαυτοῦ,pronoun,εἰμί,verb,,,,,,,,,,,,,,,,,,,,,,,,,,,,,,,,,,,,,,,,,,
o(,ὁ,article,me\n,μέν,particle,ga\r,γάρ,particle,*kurwni/dhs,,,fhsi/n),φημί,verb,e)kpoi/htos,ἐκποίητος,adjective,e)ge/neto,,,,,,,,,,,,,,,,,,,,,,,,,,,,,,,,,,,,,,,,,,,,,,,,,,,,,,,,,,,,,,,,,,,,,,,,,,,,,,,,,,,,,,,,,,,,,,,,,,,,γίγνομαι,verb,,,,,,,,,,,,,,,,,,,,,,,,,,,,,,,,,,,,,,,,,,,,,,,,
o(,ὁ,article,de\,δέ,particle,path\r,πατήρ,noun,ui(o\n,υἱός,noun,e)/xwn,ἔχω,verb,gnh/sion,γνήσιος,adjective,to\n,*dhmoxa/rhn,Δημοχάρης,proper,ou)k,e)du/nato,δύναμαι,verb,qeto\n,θετός,adjective,e(autw=|,ἑαυτοῦ,pronoun,poih=sai,ποιέω,verb,pai=da,παῖς,adjective,,,,,,,,,,,,,,,,,,,,,,,,,,,,,,,,,,,,,,,,,,,,,,,,,,,,,,,,,,,,,,,,,,,,,,,,,,,,,,,,,ὁ,article,οὐ,adverb,,,,,,,,,,,,,,,,,,,,,,,,,,,,,,,,,,,,,,,,,,,,,,
o(,ὁ,article,de\,δέ,particle,*dhmoxa/rhs,Δημοχάρης,proper,a)telh\s,ἀτελής,adjective,w)\n,εἰμί,verb,ou)de\,οὐδέ,particle,au)to\s,e)du/nato,δύναμαι,verb,ei)spoih=sai,tw=|,ὁ,article,patri\,πατήρ,noun,qeto\n,θετός,adjective,ui(o/n,υἱός,noun,,,,,,,,,,,,,,,,,,,,,,,,,,,,,,,,,,,,,,,,,,,,,,,,,,,,,,,,,,,,,,,,,,,,,,,,,,,,,,,,,,,,αὐτός,pronoun,εἰσποιέω,verb,,,,,,,,,,,,,,,,,,,,,,,,,,,,,,,,,,,,,,,,,,,,,,
a)ll',ἀλλά,adverb,ou)d',οὐδέ,particle,h(,ὁ,article,a)/llh,ἄλλος,adjective,quga/thr,θυγάτηρ,adjective,au)tou=,αὐτός,pronoun,h(,proteleuth/sasa,προτελευτάω,verb,,,,,,,,,,,,,,,,,,,,,,,,,,,,,,,,,,,,,,,,,,,,,,,,,,,,,,,,,,,,,,,,,,,,,,,,,,,,,,,,,,,,,,,,,,,,,,,,,ὁ,article,,,,,,,,,,,,,,,,,,,,,,,,,,,,,,,,,,,,,,,,,,,,,,,,
w(/ste,ὥστε,conjunction,ou),οὐ,adverb,kata\,κατά,preposition,to\n,ὁ,article,no/mon,νόμος,noun,fhsi/),φημί,verb,th=s,ei)spoih/sews,εἰσποίησις,noun,genome/nhs,tou=,ὁ,article,mikrou=,μικρός,adjective,*)arista/rxou,Ἀρίσταρχος,proper,ou)ke/ti,οὐκέτι,adverb,suni/stato,συνίστημι,verb,h(,ὁ,article,diaqh/kh,διαθήκη,noun,au)tou=,αὐτός,pronoun,tou=,ὁ,article,ne/ou,νέος,adjective,*)arista/rxou,Ἀρίσταρχος,proper,,,,,,,,,,,,,,,,,,,,,,,,,,,,,,,,,,,,,,,,,,,,,,,,,,,,,,,,,,,,,,,ὁ,article,γίγνομαι,verb,,,,,,,,,,,,,,,,,,,,,,,,,,,,,,,,,,,,,,,,,,,,,,
a(\,ὅς,pronoun,ga\r,γάρ,particle,mh\,μή,conjunction,dikai/ws,δίκαιος,adjective,e)kth/sato,κτάομαι,verb,pw=s,πῶς,adverb,a)/llw|,parape/mpein,παραπέμπω,verb,e)du/nato,,,,,,,,,,,,,,,,,,,,,,,,,,,,,,,,,,,,,,,,,,,,,,,,,,,,,,,,,,,,,,,,,,,,,,,,,,,,,,,,,,,,,,,,,,,,,,,,ἄλλος,adjective,δύναμαι,verb,,,,,,,,,,,,,,,,,,,,,,,,,,,,,,,,,,,,,,,,,,,,,,
a)nairoume/nhs,ἀναιρέω,verb,de\,δέ,particle,th=s,ὁ,article,diaqh/khs,διαθήκη,noun,ei)ko/tws,ἐοικότως,adverb,o(,ὁ,article,klh=ros,ei)s,εἰς,preposition,to\n,le/gonta,λέγω,verb,to\n,ὁ,article,lo/gon,λόγος,noun,e)fe/reto,φέρω,verb,ui(o\n,υἱός,noun,o)/nta,εἰμί,verb,th=s,ὁ,article,gnhsi/as,γνήσιος,adjective,qugatro\s,θυγάτηρ,adjective,*)arista/rxou,Ἀρίσταρχος,proper,tou=,ὁ,article,palaiou=,παλαιός,adjective,,,,,,,,,,,,,,,,,,,,,,,,,,,,,,,,,,,,,,,,,,,,,,,,,,,,,,,,,,,,κλῆρος,adjective,ὁ,article,,,,,,,,,,,,,,,,,,,,,,,,,,,,,,,,,,,,,,,,,,,,,,
kai\,καί,conjunction,h(,ὁ,article,me\n,μέν,particle,u(po/qesis,ὑπόθεσις,noun,au(/th,οὗτος,pronoun,h(,ὁ,article,sta/sis,de\,δέ,particle,pragmatikh\,e)/ggrafos,ἔγγραφος,adjective,,,,,,,,,,,,,,,,,,,,,,,,,,,,,,,,,,,,,,,,,,,,,,,,,,,,,,,,,,,,,,,,,,,,,,,,,,,,,,,,,,,,,,,,,,,,,στάσις,adjective,πραγματικός,adjective,,,,,,,,,,,,,,,,,,,,,,,,,,,,,,,,,,,,,,,,,,,,,,
zhtei=lttaigt,,,ga\r,γάρ,particle,ei),εἰ,conjunction,dei=,δέομαι,verb,ta\s,ὁ,article,toiau/tas,τοιοῦτος,adjective,sunesta/nai,diaqh/kas,διαθήκη,noun,kai\,ti/s,τίς,pronoun,dikaio/tera,δίκαιος,adjective,le/gei,λέγω,verb,,,,,,,,,,,,,,,,,,,,,,,,,,,,,,,,,,,,,,,,,,,,,,,,,,,,,,,,,,,,,,,,,,,,,,,,,,,,,,,,,,,,,,,συνίστημι,verb,καί,conjunction,,,,,,,,,,,,,,,,,,,,,,,,,,,,,,,,,,,,,,,,,,,,,,
e)boulo/mhn,βούλομαι,verb,ltme/ngt,,,w)=,ὦ,interjection,a)/ndres,ἀνήρ,noun,w(/sper,ὥσπερ,adverb,*qenai/netos,,,ou(tosi\,du/natai,δύναμαι,verb,yeudh=,le/gein,λέγω,verb,qarrale/ws,θαρσαλέος,adjective,ou(/tw,οὕτως,adverb,ka)gw\,ἐγώ,pronoun,ta)lhqh=,ἀληθής,adjective,pro\s,πρός,preposition,u(ma=s,σύ,pronoun,peri\,περί,preposition,w(=n,ὅς,pronoun,a)mfisbhtou=men,ἀμφισβητέω,verb,ei)pei=n,εἶπον,verb,dunhqh=nai,δύναμαι,verb,,,,,,,,,,,,,,,,,,,,,,,,,,,,,,,,,,,,,,,,,,,,,,,,,,,,,,,,,,,,οὗτος,pronoun,ψευδής,adverb,,,,,,,,,,,,,,,,,,,,,,,,,,,,,,,,,,,,,,,,,,,,,,
oi)=mai,οἴομαι,verb,ga\r,γάρ,particle,a)\n,ἄν,particle,u(mi=n,σύ,pronoun,eu)qe/ws,εὐθύς,adverb,dh=lon,δῆλος,adjective,gene/sqai,ei)/q',εἴθε,interjection,h(mei=s,a)di/kws,ἄδικος,adjective,e)pi\,ἐπί,preposition,to\n,ὁ,article,klh=ron,κλῆρος,adjective,h(/komen,ἥκω,verb,ei)/q',εἴθε,interjection,ou(=toi,οὗτος,pronoun,mh\,μή,conjunction,proshko/ntws,προσηκόντως,adverb,pa/lai,πάλαι,adverb,ta\,ὁ,article,xrh/mata,χρῆμα,adjective,tau=ta,οὗτος,pronoun,ei)lh/fasi,,,,,,,,,,,,,,,,,,,,,,,,,,,,,,,,,,,,,,,,,,,,,,,,,,,,,,,,γίγνομαι,verb,ἐγώ,pronoun,λαμβάνω,verb,,,,,,,,,,,,,,,,,,,,,,,,,,,,,,,,,,,,,,,,,,,,
nu=n,νῦν,adverb,de\,δέ,particle,ou)k,οὐ,adverb,e)c,ἐκ,preposition,i)/sou,ἴσος,adjective,diakei/meqa,διάκειμαι,verb,w)=,a)/ndres,ἀνήρ,noun,,,,,,,,,,,,,,,,,,,,,,,,,,,,,,,,,,,,,,,,,,,,,,,,,,,,,,,,,,,,,,,,,,,,,,,,,,,,,,,,,,,,,,,,,,,,,,,,,ὦ,interjection,,,,,,,,,,,,,,,,,,,,,,,,,,,,,,,,,,,,,,,,,,,,,,,,
oi(,ὁ,article,me\n,μέν,particle,ga\r,γάρ,particle,kai\,καί,conjunction,le/gein,λέγω,verb,deinoi\,δεινός,adjective,kai\,paraskeua/sasqai,παρασκευάζω,verb,i(kanoi/,w(/ste,ὥστε,conjunction,kai\,καί,conjunction,u(pe\r,ὑπέρ,preposition,e(te/rwn,ἕτερος,adjective,polla/kis,πολλάκις,adverb,e)n,ἐν,preposition,u(mi=n,σύ,pronoun,h)gwni/sqai,ἀγωνίζομαι,verb,,,,,,,,,,,,,,,,,,,,,,,,,,,,,,,,,,,,,,,,,,,,,,,,,,,,,,,,,,,,,,,,,,,,,,,,καί,conjunction,ἱκανός,adjective,,,,,,,,,,,,,,,,,,,,,,,,,,,,,,,,,,,,,,,,,,,,,,
e)gw\,ἐγώ,pronoun,de\,δέ,particle,mh\,μή,conjunction,o(/ti,ὅστις,pronoun,u(pe\r,ὑπέρ,preposition,a)/llou,ἄλλος,adjective,a)ll',ou)de\,οὐδέ,particle,u(pe\r,e)mautou=,ἐμαυτοῦ,pronoun,pw/pote,πώποτε,adverb,di/khn,δίκη,adjective,i)di/an,ἴδιος,adjective,ei)/rhka,ἐρῶ,verb,w(/ste,ὥστε,conjunction,pollh=s,πολύς,adjective,dei=,δέομαι,verb,me,ἐγώ,pronoun,suggnw/mhs,συγγνώμη,adjective,tuxei=n,τυγχάνω,verb,par',παρά,preposition,u(mw=n,σύ,pronoun,,,,,,,,,,,,,,,,,,,,,,,,,,,,,,,,,,,,,,,,,,,,,,,,,,,,,,,,,ἀλλά,adverb,ὑπέρ,preposition,,,,,,,,,,,,,,,,,,,,,,,,,,,,,,,,,,,,,,,,,,,,,,
h)na/gkasmai,ἀναγκάζω,verb,me\n,μέν,particle,ou)=n,οὖν,particle,w)=,ὦ,interjection,a)/ndres,ἀνήρ,noun,dia\,διά,preposition,to\,mh\,μή,conjunction,du/nasqai,di/khn,δίκη,adjective,par',παρά,preposition,au)tw=n,αὐτός,pronoun,labei=n,λαμβάνω,verb,th\n,ὁ,article,mhte/ra,μήτηρ,noun,th\n,ὁ,article,e)mh\n,ἐμός,adjective,e)n,ἐν,preposition,th=|,ὁ,article,a)nakri/sei,ἀνάκρισις,noun,*)arista/rxou,Ἀρίσταρχος,proper,ei)=nai,εἰμί,verb,a)delfh\n,prosgra/yasqai,προσγράφω,verb,,,,,,,,,,,,,,,,,,,,,,,,,,,,,,,,,,,,,,,,,,,,,,,,,,,,,ὁ,article,δύναμαι,verb,ἀδελφή,noun,,,,,,,,,,,,,,,,,,,,,,,,,,,,,,,,,,,,,,,,,,,,
ou),οὐ,adverb,mh\n,μήν,particle,dia\,διά,preposition,tou=to,οὗτος,pronoun,u(mi=n,σύ,pronoun,h(,ὁ,article,dia/gnwsis,h(=tton,ἥσσων,adverb,peri\,au)tw=n,αὐτός,pronoun,eu)krinh\s,εὐκρινής,adverb,genh/setai,γίγνομαι,verb,a)ll',ἀλλά,adverb,,,,,,,,,,,,,,,,,,,,,,,,,,,,,,,,,,,,,,,,,,,,,,,,,,,,,,,,,,,,,,,,,,,,,,,,,,,,,,,,,,,,διάγνωσις,noun,περί,preposition,,,,,,,,,,,,,,,,,,,,,,,,,,,,,,,,,,,,,,,,,,,,,,
e)k,ἐκ,preposition,tw=n,ὁ,article,no/mwn,νόμος,noun,skopou=sin,σκοπάω,verb,ei),εἰ,conjunction,ta\,ὁ,article,e(autou=,de/dwke,δίδωμι,verb,tou/tw|,*)ari/starxos,Ἀρίσταρχος,proper,h)\,ἠέ,conjunction,ta\,ὁ,article,mhde\n,μηδείς,pronoun,prosh/konta,προσήκω,verb,,,,,,,,,,,,,,,,,,,,,,,,,,,,,,,,,,,,,,,,,,,,,,,,,,,,,,,,,,,,,,,,,,,,,,,,,,,,,,,,,ἑαυτοῦ,pronoun,οὗτος,pronoun,,,,,,,,,,,,,,,,,,,,,,,,,,,,,,,,,,,,,,,,,,,,,,
e)/sti,εἰμί,verb,de\,δέ,particle,di/kaion,δίκαιος,adjective,tou=to,οὗτος,pronoun,w)=,ὦ,interjection,a)/ndres,ἀνήρ,noun,,,,,,,,,,,,,,,,,,,,,,,,,,,,,,,,,,,,,,,,,,,,,,,,,,,,,,,,,,,,,,,,,,,,,,,,,,,,,,,,,,,,,,,,,,,,,,,,,,,,,,,,,,,,,,,,,,,,,,,,,,,,,,,,,,,,,,,,,,,,,,,,,,,,,,
o(,ὁ,article,ga\r,γάρ,particle,no/mos,νόμος,noun,keleu/ei,κελεύω,verb,ta\,ὁ,article,me\n,μέν,particle,e(autou=,diaqe/sqai,διατίθημι,verb,o(/tw|,a)\n,ἄν,particle,e)qe/lh|,ἐθέλω,verb,tw=n,ὁ,article,de\,δέ,particle,a)llotri/wn,ἀλλότριος,adjective,ou)de/na,οὐδείς,pronoun,ku/rion,κύριος,adjective,pepoi/hke,ποιέω,verb,,,,,,,,,,,,,,,,,,,,,,,,,,,,,,,,,,,,,,,,,,,,,,,,,,,,,,,,,,,,,,,,,,,,,,,,ἑαυτοῦ,pronoun,ὅστις,pronoun,,,,,,,,,,,,,,,,,,,,,,,,,,,,,,,,,,,,,,,,,,,,,,
tou=to,οὗτος,pronoun,ou)=n,οὖν,particle,u(ma=s,σύ,pronoun,peira/somai,πειράω,verb,prw=ton,πρότερος,adjective,dida/skein,διδάσκω,verb,e)a/n,mou,ἐγώ,pronoun,met',eu)noi/as,εὔνοια,noun,a)kou=sai,ἀκέω,verb,e)qe/lhte,ἐθέλω,verb,,,,,,,,,,,,,,,,,,,,,,,,,,,,,,,,,,,,,,,,,,,,,,,,,,,,,,,,,,,,,,,,,,,,,,,,,,,,,,,,,,,,,,,ἐάν,conjunction,μετά,preposition,,,,,,,,,,,,,,,,,,,,,,,,,,,,,,,,,,,,,,,,,,,,,,
ei)/sesqe,εἶμι,verb,ga\r,γάρ,particle,w(s,ὡς,conjunction,o(,ὁ,article,klh=ros,κλῆρος,adjective,ou(=tos,οὗτος,pronoun,ou),tou/twn,οὗτος,pronoun,h)=n,e)c,ἐκ,preposition,a)rxh=s,ἀρχή,noun,a)lla\,ἀλλά,adverb,th=s,ὁ,article,e)mh=s,ἐμός,adjective,mhtro\s,μήτηρ,noun,patrw=|os,πατρῷος,adjective,e)/peita,ἔπειτα,adverb,kai\,καί,conjunction,w(s,ὡς,conjunction,*)ari/starxos,Ἀρίσταρχος,proper,ou)de\,οὐδέ,particle,kaq',κατά,preposition,e(/na,no/mon,νόμος,noun,au)to\n,ei)/lhfen,λαμβάνω,verb,a)lla\,ἀλλά,adverb,para\,παρά,preposition,pa/ntas,πᾶς,adjective,tou\s,ὁ,article,no/mous,νόμος,noun,a)dikei=,ἀδικέω,verb,meta\,μετά,preposition,tw=n,ὁ,article,oi)kei/wn,οἰκεῖος,adjective,th\n,ὁ,article,e)mh\n,ἐμός,adjective,mhte/ra,μήτηρ,noun,,,,,,,,,,,,,οὐ,adverb,εἰμί,verb,ἕνος,adjective,αὐτός,pronoun,,,,,,,,,,,,,,,,,,,,,,,,,,,,,,,,,,,,,,,,,,
o(/qen,ὅθεν,adverb,ou)=n,οὖν,particle,safe/stata,σαφής,adverb,maqh/sesqe,μανθάνω,verb,w(s,ὡς,conjunction,e)/xei,ἔχω,verb,tau=ta,e)nteu=qen,ἐντεῦθεν,adverb,u(ma=s,prw=ton,πρότερος,adjective,peira/somai,πειράω,verb,dida/skein,διδάσκω,verb,,,,,,,,,,,,,,,,,,,,,,,,,,,,,,,,,,,,,,,,,,,,,,,,,,,,,,,,,,,,,,,,,,,,,,,,,,,,,,,,,,,,,,,οὗτος,pronoun,σύ,pronoun,,,,,,,,,,,,,,,,,,,,,,,,,,,,,,,,,,,,,,,,,,,,,,
*)ari/starxos,Ἀρίσταρχος,proper,ga\r,γάρ,particle,h)=n,εἰμί,verb,w)=,ὦ,interjection,a)/ndres,ἀνήρ,noun,*supalh/ttios,,,,,,,,,,,,,,,,,,,,,,,,,,,,,,,,,,,,,,,,,,,,,,,,,,,,,,,,,,,,,,,,,,,,,,,,,,,,,,,,,,,,,,,,,,,,,,,,,,,,,,,,,,,,,,,,,,,,,,,,,,,,,,,,,,,,,,,,,,,,,,,,,,,,,,,,
ou(=tos,οὗτος,pronoun,e)/labe,λαμβάνω,verb,*cenaine/tou,Ξεναίνετος,proper,*)axarne/ws,Ἀχαρνεύς,proper,qugate/ra,θυγάτηρ,adjective,e)c,ἐκ,preposition,h(=s,gi/gnetai,γίγνομαι,verb,*kurwni/dhs,kai\,καί,conjunction,*dhmoxa/rhs,Δημοχάρης,proper,kai\,καί,conjunction,h(,ὁ,article,mh/thr,μήτηρ,noun,h(,ὁ,article,e)mh\,ἐμός,adjective,kai\,καί,conjunction,a)/llh,ἄλλος,adjective,tou/twn,οὗτος,pronoun,a)delfh/,ἀδελφή,noun,,,,,,,,,,,,,,,,,,,,,,,,,,,,,,,,,,,,,,,,,,,,,,,,,,,,,,,,,,,,,,,ὅς,pronoun,,,,,,,,,,,,,,,,,,,,,,,,,,,,,,,,,,,,,,,,,,,,,,,,
*kurwni/dhs,,,me\n,μέν,particle,ou)=n,οὖν,particle,o(,ὁ,article,tou=de,ὅδε,pronoun,path\r,πατήρ,noun,kai\,qate/rou,ἕτερος,adjective,tou=,to/nde,ὅδε,pronoun,to\n,ὁ,article,klh=ron,κλῆρος,adjective,a)di/kws,ἄδικος,adjective,e)/xontos,ἔχω,verb,e)cepoih/qh,ἐκποιέω,verb,ei)s,εἰς,preposition,e(/teron,ἕτερος,adjective,oi)=kon,οἶκος,noun,w(/ste,ὥστε,conjunction,au)tw=|,αὐτός,pronoun,tw=n,ὁ,article,xrhma/twn,χρῆμα,adjective,ou)de\n,e)/ti,ἔτι,adverb,prosh=ken,,,,,,,,,,,,,,,,,,,,,,,,,,,,,,,,,,,,,,,,,,,,,,,,,,,,καί,conjunction,ὁ,article,οὐδείς,pronoun,προσήκω,verb,,,,,,,,,,,,,,,,,,,,,,,,,,,,,,,,,,,,,,,,,,
*)arista/rxou,Ἀρίσταρχος,proper,de\,δέ,particle,tou=,ὁ,article,patro\s,πατήρ,noun,lttou=gt,,,tou/twn,οὗτος,pronoun,teleuth/santos,*dhmoxa/rhs,Δημοχάρης,proper,lto(gt,u(o\s,ὗς,noun,klhrono/mos,κληρονόμος,noun,tw=n,ὁ,article,e)kei/nou,ἐκεῖνος,pronoun,kate/sth,καθίστημι,verb,,,,,,,,,,,,,,,,,,,,,,,,,,,,,,,,,,,,,,,,,,,,,,,,,,,,,,,,,,,,,,,,,,,,,,,,,,,,,,,,,τελευτάω,verb,,,,,,,,,,,,,,,,,,,,,,,,,,,,,,,,,,,,,,,,,,,,,,,,
tou/tou,οὗτος,pronoun,de\,δέ,particle,paido\s,παῖς,adjective,a)poqano/ntos,ἀποθνήσκω,verb,kai\,καί,conjunction,th=s,ὁ,article,e(te/ras,a)delfh=s,ἀδελφή,noun,h(,mh/thr,μήτηρ,noun,h(,ὁ,article,e)mh\,ἐμός,adjective,e)pi\,ἐπί,preposition,panti\,πᾶς,adjective,tw=|,ὁ,article,oi)/kw|,οἶκος,noun,e)pi/klhros,ἐπίκληρος,adjective,e)ge/neto,γίγνομαι,verb,,,,,,,,,,,,,,,,,,,,,,,,,,,,,,,,,,,,,,,,,,,,,,,,,,,,,,,,,,,,,,,,,,,,,ἕτερος,adjective,ὁ,article,,,,,,,,,,,,,,,,,,,,,,,,,,,,,,,,,,,,,,,,,,,,,,
kai\,καί,conjunction,ou(/tw,οὕτως,adverb,me\n,μέν,particle,e)c,ἐκ,preposition,a)rxh=s,ἀρχή,noun,a(/panta,ἅπας,adjective,tauti\,th=s,ὁ,article,e)mh=s,mhtro\s,μήτηρ,noun,e)ge/neto,γίγνομαι,verb,,,,,,,,,,,,,,,,,,,,,,,,,,,,,,,,,,,,,,,,,,,,,,,,,,,,,,,,,,,,,,,,,,,,,,,,,,,,,,,,,,,,,,,,,,οὗτος,pronoun,ἐμός,adjective,,,,,,,,,,,,,,,,,,,,,,,,,,,,,,,,,,,,,,,,,,,,,,
prosh=kon,προσήκω,verb,d',δέ,particle,au)th=|,αὐτός,pronoun,meta\,μετά,preposition,tw=n,ὁ,article,xrhma/twn,χρῆμα,adjective,tw=|,e)ggu/tata,ἐγγύτατος,adjective,ge/nous,sunoikei=n,συνοικέω,verb,pa/sxei,πάσχω,verb,deino/tata,δεινός,adjective,w)=,ὦ,interjection,a)/ndres,ἀνήρ,noun,,,,,,,,,,,,,,,,,,,,,,,,,,,,,,,,,,,,,,,,,,,,,,,,,,,,,,,,,,,,,,,,,,,,,,,,,,,,,,,,,ὁ,article,γένος,noun,,,,,,,,,,,,,,,,,,,,,,,,,,,,,,,,,,,,,,,,,,,,,,
*)aristome/nhs,Ἀριστομένης,proper,ga\r,γάρ,particle,a)delfo\s,ἀδελφός,adjective,w)\n,εἰμί,verb,e)kei/nou,ἐκεῖνος,pronoun,tou=,ὁ,article,*)arista/rxou,o)/ntos,εἰμί,verb,au)tw=|,u(e/os,υἱός,noun,kai\,καί,conjunction,qugatro/s,θυγάτηρ,adjective,a)melh/sas,ἀμελέω,verb,h)\,ἠέ,conjunction,au)to\s,αὐτός,pronoun,au)th\n,αὐτός,pronoun,e)/xein,ἔχω,verb,h)\,ἠέ,conjunction,tw=|,ὁ,article,u(ei=,υἱός,noun,meta\,μετά,preposition,tou=,ὁ,article,klh/rou,e)pidika/sasqai,ἐπιδικάζω,verb,tou/twn,me\n,μέν,particle,ou)de\n,οὐδείς,pronoun,e)poi/hse,ποιέω,verb,th\n,ὁ,article,de\,δέ,particle,e(autou=,ἑαυτοῦ,pronoun,qugate/ra,θυγάτηρ,adjective,e)pi\,ἐπί,preposition,toi=s,ὁ,article,th=s,ὁ,article,e)mh=s,ἐμός,adjective,mhtro\s,μήτηρ,noun,xrh/masi,χρῆμα,adjective,*kurwni/dh|,,,e)ce/dwken,ἐκδίδωμι,verb,e)c,ἐκ,preposition,h(=s,ὅς,pronoun,Ἀρίσταρχος,proper,αὐτός,pronoun,κλῆρος,adjective,οὗτος,pronoun,o(,ὁ,article,*qenai/netos,ou(=tos,οὗτος,pronoun,kai\,καί,conjunction,*)ari/starxos,Ἀρίσταρχος,proper,o(,ὁ,article,teleuth/sas,τελευτάω,verb,e)ge/neto,γίγνομαι,verb,,,,,,,,,,,,,,,,,,,,
to\,ὁ,article,me\n,μέν,particle,ou)=n,οὖν,particle,a)di/khma,ἀδίκημα,noun,kai\,καί,conjunction,o(\n,ὅς,pronoun,tro/pon,tw=n,ὁ,article,xrhma/twn,a)pesterh/qh,ἀποστερέω,verb,tou=t',οὗτος,pronoun,e)sti/n,εἰμί,verb,w)=,ὦ,interjection,a)/ndres,ἀνήρ,noun,,,,,,,,,,,,,,,,,,,,,,,,,,,,,,,,,,,,,,,,,,,,,,,,,,,,,,,,,,,,,,,,,,,,,,,,,,,,,,,,,τρόπος,noun,χρῆμα,adjective,,,,,,,,,,,,,,,,,,,,,,,,,,,,,,,,,,,,,,,,,,,,,,
meta\,μετά,preposition,de\,δέ,particle,tau=ta,οὗτος,pronoun,th\n,ὁ,article,e)mh\n,ἐμός,adjective,mhte/ra,μήτηρ,noun,e)kdi/dwsi,tw=|,ὁ,article,e)mw=|,patri/,πατήρ,noun,,,,,,,,,,,,,,,,,,,,,,,,,,,,,,,,,,,,,,,,,,,,,,,,,,,,,,,,,,,,,,,,,,,,,,,,,,,,,,,,,,,,,,,,,,,,,ἐκδίδωμι,verb,ἐμός,adjective,,,,,,,,,,,,,,,,,,,,,,,,,,,,,,,,,,,,,,,,,,,,,,
*kurwni/dou,,,de\,δέ,particle,teleuth/santos,τελευτάω,verb,to\n,ὁ,article,tou=,ὁ,article,*qenaine/tou,,,a)delfo\n,ei)sa/gousin,εἰσάγω,verb,*)arista/rxw|,u(o/n,υἱός,noun,ou)de\,οὐδέ,particle,kaq',κατά,preposition,e(/na,ἕνος,adjective,no/mon,νόμος,noun,w)=,ὦ,interjection,a)/ndres,ἀνήρ,noun,w(s,ὡς,conjunction,e)gw\,ἐγώ,pronoun,e)k,ἐκ,preposition,pollw=n,πολύς,adjective,tekmhri/wn,τεκμήριον,noun,u(mi=n,σύ,pronoun,e)pidei/cw,,,,,,,,,,,,,,,,,,,,,,,,,,,,,,,,,,,,,,,,,,,,,,,,,,,,,,,,ἀδελφός,adjective,Ἀρίσταρχος,proper,ἐπιδείκνυμι,verb,,,,,,,,,,,,,,,,,,,,,,,,,,,,,,,,,,,,,,,,,,,,
prw=ton,πρότερος,adjective,me\n,μέν,particle,ou)=n,οὖν,particle,ma/rturas,μάρτυς,noun,u(mi=n,σύ,pronoun,pare/comai,παρέχω,verb,w(s,*kurwni/dhs,,,e)kpoi/htos,ei)s,εἰς,preposition,to\n,ὁ,article,*qenaine/tou,,,oi)=kon,οἶκος,noun,e)ge/neto,γίγνομαι,verb,kai\,καί,conjunction,e)n,ἐν,preposition,e)kei/nw|,ἐκεῖνος,pronoun,e)teleu/thsen,τελευτάω,verb,e)/peiq',ἔπειτα,adverb,w(s,ὡς,conjunction,*)aristarxos,,,ou(=,ἕ,pronoun,h)=n,ou(=tos,οὗτος,pronoun,o(,klh=ros,κλῆρος,adjective,pro/teros,πρότερος,adjective,tou=,ὁ,article,u(e/os,υἱός,noun,*dhmoxa/rous,,,e)teleu/thse,τελευτάω,verb,*dhmoxa/rhs,Δημοχάρης,proper,de\,δέ,particle,pai=s,πᾶς,adjective,w)\n,εἰμί,verb,a)pe/qane,ἀποθνήσκω,verb,kai\,καί,conjunction,h(,ὁ,article,e(te/ra,ἕτερος,adjective,a)delfh/,ἀδελφή,noun,w(/ste,ὥστε,conjunction,to\n,ὁ,article,ὡς,conjunction,ἐκποίητος,adjective,εἰμί,verb,ὁ,article,klh=ron,κλῆρος,adjective,e)pi\,th=|,ὁ,article,e)mh=|,ἐμός,adjective,mhtri\,μήτηρ,noun,gene/sqai,γίγνομαι,verb,,,,,,,ἐπί,preposition,,,,,,,,,,,,,,,,,,
kai/,καί,conjunction,moi,ἐγώ,pronoun,ka/lei,καλέω,verb,tou/twn,οὗτος,pronoun,tou\s,ὁ,article,ma/rturas,μάρτυς,noun,,,,,,,,,,,,,,,,,,,,,,,,,,,,,,,,,,,,,,,,,,,,,,,,,,,,,,,,,,,,,,,,,,,,,,,,,,,,,,,,,,,,,,,,,,,,,,,,,,,,,,,,,,,,,,,,,,,,,,,,,,,,,,,,,,,,,,,,,,,,,,,,,,,,,,
ou(/tw,οὕτως,adverb,me\n,μέν,particle,e)c,ἐκ,preposition,a)rxh=s,ἀρχή,noun,ltth=s,,,mhtro\s,μήτηρ,noun,th=s,e)mh=sgt,,,h)=n,w)=,ὦ,interjection,a)/ndres,ἀνήρ,noun,o(,ὁ,article,klh=ros,κλῆρος,adjective,peri\,περί,preposition,ou(=,ἕ,pronoun,nu=n,νῦν,adverb,o(,ὁ,article,lo/gos,λόγος,noun,e)sti/,εἰμί,verb,*kurwni/dou,,,me\n,μέν,particle,e)kpoih/tou,ἐκποίητος,adjective,genome/nou,ei)s,εἰς,preposition,to\n,*qenaine/tou,,,oi)=kon,οἶκος,noun,tou=,ὁ,article,de\,δέ,particle,patro\s,πατήρ,noun,*)arista/rxou,Ἀρίσταρχος,proper,tw=|,ὁ,article,u(ei=,υἱός,noun,*dhmoxa/rei,,,katalipo/ntos,καταλιμπάνω,verb,e)kei/nou,ἐκεῖνος,pronoun,de\,δέ,particle,th=|,ὁ,article,a)delfh=|,ἀδελφή,noun,th=|,ὁ,article,e(autou=,ἑαυτοῦ,pronoun,tau/th|,ταύτῃ,adverb,ὁ,article,εἰμί,verb,γίγνομαι,verb,ὁ,article,mhtri\,μήτηρ,noun,de\,e)mh=|,ἐμός,adjective,,,,,,,,,,,,,,,,δέ,particle,,,,,,,,,,,,,,,,,,
dei=,δέομαι,verb,de/,δέ,particle,e)peidh\,ἐπεί,conjunction,li/an,λίαν,adverb,a)naisxuntou=sin,ἀναισχυντέω,verb,w)=,ὦ,interjection,a)/ndres,kai\,καί,conjunction,ta\,xrh/mata,χρῆμα,adjective,para\,παρά,preposition,to\,ὁ,article,di/kaion,δίκαιος,adjective,e)/xein,ἔχω,verb,a)ciou=si,ἀξιόω,verb,maqei=n,μανθάνω,verb,u(ma=s,σύ,pronoun,w(s,ὡς,conjunction,ou)de\,οὐδέ,particle,kaq',κατά,preposition,e(/na,ἕνος,adjective,no/mon,νόμος,noun,*)ari/starxos,ei)s,εἰς,preposition,tou\s,fra/toras,φράτηρ,noun,tou\s,ὁ,article,e)kei/nou,ἐκεῖνος,pronoun,ei)sh=ktai,εἰσάγω,verb,,,,,,,,,,,,,,,,,,,,,,,,,,,,,,,,,,,,,,,,ἀνήρ,noun,ὁ,article,Ἀρίσταρχος,proper,ὁ,article,,,,,,,,,,,,,,,,,,,,,,,,,,,,,,,,,,,,,,,,,,
e)a\n,ἐάν,conjunction,ga\r,γάρ,particle,tou=to,οὗτος,pronoun,ma/qhte,μανθάνω,verb,safw=s,σαφής,adverb,ei)/sesqe,εἶμι,verb,o(/ti,tw=|,ὁ,article,mh\,dikai/ws,δίκαιος,adjective,e)/xonti,ἔχω,verb,ou)de\,οὐδέ,particle,diati/qesqai,διατίθημι,verb,peri\,περί,preposition,au)tw=n,αὐτός,pronoun,prosh=ken,προσήκω,verb,,,,,,,,,,,,,,,,,,,,,,,,,,,,,,,,,,,,,,,,,,,,,,,,,,,,,,,,,,,,,,,,,,,,,,,,,,,ὅστις,pronoun,μή,conjunction,,,,,,,,,,,,,,,,,,,,,,,,,,,,,,,,,,,,,,,,,,,,,,
oi)=mai,οἴομαι,verb,toi/nun,τοίνυν,particle,pa/ntas,πᾶς,adjective,u(ma=s,σύ,pronoun,ei)de/nai,οἶδα,verb,w)=,ὦ,interjection,a)/ndres,o(/ti,ὅστις,pronoun,kata\,diaqh/kas,διαθήκη,noun,ai(,ὁ,article,ei)sagwgai\,εἰσαγωγή,noun,tw=n,ὁ,article,ei)spoih/twn,εἰσποίητος,adjective,gi/gnontai,γίγνομαι,verb,dido/ntwn,δίδωμι,verb,ta\,ὁ,article,e(autw=n,ἑαυτοῦ,pronoun,kai\,καί,conjunction,u(ei=s,υἱός,noun,poioume/nwn,ποιέω,verb,a)/llws,ἄλλως,adverb,de\,ou)k,οὐ,adverb,e)/cestin,,,,,,,,,,,,,,,,,,,,,,,,,,,,,,,,,,,,,,,,,,,,,,,,,,,,ἀνήρ,noun,κατά,preposition,δέ,particle,ἔξεστι,verb,,,,,,,,,,,,,,,,,,,,,,,,,,,,,,,,,,,,,,,,,,
ei)/te,εἴτε,adverb,ou)=n,οὖν,particle,*)ari/starxon,Ἀρίσταρχος,proper,fh/sei,φημί,verb,tis,τις,pronoun,au)to\n,αὐτός,pronoun,diaqe/sqai,ou)k,οὐ,adverb,a)lhqh=,le/cei,λέγω,verb,,,,,,,,,,,,,,,,,,,,,,,,,,,,,,,,,,,,,,,,,,,,,,,,,,,,,,,,,,,,,,,,,,,,,,,,,,,,,,,,,,,,,,,,,,,,,διατίθημι,verb,ἀληθής,adjective,,,,,,,,,,,,,,,,,,,,,,,,,,,,,,,,,,,,,,,,,,,,,,
gnhsi/ou,γνήσιος,adjective,ga\r,γάρ,particle,o)/ntos,εἰμί,verb,au)tw=|,αὐτός,pronoun,*dhmoxa/rous,,,u(e/os,υἱός,noun,ou)/t',a)\n,ἄν,particle,e)bou/leto,tau=ta,οὗτος,pronoun,diapra=cai,διαπράσσω,verb,,,,,,,,,,,,,,,,,,,,,,,,,,,,,,,,,,,,,,,,,,,,,,,,,,,,,,,,,,,,,,,,,,,,,,,,,,,,,,,,,,,,,,,,,,οὔτε,adverb,βούλομαι,verb,,,,,,,,,,,,,,,,,,,,,,,,,,,,,,,,,,,,,,,,,,,,,,
ou)/te,οὔτε,adverb,e)ch=n,ἔξεστι,verb,dou=nai,δίδωμι,verb,ta\,ὁ,article,e(autou=,ἑαυτοῦ,pronoun,e(te/rw|,ἕτερος,adjective,,,,,,,,,,,,,,,,,,,,,,,,,,,,,,,,,,,,,,,,,,,,,,,,,,,,,,,,,,,,,,,,,,,,,,,,,,,,,,,,,,,,,,,,,,,,,,,,,,,,,,,,,,,,,,,,,,,,,,,,,,,,,,,,,,,,,,,,,,,,,,,,,,,,,,
ei)/te,εἴτε,adverb,*)arista/rxou,Ἀρίσταρχος,proper,teleuth/santos,τελευτάω,verb,*dhmoxa/rhn,Δημοχάρης,proper,au)to\n,αὐτός,pronoun,poih/sasqai,ποιέω,verb,kai\,tau=ta,οὗτος,pronoun,yeu/sontai,,,,,,,,,,,,,,,,,,,,,,,,,,,,,,,,,,,,,,,,,,,,,,,,,,,,,,,,,,,,,,,,,,,,,,,,,,,,,,,,,,,,,,,,,,,,,,,,καί,conjunction,ψεύδω,verb,,,,,,,,,,,,,,,,,,,,,,,,,,,,,,,,,,,,,,,,,,,,,,
paido\s,παῖς,adjective,ga\r,γάρ,particle,ou)k,οὐ,adverb,e)/cesti,ἔξεστι,verb,diaqh/khn,διαθήκη,noun,gene/sqai,γίγνομαι,verb,,,,,,,,,,,,,,,,,,,,,,,,,,,,,,,,,,,,,,,,,,,,,,,,,,,,,,,,,,,,,,,,,,,,,,,,,,,,,,,,,,,,,,,,,,,,,,,,,,,,,,,,,,,,,,,,,,,,,,,,,,,,,,,,,,,,,,,,,,,,,,,,,,,,,,
o(,ὁ,article,ga\r,γάρ,particle,no/mos,νόμος,noun,diarrh/dhn,διαρρήδην,adverb,kwlu/ei,κωλύω,verb,paidi\,παῖς,adjective,mh\,e)cei=nai,ἔξεστι,verb,sumba/llein,mhde\,μηδέ,particle,gunaiki\,γυνή,noun,pe/ra,πέρα,adjective,medi/mnou,μέδιμνος,noun,kriqw=n,κριθή,noun,,,,,,,,,,,,,,,,,,,,,,,,,,,,,,,,,,,,,,,,,,,,,,,,,,,,,,,,,,,,,,,,,,,,,,,,,,,,,,,,,μή,conjunction,συμβάλλω,verb,,,,,,,,,,,,,,,,,,,,,,,,,,,,,,,,,,,,,,,,,,,,,,
memartu/rhtai,μαρτυρέω,verb,de\,δέ,particle,*)ari/starxon,Ἀρίσταρχος,proper,me\n,μέν,particle,pro/teron,πρότερος,adjective,*dhmoxa/rous,,,tou=,u(e/os,υἱός,noun,teleuth=sai,e)kei=non,ἐκεῖνος,pronoun,de\,δέ,particle,u(/steron,ὕστερος,adjective,tou=,ὁ,article,patro/s,πατήρ,noun,,,,,,,,,,,,,,,,,,,,,,,,,,,,,,,,,,,,,,,,,,,,,,,,,,,,,,,,,,,,,,,,,,,,,,,,,,,,,,,,,ὁ,article,τελευτάω,verb,,,,,,,,,,,,,,,,,,,,,,,,,,,,,,,,,,,,,,,,,,,,,,
w(/ste,ὥστε,conjunction,kata/,κατά,preposition,ge,γε,particle,diaqh/khn,διαθήκη,noun,e)kei/nwn,ἐκεῖνος,pronoun,ou)d',οὐδέ,particle,ei),die/qento,διατίθημι,verb,prosh=ken,au)tw=|,αὐτός,pronoun,tou/twn,οὗτος,pronoun,tw=n,ὁ,article,xrhma/twn,χρῆμα,adjective,klhronomh=sai,κληρονομέω,verb,,,,,,,,,,,,,,,,,,,,,,,,,,,,,,,,,,,,,,,,,,,,,,,,,,,,,,,,,,,,,,,,,,,,,,,,,,,,,,,,,εἰ,conjunction,προσήκω,verb,,,,,,,,,,,,,,,,,,,,,,,,,,,,,,,,,,,,,,,,,,,,,,
a)na/gnwqi,ἀναγιγνώσκω,verb,dh\,δή,particle,kai\,καί,conjunction,tou\s,ὁ,article,no/mous,νόμος,noun,kaq',κατά,preposition,ou(\s,ou)dete/rw|,οὐδέτερος,adjective,au)tw=n,e)ch=n,ἔξεστι,verb,diaqh/kas,διαθήκη,noun,poih/sasqai,ποιέω,verb,,,,,,,,,,,,,,,,,,,,,,,,,,,,,,,,,,,,,,,,,,,,,,,,,,,,,,,,,,,,,,,,,,,,,,,,,,,,,,,,,,,,,,,ὅς,pronoun,αὐτός,pronoun,,,,,,,,,,,,,,,,,,,,,,,,,,,,,,,,,,,,,,,,,,,,,,
ou),οὐ,adverb,toi/nun,τοίνυν,particle,w)=,ὦ,interjection,a)/ndres,ἀνήρ,noun,ou)de\,οὐδέ,particle,*kurwni/dhn,,,oi(=o/n,te,τε,particle,h)=n,u(o\n,υἱός,noun,*)arista/rxw|,Ἀρίσταρχος,proper,ei)spoih=sai,εἰσποιέω,verb,a)ll',ἀλλά,adverb,au)tw=|,αὐτός,pronoun,me\n,μέν,particle,e)panelqei=n,ἐπανέρχομαι,verb,ei)s,εἰς,preposition,to\n,ὁ,article,patrw=|on,πατρῷος,adjective,oi)=kon,οἶκος,noun,e)ch=n,ἔξεστι,verb,u(o\n,υἱός,noun,e)gkatalipo/nta,e)n,ἐν,preposition,tw=|,*qenaine/tou,,,oi)/kw|,οἶκος,noun,e)c,ἐκ,preposition,au(tou=,ἑαυτοῦ,pronoun,de\,δέ,particle,a)nteisagagei=n,ἀντεισάγω,verb,ou)k,οὐ,adverb,e)/sti,εἰμί,verb,no/mos,νόμος,noun,,,,,,,,,,,,,,,,,,,,,,,,,οἷος,adjective,εἰμί,verb,ἐγκαταλείπω,verb,ὁ,article,,,,,,,,,,,,,,,,,,,,,,,,,,,,,,,,,,,,,,,,,,
h)\,ἠέ,conjunction,e)a\n,ἐάν,conjunction,fw=si,φάος,adjective,yeu/sontai,ψεύδω,verb,,,,,,,,,,,,,,,,,,,,,,,,,,,,,,,,,,,,,,,,,,,,,,,,,,,,,,,,,,,,,,,,,,,,,,,,,,,,,,,,,,,,,,,,,,,,,,,,,,,,,,,,,,,,,,,,,,,,,,,,,,,,,,,,,,,,,,,,,,,,,,,,,,,,,,,,,,,,
w(/ste,ὥστε,conjunction,ou)d',οὐδέ,particle,a)\n,ἄν,particle,fa/skwsin,φάσκω,verb,u(p',ὑπό,preposition,e)kei/nou,ἐκεῖνος,pronoun,ltei)sgtpoihqh=nai,no/mon,νόμος,noun,e(/cousi,dei=cai,δείκνυμι,verb,kaq',κατά,preposition,o(\n,ὅς,pronoun,e)ch=n,ἔξεστι,verb,au)tw=|,αὐτός,pronoun,tau=ta,οὗτος,pronoun,pra=cai,πράσσω,verb,a)ll',ἀλλά,adverb,e)c,ἐκ,preposition,w(=n,ὅς,pronoun,au)toi\,αὐτός,pronoun,le/gousin,λέγω,verb,e)/ti,ἔτι,adverb,fanerw/teron,u(mi=n,σύ,pronoun,genh/setai,tou=to,οὗτος,pronoun,o(/ti,ὅστις,pronoun,parano/mws,παράνομος,adjective,kai\,καί,conjunction,a)selgw=s,ἀσελγής,adverb,e)/xousi,ἔχω,verb,ta\,ὁ,article,th=s,ὁ,article,mhtro\s,μήτηρ,noun,xrh/mata,χρῆμα,adjective,,,,,,,,,,,,,,,,,,,,,,,,ἔχω,verb,φανερός,adjective,γίγνομαι,verb,,,,,,,,,,,,,,,,,,,,,,,,,,,,,,,,,,,,,,,,,,
kai\,καί,conjunction,me\n,μέν,particle,dh/,δή,particle,w)=,ὦ,interjection,a)/ndres,ἀνήρ,noun,ou)de\,οὐδέ,particle,*)aristome/nei,ge,γε,particle,ou)de\,*)apollodw/rw|,Ἀπολλόδωρος,proper,oi(=s,ὅς,pronoun,prosh=ke,προσήκω,verb,th=s,ὁ,article,e)mh=s,ἐμός,adjective,mhtro\s,μήτηρ,noun,e)pidika/sasqai,ἐπιδικάζω,verb,ou)de\,οὐδέ,particle,tou/tois,οὗτος,pronoun,e)ch=n,ἔξεστι,verb,,,,,,,,,,,,,,,,,,,,,,,,,,,,,,,,,,,,,,,,,,,,,,,,,,,,,,,,,,,,,,,,,,Ἀριστομένης,proper,οὐδέ,particle,,,,,,,,,,,,,,,,,,,,,,,,,,,,,,,,,,,,,,,,,,,,,,
qaumasto\n,θαυμαστός,adjective,ga\r,γάρ,particle,a)\n,ἄν,particle,h)=n,εἰμί,verb,ei),εἰ,conjunction,th\n,ὁ,article,e)mh\n,mhte/ra,μήτηρ,noun,e)/xonti,*)apollodw/rw|,Ἀπολλόδωρος,proper,h)\,ἠέ,conjunction,*)aristome/nei,Ἀριστομένης,proper,ou)k,οὐ,adverb,a)\n,ἄν,particle,oi(=o/n,οἷος,adjective,te,τε,particle,h)=n,εἰμί,verb,tw=n,ὁ,article,e)kei/nhs,ἐκεῖνος,pronoun,kuri/w|,κύριος,adjective,gene/sqai,γίγνομαι,verb,kata\,κατά,preposition,to\n,no/mon,νόμος,noun,o(\s,ou)k,οὐ,adverb,e)a=|,ἀίω,verb,tw=n,ὁ,article,th=s,ὁ,article,e)piklh/rou,ἐπίκληρος,adjective,ku/rion,κύριος,adjective,ei)=nai,εἰμί,verb,a)ll',ἀλλά,adverb,h)\,ἠέ,conjunction,tou\s,ὁ,article,pai=das,παῖς,adjective,e)pi\,ἐπί,preposition,di/etes,διέτης,noun,h(bh/santas,ἡβάω,verb,kratei=n,κρατέω,verb,tw=n,ὁ,article,xrhma/twn,χρῆμα,adjective,ἐμός,adjective,ἔχω,verb,ὁ,article,ὅς,pronoun,a)ll',ἀλλά,adverb,e(te/rw|,au)th\n,αὐτός,pronoun,e)kdo/nti,ἐκδίδωμι,verb,e)ce/stai,ἔξεστι,verb,ei)s,εἰς,preposition,ta\,ὁ,article,tau/ths,οὗτος,pronoun,ἕτερος,adjective,xrh/mata,χρῆμα,adjective,u(o\n,υἱός,noun,ei)spoih=sai,εἰσποιέω,verb,,,,,,,,,
deina\,δεινός,adjective,me/nt',μέντοι,particle,a)\n,ἄν,particle,gi/gnoito,γίγνομαι,verb,,,,,,,,,,,,,,,,,,,,,,,,,,,,,,,,,,,,,,,,,,,,,,,,,,,,,,,,,,,,,,,,,,,,,,,,,,,,,,,,,,,,,,,,,,,,,,,,,,,,,,,,,,,,,,,,,,,,,,,,,,,,,,,,,,,,,,,,,,,,,,,,,,,,,,,,,,,,
kai\,καί,conjunction,tw=|,ὁ,article,me\n,μέν,particle,patri\,πατήρ,noun,au)th=s,αὐτός,pronoun,ei),εἰ,conjunction,pai=des,a)/rrenes,ἄρσην,noun,mh\,e)ge/nonto,γίγνομαι,verb,ou)k,οὐ,adverb,a)\n,ἄν,particle,e)ch=n,ἔξεστι,verb,a)/neu,ἄνευ,preposition,tau/ths,οὗτος,pronoun,diaqe/sqai,διατίθημι,verb,,,,,,,,,,,,,,,,,,,,,,,,,,,,,,,,,,,,,,,,,,,,,,,,,,,,,,,,,,,,,,,,,,,,,,,,,,,παῖς,adjective,μή,conjunction,,,,,,,,,,,,,,,,,,,,,,,,,,,,,,,,,,,,,,,,,,,,,,
keleu/ei,κελεύω,verb,ga\r,γάρ,particle,o(,ὁ,article,no/mos,νόμος,noun,su\n,σύν,preposition,tau/tais,οὗτος,pronoun,ku/rion,ei)=nai,εἰμί,verb,dou=nai,e)a/n,ἐάν,conjunction,tw|,τις,pronoun,bou/lhtai,βούλομαι,verb,ta\,τίς,pronoun,e(autou=,ἑαυτοῦ,pronoun,,,,,,,,,,,,,,,,,,,,,,,,,,,,,,,,,,,,,,,,,,,,,,,,,,,,,,,,,,,,,,,,,,,,,,,,,,,,,,,,,κύριος,adjective,δίδωμι,verb,,,,,,,,,,,,,,,,,,,,,,,,,,,,,,,,,,,,,,,,,,,,,,
tw=|,ὁ,article,de\,δέ,particle,mh/te,μήτε,particle,labei=n,λαμβάνω,verb,au)th\n,αὐτός,pronoun,a)ciw/santi,ἀξιόω,verb,mh/te,patri\,πατήρ,noun,o)/nti,a)ll',ἀλλά,adverb,a)neyiw=|,ἀνεψιός,noun,para\,παρά,preposition,pa/ntas,πᾶς,adjective,tou\s,ὁ,article,no/mous,νόμος,noun,ei)sagago/nti,εἰσάγω,verb,e)/stai,εἰμί,verb,kuri/ws,κυρίως,adverb,tau=ta,οὗτος,pronoun,pepragme/na,πράσσω,verb,,,,,,,,,,,,,,,,,,,,,,,,,,,,,,,,,,,,,,,,,,,,,,,,,,,,,,,,,,,,,,,μήτε,particle,εἰμί,verb,,,,,,,,,,,,,,,,,,,,,,,,,,,,,,,,,,,,,,,,,,,,,,
kai\,καί,conjunction,ti/s,τίς,pronoun,u(mw=n,σύ,pronoun,tau=ta,οὗτος,pronoun,peisqh/setai,πείθω,verb,,,,,,,,,,,,,,,,,,,,,,,,,,,,,,,,,,,,,,,,,,,,,,,,,,,,,,,,,,,,,,,,,,,,,,,,,,,,,,,,,,,,,,,,,,,,,,,,,,,,,,,,,,,,,,,,,,,,,,,,,,,,,,,,,,,,,,,,,,,,,,,,,,,,,,,,,
e)gw\,ἐγώ,pronoun,me/n,μέν,particle,w)=,ὦ,interjection,a)/ndres,ἀνήρ,noun,safw=s,σαφής,adverb,e)pi/stamai,ἐφίστημι,verb,o(/ti,ou)/te,οὔτε,adverb,*cenai/netos,ou)/te,οὔτε,adverb,a)/llos,ἄλλος,adjective,ou)dei\s,οὐδείς,pronoun,a)nqrw/pwn,ἄνθρωπος,noun,e(/cei,ἔχω,verb,a)podei=cai,ἀποδείκνυμι,verb,w(s,ὡς,conjunction,ou),οὐ,adverb,th=s,ὁ,article,e)mh=s,ἐμός,adjective,mhtro\s,μήτηρ,noun,ou(=tos,οὗτος,pronoun,lto(gt,,,klh=ro/s,e)sti,εἰμί,verb,tou=,a)delfou=,ἀδελφός,adjective,au)th=|,αὐτός,pronoun,tou=,ὁ,article,*dhmoxa/rous,,,katalipo/ntos,καταλιμπάνω,verb,,,,,,,,,,,,,,,,,,,,,,,,,,,,,,,,,,,,,ὅστις,pronoun,Ξεναίνετος,proper,κλῆρος,adjective,ὁ,article,,,,,,,,,,,,,,,,,,,,,,,,,,,,,,,,,,,,,,,,,,
e)a\n,ἐάν,conjunction,d',δέ,particle,a)/ra,ἄρα,particle,tolmw=si,τολμάω,verb,peri\,περί,preposition,au)tw=n,αὐτός,pronoun,le/gein,no/mon,νόμος,noun,keleu/ete,dei=cai,δείκνυμι,verb,kaq',κατά,preposition,o(\n,ὅς,pronoun,gege/nhtai,γίγνομαι,verb,h(,ὁ,article,ei)spoi/hsis,εἰσποίησις,noun,*)arista/rxw|,Ἀρίσταρχος,proper,kai\,καί,conjunction,ti/s,τίς,pronoun,o(,ὁ,article,ei)spoih/sas,εἰσποιέω,verb,,,,,,,,,,,,,,,,,,,,,,,,,,,,,,,,,,,,,,,,,,,,,,,,,,,,,,,,,,,,,,,λέγω,verb,κελεύω,verb,,,,,,,,,,,,,,,,,,,,,,,,,,,,,,,,,,,,,,,,,,,,,,
tou=to,οὗτος,pronoun,ga\r,γάρ,particle,di/kaio/n,δίκαιος,adjective,e)stin,εἰμί,verb,,,,,,,,,,,,,,,,,,,,,,,,,,,,,,,,,,,,,,,,,,,,,,,,,,,,,,,,,,,,,,,,,,,,,,,,,,,,,,,,,,,,,,,,,,,,,,,,,,,,,,,,,,,,,,,,,,,,,,,,,,,,,,,,,,,,,,,,,,,,,,,,,,,,,,,,,,,,
a)ll',ἀλλά,adverb,oi)=d',οἶδα,verb,o(/ti,ὅστις,pronoun,ou)x,οὐ,adverb,e(/cousin,ἔχω,verb,e)pidei=cai,ἐπιδείκνυμι,verb,,,,,,,,,,,,,,,,,,,,,,,,,,,,,,,,,,,,,,,,,,,,,,,,,,,,,,,,,,,,,,,,,,,,,,,,,,,,,,,,,,,,,,,,,,,,,,,,,,,,,,,,,,,,,,,,,,,,,,,,,,,,,,,,,,,,,,,,,,,,,,,,,,,,,,
peri\,περί,preposition,me\n,μέν,particle,ou)=n,οὖν,particle,tou=,ὁ,article,to\n,ὁ,article,klh=ron,κλῆρος,adjective,ei)=nai,th=s,ὁ,article,mhtro\s,e)c,ἐκ,preposition,a)rxh=s,ἀρχή,noun,kai\,καί,conjunction,a)di/kws,ἄδικος,adjective,au)th\n,αὐτός,pronoun,u(po\,ὑπό,preposition,tou/twn,οὗτος,pronoun,a)pesterh=sqai,ἀποστερέω,verb,e)/k,ἐκ,preposition,te,τε,particle,tw=n,ὁ,article,ei)rhme/nwn,ἐρῶ,verb,kai\,καί,conjunction,memarturhme/nwn,kai\,καί,conjunction,e)c,au)tw=n,αὐτός,pronoun,tw=n,ὁ,article,no/mwn,νόμος,noun,i(kanw=s,ἱκανός,adjective,h(gou=mai,ἡγέομαι,verb,a)podedei=xqai,ἀποδείκνυμι,verb,,,,,,,,,,,,,,,,,,,,,,,,,,,,,,,,,,εἰμί,verb,μήτηρ,noun,μαρτυρέω,verb,ἐκ,preposition,,,,,,,,,,,,,,,,,,,,,,,,,,,,,,,,,,,,,,,,,,
ou(/tw,οὕτως,adverb,de\,δέ,particle,kai\,καί,conjunction,tou/tois,οὗτος,pronoun,fanero/n,φανερός,adjective,e)stin,εἰμί,verb,o(/ti,ou),οὐ,adverb,proshko/ntws,e)/xousi,ἔχω,verb,tau=ta,οὗτος,pronoun,ta\,ὁ,article,xrh/mata,χρῆμα,adjective,w(/ste,ὥστε,conjunction,ou)k,οὐ,adverb,e)pi\,ἐπί,preposition,tw=|,ὁ,article,dikai/ws,δίκαιος,adjective,*)ari/starxon,Ἀρίσταρχος,proper,ei)saxqh=nai,εἰσάγω,verb,ei)s,εἰς,preposition,tou\s,ὁ,article,fra/toras,to\n,ὁ,article,lo/gon,poiou=ntai,ποιέω,verb,mo/non,μόνος,adjective,a)lla\,ἀλλά,adverb,kai\,καί,conjunction,di/khn,δίκη,adjective,fasi\n,φημί,verb,u(pe\r,ὑπέρ,preposition,tou/twn,οὗτος,pronoun,tw=n,ὁ,article,xrhma/twn,χρῆμα,adjective,to\n,ὁ,article,pate/ra,πατήρ,noun,to\n,ὁ,article,e(autw=n,ἑαυτοῦ,pronoun,e)ktetike/nai,ἐκτίνω,verb,i(/na,ἵνα,conjunction,a)\n,ἄν,particle,ὅστις,pronoun,προσηκόντως,adverb,φράτηρ,noun,λόγος,noun,mh\,μή,conjunction,kat',e)kei=non,ἐκεῖνος,pronoun,dikai/ws,δίκαιος,adjective,dokw=sin,δοκώ,noun,e)/xein,ἔχω,verb,kata/,κατά,preposition,ge,γε,particle,κατά,preposition,tau=ta,οὗτος,pronoun,ei)ko/tws,ἐοικότως,adverb,prosh=kon,προσήκω,verb,au)toi=s,αὐτός,pronoun,fai/nhtai,φαίνω,verb,,,
e)gw\,ἐγώ,pronoun,d',δέ,particle,w)=,ὦ,interjection,a)/ndres,ἀνήρ,noun,o(/ti,ὅστις,pronoun,ou)k,οὐ,adverb,a)lhqh=,le/gousi,λέγω,verb,mega/lois,u(ma=s,σύ,pronoun,tekmhri/ois,τεκμήριον,noun,dida/cw,διδάσκω,verb,,,,,,,,,,,,,,,,,,,,,,,,,,,,,,,,,,,,,,,,,,,,,,,,,,,,,,,,,,,,,,,,,,,,,,,,,,,,,,,,,,,,,,,ἀληθής,adjective,μέγας,adverb,,,,,,,,,,,,,,,,,,,,,,,,,,,,,,,,,,,,,,,,,,,,,,
ei),εἰ,conjunction,ga\r,γάρ,particle,h)=n,εἰμί,verb,w(s,ὡς,conjunction,ou(=toi,οὗτος,pronoun,le/gousin,λέγω,verb,u(po/xrews,ou(=tos,οὗτος,pronoun,o(,klh=ros,κλῆρος,adjective,ou)/t',οὔτε,adverb,a)\n,ἄν,particle,xrh/mata,χρῆμα,adjective,ou(=toi,οὗτος,pronoun,u(pe\r,ὑπέρ,preposition,au)tw=n,αὐτός,pronoun,e)ce/tinon,ἐκτίνω,verb,ou),οὐ,adverb,ga\r,γάρ,particle,prosh=ken,προσήκω,verb,au)toi=s,αὐτός,pronoun,a)ll',ἀλλά,adverb,oi(=s,e)ge/neto,γίγνομαι,verb,h(,e)mh\,ἐμός,adjective,mh/thr,μήτηρ,noun,e)pi/dikos,ἐπίδικος,adjective,tou/tois,οὗτος,pronoun,a)nagkai=on,ἀναγκαῖος,adjective,h)=n,εἰμί,verb,u(pe\r,ὑπέρ,preposition,au)tw=n,αὐτός,pronoun,bouleu/sasqai),βουλεύω,verb,ou)/te,οὔτε,adverb,a)\n,ἄν,particle,ei)sepoi/oun,εἰσποιέω,verb,ei)s,εἰς,preposition,tou=ton,οὗτος,pronoun,to\n,ὁ,article,klh=ron,κλῆρος,adjective,u(o\n,υἱός,noun,ὑπόχρεως,adjective,ὁ,article,ὅς,pronoun,ὁ,article,*)arista/rxw|,Ἀρίσταρχος,proper,me/llontes,w)felhqh/sesqai,ὠφελέω,verb,me\n,μέν,particle,mhde/n,μηδείς,pronoun,zhmiwqh/sesqai,ζημιόω,verb,de\,δέ,particle,mega/la,μέγας,adverb,μέλλω,verb,,,,,,,,,,,,,,,,,,
h)\,ἠέ,conjunction,e(/teroi,ἕτερος,adjective,me/n,μέν,particle,o(/tan,ὅταν,conjunction,peri\,περί,preposition,xrhma/twn,χρῆμα,adjective,dustuxw=si,tou\s,ὁ,article,sfete/rous,au)tw=n,αὐτός,pronoun,pai=das,παῖς,adjective,ei)s,εἰς,preposition,e(te/rous,ἕτερος,adjective,oi)/kous,οἶκος,noun,ei)spoiou=sin,εἰσποιέω,verb,i(/na,ἵνα,conjunction,mh\,μή,conjunction,meta/sxwsi,μετέχω,verb,th=s,ὁ,article,tou=,ὁ,article,patro\s,πατήρ,noun,a)timi/as,ἀτιμία,noun,,,,,,,,,,,,,,,,,,,,,,,,,,,,,,,,,,,,,,,,,,,,,,,,,,,,,,,,,δυστυχέω,verb,σφέτερος,adjective,,,,,,,,,,,,,,,,,,,,,,,,,,,,,,,,,,,,,,,,,,,,,,
ou(=toi,οὗτος,pronoun,de\,δέ,particle,a)/ra,ἄρα,particle,ei)s,εἰς,preposition,u(po/xrewn,ὑπόχρεως,adjective,ou)si/an,οὐσία,adjective,kai\,oi)=kon,οἶκος,noun,ei)sepoi/oun,sfa=s,σφεῖς,pronoun,au)tou/s,αὐτός,pronoun,i(/na,ἵνα,conjunction,kai\,καί,conjunction,ta\,ὁ,article,u(pa/rxonta,ὑπάρχω,verb,prosapole/seian,προσαπόλλυμι,verb,,,,,,,,,,,,,,,,,,,,,,,,,,,,,,,,,,,,,,,,,,,,,,,,,,,,,,,,,,,,,,,,,,,,,,,,,,,καί,conjunction,εἰσποιέω,verb,,,,,,,,,,,,,,,,,,,,,,,,,,,,,,,,,,,,,,,,,,,,,,
ou)k,οὐ,adverb,e)/sti,εἰμί,verb,tau=ta,οὗτος,pronoun,a)ll',ἀλλά,adverb,o(,ὁ,article,me\n,μέν,particle,klh=ros,e)leu/qeros,ἐλεύθερος,adjective,h)=n,kai\,καί,conjunction,th=s,ὁ,article,e)mh=s,ἐμός,adjective,mhtro\s,μήτηρ,noun,e)ge/neto,γίγνομαι,verb,ou(=toi,οὗτος,pronoun,de\,δέ,particle,filoxrhmatou=ntes,φιλοχρηματέω,verb,kai\,καί,conjunction,e)kei/nhn,ἐκεῖνος,pronoun,a)posterou=ntes,ἀποστερέω,verb,tau=ta,οὗτος,pronoun,pa/nta,πᾶς,adjective,e)mhxanh/santo,,,,,,,,,,,,,,,,,,,,,,,,,,,,,,,,,,,,,,,,,,,,,,,,,,,,,,,,κλῆρος,adjective,εἰμί,verb,μηχανάομαι,verb,,,,,,,,,,,,,,,,,,,,,,,,,,,,,,,,,,,,,,,,,,,,
i)/sws,ἴσως,adverb,ou)=n,οὖν,particle,lta)/ngt,,,tis,τις,pronoun,w)=,ὦ,interjection,a)/ndres,ἀνήρ,noun,to\n,xro/non,χρόνος,noun,u(mw=n,qauma/seie,θαυμάζω,verb,pw=s,πῶς,adverb,pote,ποτέ,particle,polu\n,πολύς,adjective,ou(/tws,οὕτως,adverb,ei)a/samen,ἀίω,verb,kai\,καί,conjunction,a)posterou/menoi,ἀποστερέω,verb,ou)k,οὐ,adverb,h)=|men,εἶμι,verb,e)p',ἐπί,preposition,au)ta/,αὐτός,pronoun,a)lla\,ἀλλά,adverb,nuni\,peri\,περί,preposition,au)tw=n,tou\s,ὁ,article,lo/gous,λόγος,noun,poiou/meqa,ποιέω,verb,,,,,,,,,,,,,,,,,,,,,,,,,,,,,,,,,,,,,,,,,,,ὁ,article,σύ,pronoun,νυνί,adverb,αὐτός,pronoun,,,,,,,,,,,,,,,,,,,,,,,,,,,,,,,,,,,,,,,,,,
e)gw\,ἐγώ,pronoun,de\,δέ,particle,oi)=mai,οἴομαι,verb,me\n,μέν,particle,ou),οὐ,adverb,di/kaion,δίκαιος,adjective,ei)=nai,dia\,διά,preposition,tou=to,e)/latton,ἐλάσσων,adjective,e)/xein,ἔχω,verb,ei)/,εἰ,conjunction,tis,τις,pronoun,mh\,μή,conjunction,e)dunh/qh,δύναμαι,verb,h)\,ἠέ,conjunction,kathme/lhsen,καταμελέω,verb,ou),οὐ,adverb,ga\r,γάρ,particle,tou=to/,οὗτος,pronoun,e)sti,εἰμί,verb,skepte/on,σκεπτέος,adjective,a)lla\,to\,ὁ,article,pra=gma,ei),εἰ,conjunction,di/kaion,δίκαιος,adjective,h)\,ἠέ,conjunction,mh/),μή,conjunction,o(/mws,ὅμως,conjunction,me/ntoi,μέντοι,particle,kai\,καί,conjunction,peri\,περί,preposition,tou/twn,οὗτος,pronoun,ai)/tion,αἴτιος,adjective,ei)pei=n,εἶπον,verb,e)/xomen,ἔχω,verb,w)=,ὦ,interjection,a)/ndres,ἀνήρ,noun,,,,,,,,,,εἰμί,verb,οὗτος,pronoun,ἀλλά,adverb,πρᾶγμα,noun,,,,,,,,,,,,,,,,,,,,,,,,,,,,,,,,,,,,,,,,,,
o(,ὁ,article,ga\r,γάρ,particle,path\r,πατήρ,noun,ou(mo\s,ἐμός,adjective,e)pi\,ἐπί,preposition,proiki\,προίξ,adjective,e)gguhsa/menos,th\n,ὁ,article,e)mh\n,mhte/ra,μήτηρ,noun,sunw/|kei,συνοικέω,verb,to\n,ὁ,article,de\,δέ,particle,klh=ron,κλῆρος,adjective,tou/twn,οὗτος,pronoun,karpoume/nwn,καρπέω,verb,ou)k,οὐ,adverb,ei)=xen,ἔχω,verb,o(/pws,ὅπως,conjunction,ei)spra/caito,εἰσπράσσω,verb,,,,,,,,,,,,,,,,,,,,,,,,,,,,,,,,,,,,,,,,,,,,,,,,,,,,,,,,,,,,,,,ἐγγυάω,verb,ἐμός,adjective,,,,,,,,,,,,,,,,,,,,,,,,,,,,,,,,,,,,,,,,,,,,,,
o(/te,ὅτε,conjunction,ga\r,γάρ,particle,peri\,περί,preposition,au)tou=,αὐτός,pronoun,lo/gous,λόγος,noun,e)poih/sato,ποιέω,verb,th=s,mhtro\s,μήτηρ,noun,keleuou/shs,ou(=toi,οὗτος,pronoun,tau=ta,οὗτος,pronoun,au)tw=|,αὐτός,pronoun,h)pei/lhsan,ἀπειλέω,verb,au)toi\,αὐτός,pronoun,e)pidikasa/menoi,ἐπιδικάζω,verb,au)th\n,αὐτός,pronoun,e(/cein,ἔχω,verb,ei),εἰ,conjunction,mh\,μή,conjunction,bou/loito,βούλομαι,verb,au)to\s,αὐτός,pronoun,e)pi\,ἐπί,preposition,proiki\,e)/xein,ἔχω,verb,,,,,,,,,,,,,,,,,,,,,,,,,,,,,,,,,,,,,,,,,,,,,,,,,,,,,ὁ,article,κελεύω,verb,προίξ,adjective,,,,,,,,,,,,,,,,,,,,,,,,,,,,,,,,,,,,,,,,,,,,
o(,ὁ,article,de\,δέ,particle,path/r,πατήρ,noun,w(/ste,ὥστε,conjunction,th=s,ὁ,article,mhtro\s,μήτηρ,noun,mh\,sterhqh=nai,στερέω,verb,kai\,di\s,δίς,adverb,tosau=ta,τοσοῦτος,adjective,xrh/mata,χρῆμα,adjective,ei)/asen,ἀίω,verb,a)\n,ἄν,particle,au)tou\s,αὐτός,pronoun,karpou=sqai,καρπόω,verb,,,,,,,,,,,,,,,,,,,,,,,,,,,,,,,,,,,,,,,,,,,,,,,,,,,,,,,,,,,,,,,,,,,,,,,,,,,μή,conjunction,καί,conjunction,,,,,,,,,,,,,,,,,,,,,,,,,,,,,,,,,,,,,,,,,,,,,,
kai\,καί,conjunction,tou=,ὁ,article,me\n,μέν,particle,to\n,ὁ,article,pate/ra,πατήρ,noun,mh\,μή,conjunction,e)pecelqei=n,u(pe\r,ὑπέρ,preposition,tou/twn,tou=to/,οὗτος,pronoun,e)sti,εἰμί,verb,to\,ὁ,article,ai)/tion,αἴτιος,adjective,,,,,,,,,,,,,,,,,,,,,,,,,,,,,,,,,,,,,,,,,,,,,,,,,,,,,,,,,,,,,,,,,,,,,,,,,,,,,,,,,,,,ἐπεξέρχομαι,verb,οὗτος,pronoun,,,,,,,,,,,,,,,,,,,,,,,,,,,,,,,,,,,,,,,,,,,,,,
meta\,μετά,preposition,de\,δέ,particle,tau=ta,οὗτος,pronoun,o(,ὁ,article,*korinqiako\s,Κορινθιακός,adjective,po/lemos,πόλεμος,noun,e)ge/neto,e)n,ἐν,preposition,w(=|,e)gw\,ἐγώ,pronoun,ka)kei=nos,ἐκεῖνος,pronoun,strateu/esqai,στρατεύω,verb,h)nagkazo/meqa,ἀναγκάζω,verb,w(/ste,ὥστε,conjunction,ou)dete/rw|,οὐδέτερος,adjective,a)\n,ἄν,particle,h(mw=n,ἐγώ,pronoun,di/khn,δίκη,adjective,e)cege/neto,ἐκγίγνομαι,verb,labei=n,λαμβάνω,verb,,,,,,,,,,,,,,,,,,,,,,,,,,,,,,,,,,,,,,,,,,,,,,,,,,,,,,,,,,,,,,,γίγνομαι,verb,ὅς,pronoun,,,,,,,,,,,,,,,,,,,,,,,,,,,,,,,,,,,,,,,,,,,,,,
ei)rh/nhs,εἰρήνη,noun,t',τε,particle,au)=,αὖ,interjection,genome/nhs,γίγνομαι,verb,e)moi/,ἐγώ,pronoun,ti,τις,pronoun,a)tu/xhma,pro\s,πρός,preposition,to\,dhmo/sion,δημόσιος,adjective,sune/bh,συμβαίνω,verb,w(/ste,ὥστε,conjunction,mh\,μή,conjunction,r(a/|dion,ῥαίδιον,noun,ei)=nai,εἰμί,verb,pro\s,πρός,preposition,tou/tous,οὗτος,pronoun,diafe/resqai,διαφέρω,verb,,,,,,,,,,,,,,,,,,,,,,,,,,,,,,,,,,,,,,,,,,,,,,,,,,,,,,,,,,,,,,,,,,,,,ἀτύχημα,noun,ὁ,article,,,,,,,,,,,,,,,,,,,,,,,,,,,,,,,,,,,,,,,,,,,,,,
w(/ste,ὥστε,conjunction,ou),οὐ,adverb,mikra\s,μικρός,adjective,e)/xomen,ἔχω,verb,ai)ti/as,αἰτία,noun,peri\,περί,preposition,tou=,pra/gmatos,πρᾶγμα,noun,,,,,,,,,,,,,,,,,,,,,,,,,,,,,,,,,,,,,,,,,,,,,,,,,,,,,,,,,,,,,,,,,,,,,,,,,,,,,,,,,,,,,,,,,,,,,,,,,ὁ,article,,,,,,,,,,,,,,,,,,,,,,,,,,,,,,,,,,,,,,,,,,,,,,,,
a)lla\,ἀλλά,adverb,nuni\,νυνί,adverb,di/kaion,δίκαιος,adjective,ei)pei=n,εἶπον,verb,e)stin,εἰμί,verb,w)=,ὦ,interjection,a)/ndres,ti/nos,τίς,pronoun,do/ntos,e)/xei,ἔχω,verb,,,,,,,,,,,,,,,,,,,,,,,,,,,,,,,,,,,,,,,,,,,,,,,,,,,,,,,,,,,,,,,,,,,,,,,,,,,,,,,,,,,,,,,,,,,,,ἀνήρ,noun,δίδωμι,verb,,,,,,,,,,,,,,,,,,,,,,,,,,,,,,,,,,,,,,,,,,,,,,
to\n,ὁ,article,klh=ron,κλῆρος,adjective,kata\,κατά,preposition,poi/ous,ποῖος,adjective,no/mous,νόμος,noun,ei)s,εἰς,preposition,tou\s,fra/toras,φράτηρ,noun,ei)sh=ktai,kai\,καί,conjunction,pw=s,πῶς,adverb,ou)k,οὐ,adverb,e)pi/klhros,ἐπίκληρος,adjective,h)=n,εἰμί,verb,e)pi\,ἐπί,preposition,tou/tois,οὗτος,pronoun,toi=s,ὁ,article,xrh/masin,χρῆμα,adjective,h(,ὁ,article,e)mh\,ἐμός,adjective,mh/thr,μήτηρ,noun,,,,,,,,,,,,,,,,,,,,,,,,,,,,,,,,,,,,,,,,,,,,,,,,,,,,,,,,,,,,ὁ,article,εἰσάγω,verb,,,,,,,,,,,,,,,,,,,,,,,,,,,,,,,,,,,,,,,,,,,,,,
tau=ta,οὗτος,pronoun,ga/r,γάρ,particle,e)sti,εἰμί,verb,peri\,περί,preposition,w(=n,ὅς,pronoun,u(ma=s,σύ,pronoun,dei=,th\n,ὁ,article,yh=fon,e)negkei=n,φέρω,verb,ou)k,οὐ,adverb,ei),εἰ,conjunction,xro/nw|,χρόνος,noun,ti,τις,pronoun,u(/steron,ὕστερος,adjective,h(mei=s,ἐγώ,pronoun,tw=n,ὁ,article,h(mete/rwn,ἡμέτερος,adjective,ei)spratto/meqa,εἰσπράσσω,verb,,,,,,,,,,,,,,,,,,,,,,,,,,,,,,,,,,,,,,,,,,,,,,,,,,,,,,,,,,,,,,,,,,δέομαι,verb,ψῆφος,noun,,,,,,,,,,,,,,,,,,,,,,,,,,,,,,,,,,,,,,,,,,,,,,
mh\,μή,conjunction,dunhqe/ntwn,δύναμαι,verb,de\,δέ,particle,e)pidei=cai,ἐπιδείκνυμι,verb,dikai/ws,δίκαιος,adjective,a)\n,ἄν,particle,e)mo\n,au)to\n,αὐτός,pronoun,ei)=nai,yhfi/saisqe,ψηφίζομαι,verb,,,,,,,,,,,,,,,,,,,,,,,,,,,,,,,,,,,,,,,,,,,,,,,,,,,,,,,,,,,,,,,,,,,,,,,,,,,,,,,,,,,,,,,,,,,,,ἐμός,adjective,εἰμί,verb,,,,,,,,,,,,,,,,,,,,,,,,,,,,,,,,,,,,,,,,,,,,,,
tou=to,οὗτος,pronoun,me\n,μέν,particle,oi)=d',οἶδα,verb,o(/ti,ὅστις,pronoun,poiei=n,ποιέω,verb,ou)x,οὐ,adverb,oi(=oi/,t',τε,particle,e)/sontai,,,,,,,,,,,,,,,,,,,,,,,,,,,,,,,,,,,,,,,,,,,,,,,,,,,,,,,,,,,,,,,,,,,,,,,,,,,,,,,,,,,,,,,,,,,,,,,,οἷος,adjective,εἰμί,verb,,,,,,,,,,,,,,,,,,,,,,,,,,,,,,,,,,,,,,,,,,,,,,
xalepo\n,χαλεπός,adjective,ga\r,γάρ,particle,pro\s,πρός,preposition,no/mous,νόμος,noun,kai\,καί,conjunction,di/kaion,δίκαιος,adjective,pra=gma,a)ntile/gein,ἀντιλέγω,verb,e)sti/,,,,,,,,,,,,,,,,,,,,,,,,,,,,,,,,,,,,,,,,,,,,,,,,,,,,,,,,,,,,,,,,,,,,,,,,,,,,,,,,,,,,,,,,,,,,,,,,πρᾶγμα,noun,εἰμί,verb,,,,,,,,,,,,,,,,,,,,,,,,,,,,,,,,,,,,,,,,,,,,,,
peri\,περί,preposition,de\,δέ,particle,tou=,ὁ,article,teqnew=tos,θνήσκω,verb,le/cousin,λέγω,verb,e)leou=ntes,ἐλεάω,verb,w(s,a)nh\r,ἀνήρ,noun,w)\n,a)gaqo\s,ἀγαθός,adjective,e)n,ἐν,preposition,tw=|,ὁ,article,pole/mw|,πόλεμος,noun,te/qnhke,θνήσκω,verb,kai\,καί,conjunction,o(/ti,ὅστις,pronoun,ou),οὐ,adverb,di/kaio/n,δίκαιος,adjective,e)sti,εἰμί,verb,ta\s,ὁ,article,e)kei/nou,ἐκεῖνος,pronoun,diaqh/kas,διαθήκη,noun,a)ku/rous,kaqista/nai,καθίστημι,verb,,,,,,,,,,,,,,,,,,,,,,,,,,,,,,,,,,,,,,,,,,,,,,,,,,,,,ὡς,conjunction,εἰμί,verb,ἄκυρος,adjective,,,,,,,,,,,,,,,,,,,,,,,,,,,,,,,,,,,,,,,,,,,,
e)gw\,ἐγώ,pronoun,de\,δέ,particle,kai\,καί,conjunction,au)to/s,αὐτός,pronoun,w)=,ὦ,interjection,a)/ndres,ἀνήρ,noun,oi)=mai,dei=n,δέω,verb,kuri/as,ei)=nai,εἰμί,verb,ta\s,ὁ,article,diaqh/kas,διαθήκη,noun,a(\s,ὅς,pronoun,lta)\ngt,,,e(/kastos,ἕκαστος,adjective,diaqh=tai,διαθέω,verb,peri\,περί,preposition,tw=n,ὁ,article,e(autou=,ἑαυτοῦ,pronoun,peri\,περί,preposition,me/ntoi,μέντοι,particle,tw=n,ὁ,article,a)llotri/wn,ou),οὐ,adverb,kuri/as,ei)=nai,εἰμί,verb,ta\s,ὁ,article,diaqh/kas,διαθήκη,noun,w(/sper,ὥσπερ,adverb,a(\s,ὅς,pronoun,a)\n,ἄν,particle,e(/kastos,ἕκαστος,adjective,peri\,περί,preposition,tw=n,ὁ,article,au(tou=,ἑαυτοῦ,pronoun,diaqh=tai,διαθέω,verb,,,,,,,,,,,,,,,,,,,οἴομαι,verb,κύριος,adjective,ἀλλότριος,adjective,κύριος,adjective,,,,,,,,,,,,,,,,,,,,,,,,,,,,,,,,,,,,,,,,,,
tau=ta,οὗτος,pronoun,de\,δέ,particle,ou),οὐ,adverb,tou/twn,οὗτος,pronoun,o)/nta,εἰμί,verb,a)ll',ἀλλά,adverb,h(me/tera,fai/netai,φαίνω,verb,,,,,,,,,,,,,,,,,,,,,,,,,,,,,,,,,,,,,,,,,,,,,,,,,,,,,,,,,,,,,,,,,,,,,,,,,,,,,,,,,,,,,,,,,,,,,,,,,ἡμέτερος,adjective,,,,,,,,,,,,,,,,,,,,,,,,,,,,,,,,,,,,,,,,,,,,,,,,
w(/ste,ὥστε,conjunction,a)\n,ἄν,particle,e)pi\,ἐπί,preposition,tou=ton,οὗτος,pronoun,to\n,ὁ,article,lo/gon,λόγος,noun,katafeu/gh|,kai\,καί,conjunction,ma/rturas,pare/xhtai,παρέχω,verb,w(s,ὡς,conjunction,die/qeto,διατίθημι,verb,e)kei=nos,ἐκεῖνος,pronoun,e)pideiknu/nai,ἐπιδείκνυμι,verb,keleu/ete,κελεύω,verb,kai\,καί,conjunction,w(s,ὡς,conjunction,ta\,ὁ,article,e(autou=,ἑαυτοῦ,pronoun,,,,,,,,,,,,,,,,,,,,,,,,,,,,,,,,,,,,,,,,,,,,,,,,,,,,,,,,,,,,,,,,,,καταφεύγω,verb,μάρτυς,noun,,,,,,,,,,,,,,,,,,,,,,,,,,,,,,,,,,,,,,,,,,,,,,
tou=to,οὗτος,pronoun,ga\r,γάρ,particle,di/kaio/n,δίκαιος,adjective,e)sti,εἰμί,verb,,,,,,,,,,,,,,,,,,,,,,,,,,,,,,,,,,,,,,,,,,,,,,,,,,,,,,,,,,,,,,,,,,,,,,,,,,,,,,,,,,,,,,,,,,,,,,,,,,,,,,,,,,,,,,,,,,,,,,,,,,,,,,,,,,,,,,,,,,,,,,,,,,,,,,,,,,,,
deino/tata,δεινός,adjective,ga\r,γάρ,particle,lta)\ngt,,,pa/ntwn,πᾶς,adjective,ge/noito,γίγνομαι,verb,ei),εἰ,conjunction,*kurwni/dhs,me\n,μέν,particle,kai\,ou(=toi,οὗτος,pronoun,o)/ntes,εἰμί,verb,e)c,ἐκ,preposition,e)kei/nou,ἐκεῖνος,pronoun,mh\,μή,conjunction,mo/non,μόνος,adjective,to\n,ὁ,article,*cenaine/tou,Ξεναίνετος,proper,oi)=kon,οἶκος,noun,ple/on,πλέος,adjective,h)\,ἠέ,conjunction,tetta/rwn,τέσσαρες,noun,tala/ntwn,τάλαντον,noun,e(/cousin,a)lla\,ἀλλά,adverb,kai\,to/nde,ὅδε,pronoun,proslh/yontai,προσλαμβάνω,verb,e)gw\,ἐγώ,pronoun,de\,δέ,particle,th=s,ὁ,article,mhtro\s,μήτηρ,noun,ou)/shs,εἰμί,verb,kuri/as,κύριος,adjective,kai\,καί,conjunction,e)k,ἐκ,preposition,tw=n,ὁ,article,au)tw=n,αὐτός,pronoun,*kurwni/dh|,,,gegenhme/nos,γίγνομαι,verb,ei),εἰ,conjunction,mhde\,μηδέ,particle,to\n,ὁ,article,,,καί,conjunction,ἔχω,verb,καί,conjunction,th=s,ὁ,article,mhtro\s,klh=ron,κλῆρος,adjective,lh/yomai,λαμβάνω,verb,kai\,καί,conjunction,tau=ta,οὗτος,pronoun,mhde\,μηδέ,particle,e)xo/ntwn,ἔχω,verb,μήτηρ,noun,tou/twn,οὗτος,pronoun,e)penegkei=n,ἐπιφέρω,verb,par',παρά,preposition,o(/tou,ὅστις,pronoun,pot',ποτέ,particle,ei)lh/fasi,λαμβάνω,verb
kai/toi,καίτοι,particle,di/kaion,δίκαιος,adjective,w)=,ὦ,interjection,a)/ndres,ἀνήρ,noun,w(/sper,ὥσπερ,adverb,tw=n,ὁ,article,a)mfisbhthsi/mwn,xwri/wn,χωρίον,noun,dei=,to\n,ὁ,article,e)/xonta,ἔχω,verb,h)\,ἠέ,conjunction,qe/thn,θέτης,noun,h)\,ἠέ,conjunction,prath=ra,πρατήρ,noun,pare/xesqai,παρέχω,verb,h)\,ἠέ,conjunction,katadedikasme/non,καταδικάζω,verb,fai/nesqai,φαίνω,verb,ou(/tw,οὕτως,adverb,kai\,καί,conjunction,tou/tous,οὗτος,pronoun,kaq',e(/n,εἷς,adjective,ti,tou/twn,οὗτος,pronoun,a)pofh/nantas,ἀποφαίνω,verb,au)tou=,αὐτός,pronoun,a)ciou=n,ἀξιόω,verb,e)pidika/zesqai,ἐπιδικάζω,verb,mh\,μή,conjunction,pro\,πρό,preposition,di/khs,δίκη,adjective,th\n,ὁ,article,*)arista/rxou,Ἀρίσταρχος,proper,qugate/ra,θυγάτηρ,adjective,e)mh\n,ἐμός,adjective,de\,δέ,particle,mhte/ra,μήτηρ,noun,e)k,ἐκ,preposition,tw=n,ὁ,article,patrw/|wn,πατρῷος,adjective,ἀμφισβητήσιμος,adjective,δέομαι,verb,κατά,preposition,τις,pronoun,e)kba/llein,ἐκβάλλω,verb,,,,,,,,,,,,,,,,,,,,,,,,,,,,,,,,,,,,,,,
a)lla\,ἀλλά,adverb,ga/r,γάρ,particle,w)=,ὦ,interjection,a)/ndres,ἀνήρ,noun,ou)x,οὐ,adverb,i(kano/n,ἱκανός,adjective,e)sti,*cenaine/tw|,Ξεναίνετος,proper,to\n,*)aristome/nous,Ἀριστομένης,proper,oi)=kon,οἶκος,noun,katapepaiderasthke/nai,καταπαιδεραστέω,verb,a)lla\,ἀλλά,adverb,kai\,καί,conjunction,tou=ton,οὗτος,pronoun,oi)/etai,οἴομαι,verb,dei=n,δέω,verb,to\n,ὁ,article,au)to\n,αὐτός,pronoun,tro/pon,τρόπος,noun,diaqei=nai,διατίθημι,verb,,,,,,,,,,,,,,,,,,,,,,,,,,,,,,,,,,,,,,,,,,,,,,,,,,,,,,,,,,,,εἰμί,verb,ὁ,article,,,,,,,,,,,,,,,,,,,,,,,,,,,,,,,,,,,,,,,,,,,,,,
e)gw\,ἐγώ,pronoun,d',δέ,particle,w)=,ὦ,interjection,a)/ndres,ἀνήρ,noun,dikastai/,δικαστής,noun,braxei/as,βραχύς,adjective,ou)si/as,u(parca/shs,ὑπάρχω,verb,a)delfa\s,me\n,μέν,particle,e)ce/dwka,ἐκδίδωμι,verb,o(/sa,ὅσος,adjective,e)duna/mhn,δύναμαι,verb,e)pidou/s,ἐπιδίδωμι,verb,ko/smion,κόσμιος,adjective,d',δέ,particle,e)mauto\n,ἐμαυτοῦ,pronoun,pare/xwn,παραχώννυμι,verb,kai\,καί,conjunction,poiw=n,ποιέω,verb,ta\,ὁ,article,prostatto/mena,προστάσσω,verb,kai\,ta\s,ὁ,article,stratei/as,strateuo/menos,στρατεύω,verb,a)ciw=,ἀξιάω,verb,tw=n,ὁ,article,th=s,ὁ,article,mhtro\s,μήτηρ,noun,patrw/|wn,πατρῷος,adjective,mh\,μή,conjunction,a)posterhqh=nai,ἀποστερέω,verb,,,,,,,,,,,,,,,,,,,,,,,,,,,,οὐσία,adjective,ἀδελφή,noun,καί,conjunction,στρατεία,adjective,,,,,,,,,,,,,,,,,,,,,,,,,,,,,,,,,,,,,,,,,,
a)pe/deica,ἀποδείκνυμι,verb,d',δέ,particle,u(mi=n,σύ,pronoun,*kurwni/dhn,,,me\n,μέν,particle,to\n,ὁ,article,tou/twn,pate/ra,πατήρ,noun,e)kpoi/hton,geno/menon,γίγνομαι,verb,kai\,καί,conjunction,ou)k,οὐ,adverb,e)panelqo/nta,ἐπανέρχομαι,verb,ei)s,εἰς,preposition,to\n,ὁ,article,patrw=|on,πατρῷος,adjective,oi)=kon,οἶκος,noun,to\n,ὁ,article,de\,δέ,particle,pate/ra,πατήρ,noun,to\n,ὁ,article,*kurwni/dou,,,kai\,th=s,ὁ,article,e)mh=s,mhtro\s,μήτηρ,noun,*dhmoxa/rei,,,tw=|,ὁ,article,u(w=|,υἱός,noun,tou=ton,οὗτος,pronoun,to\n,ὁ,article,klh=ron,κλῆρος,adjective,katalipo/nta,καταλιμπάνω,verb,e)kei=non,ἐκεῖνος,pronoun,de\,δέ,particle,pai=da,παῖς,adjective,o)/nta,εἰμί,verb,teleuth/santa,τελευτάω,verb,kai\,καί,conjunction,ei)s,εἰς,preposition,th\n,ὁ,article,e)mh\n,ἐμός,adjective,οὗτος,pronoun,ἐκποίητος,adjective,καί,conjunction,ἐμός,adjective,mhte/ra,μήτηρ,noun,tou=ton,to\n,ὁ,article,klh=ron,κλῆρος,adjective,e)pigigno/menon,ἐπιγίγνομαι,verb,,,,,,,,,,οὗτος,pronoun,,,,,,,,,,,,,,,,,,
