word/0/@_form,word/1/@_form,word/1/lemma/@_entry,word/1/lemma/@_POS,word/2/@_form,word/2/lemma/@_entry,word/2/lemma/@_POS,word/3/@_form,word/3/lemma/@_entry,word/3/lemma/@_POS,word/4/@_form,word/4/lemma/@_entry,word/4/lemma/@_POS,word/5/@_form,word/5/lemma/@_entry,word/5/lemma/@_POS,word/6/@_form,word/6/lemma/@_entry,word/6/lemma/@_POS,word/7/@_form,word/7/lemma/@_entry,word/7/lemma/@_POS,word/8/@_form,word/8/lemma/@_entry,word/8/lemma/@_POS,word/9/@_form,word/9/lemma/@_entry,word/9/lemma/@_POS,word/10/@_form,word/10/lemma/@_entry,word/10/lemma/@_POS,word/11/@_form,word/11/lemma/@_entry,word/11/lemma/@_POS,word/12/@_form,word/12/lemma/@_entry,word/12/lemma/@_POS,word/13/@_form,word/13/lemma/@_entry,word/13/lemma/@_POS,word/14/@_form,word/14/lemma/@_entry,word/14/lemma/@_POS,word/15/@_form,word/15/lemma/@_entry,word/15/lemma/@_POS,word/16/@_form,word/16/lemma/@_entry,word/16/lemma/@_POS,word/17/@_form,word/17/lemma/@_entry,word/17/lemma/@_POS,word/18/@_form,word/18/lemma/@_entry,word/18/lemma/@_POS,word/19/@_form,word/19/lemma/@_entry,word/19/lemma/@_POS,word/0/lemma/@_entry,word/0/lemma/@_POS,word/20/@_form,word/20/lemma/@_entry,word/20/lemma/@_POS,word/21/@_form,word/21/lemma/@_entry,word/21/lemma/@_POS,word/22/@_form,word/22/lemma/@_entry,word/22/lemma/@_POS,word/23/@_form,word/23/lemma/@_entry,word/23/lemma/@_POS,word/24/@_form,word/24/lemma/@_entry,word/24/lemma/@_POS,word/25/@_form,word/25/lemma/@_entry,word/25/lemma/@_POS,word/26/@_form,word/26/lemma/@_entry,word/26/lemma/@_POS,word/27/@_form,word/27/lemma/@_entry,word/27/lemma/@_POS,word/28/@_form,word/28/lemma/@_entry,word/28/lemma/@_POS,word/29/@_form,word/29/lemma/@_entry,word/29/lemma/@_POS,word/30/@_form,word/30/lemma/@_entry,word/30/lemma/@_POS,word/31/@_form,word/31/lemma/@_entry,word/31/lemma/@_POS,word/32/@_form,word/32/lemma/@_entry,word/32/lemma/@_POS,word/33/@_form,word/33/lemma/@_entry,word/33/lemma/@_POS,word/34/@_form,word/34/lemma/@_entry,word/34/lemma/@_POS,word/35/@_form,word/35/lemma/@_entry,word/35/lemma/@_POS,word/36/@_form,word/36/lemma/@_entry,word/36/lemma/@_POS,word/37/@_form,word/37/lemma/@_entry,word/37/lemma/@_POS,word/38/@_form,word/38/lemma/@_entry,word/38/lemma/@_POS,word/39/@_form,word/39/lemma/@_entry,word/39/lemma/@_POS,word/40/@_form,word/40/lemma/@_entry,word/40/lemma/@_POS,word/41/@_form,word/41/lemma/@_entry,word/41/lemma/@_POS,word/42/@_form,word/42/lemma/@_entry,word/42/lemma/@_POS,word/43/@_form,word/43/lemma/@_entry,word/43/lemma/@_POS,word/44/@_form,word/44/lemma/@_entry,word/44/lemma/@_POS,word/45/@_form,word/45/lemma/@_entry,word/45/lemma/@_POS,word/46/@_form,word/46/lemma/@_entry,word/46/lemma/@_POS,word/47/@_form,word/47/lemma/@_entry,word/47/lemma/@_POS,word/48/@_form,word/48/lemma/@_entry,word/48/lemma/@_POS,word/49/@_form,word/49/lemma/@_entry,word/49/lemma/@_POS,word/50/@_form,word/50/lemma/@_entry,word/50/lemma/@_POS,word/51/@_form,word/51/lemma/@_entry,word/51/lemma/@_POS,word/52/@_form,word/52/lemma/@_entry,word/52/lemma/@_POS,word/53/@_form,word/53/lemma/@_entry,word/53/lemma/@_POS,word/54/@_form,word/54/lemma/@_entry,word/54/lemma/@_POS,word/55/@_form,word/55/lemma/@_entry,word/55/lemma/@_POS,word/56/@_form,word/56/lemma/@_entry,word/56/lemma/@_POS,word/57/@_form,word/57/lemma/@_entry,word/57/lemma/@_POS,word/58/@_form,word/58/lemma/@_entry,word/58/lemma/@_POS,word/59/@_form,word/59/lemma/@_entry,word/59/lemma/@_POS,word/60/@_form,word/60/lemma/@_entry,word/60/lemma/@_POS,word/61/@_form,word/61/lemma/@_entry,word/61/lemma/@_POS,word/62/@_form,word/62/lemma/@_entry,word/62/lemma/@_POS,word/63/@_form,word/63/lemma/@_entry,word/63/lemma/@_POS,word/64/@_form,word/64/lemma/@_entry,word/64/lemma/@_POS,word/65/@_form,word/65/lemma/@_entry,word/65/lemma/@_POS,word/66/@_form,word/66/lemma/@_entry,word/66/lemma/@_POS,word/67/@_form,word/67/lemma/@_entry,word/67/lemma/@_POS,word/68/@_form,word/68/lemma/@_entry,word/68/lemma/@_POS,word/69/@_form,word/69/lemma/@_entry,word/69/lemma/@_POS,word/70/@_form,word/70/lemma/@_entry,word/70/lemma/@_POS,word/71/@_form,word/71/lemma/@_entry,word/71/lemma/@_POS,word/72/@_form
*ki/rwnos,a)/paidos,ἄπαις,noun,gnhsi/wn,γνήσιος,adjective,teleuth/santos,τελευτάω,verb,pai/dwn,παῖς,adjective,a)delfidou=s,ἀδελφιδέος,noun,tis,τις,pronoun,au)tou=,αὐτός,pronoun,kata\,κατά,preposition,pate/ra,πατήρ,noun,a)ntipoihqei\s,ἀντιποιέω,verb,tou=,ὁ,article,klh/rou,κλῆρος,adjective,pare/labe,παραλαμβάνω,verb,th\n,ὁ,article,ou)si/an,οὐσία,adjective,au)tou=,αὐτός,pronoun,para\,παρά,preposition,th=s,ὁ,article,gunaiko/s,γυνή,noun,,,,,,,,,,,,,,,,,,,,,,,,,,,,,,,,,,,,,,,,,,,,,,,,,,,,,,,,,,,,,,,,,,,,,,,,,,,,,,,,,,,,,,,,,,,,,,,,,,,,,,,,,,,,,,,,,,,,,,,,,,,,,,,,,,,,,,,,,,,,,,,,,,,,,,,,,,,,,,,
kai\,meta\,μετά,preposition,tau=ta,οὗτος,pronoun,o(,ὁ,article,le/gwn,λέγω,verb,to\n,ὁ,article,lo/gon,λόγος,noun,gra/fetai,γράφω,verb,to\n,ὁ,article,a)delfidou=n,ἀδελφιδέος,noun,fa/skwn,φάσκω,verb,qugatridou=s,θυγατριδοῦς,noun,ei)=nai,εἰμί,verb,*ki/rwnos,,,kai\,καί,conjunction,o(/ti,ὅστις,pronoun,h(,ὁ,article,gunh\,γυνή,noun,tou=,ὁ,article,teteleuthko/tos,τελευτάω,verb,καί,conjunction,e(kou=sa,ἑκών,adjective,proe/dwke,προδίδωμι,verb,to\n,ὁ,article,klh=ron,κλῆρος,adjective,tw=|,ὁ,article,a)delfidw=|,ἀδελφιδέος,noun,i(/na,ἵνα,conjunction,me/ros,μέρος,noun,dou=sa,δέω,verb,au)tw=|,αὐτός,pronoun,ta\,ὁ,article,loipa\,λοιπός,adjective,kerda/nh|,κερδαίνω,verb,,,,,,,,,,,,,,,,,,,,,,,,,,,,,,,,,,,,,,,,,,,,,,,,,,,,,,,,,,,,,,,,,,,,,,,,,,,,,,,,,,,,,,,,,,,,,,,,,,,,,,,,,,,,,,,,,,,,,,
kai\,h(,ὁ,article,me\n,μέν,particle,u(po/qesis,ὑπόθεσις,noun,au(/th,οὗτος,pronoun,h(,ὁ,article,sta/sis,στάσις,adjective,de\,δέ,particle,stoxasmo/s,στοχασμός,noun,,,,,,,,,,,,,,,,,,,,,,,,,,,,,,,,,,καί,conjunction,,,,,,,,,,,,,,,,,,,,,,,,,,,,,,,,,,,,,,,,,,,,,,,,,,,,,,,,,,,,,,,,,,,,,,,,,,,,,,,,,,,,,,,,,,,,,,,,,,,,,,,,,,,,,,,,,,,,,,,,,,,,,,,,,,,,,,,,,,,,,,,,,,,,,,,,,,,,,
zhtei=tai,ga\r,γάρ,particle,ei)/te,εἴτε,adverb,qugatridou=s,θυγατριδοῦς,noun,e)stin,εἰμί,verb,ou(=tos,οὗτος,pronoun,tou=,ὁ,article,*ki/rwnos,,,gnh/sios,γνήσιος,adjective,ei)/te,εἴτε,adverb,ou)/,οὐ,adverb,,,,,,,,,,,,,,,,,,,,,,,,,,,,ζητέω,verb,,,,,,,,,,,,,,,,,,,,,,,,,,,,,,,,,,,,,,,,,,,,,,,,,,,,,,,,,,,,,,,,,,,,,,,,,,,,,,,,,,,,,,,,,,,,,,,,,,,,,,,,,,,,,,,,,,,,,,,,,,,,,,,,,,,,,,,,,,,,,,,,,,,,,,,,,,,,,
e)piple/ketai,d',δέ,particle,au)tw=|,αὐτός,pronoun,kai\,καί,conjunction,h(,ὁ,article,kata\,κατά,preposition,poio/thta,ποιότης,noun,zh/thsis,ζήτησις,noun,,,,,,,,,,,,,,,,,,,,,,,,,,,,,,,,,,,,,ἐπιπλέκω,verb,,,,,,,,,,,,,,,,,,,,,,,,,,,,,,,,,,,,,,,,,,,,,,,,,,,,,,,,,,,,,,,,,,,,,,,,,,,,,,,,,,,,,,,,,,,,,,,,,,,,,,,,,,,,,,,,,,,,,,,,,,,,,,,,,,,,,,,,,,,,,,,,,,,,,,,,,,,,,
o(,ga\r,γάρ,particle,a)delfidou=s,ἀδελφιδέος,noun,h)gwni/zeto,ἀγωνίζομαι,verb,le/gwn,λέγω,verb,o(/ti,ὅστις,pronoun,ei),εἰ,conjunction,kai\,καί,conjunction,dw=men,δίδωμι,verb,e)kei/nhn,ἐκεῖνος,pronoun,gnhsi/an,γνήσιος,adjective,ei)=nai,εἰμί,verb,qugate/ra,θυγάτηρ,adjective,*ki/rwnos,,,e)peidh\,ἐπεί,conjunction,e)teleu/thsen,τελευτάω,verb,e)kei/nh,ἐκεῖνος,pronoun,o(,ὁ,article,d',δέ,particle,ui(o\s,υἱός,noun,ὁ,article,au)th=s,αὐτός,pronoun,a)mfisbhtei=,ἀμφισβητέω,verb,nu=n,νῦν,adverb,protimhte/os,προτιμητέον,adjective,e)sti\n,εἰμί,verb,o(,ὁ,article,kata\,κατά,preposition,pate/ra,πατήρ,noun,a)delfidou=s,ἀδελφιδέος,noun,tou=,ὁ,article,a)po\,ἀπό,preposition,qugatro\s,θυγάτηρ,adjective,e)kgo/nou,κίκω,verb,kata\,κατά,preposition,to\n,ὁ,article,no/mon,νόμος,noun,e)kei=non,ἐκεῖνος,pronoun,to\n,ὁ,article,keleu/onta,κελεύω,verb,protima=sqai,προτιμάω,verb,tou\s,ὁ,article,a)po\,ἀπό,preposition,tw=n,ὁ,article,a)rre/nwn,ἄρσην,noun,tw=n,ὁ,article,a)po\,ἀπό,preposition,tw=n,ὁ,article,qhleiw=n,θῆλυς,adjective,,,,,,,,,,,,,,,,,,,,,,,,,,,,,,,,,,,,,,,,,,,,,,,,,,,,,,,,,,,,,,,,,,,,,,,,,
ou(=tos,ga\r,γάρ,particle,texnikw/tata,τεχνικός,adjective,pa/nu,πάνυ,adverb,siwph/sas,σιωπάω,verb,tou=ton,οὗτος,pronoun,to\n,ὁ,article,no/mon,νόμος,noun,e)k,ἐκ,preposition,th=s,ὁ,article,tw=n,ὁ,article,teko/ntwn,τίκτω,verb,diafora=s,διαφορά,noun,a)gwni/zetai,ἀγωνίζομαι,verb,deiknu\s,δείκνυμι,verb,o(/ti,ὅστις,pronoun,o(/son,ὅσος,adjective,quga/thr,θυγάτηρ,adjective,a)delfou=,ἀδελφός,adjective,oi)keiote/ra,οἰκεῖος,adjective,οὗτος,pronoun,toi=s,ὁ,article,teleutw=si,τελευτάω,verb,tosou=ton,τοσοῦτος,adjective,e)/kgonos,κίκω,verb,a)delfidou=,ἀδελφιδέος,noun,diafe/rei,διαφέρω,verb,,,,,,,,,,,,,,,,,,,,,,,,,,,,,,,,,,,,,,,,,,,,,,,,,,,,,,,,,,,,,,,,,,,,,,,,,,,,,,,,,,,,,,,,,,,,,,,,,,,,,,,,,,,,,,,,,,,,,,,,,,,,,,,,,,,,,,,,,,,
e)/rrwtai,ou)=n,οὖν,particle,e)ntau=qa,ἐνταῦθα,adverb,tw=|,ὁ,article,dikai/w|,δίκαιος,adjective,kai\,καί,conjunction,a)sqenei=,ἀσθενέω,verb,tw=|,ὁ,article,nomi/mw|,νόμιμος,adjective,,,,,,,,,,,,,,,,,,,,,,,,,,,,,,,,,,ῥώννυμι,verb,,,,,,,,,,,,,,,,,,,,,,,,,,,,,,,,,,,,,,,,,,,,,,,,,,,,,,,,,,,,,,,,,,,,,,,,,,,,,,,,,,,,,,,,,,,,,,,,,,,,,,,,,,,,,,,,,,,,,,,,,,,,,,,,,,,,,,,,,,,,,,,,,,,,,,,,,,,,,
th\n,de\,δέ,particle,e)rgasi/an,ἐργασία,noun,tw=n,ὁ,article,kefalai/wn,κεφάλαιος,adjective,kata\,κατά,preposition,th\n,ὁ,article,oi)kei/an,οἰκεῖος,adjective,pa/lin,πάλιν,adverb,e)rga/zetai,ἐργάζομαι,verb,du/namin,δύναμις,adjective,,,,,,,,,,,,,,,,,,,,,,,,,,,,ὁ,article,,,,,,,,,,,,,,,,,,,,,,,,,,,,,,,,,,,,,,,,,,,,,,,,,,,,,,,,,,,,,,,,,,,,,,,,,,,,,,,,,,,,,,,,,,,,,,,,,,,,,,,,,,,,,,,,,,,,,,,,,,,,,,,,,,,,,,,,,,,,,,,,,,,,,,,,,,,,,
e)pi\,toi=s,ὁ,article,toiou/tois,τοιοῦτος,adjective,w)=,ὦ,interjection,a)/ndres,ἀνήρ,noun,a)na/gkh,ἀνάγκη,noun,e)sti\,εἰμί,verb,xalepw=s,χαλεπός,adjective,fe/rein,φέρω,verb,o(/tan,ὅταν,conjunction,tine\s,τις,pronoun,mh\,μή,conjunction,mo/non,μόνος,adjective,tw=n,ὁ,article,a)llotri/wn,ἀλλότριος,adjective,a)mfisbhtei=n,ἀμφισβητέω,verb,tolmw=sin,τολμάω,verb,a)lla\,ἀλλά,adverb,kai\,καί,conjunction,ta\,ὁ,article,ἐπί,preposition,e)k,ἐκ,preposition,tw=n,ὁ,article,no/mwn,νόμος,noun,di/kaia,δίκαιος,adjective,toi=s,ὁ,article,sfete/rois,σφέτερος,adjective,au)tw=n,αὐτός,pronoun,lo/gois,λόγος,noun,a)faniei=n,ἀφανίζω,verb,e)lpi/zwsin,ἐλπίζω,verb,,,,,,,,,,,,,,,,,,,,,,,,,,,,,,,,,,,,,,,,,,,,,,,,,,,,,,,,,,,,,,,,,,,,,,,,,,,,,,,,,,,,,,,,,,,,,,,,,,,,,,,,,,,,,,,,,,,,,,,,,,,,,,,
o(/per,kai\,καί,conjunction,nu=n,νῦν,adverb,ou(=toi,οὗτος,pronoun,poiei=n,ποιέω,verb,e)gxeirou=si,ἐγχειρέω,verb,,,,,,,,,,,,,,,,,,,,,,,,,,,,,,,,,,,,,,,,,,,ὅσπερ,adjective,,,,,,,,,,,,,,,,,,,,,,,,,,,,,,,,,,,,,,,,,,,,,,,,,,,,,,,,,,,,,,,,,,,,,,,,,,,,,,,,,,,,,,,,,,,,,,,,,,,,,,,,,,,,,,,,,,,,,,,,,,,,,,,,,,,,,,,,,,,,,,,,,,,,,,,,,,,,,
tou=,ga\r,γάρ,particle,h(mete/rou,ἡμέτερος,adjective,pa/ppou,πάππας,noun,*ki/rwnos,,,ou)k,οὐ,adverb,a)/paidos,ἄπαις,noun,teleuth/santos,τελευτάω,verb,a)ll',ἀλλά,adverb,h(ma=s,ἐγώ,pronoun,e)k,ἐκ,preposition,qugatro\s,θυγάτηρ,adjective,au(tou=,ἑαυτοῦ,pronoun,gnhsi/as,γνήσιος,adjective,pai=das,παῖς,adjective,au(tw=|,ἑαυτοῦ,pronoun,kataleloipo/tos,καταλιμπάνω,verb,ou(=toi/,οὗτος,pronoun,tou=,ὁ,article,te,τε,particle,ὁ,article,klh/rou,κλῆρος,adjective,lagxa/nousin,λαγχάνω,verb,w(s,ὡς,conjunction,e)gguta/tw,ἐγγύτατος,adjective,ge/nous,γένος,noun,o)/ntes,εἰμί,verb,h(ma=s,ἐγώ,pronoun,te,τε,particle,u(bri/zousin,ὑβρίζω,verb,w(s,ὡς,conjunction,ou)k,οὐ,adverb,e)c,ἐκ,preposition,e)kei/nou,ἐκεῖνος,pronoun,qugatro\s,θυγάτηρ,adjective,o)/ntas,εἰμί,verb,ou)de\,οὐδέ,particle,genome/nhs,γίγνομαι,verb,au)tw=|,αὐτός,pronoun,pw/pote,πώποτε,adverb,to\,ὁ,article,para/pan,παράπαν,adverb,,,,,,,,,,,,,,,,,,,,,,,,,,,,,,,,,,,,,,,,,,,,,,,,,,,,,,,,,,,,,,,,,,,,,,,,,,,,,,,,,,,,,,,,,,,,,,
ai)/tion,de\,δέ,particle,tou=,ὁ,article,tau=ta,οὗτος,pronoun,poiei=n,ποιέω,verb,au)tou/s,αὐτός,pronoun,e)stin,εἰμί,verb,h(,ὁ,article,tou/twn,οὗτος,pronoun,pleoneci/a,πλεονεξία,noun,ltkai\gt,,,to\,ὁ,article,plh=qos,πλῆθος,noun,tw=n,ὁ,article,xrhma/twn,χρῆμα,adjective,w(=n,ὅς,pronoun,*ki/rwn,,,me\n,μέν,particle,katale/loipen,καταλιμπάνω,verb,ou(=toi,οὗτος,pronoun,αἴτιος,adjective,d',δέ,particle,e)/xousi,ἔχω,verb,biasa/menoi,βιάω,verb,kai\,καί,conjunction,kratou=si,κρατέω,verb,,,,,,,,,,,,,,,,,,,,,,,,,,,,,,,,,,,,,,,,,,,,,,,,,,,,,,,,,,,,,,,,,,,,,,,,,,,,,,,,,,,,,,,,,,,,,,,,,,,,,,,,,,,,,,,,,,,,,,,,,,,,,,,,,,,,,,,,,,,,,,
kai\,tolmw=sin,τολμάω,verb,a(/ma,ἅμα,adverb,me\n,μέν,particle,le/gein,λέγω,verb,w(s,ὡς,conjunction,ou)de\n,οὐδείς,pronoun,katale/loipen,καταλιμπάνω,verb,e)kei=nos,ἐκεῖνος,pronoun,a(/ma,ἅμα,adverb,de\,δέ,particle,poiei=sqai,ποιέω,verb,tou=,ὁ,article,klh/rou,κλῆρος,adjective,th\n,ὁ,article,a)mfisbh/thsin,ἀμφισβήτησις,noun,,,,,,,,,,,,,καί,conjunction,,,,,,,,,,,,,,,,,,,,,,,,,,,,,,,,,,,,,,,,,,,,,,,,,,,,,,,,,,,,,,,,,,,,,,,,,,,,,,,,,,,,,,,,,,,,,,,,,,,,,,,,,,,,,,,,,,,,,,,,,,,,,,,,,,,,,,,,,,,,,,,,,,,,,,,,,,,,,
th\n,me\n,μέν,particle,ou)=n,οὖν,particle,kri/sin,κρίσις,adjective,ou),οὐ,adverb,dei=,δέομαι,verb,moi,ἐγώ,pronoun,nomi/zein,νομίζω,verb,ei)=nai,εἰμί,verb,tau/thn,οὗτος,pronoun,pro\s,πρός,preposition,to\n,ὁ,article,ei)lhxo/ta,λαγχάνω,verb,tou=,ὁ,article,klh/rou,κλῆρος,adjective,th\n,ὁ,article,di/khn,δίκη,adjective,a)lla\,ἀλλά,adverb,pro\s,πρός,preposition,*diokle/a,Διοκλέης,proper,ὁ,article,to\n,ὁ,article,*flue/a,,,to\n,ὁ,article,*)ore/sthn,Ὀρέστης,proper,e)pikalou/menon,ἐπικαλέω,verb,,,,,,,,,,,,,,,,,,,,,,,,,,,,,,,,,,,,,,,,,,,,,,,,,,,,,,,,,,,,,,,,,,,,,,,,,,,,,,,,,,,,,,,,,,,,,,,,,,,,,,,,,,,,,,,,,,,,,,,,,,,,,,,,,,,,,,,,,,,,,,
ou(=tos,ga/r,γάρ,particle,e)stin,εἰμί,verb,o(,ὁ,article,tou=ton,οὗτος,pronoun,paraskeua/sas,παρασκευάζω,verb,pra/gmaq',πρᾶγμα,noun,h(mi=n,ἐγώ,pronoun,pare/xein,παρέχω,verb,a)posterw=n,ἀποστερέω,verb,ta\,ὁ,article,xrh/mata,χρῆμα,adjective,a(\,ὅς,pronoun,*ki/rwn,,,o(,ὁ,article,pa/ppos,πάππος,noun,a)poqnh/|skwn,ἀποθνήσκω,verb,kate/lipen,καταλιμπάνω,verb,h(mi=n,ἐγώ,pronoun,de\,δέ,particle,οὗτος,pronoun,tou/tous,οὗτος,pronoun,tou\s,ὁ,article,kindu/nous,κίνδυνος,noun,e)pa/gwn,ἐπάγω,verb,i(/na,ἵνα,conjunction,mhde\n,μηδείς,pronoun,a)podidw=|,ἀποδίδωμι,verb,tou/twn,οὗτος,pronoun,e)a\n,ἐάν,conjunction,u(mei=s,σύ,pronoun,e)capathqh=te,ἐξαπατάω,verb,peisqe/ntes,πείθω,verb,u(po\,ὑπό,preposition,tw=n,ὁ,article,tou/tou,οὗτος,pronoun,lo/gwn,λόγος,noun,,,,,,,,,,,,,,,,,,,,,,,,,,,,,,,,,,,,,,,,,,,,,,,,,,,,,,,,,,,,,,,,,,,,,,,,,,,,,,,,,,,,,,,,,,,,,,,,,,,,,,,,,,,,,
dei=,dh\,δή,particle,tou/twn,οὗτος,pronoun,toiau=ta,τοιοῦτος,adjective,mhxanwme/nwn,μηχανάομαι,verb,pa/nq',πᾶς,adjective,u(ma=s,σύ,pronoun,ta\,ὁ,article,pepragme/na,πράσσω,verb,maqei=n,μανθάνω,verb,i(/na,ἵνα,conjunction,mhde\n,μηδείς,pronoun,a)gnoh/santes,ἀγνοέω,verb,tw=n,ὁ,article,gegenhme/nwn,γίγνομαι,verb,a)lla\,ἀλλά,adverb,safw=s,σαφής,adverb,ei)do/tes,οἶδα,verb,peri\,περί,preposition,au)tw=n,αὐτός,pronoun,δέομαι,verb,ou(/tws,οὕτως,adverb,e)ne/gkhte,φέρω,verb,th\n,ὁ,article,yh=fon,ψῆφος,noun,,,,,,,,,,,,,,,,,,,,,,,,,,,,,,,,,,,,,,,,,,,,,,,,,,,,,,,,,,,,,,,,,,,,,,,,,,,,,,,,,,,,,,,,,,,,,,,,,,,,,,,,,,,,,,,,,,,,,,,,,,,,,,,,,,,,,,,,,,,,,,,,,
ei)/,tini,τις,pronoun,ou)=n,οὖν,particle,kai\,καί,conjunction,a)/llh|,ἄλλῃ,adverb,pw/pote,πώποτε,adverb,di/kh|,δίκη,adjective,prose/sxete,προσέχω,verb,a)kribw=s,ἀκριβῶς,adverb,to\n,ὁ,article,nou=n,νόος,adjective,de/omai,δέομαι,verb,u(mw=n,σύ,pronoun,kai\,καί,conjunction,tau/th|,ταύτῃ,adverb,prose/xein,προσέχω,verb,o(moi/ws,ὅμοιος,adjective,w(/sper,ὥσπερ,adverb,kai\,καί,conjunction,to\,ὁ,article,εἰ,conjunction,di/kaio/n,δίκαιος,adjective,e)sti,εἰμί,verb,,,,,,,,,,,,,,,,,,,,,,,,,,,,,,,,,,,,,,,,,,,,,,,,,,,,,,,,,,,,,,,,,,,,,,,,,,,,,,,,,,,,,,,,,,,,,,,,,,,,,,,,,,,,,,,,,,,,,,,,,,,,,,,,,,,,,,,,,,,,,,,,,,,,,,,
pollw=n,de\,δέ,particle,dikw=n,δίκη,adjective,e)n,ἐν,preposition,th=|,ὁ,article,po/lei,πόλις,adjective,genome/nwn,γίγνομαι,verb,ou)de/nes,οὐδείς,pronoun,a)naide/steron,ἀναιδής,adjective,tou/twn,οὗτος,pronoun,ou)de\,οὐδέ,particle,katafane/steron,καταφανής,adverb,a)ntipoihsa/menoi,ἀντιποιέω,verb,fanh/sontai,φαίνω,verb,tw=n,ὁ,article,a)llotri/wn,ἀλλότριος,adjective,,,,,,,,,,,,,πολύς,adjective,,,,,,,,,,,,,,,,,,,,,,,,,,,,,,,,,,,,,,,,,,,,,,,,,,,,,,,,,,,,,,,,,,,,,,,,,,,,,,,,,,,,,,,,,,,,,,,,,,,,,,,,,,,,,,,,,,,,,,,,,,,,,,,,,,,,,,,,,,,,,,,,,,,,,,,,,,,,,
e)/sti,me\n,μέν,particle,ou)=n,οὖν,particle,xalepo/n,χαλεπός,adjective,w)=,ὦ,interjection,a)/ndres,ἀνήρ,noun,pro\s,πρός,preposition,paraskeua\s,παρασκευή,noun,lo/gwn,λόγος,noun,kai\,καί,conjunction,ma/rturas,μάρτυς,noun,ou),οὐ,adverb,ta)lhqh=,ἀληθής,adjective,marturou=ntas,μαρτυρέω,verb,ei)s,εἰς,preposition,a)gw=na,ἀγών,noun,kaqi/stasqai,καθίστημι,verb,peri\,περί,preposition,thlikou/twn,τηλικοῦτος,adjective,panta/pasin,παντάπασι,adverb,εἰμί,verb,a)pei/rws,ἄπειρος,adjective,e)/xonta,ἔχω,verb,dikasthri/wn,δικαστήριον,noun,,,,,,,,,,,,,,,,,,,,,,,,,,,,,,,,,,,,,,,,,,,,,,,,,,,,,,,,,,,,,,,,,,,,,,,,,,,,,,,,,,,,,,,,,,,,,,,,,,,,,,,,,,,,,,,,,,,,,,,,,,,,,,,,,,,,,,,,,,,,,,,,,,,,
ou),mh\n,μήν,particle,a)lla\,ἀλλά,adverb,polla\s,πολύς,adjective,e)lpi/das,ἐλπίς,noun,e)/xw,ἔχω,verb,kai\,καί,conjunction,par',παρά,preposition,u(mw=n,σύ,pronoun,teu/cesqai,τεύχω,verb,tw=n,ὁ,article,dikai/wn,δίκαιος,adjective,kai\,καί,conjunction,me/xri,μέχρι,preposition,ge,γε,particle,tou=,ὁ,article,ta\,ὁ,article,di/kaia,δίκαιος,adjective,ei)pei=n,εἶπον,verb,kai\,καί,conjunction,οὐ,adverb,au)to\s,αὐτός,pronoun,a)rkou/ntws,ἀρκεόντως,adverb,e)rei=n,ἐρέω,verb,a)\n,ἄν,particle,mh/,μή,conjunction,ti,τις,pronoun,sumbh=|,συμβαίνω,verb,toiou=ton,τοιοῦτος,adjective,o(\,ὅς,pronoun,nu=n,νῦν,adverb,u(p',ὑπό,preposition,e)mou=,ἐγώ,pronoun,tugxa/nei,τυγχάνω,verb,prosdokw/menon,προσδοκάω,verb,,,,,,,,,,,,,,,,,,,,,,,,,,,,,,,,,,,,,,,,,,,,,,,,,,,,,,,,,,,,,,,,,,,,,,,,,,,,,,,,,,,,,,,,,,,,,,,,,,,,,,,,,,,,,,,,,,,
de/omai,ou)=n,οὖν,particle,u(mw=n,σύ,pronoun,w)=,ὦ,interjection,a)/ndres,ἀνήρ,noun,met',μετά,preposition,eu)noi/as,εὔνοια,noun,te/,τε,particle,mou,ἐγώ,pronoun,a)kou=sai,ἀκέω,verb,ka)\n,κἀν,conjunction,h)dikh=sqai,ἀδικέω,verb,dokw=,δοκάζω,verb,bohqh=sai/,βοηθέω,verb,moi,ἐγώ,pronoun,ta\,ὁ,article,di/kaia,δίκαιος,adjective,,,,,,,,,,δέομαι,verb,,,,,,,,,,,,,,,,,,,,,,,,,,,,,,,,,,,,,,,,,,,,,,,,,,,,,,,,,,,,,,,,,,,,,,,,,,,,,,,,,,,,,,,,,,,,,,,,,,,,,,,,,,,,,,,,,,,,,,,,,,,,,,,,,,,,,,,,,,,,,,,,,,,,,,,,,,,,,
prw=ton,me\n,μέν,particle,ou)=n,οὖν,particle,w(s,ὡς,conjunction,h)=n,εἰμί,verb,h(,ὁ,article,mh/thr,μήτηρ,noun,h(,ὁ,article,'mh\,ἁμός,adjective,*ki/rwnos,,,quga/thr,θυγάτηρ,adjective,gnhsi/a,γνήσιος,adjective,e)pidei/cw,ἐπιδείκνυμι,verb,tou=to,οὗτος,pronoun,u(mi=n,σύ,pronoun,ta\,ὁ,article,me\n,μέν,particle,pa/lai,πάλαι,adverb,gegenhme/na,γίγνομαι,verb,lo/gwn,λόγος,noun,πρότερος,adjective,a)koh=|,ἀκοή,noun,kai\,καί,conjunction,martu/rwn,μάρτυρος,noun,ta\,ὁ,article,d',δέ,particle,w(/ste,ὥστε,conjunction,kai\,καί,conjunction,mnhmoneu/esqai,μνημονεύω,verb,toi=s,ὁ,article,ei)do/si,οἶδα,verb,xrw/menos,χράομαι,verb,ma/rtusin,μάρτυς,noun,e)/ti,ἔτι,adverb,de\,δέ,particle,tekmhri/ois,τεκμήριον,noun,a(\,ὅς,pronoun,krei/ttw,κρείσσων,verb,tw=n,ὁ,article,marturiw=n,μαρτυρία,noun,e)stin,εἰμί,verb,,,,,,,,,,,,,,,,,,,,,,,,,,,,,,,,,,,,,,,,,,,,,,,,,,,,,,,,,,,,,,,,,,,,,,,,,,,,,,,,,,,,,,,,,,,,,,,,,
e)peida\n,de\,δέ,particle,tau=ta,οὗτος,pronoun,fanera\,φανερός,adjective,katasth/sw,καθίστημι,verb,to/q',τόθι,adverb,w(s,ὡς,conjunction,kai\,καί,conjunction,klhronomei=n,κληρονομέω,verb,ma=llon,μᾶλλον,adverb,h(mi=n,ἐγώ,pronoun,h)\,ἠέ,conjunction,tou/tois,οὗτος,pronoun,prosh/kei,προσήκω,verb,tw=n,ὁ,article,*ki/rwnos,,,xrhma/twn,χρῆμα,adjective,,,,,,,,,,ἐπειδάν,conjunction,,,,,,,,,,,,,,,,,,,,,,,,,,,,,,,,,,,,,,,,,,,,,,,,,,,,,,,,,,,,,,,,,,,,,,,,,,,,,,,,,,,,,,,,,,,,,,,,,,,,,,,,,,,,,,,,,,,,,,,,,,,,,,,,,,,,,,,,,,,,,,,,,,,,,,,,,,,,,
o(/qen,ou)=n,οὖν,particle,h)/rcanto,ἄρχω,verb,peri\,περί,preposition,au)tw=n,αὐτός,pronoun,e)nteu=qen,ἐντεῦθεν,adverb,u(ma=s,σύ,pronoun,ka)gw\,ἐγώ,pronoun,peira/somai,πειράω,verb,dida/skein,διδάσκω,verb,,,,,,,,,,,,,,,,,,,,,,,,,,,,,,,ὅθεν,adverb,,,,,,,,,,,,,,,,,,,,,,,,,,,,,,,,,,,,,,,,,,,,,,,,,,,,,,,,,,,,,,,,,,,,,,,,,,,,,,,,,,,,,,,,,,,,,,,,,,,,,,,,,,,,,,,,,,,,,,,,,,,,,,,,,,,,,,,,,,,,,,,,,,,,,,,,,,,,,
o(,ga\r,γάρ,particle,pa/ppos,πάππος,noun,o(,ὁ,article,e)mo/s,ἐμός,adjective,w)=,ὦ,interjection,a)/ndres,ἀνήρ,noun,*ki/rwn,,,e)/ghme,γαμέω,verb,th\n,ὁ,article,e)mh\n,ἐμός,adjective,th/qhn,τήθη,noun,ou)=san,εἰμί,verb,a)neyia/n,ἀνεψιά,noun,e)c,ἐκ,preposition,a)delfh=s,ἀδελφή,noun,th=s,ὁ,article,au(tou=,ἑαυτοῦ,pronoun,mhtro\s,μήτηρ,noun,au)th\n,αὐτός,pronoun,ὁ,article,gegenhme/nhn,γίγνομαι,verb,,,,,,,,,,,,,,,,,,,,,,,,,,,,,,,,,,,,,,,,,,,,,,,,,,,,,,,,,,,,,,,,,,,,,,,,,,,,,,,,,,,,,,,,,,,,,,,,,,,,,,,,,,,,,,,,,,,,,,,,,,,,,,,,,,,,,,,,,,,,,,,,,,,,,,,,,,
e)kei/nh,me\n,μέν,particle,ou)=n,οὖν,particle,sunoikh/sasa,συνοικέω,verb,ou),οὐ,adverb,polu\n,πολύς,adjective,xro/non,χρόνος,noun,tekou=sa,τίκτω,verb,au)tw=|,αὐτός,pronoun,th\n,ὁ,article,e)mh\n,ἐμός,adjective,mhte/ra,μήτηρ,noun,meta\,μετά,preposition,e)niautou\s,ἐνιαυτός,noun,te/ttaras,τέσσαρες,noun,to\n,ὁ,article,bi/on,βίος,adjective,e)teleu/thsen,τελευτάω,verb,,,,,,,ἐκεῖνος,pronoun,,,,,,,,,,,,,,,,,,,,,,,,,,,,,,,,,,,,,,,,,,,,,,,,,,,,,,,,,,,,,,,,,,,,,,,,,,,,,,,,,,,,,,,,,,,,,,,,,,,,,,,,,,,,,,,,,,,,,,,,,,,,,,,,,,,,,,,,,,,,,,,,,,,,,,,,,,,,,
o(,de\,δέ,particle,pa/ppos,πάππος,noun,mia=s,εἷς,adjective,mo/nhs,μόνος,adjective,ou)/shs,εἰμί,verb,au)tw=|,αὐτός,pronoun,qugatro\s,θυγάτηρ,adjective,lamba/nei,λαμβάνω,verb,pa/lin,πάλιν,adverb,th\n,ὁ,article,*diokle/ous,Διοκλέης,proper,a)delfh/n,ἀδελφή,noun,e)c,ἐκ,preposition,h(=s,ὅς,pronoun,au)tw=|,αὐτός,pronoun,e)gigne/sqhn,,,u(ei=s,υἱός,noun,du/o,δύο,adjective,,,,ὁ,article,,,,,,,,,,,,,,,,,,,,,,,,,,,,,,,,,,,,,,,,,,,,,,,,,,,,,,,,,,,,,,,,,,,,,,,,,,,,,,,,,,,,,,,,,,,,,,,,,,,,,,,,,,,,,,,,,,,,,,,,,,,,,,,,,,,,,,,,,,,,,,,,,,,,,,,,,,,,,
kai\,e)kei/nhn,ἐκεῖνος,pronoun,te,τε,particle,e)/trefe,τρέφω,verb,para\,παρά,preposition,th=|,ὁ,article,gunaiki\,γυνή,noun,kai\,καί,conjunction,meta\,μετά,preposition,tw=n,ὁ,article,e)c,ἐκ,preposition,e)kei/nhs,ἐκεῖνος,pronoun,pai/dwn,παῖς,adjective,e)kei/nwn,ἐκεῖνος,pronoun,te,τε,particle,e)/ti,ἔτι,adverb,zw/ntwn,ζάω,verb,e)pei\,ἐπεί,conjunction,sunoikei=n,συνοικέω,verb,ei)=xen,ἔχω,verb,καί,conjunction,h(liki/an,ἡλικία,noun,e)kdi/dwsin,ἐκδίδωμι,verb,au)th\n,αὐτός,pronoun,*nausime/nei,,,*xolargei=,Χολαργεύς,proper,su\n,σύν,preposition,i(mati/ois,ἱμάτιον,adjective,kai\,καί,conjunction,xrusi/ois,χρυσίον,noun,pe/nte,πέντε,adverb,kai\,καί,conjunction,ei)/kosi,εἴκοσι,verb,mna=s,μνᾶ,noun,e)pidou/s,ἐπιδίδωμι,verb,,,,,,,,,,,,,,,,,,,,,,,,,,,,,,,,,,,,,,,,,,,,,,,,,,,,,,,,,,,,,,,,,,,,,,,,,,,,,,,,,,,,,,,,,,,,,,,,,,,,,,,,,,,,,,,,,,,
ka)kei=nos,me\n,μέν,particle,trisi\n,τρεῖς,noun,h)\,ἠέ,conjunction,te/ttarsin,τέσσαρες,noun,e)/tesi,ἔτος,noun,meta\,μετά,preposition,tau=ta,οὗτος,pronoun,kamw\n,κάμνω,verb,a)poqnh/|skei,ἀποθνήσκω,verb,pri\n,πρίν,adverb,au)tw=|,αὐτός,pronoun,gene/sqai,γίγνομαι,verb,pai=das,παῖς,adjective,e)k,ἐκ,preposition,th=s,ὁ,article,h(mete/ras,ἡμέτερος,adjective,mhtro/s,μήτηρ,noun,,,,,,,ἐκεῖνος,pronoun,,,,,,,,,,,,,,,,,,,,,,,,,,,,,,,,,,,,,,,,,,,,,,,,,,,,,,,,,,,,,,,,,,,,,,,,,,,,,,,,,,,,,,,,,,,,,,,,,,,,,,,,,,,,,,,,,,,,,,,,,,,,,,,,,,,,,,,,,,,,,,,,,,,,,,,,,,,,,
o(,de\,δέ,particle,pa/ppos,πάππος,noun,komisa/menos,κομίζω,verb,au)th/n,αὐτός,pronoun,kai\,καί,conjunction,th\n,ὁ,article,proi=ka,προίξ,adjective,ou)k,οὐ,adverb,a)polabw\n,ἀπολαμβάνω,verb,o(/shn,ὅσος,adjective,e)/dwke,δίδωμι,verb,dia\,διά,preposition,th\n,ὁ,article,*nausime/nous,,,a)pori/an,ἀπορία,noun,tw=n,ὁ,article,pragma/twn,πρᾶγμα,noun,pa/lin,πάλιν,adverb,e)kdi/dwsi,ἐκδίδωμι,verb,ὁ,article,tw=|,ὁ,article,e)mw=|,ἐμός,adjective,patri\,πατήρ,noun,kai\,καί,conjunction,xili/as,χίλιοι,adjective,draxma\s,δραχμή,noun,proi=k',προίξ,adjective,e)pidi/dwsi,ἐπιδίδωμι,verb,,,,,,,,,,,,,,,,,,,,,,,,,,,,,,,,,,,,,,,,,,,,,,,,,,,,,,,,,,,,,,,,,,,,,,,,,,,,,,,,,,,,,,,,,,,,,,,,,,,,,,,,,,,,,,,,,,,,,,,,,,,,,,,,,,,,,
tauti\,dh\,δή,particle,pa/nta,πᾶς,adjective,pro\s,πρός,preposition,ta\s,ὁ,article,ai)ti/as,αἰτία,noun,a(\s,ὅς,pronoun,nu=n,νῦν,adverb,ou(=toi,οὗτος,pronoun,le/gousi,λέγω,verb,pw=s,πῶς,adverb,a)/n,ἄν,particle,tis,τις,pronoun,dei/ceie,δείκνυμι,verb,gegenhme/na,γίγνομαι,verb,fanerw=s,φανερός,adjective,,,,,,,,,,,,,οὗτος,pronoun,,,,,,,,,,,,,,,,,,,,,,,,,,,,,,,,,,,,,,,,,,,,,,,,,,,,,,,,,,,,,,,,,,,,,,,,,,,,,,,,,,,,,,,,,,,,,,,,,,,,,,,,,,,,,,,,,,,,,,,,,,,,,,,,,,,,,,,,,,,,,,,,,,,,,,,,,,,,,
e)gw\,zhtw=n,ζητέω,verb,e)ceu=ron,ἐξευρίσκω,verb,,,,,,,,,,,,,,,,,,,,,,,,,,,,,,,,,,,,,,,,,,,,,,,,,,,,ἐγώ,pronoun,,,,,,,,,,,,,,,,,,,,,,,,,,,,,,,,,,,,,,,,,,,,,,,,,,,,,,,,,,,,,,,,,,,,,,,,,,,,,,,,,,,,,,,,,,,,,,,,,,,,,,,,,,,,,,,,,,,,,,,,,,,,,,,,,,,,,,,,,,,,,,,,,,,,,,,,,,,,,
a)na/gkh,th\n,ὁ,article,e)mh\n,ἐμός,adjective,mhte/ra,μήτηρ,noun,ei)/te,εἴτε,adverb,quga/thr,θυγάτηρ,adjective,h)=n,εἰμί,verb,*ki/rwnos,,,ei)/te,εἴτε,adverb,mh/,μή,conjunction,kai\,καί,conjunction,ei),εἰ,conjunction,par',παρά,preposition,e)kei/nw|,ἐκεῖνος,pronoun,dih|ta=to,διαδιαιτάω,verb,h)\,ἠέ,conjunction,ou)/,οὐ,adverb,kai\,καί,conjunction,ga/mous,γάμος,adjective,ei),εἰ,conjunction,ἀνάγκη,noun,dittou\s,δισσός,adjective,u(pe\r,ὑπέρ,preposition,tau/ths,οὗτος,pronoun,ei(sti/asen,ἑστιάω,verb,h)\,ἠέ,conjunction,mh/,μή,conjunction,kai\,καί,conjunction,proi=ka,προίξ,adjective,h(/ntina,ὅστις,pronoun,e(ka/teros,ἑκάτερος,adjective,e)p',ἐπί,preposition,au)th=|,αὐτός,pronoun,tw=n,ὁ,article,ghma/ntwn,γαμέω,verb,e)/labe,λαμβάνω,verb,pa/nta,πᾶς,adjective,tau=ta,οὗτος,pronoun,ei)de/nai,οἶδα,verb,tou\s,ὁ,article,oi)ke/tas,οἰκέτης,noun,kai\,καί,conjunction,ta\s,ὁ,article,qerapai/nas,θεράπαινα,adjective,a(\s,ὅς,pronoun,e)kei=nos,ἐκεῖνος,pronoun,e)ke/kthto,κτάομαι,verb,,,,,,,,,,,,,,,,,,,,,,,,,,,,,,,,,,,,,,,,,,,,,,,,,,,,,,,,,,,,,,,,,,,,,,,,,,,,,,,
boulo/menos,ou)=n,οὖν,particle,pro\s,πρός,preposition,toi=s,ὁ,article,u(pa/rxousi,ὑπάρχω,verb,ma/rtusin,μάρτυς,noun,e)/legxon,ἔλεγχος,noun,e)k,ἐκ,preposition,basa/nwn,βάσανος,noun,poih/sasqai,ποιέω,verb,peri\,περί,preposition,au)tw=n,αὐτός,pronoun,i(/na,ἵνα,conjunction,ma=llon,μᾶλλον,adverb,au)toi=s,αὐτός,pronoun,pisteu/hte,πιστεύω,verb,mh\,μή,conjunction,me/llousi,μέλλω,verb,dw/sein,δίδωμι,verb,e)/legxon,ἔλεγχος,noun,βούλομαι,verb,a)ll',ἀλλά,adverb,h)/dh,ἤδη,adverb,dedwko/si,δίδωμι,verb,peri\,περί,preposition,w(=n,ὅς,pronoun,marturou=si,μαρτύρομαι,verb,tou/tous,οὗτος,pronoun,h)ci/oun,ἀξιόω,verb,e)kdou=nai,ἐκδίδωμι,verb,ta\s,ὁ,article,qerapai/nas,θεράπαινα,adjective,kai\,καί,conjunction,tou\s,ὁ,article,oi)ke/tas,οἰκέτης,noun,peri/,περί,preposition,te,τε,particle,tou/twn,οὗτος,pronoun,kai\,καί,conjunction,peri\,περί,preposition,tw=n,ὁ,article,a)/llwn,ἄλλος,adjective,a(pa/ntwn,ἅπας,adjective,o(/sa,ὅσος,adjective,tugxa/nousi,τυγχάνω,verb,suneido/tes,σύνοιδα,verb,,,,,,,,,,,,,,,,,,,,,,,,,,,,,,,,,,,,,,,,,,,,,,,,,,,,,,,,,,,,,,,,,,,,,,,,,,,,,,,,,,
ou(=tos,d',δέ,particle,o(,ὁ,article,nu=n,νῦν,adverb,u(ma=s,σύ,pronoun,a)ciw/swn,ἀξιόω,verb,toi=s,ὁ,article,au(tou=,ἑαυτοῦ,pronoun,ma/rtusi,μάρτυς,noun,pisteu/ein,πιστεύω,verb,e)/fuge,φεύγω,verb,th\n,ὁ,article,ba/sanon,βάσανος,noun,,,,,,,,,,,,,,,,,,,,,,οὗτος,pronoun,,,,,,,,,,,,,,,,,,,,,,,,,,,,,,,,,,,,,,,,,,,,,,,,,,,,,,,,,,,,,,,,,,,,,,,,,,,,,,,,,,,,,,,,,,,,,,,,,,,,,,,,,,,,,,,,,,,,,,,,,,,,,,,,,,,,,,,,,,,,,,,,,,,,,,,,,,,,,
kai/toi,ei),εἰ,conjunction,fanh/setai,φαίνω,verb,tau=ta,οὗτος,pronoun,poih=sai,ποιέω,verb,mh\,μή,conjunction,qelh/sas,ἐθέλω,verb,ti/,τίς,pronoun,u(polei/petai,ὑπολείπω,verb,toi=s,ὁ,article,e)kei/nou,ἐκεῖνος,pronoun,ma/rtusin,μάρτυς,noun,h)\,ἠέ,conjunction,dokei=n,δοκέω,verb,nuni\,νυνί,adverb,ta\,ὁ,article,yeudh=,ψευδής,adverb,marturei=n,μαρτυρέω,verb,tou/tou,οὗτος,pronoun,thlikou=ton,τηλικοῦτος,adjective,καίτοι,particle,e)/legxon,ἔλεγχος,noun,pefeugo/tos,φεύγω,verb,,,,,,,,,,,,,,,,,,,,,,,,,,,,,,,,,,,,,,,,,,,,,,,,,,,,,,,,,,,,,,,,,,,,,,,,,,,,,,,,,,,,,,,,,,,,,,,,,,,,,,,,,,,,,,,,,,,,,,,,,,,,,,,,,,,,,,,,,,,,,,,,,,,,,,,
e)gw\,me\n,μέν,particle,oi)=mai,οἴομαι,verb,ou)de/n,οὐδείς,pronoun,,,,,,,,,,,,,,,,,,,,,,,,,,,,,,,,,,,,,,,,,,,,,,,,,ἐγώ,pronoun,,,,,,,,,,,,,,,,,,,,,,,,,,,,,,,,,,,,,,,,,,,,,,,,,,,,,,,,,,,,,,,,,,,,,,,,,,,,,,,,,,,,,,,,,,,,,,,,,,,,,,,,,,,,,,,,,,,,,,,,,,,,,,,,,,,,,,,,,,,,,,,,,,,,,,,,,,,,,
a)lla\,mh\n,μήν,particle,w(s,ὡς,conjunction,a)lhqh=,ἀληθής,adjective,le/gw,λέγω,verb,labe/,λαμβάνω,verb,moi,ἐγώ,pronoun,prw=ton,πρότερος,adjective,tau/thn,οὗτος,pronoun,th\n,ὁ,article,marturi/an,μαρτυρία,noun,kai\,καί,conjunction,a)na/gnwqi,ἀναγιγνώσκω,verb,,,,,,,,,,,,,,,,,,,,,,ἀλλά,adverb,,,,,,,,,,,,,,,,,,,,,,,,,,,,,,,,,,,,,,,,,,,,,,,,,,,,,,,,,,,,,,,,,,,,,,,,,,,,,,,,,,,,,,,,,,,,,,,,,,,,,,,,,,,,,,,,,,,,,,,,,,,,,,,,,,,,,,,,,,,,,,,,,,,,,,,,,,,,,
u(mei=s,me\n,μέν,particle,toi/nun,τοίνυν,particle,kai\,καί,conjunction,i)di/a|,ἴδιος,adjective,kai\,καί,conjunction,dhmosi/a|,δημοσίᾳ,adverb,ba/sanon,βάσανος,noun,a)kribe/staton,ἀκριβής,adjective,e)/legxon,ἔλεγχος,noun,nomi/zete,νομίζω,verb,,,,,,,,,,,,,,,,,,,,,,,,,,,,σύ,pronoun,,,,,,,,,,,,,,,,,,,,,,,,,,,,,,,,,,,,,,,,,,,,,,,,,,,,,,,,,,,,,,,,,,,,,,,,,,,,,,,,,,,,,,,,,,,,,,,,,,,,,,,,,,,,,,,,,,,,,,,,,,,,,,,,,,,,,,,,,,,,,,,,,,,,,,,,,,,,,
kai\,o(po/tan,ὁπόταν,adverb,dou=loi,δοῦλος,noun,kai\,καί,conjunction,e)leu/qeroi,ἐλεύθερος,adjective,parage/nwntai,παραγίγνομαι,verb,kai\,καί,conjunction,de/h|,δέομαι,verb,eu(reqh=nai/,εὑρίσκω,verb,ti,τις,pronoun,tw=n,ὁ,article,zhtoume/nwn,ζητέω,verb,ou),οὐ,adverb,xrh=sqe,χράομαι,verb,tai=s,ὁ,article,tw=n,ὁ,article,e)leuqe/rwn,ἐλεύθερος,adjective,marturi/ais,μαρτυρία,noun,a)lla\,ἀλλά,adverb,tou\s,ὁ,article,καί,conjunction,dou/lous,δοῦλος,noun,basani/zontes,βασανίζω,verb,ou(/tw,οὕτως,adverb,zhtei=te,ζητέω,verb,eu(rei=n,εὑρίσκω,verb,th\n,ὁ,article,a)lh/qeian,ἀλήθεια,adjective,tw=n,ὁ,article,gegenhme/nwn,γίγνομαι,verb,,,,,,,,,,,,,,,,,,,,,,,,,,,,,,,,,,,,,,,,,,,,,,,,,,,,,,,,,,,,,,,,,,,,,,,,,,,,,,,,,,,,,,,,,,,,,,,,,,,,,,,,,,,,,,,,,,,,,,,,,,,,,,,,,,
ei)ko/tws,w)=,ὦ,interjection,a)/ndres,ἀνήρ,noun,,,,,,,,,,,,,,,,,,,,,,,,,,,,,,,,,,,,,,,,,,,,,,,,,,,,ἐοικότως,adverb,,,,,,,,,,,,,,,,,,,,,,,,,,,,,,,,,,,,,,,,,,,,,,,,,,,,,,,,,,,,,,,,,,,,,,,,,,,,,,,,,,,,,,,,,,,,,,,,,,,,,,,,,,,,,,,,,,,,,,,,,,,,,,,,,,,,,,,,,,,,,,,,,,,,,,,,,,,,,
su/niste,ga\r,γάρ,particle,o(/ti,ὅστις,pronoun,tw=n,ὁ,article,me\n,μέν,particle,marturhsa/ntwn,μαρτυρέω,verb,h)/dh,ἤδη,adverb,tine\s,τις,pronoun,e)/docan,δοκέω,verb,ou),οὐ,adverb,ta)lhqh=,ἀληθής,adjective,marturh=sai,μαρτυρέω,verb,tw=n,ὁ,article,de\,δέ,particle,basanisqe/ntwn,βασανίζω,verb,ou)de/nes,οὐδείς,pronoun,pw/pote,πώποτε,adverb,e)chle/gxqhsan,ἐξελέγχω,verb,w(s,ὡς,conjunction,ou)k,οὐ,adverb,σύνοιδα,verb,a)lhqh=,ἀληθής,adjective,e)k,ἐκ,preposition,tw=n,ὁ,article,basa/nwn,βάσανος,noun,ei)po/ntes,εἶπον,verb,,,,,,,,,,,,,,,,,,,,,,,,,,,,,,,,,,,,,,,,,,,,,,,,,,,,,,,,,,,,,,,,,,,,,,,,,,,,,,,,,,,,,,,,,,,,,,,,,,,,,,,,,,,,,,,,,,,,,,,,,,,,,,,,,,,,,,,,,,,,,,
ou(=tos,d',δέ,particle,o(,ὁ,article,pa/ntwn,πᾶς,adjective,a)naisxunto/tatos,ἀναίσχυντος,adjective,a)nqrw/pwn,ἄνθρωπος,noun,lo/gois,λόγος,noun,peplasme/nois,πλάσσω,verb,kai\,καί,conjunction,ma/rtusin,μάρτυς,noun,ou),οὐ,adverb,ta)lhqh=,ἀληθής,adjective,marturou=sin,μαρτύρομαι,verb,a)ciw/sei,ἀξιόω,verb,pisteu/ein,πιστεύω,verb,u(ma=s,σύ,pronoun,feu/gwn,φεύγω,verb,ou(/tws,οὕτως,adverb,a)kribei=s,ἀκριβής,adjective,e)le/gxous,ἔλεγχος,noun,οὗτος,pronoun,,,,,,,,,,,,,,,,,,,,,,,,,,,,,,,,,,,,,,,,,,,,,,,,,,,,,,,,,,,,,,,,,,,,,,,,,,,,,,,,,,,,,,,,,,,,,,,,,,,,,,,,,,,,,,,,,,,,,,,,,,,,,,,,,,,,,,,,,,,,,,,,,,,,,,,,,,,,,
a)ll',ou)x,οὐ,adverb,h(mei=s,ἐγώ,pronoun,a)lla\,ἀλλά,adverb,pro/teron,πρότερος,adjective,u(pe\r,ὑπέρ,preposition,tw=n,ὁ,article,marturhqh/sesqai,μαρτυρέω,verb,mello/ntwn,μέλλω,verb,a)ciw/santes,ἀξιόω,verb,ei)s,εἰς,preposition,basa/nous,βάσανος,noun,e)lqei=n,ἔρχομαι,verb,tou/tou,οὗτος,pronoun,de\,δέ,particle,feu/gontos,φεύγω,verb,ou(/tws,οὕτως,adverb,oi)hso/meqa,οἴομαι,verb,dei=n,δέω,verb,u(ma=s,σύ,pronoun,ἀλλά,adverb,toi=s,ὁ,article,h(mete/rois,ἡμέτερος,adjective,ma/rtusi,μάρτυς,noun,pisteu/ein,πιστεύω,verb,,,,,,,,,,,,,,,,,,,,,,,,,,,,,,,,,,,,,,,,,,,,,,,,,,,,,,,,,,,,,,,,,,,,,,,,,,,,,,,,,,,,,,,,,,,,,,,,,,,,,,,,,,,,,,,,,,,,,,,,,,,,,,,,,,,,,,,,,,,,,,,,,
labe\,ou)=n,οὖν,particle,au)toi=s,αὐτός,pronoun,tautasi\,οὗτος,pronoun,ta\s,ὁ,article,marturi/as,μαρτυρία,noun,kai\,καί,conjunction,a)na/gnwqi,ἀναγιγνώσκω,verb,,,,,,,,,,,,,,,,,,,,,,,,,,,,,,,,,,,,,λαμβάνω,verb,,,,,,,,,,,,,,,,,,,,,,,,,,,,,,,,,,,,,,,,,,,,,,,,,,,,,,,,,,,,,,,,,,,,,,,,,,,,,,,,,,,,,,,,,,,,,,,,,,,,,,,,,,,,,,,,,,,,,,,,,,,,,,,,,,,,,,,,,,,,,,,,,,,,,,,,,,,,,
ti/nas,ei)ko\s,ἔοικα,verb,ei)de/nai,οἶδα,verb,ta\,ὁ,article,palaia/,παλαιός,adjective,,,,,,,,,,,,,,,,,,,,,,,,,,,,,,,,,,,,,,,,,,,,,,τίς,pronoun,,,,,,,,,,,,,,,,,,,,,,,,,,,,,,,,,,,,,,,,,,,,,,,,,,,,,,,,,,,,,,,,,,,,,,,,,,,,,,,,,,,,,,,,,,,,,,,,,,,,,,,,,,,,,,,,,,,,,,,,,,,,,,,,,,,,,,,,,,,,,,,,,,,,,,,,,,,,,
dh=lon,o(/ti,ὅστις,pronoun,tou\s,ὁ,article,xrwme/nous,χράομαι,verb,tw=|,ὁ,article,pa/ppw|,πάππος,noun,,,,,,,,,,,,,,,,,,,,,,,,,,,,,,,,,,,,,,,,,,,δῆλος,adjective,,,,,,,,,,,,,,,,,,,,,,,,,,,,,,,,,,,,,,,,,,,,,,,,,,,,,,,,,,,,,,,,,,,,,,,,,,,,,,,,,,,,,,,,,,,,,,,,,,,,,,,,,,,,,,,,,,,,,,,,,,,,,,,,,,,,,,,,,,,,,,,,,,,,,,,,,,,,,
memarturh/kasi,toi/nun,τοίνυν,particle,a)koh\n,ἀκοή,noun,ou(=toi,οὗτος,pronoun,,,,,,,,,,,,,,,,,,,,,,,,,,,,,,,,,,,,,,,,,,,,,,,,,μαρτυρέω,verb,,,,,,,,,,,,,,,,,,,,,,,,,,,,,,,,,,,,,,,,,,,,,,,,,,,,,,,,,,,,,,,,,,,,,,,,,,,,,,,,,,,,,,,,,,,,,,,,,,,,,,,,,,,,,,,,,,,,,,,,,,,,,,,,,,,,,,,,,,,,,,,,,,,,,,,,,,,,,
ti/nas,ei)de/nai,οἶδα,verb,ta\,ὁ,article,peri\,περί,preposition,th\n,ὁ,article,e)/kdosin,ἔκδοσις,noun,th=s,ὁ,article,mhtro\s,μήτηρ,noun,a)na/gkh,ἀνάγκη,noun,,,,,,,,,,,,,,,,,,,,,,,,,,,,,,,,,,τίς,pronoun,,,,,,,,,,,,,,,,,,,,,,,,,,,,,,,,,,,,,,,,,,,,,,,,,,,,,,,,,,,,,,,,,,,,,,,,,,,,,,,,,,,,,,,,,,,,,,,,,,,,,,,,,,,,,,,,,,,,,,,,,,,,,,,,,,,,,,,,,,,,,,,,,,,,,,,,,,,,,
tou\s,e)gguhsame/nous,ἐγγυάω,verb,kai\,καί,conjunction,tou\s,ὁ,article,e)kei/nois,ἐκεῖνος,pronoun,paro/ntas,πάρειμι,verb,o(/te,ὅτε,conjunction,h)gguw=nto,ἐγγυάω,verb,,,,,,,,,,,,,,,,,,,,,,,,,,,,,,,,,,,,,ὁ,article,,,,,,,,,,,,,,,,,,,,,,,,,,,,,,,,,,,,,,,,,,,,,,,,,,,,,,,,,,,,,,,,,,,,,,,,,,,,,,,,,,,,,,,,,,,,,,,,,,,,,,,,,,,,,,,,,,,,,,,,,,,,,,,,,,,,,,,,,,,,,,,,,,,,,,,,,,,,,
memarturh/kasi,toi/nun,τοίνυν,particle,oi(/,ἕ,pronoun,te,τε,particle,*nausime/nous,,,prosh/kontes,προσήκω,verb,kai\,καί,conjunction,oi(,ἕ,pronoun,tou=,ὁ,article,e)mou=,ἐγώ,pronoun,patro/s,πατήρ,noun,,,,,,,,,,,,,,,,,,,,,,,,,,,,μαρτυρέω,verb,,,,,,,,,,,,,,,,,,,,,,,,,,,,,,,,,,,,,,,,,,,,,,,,,,,,,,,,,,,,,,,,,,,,,,,,,,,,,,,,,,,,,,,,,,,,,,,,,,,,,,,,,,,,,,,,,,,,,,,,,,,,,,,,,,,,,,,,,,,,,,,,,,,,,,,,,,,,,
ti/nes,de\,δέ,particle,oi(,ἕ,pronoun,trefome/nhn,τρέφω,verb,e)/ndon,ἔνδον,adverb,kai\,καί,conjunction,qugate/ra,θυγάτηρ,adjective,ou)=san,εἰμί,verb,ei)do/tes,οἶδα,verb,gnhsi/an,γνήσιος,adjective,*ki/rwnos,,,,,,,,,,,,,,,,,,,,,,,,,,,,,,τίς,pronoun,,,,,,,,,,,,,,,,,,,,,,,,,,,,,,,,,,,,,,,,,,,,,,,,,,,,,,,,,,,,,,,,,,,,,,,,,,,,,,,,,,,,,,,,,,,,,,,,,,,,,,,,,,,,,,,,,,,,,,,,,,,,,,,,,,,,,,,,,,,,,,,,,,,,,,,,,,,,,
oi(,nu=n,νῦν,adverb,a)mfisbhtou=ntes,ἀμφισβητέω,verb,e)/rgw|,ἔργον,noun,fanerw=s,φανερός,adjective,marturou=sin,μαρτύρομαι,verb,o(/ti,ὅστις,pronoun,tau=t',οὗτος,pronoun,e)sti\n,εἰμί,verb,a)lhqh=,ἀληθής,adjective,feu/gontes,φεύγω,verb,th\n,ὁ,article,ba/sanon,βάσανος,noun,,,,,,,,,,,,,,,,,,,,,,ὁ,article,,,,,,,,,,,,,,,,,,,,,,,,,,,,,,,,,,,,,,,,,,,,,,,,,,,,,,,,,,,,,,,,,,,,,,,,,,,,,,,,,,,,,,,,,,,,,,,,,,,,,,,,,,,,,,,,,,,,,,,,,,,,,,,,,,,,,,,,,,,,,,,,,,,,,,,,,,,,,
w(/ste,ou),οὐ,adverb,dh/pou,δήπου,particle,toi=s,ὁ,article,h(mete/rois,ἡμέτερος,adjective,a)\n,ἄν,particle,a)pisth/saite,ἀπιστέω,verb,ei)ko/tws,ἐοικότως,adverb,a)lla\,ἀλλά,adverb,polu\,πολύς,adjective,ma=llon,μᾶλλον,adverb,toi=s,ὁ,article,tou/twn,οὗτος,pronoun,ma/rtusin,μάρτυς,noun,,,,,,,,,,,,,,,,,,,ὥστε,conjunction,,,,,,,,,,,,,,,,,,,,,,,,,,,,,,,,,,,,,,,,,,,,,,,,,,,,,,,,,,,,,,,,,,,,,,,,,,,,,,,,,,,,,,,,,,,,,,,,,,,,,,,,,,,,,,,,,,,,,,,,,,,,,,,,,,,,,,,,,,,,,,,,,,,,,,,,,,,,,
h(mei=s,toi/nun,τοίνυν,particle,kai\,καί,conjunction,a)/lla,ἄλλος,adjective,tekmh/ria,τεκμήριον,noun,pro\s,πρός,preposition,tou/tois,οὗτος,pronoun,e)/xomen,ἔχω,verb,ei)pei=n,εἶπον,verb,i(/na,ἵνα,conjunction,,,,,,,,,,,,,,,,,,,,,,,,,,,,,,,ἐγώ,pronoun,,,,,,,,,,,,,,,,,,,,,,,,,,,,,,,,,,,,,,,,,,,,,,,,,,,,,,,,,,,,,,,,,,,,,,,,,,,,,,,,,,,,,,,,,,,,,,,,,,,,,,,,,,,,,,,,,,,,,,,,,,,,,,,,,,,,,,,,,,,,,,,,,,,,,,,,,,,,,
,,,,,,,,,,,,,,,,,,,,,,,,,,,,,,,,,,,,,,,,,,,,,,,,,,,,,,,,,,,,,,,,,,,,,,,,,,,,,,,,,,,,,,,,,,,,,,,,,,,,,,,,,,,,,,,,,,,,,,,,,,,,,,,,,,,,,,,,,,,,,,,,,,,,,,,,,,,,,,,,,,,,,,,,,,,,,,,,,,,,,,,,,,,,,,,,,,,,,,,,,,,,,,,,,,,,,,,,
o(/ti,e)k,ἐκ,preposition,qugatro\s,θυγάτηρ,adjective,h(mei=s,ἐγώ,pronoun,*ki/rwno/s,,,e)smen,εἰμί,verb,,,,,,,,,,,,,,,,,,,,,,,,,,,,,,,,,,,,,,,,,,,ὅστις,pronoun,,,,,,,,,,,,,,,,,,,,,,,,,,,,,,,,,,,,,,,,,,,,,,,,,,,,,,,,,,,,,,,,,,,,,,,,,,,,,,,,,,,,,,,,,,,,,,,,,,,,,,,,,,,,,,,,,,,,,,,,,,,,,,,,,,,,,,,,,,,,,,,,,,,,,,,,,,,,,
oi(=a,ga\r,γάρ,particle,ei)ko\s,ἔοικα,verb,pai/dwn,παῖς,adjective,o)/ntwn,εἰμί,verb,e)c,ἐκ,preposition,e(autou=,ἑαυτοῦ,pronoun,qugatro/s,θυγάτηρ,adjective,ou)depw/pote,οὐδεπώποτε,adverb,qusi/an,θυσία,noun,a)/neu,ἄνευ,preposition,h(mw=n,ἐγώ,pronoun,ou)demi/an,οὐδείς,pronoun,e)poi/hsen,ποιέω,verb,a)ll',ἀλλά,adverb,ei)/,εἰ,conjunction,te,τε,particle,mikra\,μικρός,adjective,ei)/,εἰ,conjunction,te,τε,particle,οἷος,adjective,mega/la,μέγας,adverb,qu/oi,θύω,verb,pantaxou=,πανταχοῦ,adverb,parh=men,πάρειμι,verb,h(mei=s,ἐγώ,pronoun,kai\,καί,conjunction,sunequ/omen,συνθύω,verb,,,,,,,,,,,,,,,,,,,,,,,,,,,,,,,,,,,,,,,,,,,,,,,,,,,,,,,,,,,,,,,,,,,,,,,,,,,,,,,,,,,,,,,,,,,,,,,,,,,,,,,,,,,,,,,,,,,,,,,,,,,,,,,,,,,,,,,,
kai\,ou),οὐ,adverb,mo/non,μόνος,adjective,ei)s,εἰς,preposition,ta\,ὁ,article,toiau=ta,τοιοῦτος,adjective,parekalou/meqa,παρακαλέω,verb,a)lla\,ἀλλά,adverb,kai\,καί,conjunction,ei)s,εἰς,preposition,*dionu/sia,Διονύσια,proper,ei)s,εἰς,preposition,a)gro\n,ἀγρός,noun,h)=gen,ἄγω,verb,a)ei\,ἀεί,adverb,h(ma=s,ἐγώ,pronoun,kai\,καί,conjunction,met',μετά,preposition,e)kei/nou,ἐκεῖνος,pronoun,te,τε,particle,καί,conjunction,e)qewrou=men,θεωρέω,verb,kaqh/menoi,κάθημαι,verb,par',παρά,preposition,au)to/n,αὐτός,pronoun,kai\,καί,conjunction,ta\s,ὁ,article,e(orta\s,ἑορτή,adjective,h)/gomen,ἄγω,verb,par',παρά,preposition,e)kei=non,ἐκεῖνος,pronoun,pa/sas,πᾶς,adjective,,,,,,,,,,,,,,,,,,,,,,,,,,,,,,,,,,,,,,,,,,,,,,,,,,,,,,,,,,,,,,,,,,,,,,,,,,,,,,,,,,,,,,,,,,,,,,,,,,,,,,,,,,,,,,,,,,,,,,,,,,,,
tw=|,*dii/,Ζεύς,proper,te,τε,particle,qu/wn,θύω,verb,tw=|,ὁ,article,*kthsi/w|,Κτήσιος,proper,peri\,περί,preposition,h(\n,ὅς,pronoun,ma/list',μάλιστα,adverb,e)kei=nos,ἐκεῖνος,pronoun,qusi/an,θυσία,noun,e)spou/daze,σπουδάζω,verb,kai\,καί,conjunction,ou)/te,οὔτε,adverb,dou/lous,δοῦλος,noun,prosh=gen,προσάγω,verb,ou)/te,οὔτε,adverb,e)leuqe/rous,ἐλεύθερος,adjective,o)qnei/ous,ὀθνεῖος,adjective,a)ll',ἀλλά,adverb,ὁ,article,au)to\s,αὐτός,pronoun,di',διά,preposition,e(autou=,ἑαυτοῦ,pronoun,pa/nt',πᾶς,adjective,e)poi/ei,ποιέω,verb,tau/ths,οὗτος,pronoun,h(mei=s,ἐγώ,pronoun,e)koinwnou=men,κοινωνέω,verb,kai\,καί,conjunction,ta\,ὁ,article,i(era\,ἱερά,noun,sunexeirourgou=men,συγχειρουργέω,verb,kai\,καί,conjunction,sunepeti/qemen,συνεπιτίθημι,verb,kai\,καί,conjunction,ta)=lla,ἄλλος,adjective,sunepoiou=men,συμποιέω,verb,kai\,καί,conjunction,hu)/xeto,εὔχομαι,verb,h(mi=n,ἐγώ,pronoun,u(gi/eian,ὑγίεια,noun,dido/nai,δίδωμι,verb,kai\,καί,conjunction,kth=sin,κτῆσις,noun,a)gaqh/n,ἀγαθός,adjective,w(/sper,ὥσπερ,adverb,ei)ko\s,ἔοικα,verb,o)/nta,εἰμί,verb,pa/ppon,πάππος,noun,,,,,,,,,,,,,,,,,,,,,,,,,,,,,,,,,,,,,,,,,,,,,,,,,,,,,,,,,,,,,,,,,,,,,,
kai/toi,ei),εἰ,conjunction,mh\,μή,conjunction,qugatridou=s,θυγατριδοῦς,noun,h(ma=s,ἐγώ,pronoun,e)no/mizen,νομίζω,verb,ei)=nai,εἰμί,verb,kai\,καί,conjunction,mo/nous,μόνος,adjective,e)kgo/nous,κίκω,verb,e(w/ra,ὁράω,verb,loipou\s,λοιπός,adjective,kataleleimme/nous,καταλιμπάνω,verb,au(tw=|,ἑαυτοῦ,pronoun,ou)k,οὐ,adverb,a)/n,ἄν,particle,pote,ποτέ,particle,e)poi/ei,ποιέω,verb,tou/twn,οὗτος,pronoun,ou)de/n,οὐδείς,pronoun,καίτοι,particle,a)lla\,ἀλλά,adverb,to/nd',ὅδε,pronoun,a)\n,ἄν,particle,au(tw=|,ἑαυτοῦ,pronoun,pari/stato,παρίστημι,verb,o(\s,ὅς,pronoun,a)delfidou=s,ἀδελφιδέος,noun,au)tou=,αὐτός,pronoun,nu=n,νῦν,adverb,ei)=nai,εἰμί,verb,fhsi/,φημί,verb,,,,,,,,,,,,,,,,,,,,,,,,,,,,,,,,,,,,,,,,,,,,,,,,,,,,,,,,,,,,,,,,,,,,,,,,,,,,,,,,,,,,,,,,,,,,,,,,,,,,,,,,,,,,,,,,,,,,,,,,,,,,
kai\,tau=q',οὗτος,pronoun,o(/ti,ὅστις,pronoun,a)lhqh=,ἀληθής,adjective,pa/nt',πᾶς,adjective,e)sti/n,εἰμί,verb,a)kribe/stata,ἀκριβής,adjective,me\n,μέν,particle,oi(,ἕ,pronoun,tou=,ὁ,article,pa/ppou,πάππας,noun,qera/pontes,θεράπων,noun,i)/sasin,οἶδα,verb,ou(\s,ὅς,pronoun,ou(=tos,οὗτος,pronoun,paradou=nai,παραδίδωμι,verb,ei)s,εἰς,preposition,ba/sanon,βάσανος,noun,ou)k,οὐ,adverb,h)qe/lhsen,ἐθέλω,verb,καί,conjunction,i)/sasi,οἶδα,verb,de\,δέ,particle,perifane/stata,περιφανής,adverb,kai\,καί,conjunction,tw=n,ὁ,article,e)kei/nw|,ἐκεῖνος,pronoun,xrwme/nwn,χράομαι,verb,tine/s,τις,pronoun,ou(\s,ὅς,pronoun,pare/comai,παρέχω,verb,ma/rturas,μάρτυς,noun,,,,,,,,,,,,,,,,,,,,,,,,,,,,,,,,,,,,,,,,,,,,,,,,,,,,,,,,,,,,,,,,,,,,,,,,,,,,,,,,,,,,,,,,,,,,,,,,,,,,,,,,,,,,,,,,,,,,,,,,,,,,
kai/,moi,ἐγώ,pronoun,labe\,λαμβάνω,verb,ta\s,ὁ,article,marturi/as,μαρτυρία,noun,kai\,καί,conjunction,a)na/gnwqi,ἀναγιγνώσκω,verb,,,,,,,,,,,,,,,,,,,,,,,,,,,,,,,,,,,,,,,,καί,conjunction,,,,,,,,,,,,,,,,,,,,,,,,,,,,,,,,,,,,,,,,,,,,,,,,,,,,,,,,,,,,,,,,,,,,,,,,,,,,,,,,,,,,,,,,,,,,,,,,,,,,,,,,,,,,,,,,,,,,,,,,,,,,,,,,,,,,,,,,,,,,,,,,,,,,,,,,,,,,,
ou),toi/nun,τοίνυν,particle,e)k,ἐκ,preposition,tou/twn,οὗτος,pronoun,dh=lo/n,δῆλος,adjective,e)sti,εἰμί,verb,mo/non,μόνος,adjective,o(/ti,ὅστις,pronoun,h)=n,εἰμί,verb,h(mw=n,ἐγώ,pronoun,h(,ὁ,article,mh/thr,μήτηρ,noun,quga/thr,θυγάτηρ,adjective,gnhsi/a,γνήσιος,adjective,*ki/rwnos,,,a)lla\,ἀλλά,adverb,kai\,καί,conjunction,e)c,ἐκ,preposition,w(=n,ὅς,pronoun,o(,ὁ,article,οὐ,adverb,path\r,πατήρ,noun,h(mw=n,ἐγώ,pronoun,e)/prace,πράσσω,verb,kai\,καί,conjunction,e)c,ἐκ,preposition,w(=n,ὅς,pronoun,ai(,ὁ,article,gunai=kes,γυνή,noun,ai(,ὁ,article,tw=n,ὁ,article,dhmotw=n,δημότης,noun,peri\,περί,preposition,au)th=s,αὐτός,pronoun,e)gi/gnwskon,γιγνώσκω,verb,,,,,,,,,,,,,,,,,,,,,,,,,,,,,,,,,,,,,,,,,,,,,,,,,,,,,,,,,,,,,,,,,,,,,,,,,,,,,,,,,,,,,,,,,,,,,,,,,,,,,,,,,,,,,,,,,,,
o(/te,ga\r,γάρ,particle,o(,ὁ,article,path\r,πατήρ,noun,au)th\n,αὐτός,pronoun,e)la/mbane,λαμβάνω,verb,ga/mous,γάμος,adjective,ei(sti/ase,ἑστιάω,verb,kai\,καί,conjunction,e)ka/lese,καλέω,verb,trei=s,τρέω,verb,au(tou=,ἑαυτοῦ,pronoun,fi/lous,φῖλος,noun,meta\,μετά,preposition,tw=n,ὁ,article,au(tou=,ἑαυτοῦ,pronoun,proshko/ntwn,προσήκω,verb,toi=s,ὁ,article,te,τε,particle,fra/torsi,φράτηρ,noun,ὅτε,conjunction,gamhli/an,γαμήλιος,adjective,ei)sh/negke,εἰσφέρω,verb,kata\,κατά,preposition,tou\s,ὁ,article,e)kei/nwn,ἐκεῖνος,pronoun,no/mous,νόμος,noun,,,,,,,,,,,,,,,,,,,,,,,,,,,,,,,,,,,,,,,,,,,,,,,,,,,,,,,,,,,,,,,,,,,,,,,,,,,,,,,,,,,,,,,,,,,,,,,,,,,,,,,,,,,,,,,,,,,,,,,,,,,,,,,,,,,,,,,,,,,
ai(/,te,τε,particle,gunai=kes,γυνή,noun,ai(,ὁ,article,tw=n,ὁ,article,dhmotw=n,δημότης,noun,meta\,μετά,preposition,tau=ta,οὗτος,pronoun,prou)/krinan,προκρίνω,verb,au)th\n,αὐτός,pronoun,meta\,μετά,preposition,th=s,ὁ,article,*diokle/ous,Διοκλέης,proper,gunaiko\s,γυνή,noun,tou=,ὁ,article,*piqe/ws,,,a)/rxein,ἄρχω,verb,ei)s,εἰς,preposition,ta\,ὁ,article,*qesmofo/ria,θεσμοφόρια,noun,ὅς,pronoun,kai\,καί,conjunction,poiei=n,ποιέω,verb,ta\,ὁ,article,nomizo/mena,νομίζω,verb,met',μετά,preposition,e)kei/nhs,ἐκεῖνος,pronoun,,,,,,,,,,,,,,,,,,,,,,,,,,,,,,,,,,,,,,,,,,,,,,,,,,,,,,,,,,,,,,,,,,,,,,,,,,,,,,,,,,,,,,,,,,,,,,,,,,,,,,,,,,,,,,,,,,,,,,,,,,,,,,,,,,,,,,,,,,,
o(/,te,τε,particle,path\r,πατήρ,noun,h(mw=n,ἐγώ,pronoun,e)peidh\,ἐπεί,conjunction,e)geno/meqa,γίγνομαι,verb,ei)s,εἰς,preposition,tou\s,ὁ,article,fra/toras,φράτηρ,noun,h(ma=s,ἐγώ,pronoun,ei)sh/gagen,εἰσάγω,verb,o)mo/sas,ὄμνυμι,verb,kata\,κατά,preposition,tou\s,ὁ,article,no/mous,νόμος,noun,tou\s,ὁ,article,keime/nous,κεῖμαι,verb,h)=,ἦ,adverb,mh\n,μείς,adjective,e)c,ἐκ,preposition,ὅς,pronoun,a)sth=s,ἀστή,noun,kai\,καί,conjunction,e)gguhth=s,ἐγγυητός,adjective,gunaiko\s,γυνή,noun,ei)sa/gein,εἰσάγω,verb,,,,,,,,,,,,,,,,,,,,,,,,,,,,,,,,,,,,,,,,,,,,,,,,,,,,,,,,,,,,,,,,,,,,,,,,,,,,,,,,,,,,,,,,,,,,,,,,,,,,,,,,,,,,,,,,,,,,,,,,,,,,,,,,,,,,,,,,,,,,,,
tw=n,de\,δέ,particle,frato/rwn,φράτηρ,noun,ou)dei\s,οὐδείς,pronoun,a)ntei=pen,ἀντεῖπον,verb,ou)d',οὐδέ,particle,h)mfisbh/thse,ἀμφισβητέω,verb,mh\,μή,conjunction,ou)k,οὐ,adverb,a)lhqh=,ἀληθής,adjective,tau=t',οὗτος,pronoun,ei)=nai,εἰμί,verb,pollw=n,πολύς,adjective,o)/ntwn,εἰμί,verb,kai\,καί,conjunction,a)kribw=s,ἀκριβῶς,adverb,ta\,ὁ,article,toiau=ta,τοιοῦτος,adjective,skopoume/nwn,σκοπάω,verb,,,,ὁ,article,,,,,,,,,,,,,,,,,,,,,,,,,,,,,,,,,,,,,,,,,,,,,,,,,,,,,,,,,,,,,,,,,,,,,,,,,,,,,,,,,,,,,,,,,,,,,,,,,,,,,,,,,,,,,,,,,,,,,,,,,,,,,,,,,,,,,,,,,,,,,,,,,,,,,,,,,,,,,
kai/toi,mh\,μή,conjunction,oi)/esq',οἴομαι,verb,a)/n,ἄν,particle,ei),εἰ,conjunction,toiau/th,τοιοῦτος,adjective,tis,τις,pronoun,h)=n,εἰμί,verb,h(,ὁ,article,mh/thr,μήτηρ,noun,h(mw=n,ἐγώ,pronoun,oi(/an,οἷος,adjective,ou(=toi/,οὗτος,pronoun,fasi,φημί,verb,mh/t',μήτε,particle,a)\n,ἄν,particle,to\n,ὁ,article,pate/ra,πατήρ,noun,h(mw=n,ἐγώ,pronoun,ga/mous,γάμος,adjective,καίτοι,particle,e(stia=n,ἑστία,noun,kai\,καί,conjunction,gamhli/an,γαμήλιος,adjective,ei)senegkei=n,εἰσφέρω,verb,a)lla\,ἀλλά,adverb,a)pokru/yasqai,ἀποκρύπτω,verb,tau=ta,οὗτος,pronoun,pa/nta,πᾶς,adjective,mh/te,μήτε,particle,ta\s,ὁ,article,tw=n,ὁ,article,a)/llwn,ἄλλος,adjective,dhmotw=n,δημότης,noun,gunai=kas,γυνή,noun,ai(rei=sqai,αἱρέω,verb,a)\n,ἄν,particle,au)th\n,αὐτός,pronoun,sunieropoiei=n,συνιεροποιέω,verb,th=|,ὁ,article,*diokle/ous,Διοκλέης,proper,gunaiki\,γυνή,noun,kai\,καί,conjunction,kuri/an,κυρία,noun,poiei=n,ποιέω,verb,i(erw=n,ἱερά,noun,a)ll',ἀλλά,adverb,e(te/ra|,ἕτερος,adjective,a)/n,ἄν,particle,tini,τις,pronoun,peri\,περί,preposition,tou/twn,οὗτος,pronoun,e)pitre/pein,ἐπιτρέπω,verb,mh/te,μήτε,particle,tou\s,ὁ,article,fra/toras,φράτηρ,noun,ei)sde/xesqai,εἰσδέω,verb,h(ma=s,ἐγώ,pronoun,a)lla\,ἀλλά,adverb,kathgorei=n,κατηγορέω,verb,kai\,καί,conjunction,e)cele/gxein,ἐξελέγχω,verb,ei),εἰ,conjunction,mh\,μή,conjunction,pa/ntoqen,πάντοθεν,adverb,h)=n,εἰμί,verb,o(mologou/menon,ὁμολογέω,verb,th\n,ὁ,article,mhte/ra,μήτηρ,noun,h(mw=n,ἐγώ,pronoun,ei)=nai,εἰμί,verb,qugate/ra,θυγάτηρ,adjective,gnhsi/an,γνήσιος,adjective,*ki/rwnos
nu=n,de\,δέ,particle,th=|,ὁ,article,perifanei/a|,περιφάνεια,adjective,tou=,ὁ,article,pra/gmatos,πρᾶγμα,noun,kai\,καί,conjunction,tw=|,ὁ,article,suneide/nai,σύνοιδα,verb,tau=ta,οὗτος,pronoun,pollou\s,πολύς,adjective,ou)damo/qen,οὐδαμόθεν,adverb,h)mfisbhth/qh,ἀμφισβητέω,verb,toiou=ton,τοιοῦτος,adjective,ou)de/n,οὐδείς,pronoun,,,,,,,,,,,,,,,,νῦν,adverb,,,,,,,,,,,,,,,,,,,,,,,,,,,,,,,,,,,,,,,,,,,,,,,,,,,,,,,,,,,,,,,,,,,,,,,,,,,,,,,,,,,,,,,,,,,,,,,,,,,,,,,,,,,,,,,,,,,,,,,,,,,,,,,,,,,,,,,,,,,,,,,,,,,,,,,,,,,,,
kai\,tau=q',οὗτος,pronoun,w(s,ὡς,conjunction,a)lhqh=,ἀληθής,adjective,le/gw,λέγω,verb,ka/lei,καλέω,verb,tou/twn,οὗτος,pronoun,tou\s,ὁ,article,ma/rturas,μάρτυς,noun,,,,,,,,,,,,,,,,,,,,,,,,,,,,,,,,,,καί,conjunction,,,,,,,,,,,,,,,,,,,,,,,,,,,,,,,,,,,,,,,,,,,,,,,,,,,,,,,,,,,,,,,,,,,,,,,,,,,,,,,,,,,,,,,,,,,,,,,,,,,,,,,,,,,,,,,,,,,,,,,,,,,,,,,,,,,,,,,,,,,,,,,,,,,,,,,,,,,,,
e)/ti,toi/nun,τοίνυν,particle,w)=,ὦ,interjection,a)/ndres,ἀνήρ,noun,kai\,καί,conjunction,e)c,ἐκ,preposition,w(=n,ὅς,pronoun,o(,ὁ,article,*dioklh=s,Διοκλέης,proper,e)/pracen,πράσσω,verb,o(/te,ὅτε,conjunction,h(mw=n,ἐγώ,pronoun,o(,ὁ,article,pa/ppos,πάππος,noun,e)teleu/thse,τελευτάω,verb,gnw=nai,γιγνώσκω,verb,r(a/|dion,ῥαίδιον,noun,o(/ti,ὅστις,pronoun,w(mologou/meqa,ὁμολογέω,verb,ei)=nai,εἰμί,verb,ἔτι,adverb,qugatridoi=,θυγατριδοῦς,noun,*ki/rwnos,,,,,,,,,,,,,,,,,,,,,,,,,,,,,,,,,,,,,,,,,,,,,,,,,,,,,,,,,,,,,,,,,,,,,,,,,,,,,,,,,,,,,,,,,,,,,,,,,,,,,,,,,,,,,,,,,,,,,,,,,,,,,,,,,,,,,,,,,,,,,,,,,,,,,,,,,
h(=kon,ga\r,γάρ,particle,e)gw\,ἐγώ,pronoun,komiou/menos,κομίζω,verb,au)to\n,αὐτός,pronoun,w(s,ὡς,conjunction,qa/ywn,θάπτω,verb,e)k,ἐκ,preposition,th=s,ὁ,article,oi)ki/as,οἰκία,noun,th=s,ὁ,article,e)mautou=,ἐμαυτοῦ,pronoun,tw=n,ὁ,article,e)mautou=,ἐμαυτοῦ,pronoun,oi)kei/wn,οἰκεῖος,adjective,tina\,τις,pronoun,e)/xwn,ἔχω,verb,a)neyio\n,ἀνεψιός,noun,tou=,ὁ,article,patro/s,πατήρ,noun,ἥκω,verb,,,,,,,,,,,,,,,,,,,,,,,,,,,,,,,,,,,,,,,,,,,,,,,,,,,,,,,,,,,,,,,,,,,,,,,,,,,,,,,,,,,,,,,,,,,,,,,,,,,,,,,,,,,,,,,,,,,,,,,,,,,,,,,,,,,,,,,,,,,,,,,,,,,,,,,,,,,,,
kai\,*diokle/a,Διοκλέης,proper,me\n,μέν,particle,ou),οὐ,adverb,kate/labon,καταλαμβάνω,verb,e)/ndon,ἔνδον,adverb,ei)selqw\n,εἰσέρχομαι,verb,de\,δέ,particle,ei)/sw,εἴσω,adverb,komi/zein,κομίζω,verb,oi(=os,οἷος,adjective,h)=n,εἰμί,verb,e)/xwn,ἔχω,verb,tou\s,ὁ,article,oi)/sontas,φέρω,verb,,,,,,,,,,,,,,,,καί,conjunction,,,,,,,,,,,,,,,,,,,,,,,,,,,,,,,,,,,,,,,,,,,,,,,,,,,,,,,,,,,,,,,,,,,,,,,,,,,,,,,,,,,,,,,,,,,,,,,,,,,,,,,,,,,,,,,,,,,,,,,,,,,,,,,,,,,,,,,,,,,,,,,,,,,,,,,,,,,,,
deome/nhs,de\,δέ,particle,th=s,ὁ,article,tou=,ὁ,article,pa/ppou,πάππας,noun,gunaiko\s,γυνή,noun,e)k,ἐκ,preposition,th=s,ὁ,article,oi)ki/as,οἰκία,noun,au)to\n,αὐτός,pronoun,e)kei/nhs,ἐκεῖνος,pronoun,qa/ptein,θάπτω,verb,kai\,καί,conjunction,legou/shs,λέγω,verb,o(/ti,ὅστις,pronoun,bou/loit',βούλομαι,verb,a)\n,ἄν,particle,au)th\,αὐτός,pronoun,to\,ὁ,article,sw=ma,σῶμα,adjective,δέομαι,verb,to\,ὁ,article,e)kei/nou,ἐκεῖνος,pronoun,summetaxeiri/zesqai,συμμεταχειρίζομαι,verb,meq',μετά,preposition,h(mw=n,ἐγώ,pronoun,kai\,καί,conjunction,kosmh=sai,κοσμέω,verb,kai\,καί,conjunction,tau=ta,οὗτος,pronoun,i(keteuou/shs,ἱκετεύω,verb,kai\,καί,conjunction,klaiou/shs,κλαίω,verb,e)pei/sqhn,ἐφέζομαι,verb,w)=,ὦ,interjection,a)/ndres,ἀνήρ,noun,kai\,καί,conjunction,tou/tw|,οὗτος,pronoun,proselqw\n,προσέρχομαι,verb,martu/rwn,μάρτυρος,noun,e)nanti/on,ἐναντίος,adjective,ei)=pon,εἶπον,verb,o(/ti,ὅστις,pronoun,e)nteu=qen,ἐντεῦθεν,adverb,poih/somai,ποιέω,verb,th\n,ὁ,article,tafh/n,ταφή,noun,,,,,,,,,,,,,,,,,,,,,,,,,,,,,,,,,,,,,,,,,,,,,,,,,,,,,,,,,,,,,,,,,,,,,,,,,,,,,,,
dedehme/nh,ga\r,γάρ,particle,ei)/h,ἀίω,verb,tau=ta,οὗτος,pronoun,poiei=n,ποιέω,verb,h(,ὁ,article,tou/tou,οὗτος,pronoun,a)delfh/,ἀδελφή,noun,,,,,,,,,,,,,,,,,,,,,,,,,,,,,,,,,,,,,δέω,verb,,,,,,,,,,,,,,,,,,,,,,,,,,,,,,,,,,,,,,,,,,,,,,,,,,,,,,,,,,,,,,,,,,,,,,,,,,,,,,,,,,,,,,,,,,,,,,,,,,,,,,,,,,,,,,,,,,,,,,,,,,,,,,,,,,,,,,,,,,,,,,,,,,,,,,,,,,,,,
kai\,tau=ta,οὗτος,pronoun,*dioklh=s,Διοκλέης,proper,a)kou/sas,ἀκέω,verb,ou)de\n,οὐδείς,pronoun,a)ntei=pen,ἀντεῖπον,verb,a)lla\,ἀλλά,adverb,kai\,καί,conjunction,e)wnh=sqai/,ὠνέομαι,verb,ti,τις,pronoun,tw=n,ὁ,article,ei)s,εἰς,preposition,th\n,ὁ,article,tafh/n,ταφή,noun,tw=n,ὁ,article,de\,δέ,particle,a)rrabw=na,ἀρραβών,noun,dedwke/nai,δίδωμι,verb,au)to\s,αὐτός,pronoun,fa/skwn,φάσκω,verb,καί,conjunction,tau=ta,οὗτος,pronoun,h)ci/ou,ἀξιόω,verb,par',παρά,preposition,e)mou=,ἐγώ,pronoun,labei=n,λαμβάνω,verb,kai\,καί,conjunction,diwmologh/sato,διομολογέω,verb,tw=n,ὁ,article,me\n,μέν,particle,h)gorasme/nwn,ἀγοράζω,verb,timh\n,τιμή,noun,a)polabei=n,ἀπολαμβάνω,verb,w(=n,ὅς,pronoun,de\,δέ,particle,a)rrabw=na,ἀρραβών,noun,e)/faske,φάσκω,verb,dedwke/nai,δίδωμι,verb,susth=sai,συνίστημι,verb,tou\s,ὁ,article,labo/ntas,λαμβάνω,verb,,,,,,,,,,,,,,,,,,,,,,,,,,,,,,,,,,,,,,,,,,,,,,,,,,,,,,,,,,,,,,,,,,,,,,,,,,,,,,,,,,,,,,,,,,,,,,,,,
eu)qu\s,ou)=n,οὖν,particle,tou=to,οὗτος,pronoun,parefqe/ggeto,παραφθέγγομαι,verb,w(s,ὡς,conjunction,ou)d',οὐδέ,particle,o(tiou=n,ὁτιοῦν,adverb,ei)/h,ἀίω,verb,*ki/rwn,,,kataleloipw/s,καταλιμπάνω,verb,ou)de/na,οὐδείς,pronoun,lo/gon,λόγος,noun,e)mou=,ἐγώ,pronoun,pw,πω,particle,poioume/nou,ποιέω,verb,peri\,περί,preposition,tw=n,ὁ,article,e)kei/nou,ἐκεῖνος,pronoun,xrhma/twn,χρῆμα,adjective,,,,εὐθύς,adverb,,,,,,,,,,,,,,,,,,,,,,,,,,,,,,,,,,,,,,,,,,,,,,,,,,,,,,,,,,,,,,,,,,,,,,,,,,,,,,,,,,,,,,,,,,,,,,,,,,,,,,,,,,,,,,,,,,,,,,,,,,,,,,,,,,,,,,,,,,,,,,,,,,,,,,,,,,,,,
kai/toi,ei),εἰ,conjunction,mh\,μή,conjunction,h)=n,εἰμί,verb,qugatridou=s,θυγατριδοῦς,noun,*ki/rwnos,,,ou)k,οὐ,adverb,a)\n,ἄν,particle,tau=ta,οὗτος,pronoun,diwmologei=to,διομολογέω,verb,a)ll',ἀλλά,adverb,e)kei/nous,ἐκεῖνος,pronoun,a)\n,ἄν,particle,tou\s,ὁ,article,lo/gous,λόγος,noun,e)/lege,λέγω,verb,su\,σύ,pronoun,de\,δέ,particle,ti/s,τίς,pronoun,ei)=,εἶμι,verb,καίτοι,particle,,,,,,,,,,,,,,,,,,,,,,,,,,,,,,,,,,,,,,,,,,,,,,,,,,,,,,,,,,,,,,,,,,,,,,,,,,,,,,,,,,,,,,,,,,,,,,,,,,,,,,,,,,,,,,,,,,,,,,,,,,,,,,,,,,,,,,,,,,,,,,,,,,,,,,,,,,,,,
soi\,de\,δέ,particle,ti/,τίς,pronoun,prosh/kei,προσήκω,verb,qa/ptein,θάπτω,verb,,,,,,,,,,,,,,,,,,,,,,,,,,,,,,,,,,,,,,,,,,,,,,σύ,pronoun,,,,,,,,,,,,,,,,,,,,,,,,,,,,,,,,,,,,,,,,,,,,,,,,,,,,,,,,,,,,,,,,,,,,,,,,,,,,,,,,,,,,,,,,,,,,,,,,,,,,,,,,,,,,,,,,,,,,,,,,,,,,,,,,,,,,,,,,,,,,,,,,,,,,,,,,,,,,,
ou),gignw/skw,γιγνώσκω,verb,se,σύ,pronoun,,,,,,,,,,,,,,,,,,,,,,,,,,,,,,,,,,,,,,,,,,,,,,,,,,,,οὐ,adverb,,,,,,,,,,,,,,,,,,,,,,,,,,,,,,,,,,,,,,,,,,,,,,,,,,,,,,,,,,,,,,,,,,,,,,,,,,,,,,,,,,,,,,,,,,,,,,,,,,,,,,,,,,,,,,,,,,,,,,,,,,,,,,,,,,,,,,,,,,,,,,,,,,,,,,,,,,,,,
ou),mh\,μή,conjunction,ei)/sei,εἴδομαι,verb,ei)s,εἰς,preposition,th\n,ὁ,article,oi)ki/an,οἰκία,noun,,,,,,,,,,,,,,,,,,,,,,,,,,,,,,,,,,,,,,,,,,,οὐ,adverb,,,,,,,,,,,,,,,,,,,,,,,,,,,,,,,,,,,,,,,,,,,,,,,,,,,,,,,,,,,,,,,,,,,,,,,,,,,,,,,,,,,,,,,,,,,,,,,,,,,,,,,,,,,,,,,,,,,,,,,,,,,,,,,,,,,,,,,,,,,,,,,,,,,,,,,,,,,,,
tau=t',ei)pei=n,εἶπον,verb,prosh=ken,προσήκω,verb,a(/,ὅς,pronoun,per,πέρ,particle,nu=n,νῦν,adverb,e(te/rous,ἕτερος,adjective,pe/peike,πείθω,verb,le/gein,λέγω,verb,,,,,,,,,,,,,,,,,,,,,,,,,,,,,,,,,,οὗτος,pronoun,,,,,,,,,,,,,,,,,,,,,,,,,,,,,,,,,,,,,,,,,,,,,,,,,,,,,,,,,,,,,,,,,,,,,,,,,,,,,,,,,,,,,,,,,,,,,,,,,,,,,,,,,,,,,,,,,,,,,,,,,,,,,,,,,,,,,,,,,,,,,,,,,,,,,,,,,,,,,
nu=n,de\,δέ,particle,toiou=ton,τοιοῦτος,adjective,me\n,μέν,particle,ou)de\n,οὐδείς,pronoun,ei)=pen,εἶπον,verb,ei)s,εἰς,preposition,e(/w,ἠώς,noun,de\,δέ,particle,ta)rgu/rion,ἀργύριον,adjective,e)ke/leuen,κελεύω,verb,ei)senegkei=n,εἰσφέρω,verb,,,,,,,,,,,,,,,,,,,,,,,,,νῦν,adverb,,,,,,,,,,,,,,,,,,,,,,,,,,,,,,,,,,,,,,,,,,,,,,,,,,,,,,,,,,,,,,,,,,,,,,,,,,,,,,,,,,,,,,,,,,,,,,,,,,,,,,,,,,,,,,,,,,,,,,,,,,,,,,,,,,,,,,,,,,,,,,,,,,,,,,,,,,,,,
kai\,tau=ta,οὗτος,pronoun,w(s,ὡς,conjunction,a)lhqh=,ἀληθής,adjective,le/gw,λέγω,verb,ka/lei,καλέω,verb,moi,ἐγώ,pronoun,tou/twn,οὗτος,pronoun,tou\s,ὁ,article,ma/rturas,μάρτυς,noun,,,,,,,,,,,,,,,,,,,,,,,,,,,,,,,καί,conjunction,,,,,,,,,,,,,,,,,,,,,,,,,,,,,,,,,,,,,,,,,,,,,,,,,,,,,,,,,,,,,,,,,,,,,,,,,,,,,,,,,,,,,,,,,,,,,,,,,,,,,,,,,,,,,,,,,,,,,,,,,,,,,,,,,,,,,,,,,,,,,,,,,,,,,,,,,,,,,
ou),toi/nun,τοίνυν,particle,e)kei=nos,ἐκεῖνος,pronoun,mo/nos,μόνος,adjective,a)ll',ἀλλά,adverb,ou)de\,οὐδέ,particle,o(,ὁ,article,nu=n,νῦν,adverb,a)mfisbhtw=n,ἀμφισβητέω,verb,tou=,ὁ,article,klh/rou,κλῆρος,adjective,toiou=ton,τοιοῦτος,adjective,ei)=pen,εἶπον,verb,ou)de/n,οὐδείς,pronoun,a)ll',ἀλλά,adverb,u(po\,ὑπό,preposition,tou/tou,οὗτος,pronoun,paraskeuasqei\s,παρασκευάζω,verb,a)mfisbhtei=,ἀμφισβητέω,verb,,,,οὐ,adverb,,,,,,,,,,,,,,,,,,,,,,,,,,,,,,,,,,,,,,,,,,,,,,,,,,,,,,,,,,,,,,,,,,,,,,,,,,,,,,,,,,,,,,,,,,,,,,,,,,,,,,,,,,,,,,,,,,,,,,,,,,,,,,,,,,,,,,,,,,,,,,,,,,,,,,,,,,,,,
ka)kei/nou,to\,ὁ,article,me\n,μέν,particle,par',παρά,preposition,e)mou=,ἐγώ,pronoun,komisqe\n,κομίζω,verb,a)rgu/rion,ἀργύριον,adjective,ou)k,οὐ,adverb,e)qelh/santos,ἐθέλω,verb,a)polabei=n,ἀπολαμβάνω,verb,para\,παρά,preposition,tou/tou,οὗτος,pronoun,d',δέ,particle,a)peilhfe/nai,ἀπολαμβάνω,verb,th=|,ὁ,article,u(sterai/a|,ὑστεραῖος,adjective,fa/skontos,φάσκω,verb,ou)k,οὐ,adverb,e)kwluo/mhn,κωλύω,verb,sunqa/ptein,συνθάπτω,verb,ἐκεῖνος,pronoun,a)lla\,ἀλλά,adverb,pa/nta,πᾶς,adjective,sunepoi/oun,συμποιέω,verb,,,,,,,,,,,,,,,,,,,,,,,,,,,,,,,,,,,,,,,,,,,,,,,,,,,,,,,,,,,,,,,,,,,,,,,,,,,,,,,,,,,,,,,,,,,,,,,,,,,,,,,,,,,,,,,,,,,,,,,,,,,,,,,,,,,,,,,,,,,,,,,,,,,,
ou)x,o(/pws,ὅπως,conjunction,tou=de,ὅδε,pronoun,a)nali/skontos,ἀναλίσκω,verb,ou)de\,οὐδέ,particle,*diokle/ous,Διοκλέης,proper,a)ll',ἀλλά,adverb,e)c,ἐκ,preposition,w(=n,ὅς,pronoun,e)kei=nos,ἐκεῖνος,pronoun,kate/lipe,καταλιμπάνω,verb,gignome/nwn,γίγνομαι,verb,tw=n,ὁ,article,ei)s,εἰς,preposition,au)to\n,αὐτός,pronoun,a)nalwma/twn,ἀνάλωμα,adjective,,,,,,,,,,,,,οὐ,adverb,,,,,,,,,,,,,,,,,,,,,,,,,,,,,,,,,,,,,,,,,,,,,,,,,,,,,,,,,,,,,,,,,,,,,,,,,,,,,,,,,,,,,,,,,,,,,,,,,,,,,,,,,,,,,,,,,,,,,,,,,,,,,,,,,,,,,,,,,,,,,,,,,,,,,,,,,,,,,
kai/toi,kai\,καί,conjunction,tou/tw|,οὗτος,pronoun,prosh=ken,προσήκω,verb,ei),εἰ,conjunction,mh\,μή,conjunction,pa/ppos,πάππος,noun,h)=n,εἰμί,verb,moi,ἐγώ,pronoun,*ki/rwn,,,w)qei=n,ὠθέω,verb,ltkai\gt,,,e)kba/llein,ἐκβάλλω,verb,kai\,καί,conjunction,kwlu/ein,κωλύω,verb,sunqa/ptein,συνθάπτω,verb,,,,,,,,,,,,,καίτοι,particle,,,,,,,,,,,,,,,,,,,,,,,,,,,,,,,,,,,,,,,,,,,,,,,,,,,,,,,,,,,,,,,,,,,,,,,,,,,,,,,,,,,,,,,,,,,,,,,,,,,,,,,,,,,,,,,,,,,,,,,,,,,,,,,,,,,,,,,,,,,,,,,,,,,,,,,,,,,,,
ou)de\n,ga\r,γάρ,particle,o(/moion,ὅμοιος,adjective,h)=n,εἰμί,verb,moi,ἐγώ,pronoun,pro\s,πρός,preposition,tou=ton,οὗτος,pronoun,,,,,,,,,,,,,,,,,,,,,,,,,,,,,,,,,,,,,,,,οὐδείς,pronoun,,,,,,,,,,,,,,,,,,,,,,,,,,,,,,,,,,,,,,,,,,,,,,,,,,,,,,,,,,,,,,,,,,,,,,,,,,,,,,,,,,,,,,,,,,,,,,,,,,,,,,,,,,,,,,,,,,,,,,,,,,,,,,,,,,,,,,,,,,,,,,,,,,,,,,,,,,,,,
e)gw\,me\n,μέν,particle,ga\r,γάρ,particle,ei)/wn,ἀίω,verb,au)to\n,αὐτός,pronoun,a)delfidou=n,ἀδελφιδέος,noun,o)/nta,εἰμί,verb,tou=,ὁ,article,pa/ppou,πάππας,noun,tau=ta,οὗτος,pronoun,pa/nta,πᾶς,adjective,sumpoiei=n,συμποιέω,verb,tou/tw|,οὗτος,pronoun,d',δέ,particle,e)/m',ἐγώ,pronoun,ou),οὐ,adverb,prosh=ken,προσήκω,verb,e)a=n,ἀίω,verb,ei)/per,εἴπερ,conjunction,a)lhqh=,ἀληθής,adjective,ἐγώ,pronoun,tau=ta,οὗτος,pronoun,h)=n,εἰμί,verb,a(/per,ὅς,pronoun,nu=n,νῦν,adverb,le/gein,λέγω,verb,tolmw=sin,τολμάω,verb,,,,,,,,,,,,,,,,,,,,,,,,,,,,,,,,,,,,,,,,,,,,,,,,,,,,,,,,,,,,,,,,,,,,,,,,,,,,,,,,,,,,,,,,,,,,,,,,,,,,,,,,,,,,,,,,,,,,,,,,,,,,,,,,,,,,,,,,,,,
a)ll',ou(/tw,οὕτως,adverb,th=|,ὁ,article,tou=,ὁ,article,pra/gmatos,πρᾶγμα,noun,a)lhqei/a|,ἀλήθεια,adjective,katepe/plhkto,καταπλήσσω,verb,w(/st',ὥστε,conjunction,ou)d',οὐδέ,particle,e)pi\,ἐπί,preposition,tou=,ὁ,article,sh/matos,σῆμα,adjective,e)mou=,ἐγώ,pronoun,poioume/nou,ποιέω,verb,lo/gous,λόγος,noun,kai\,καί,conjunction,kathgorou=ntos,κατηγορέω,verb,*diokle/ous,Διοκλέης,proper,o(/ti,ὅστις,pronoun,ta\,ὁ,article,ἀλλά,adverb,xrh/mata,χρῆμα,adjective,a)posterw=n,ἀποστερέω,verb,tou=to/n,οὗτος,pronoun,moi,ἐγώ,pronoun,pe/peiken,πείθω,verb,a)mfisbhtei=n,ἀμφισβητέω,verb,ou)k,οὐ,adverb,e)to/lmhse,τολμάω,verb,gru=cai,γρύζω,verb,to\,ὁ,article,para/pan,παράπαν,adverb,ou)de\n,οὐδείς,pronoun,ou)d',οὐδέ,particle,ei)pei=n,εἶπον,verb,a(\,ὅς,pronoun,nu=n,νῦν,adverb,tolma=|,τολμάω,verb,le/gein,λέγω,verb,,,,,,,,,,,,,,,,,,,,,,,,,,,,,,,,,,,,,,,,,,,,,,,,,,,,,,,,,,,,,,,,,,,,,,,,,,,,,,,,,,,,,,,,,,,,,,,,,,,,,,,
kai\,tau=q',οὗτος,pronoun,o(/ti,ὅστις,pronoun,a)lhqh=,ἀληθής,adjective,le/gw,λέγω,verb,ka/lei,καλέω,verb,moi,ἐγώ,pronoun,tou/twn,οὗτος,pronoun,tou\s,ὁ,article,ma/rturas,μάρτυς,noun,,,,,,,,,,,,,,,,,,,,,,,,,,,,,,,καί,conjunction,,,,,,,,,,,,,,,,,,,,,,,,,,,,,,,,,,,,,,,,,,,,,,,,,,,,,,,,,,,,,,,,,,,,,,,,,,,,,,,,,,,,,,,,,,,,,,,,,,,,,,,,,,,,,,,,,,,,,,,,,,,,,,,,,,,,,,,,,,,,,,,,,,,,,,,,,,,,,
po/qen,xrh\,χρή,verb,pisteu/esqai,πιστεύω,verb,ta\,ὁ,article,ei)rhme/na,ἐρῶ,verb,,,,,,,,,,,,,,,,,,,,,,,,,,,,,,,,,,,,,,,,,,,,,,πόθεν,adverb,,,,,,,,,,,,,,,,,,,,,,,,,,,,,,,,,,,,,,,,,,,,,,,,,,,,,,,,,,,,,,,,,,,,,,,,,,,,,,,,,,,,,,,,,,,,,,,,,,,,,,,,,,,,,,,,,,,,,,,,,,,,,,,,,,,,,,,,,,,,,,,,,,,,,,,,,,,,,
ou)k,e)k,ἐκ,preposition,tw=n,ὁ,article,marturiw=n,μαρτυρία,noun,,,,,,,,,,,,,,,,,,,,,,,,,,,,,,,,,,,,,,,,,,,,,,,,,οὐ,adverb,,,,,,,,,,,,,,,,,,,,,,,,,,,,,,,,,,,,,,,,,,,,,,,,,,,,,,,,,,,,,,,,,,,,,,,,,,,,,,,,,,,,,,,,,,,,,,,,,,,,,,,,,,,,,,,,,,,,,,,,,,,,,,,,,,,,,,,,,,,,,,,,,,,,,,,,,,,,,
oi)=mai/,ge,γε,particle,,,,,,,,,,,,,,,,,,,,,,,,,,,,,,,,,,,,,,,,,,,,,,,,,,,,,,,οἴομαι,verb,,,,,,,,,,,,,,,,,,,,,,,,,,,,,,,,,,,,,,,,,,,,,,,,,,,,,,,,,,,,,,,,,,,,,,,,,,,,,,,,,,,,,,,,,,,,,,,,,,,,,,,,,,,,,,,,,,,,,,,,,,,,,,,,,,,,,,,,,,,,,,,,,,,,,,,,,,,,,
po/qen,de\,δέ,particle,tou\s,ὁ,article,ma/rturas,μάρτυς,noun,,,,,,,,,,,,,,,,,,,,,,,,,,,,,,,,,,,,,,,,,,,,,,,,,πόθεν,adverb,,,,,,,,,,,,,,,,,,,,,,,,,,,,,,,,,,,,,,,,,,,,,,,,,,,,,,,,,,,,,,,,,,,,,,,,,,,,,,,,,,,,,,,,,,,,,,,,,,,,,,,,,,,,,,,,,,,,,,,,,,,,,,,,,,,,,,,,,,,,,,,,,,,,,,,,,,,,,
ou)k,e)k,ἐκ,preposition,tw=n,ὁ,article,basa/nwn,βάσανος,noun,,,,,,,,,,,,,,,,,,,,,,,,,,,,,,,,,,,,,,,,,,,,,,,,,οὐ,adverb,,,,,,,,,,,,,,,,,,,,,,,,,,,,,,,,,,,,,,,,,,,,,,,,,,,,,,,,,,,,,,,,,,,,,,,,,,,,,,,,,,,,,,,,,,,,,,,,,,,,,,,,,,,,,,,,,,,,,,,,,,,,,,,,,,,,,,,,,,,,,,,,,,,,,,,,,,,,,
ei)ko/s,ge,γε,particle,,,,,,,,,,,,,,,,,,,,,,,,,,,,,,,,,,,,,,,,,,,,,,,,,,,,,,,ἔοικα,verb,,,,,,,,,,,,,,,,,,,,,,,,,,,,,,,,,,,,,,,,,,,,,,,,,,,,,,,,,,,,,,,,,,,,,,,,,,,,,,,,,,,,,,,,,,,,,,,,,,,,,,,,,,,,,,,,,,,,,,,,,,,,,,,,,,,,,,,,,,,,,,,,,,,,,,,,,,,,,
po/qen,d',δέ,particle,a)pistei=n,ἀπιστέω,verb,toi=s,ὁ,article,tou/twn,οὗτος,pronoun,lo/gois,λόγος,noun,,,,,,,,,,,,,,,,,,,,,,,,,,,,,,,,,,,,,,,,,,,πόθεν,adverb,,,,,,,,,,,,,,,,,,,,,,,,,,,,,,,,,,,,,,,,,,,,,,,,,,,,,,,,,,,,,,,,,,,,,,,,,,,,,,,,,,,,,,,,,,,,,,,,,,,,,,,,,,,,,,,,,,,,,,,,,,,,,,,,,,,,,,,,,,,,,,,,,,,,,,,,,,,,,
ou)k,e)k,ἐκ,preposition,tou=,ὁ,article,feu/gein,φεύγω,verb,tou\s,ὁ,article,e)le/gxous,ἔλεγχος,noun,,,,,,,,,,,,,,,,,,,,,,,,,,,,,,,,,,,,,,,,,,,οὐ,adverb,,,,,,,,,,,,,,,,,,,,,,,,,,,,,,,,,,,,,,,,,,,,,,,,,,,,,,,,,,,,,,,,,,,,,,,,,,,,,,,,,,,,,,,,,,,,,,,,,,,,,,,,,,,,,,,,,,,,,,,,,,,,,,,,,,,,,,,,,,,,,,,,,,,,,,,,,,,,,
a)na/gkh,mega/lh,μέγας,adverb,,,,,,,,,,,,,,,,,,,,,,,,,,,,,,,,,,,,,,,,,,,,,,,,,,,,,,,ἀνάγκη,noun,,,,,,,,,,,,,,,,,,,,,,,,,,,,,,,,,,,,,,,,,,,,,,,,,,,,,,,,,,,,,,,,,,,,,,,,,,,,,,,,,,,,,,,,,,,,,,,,,,,,,,,,,,,,,,,,,,,,,,,,,,,,,,,,,,,,,,,,,,,,,,,,,,,,,,,,,,,,,
pw=s,ou)=n,οὖν,particle,a)/n,ἄν,particle,tis,τις,pronoun,safe/steron,σαφής,adverb,e)pidei/ceie,ἐπιδείκνυμι,verb,gnhsi/an,γνήσιος,adjective,ou)=san,εἰμί,verb,qugate/ra,θυγάτηρ,adjective,*ki/rwnos,,,th\n,ὁ,article,mhte/ra,μήτηρ,noun,th\n,ὁ,article,e)mh/n,ἐμός,adjective,h)\,ἠέ,conjunction,tou=ton,οὗτος,pronoun,to\n,ὁ,article,tro/pon,τρόπος,noun,e)pideiknu/s,ἐπιδείκνυμι,verb,,,,πῶς,adverb,,,,,,,,,,,,,,,,,,,,,,,,,,,,,,,,,,,,,,,,,,,,,,,,,,,,,,,,,,,,,,,,,,,,,,,,,,,,,,,,,,,,,,,,,,,,,,,,,,,,,,,,,,,,,,,,,,,,,,,,,,,,,,,,,,,,,,,,,,,,,,,,,,,,,,,,,,,,,
tw=n,me\n,μέν,particle,palaiw=n,παλαιός,adjective,a)koh\n,ἀκοή,noun,marturou/ntwn,μαρτυρέω,verb,parexo/menos,παρέχω,verb,tw=n,ὁ,article,de\,δέ,particle,e)/ti,ἔτι,adverb,zw/ntwn,ζάω,verb,tou\s,ὁ,article,ei)do/tas,οἶδα,verb,e(/kasta,ἕκαστος,adjective,tou/twn,οὗτος,pronoun,oi(\,ἕ,pronoun,sunh/|desan,σύνοιδα,verb,par',παρά,preposition,e)kei/nw|,ἐκεῖνος,pronoun,trefome/nhn,τρέφω,verb,qugate/ra,θυγάτηρ,adjective,ὁ,article,nomizome/nhn,νομίζω,verb,di\s,δίς,adverb,e)kdoqei=san,ἐκδίδωμι,verb,di\s,δίς,adverb,e)gguhqei=san,ἐγγυάω,verb,e)/ti,ἔτι,adverb,de\,δέ,particle,peri\,περί,preposition,pa/ntwn,πᾶς,adjective,tou/tous,οὗτος,pronoun,ba/sanon,βάσανος,noun,e)c,ἐκ,preposition,oi)ketw=n,οἰκέτης,noun,pefeugo/tas,φεύγω,verb,oi(\,ἕ,pronoun,tau=ta,οὗτος,pronoun,pa/nta,πᾶς,adjective,h)/|desan,οἶδα,verb,,,,,,,,,,,,,,,,,,,,,,,,,,,,,,,,,,,,,,,,,,,,,,,,,,,,,,,,,,,,,,,,,,,,,,,,,,,,,,,,,,,,,,,,,,,,,,,,,,,,,,,
e)/gwge,ma\,μά,particle,tou\s,ὁ,article,qeou\s,θεός,noun,tou\s,ὁ,article,*)olumpi/ous,Ὀλύμπιος,proper,ou)k,οὐ,adverb,a)\n,ἄν,particle,e)/xoimi,ἔχω,verb,pi/steis,πίστις,noun,mei/zous,μέγας,adverb,tou/twn,οὗτος,pronoun,ei)pei=n,εἶπον,verb,a)ll',ἀλλά,adverb,i(kana\s,ἱκανός,adjective,ei)=nai,εἰμί,verb,nomi/zw,νομίζω,verb,ta\s,ὁ,article,ei)rhme/nas,ἐρῶ,verb,,,,ἐγώ,pronoun,,,,,,,,,,,,,,,,,,,,,,,,,,,,,,,,,,,,,,,,,,,,,,,,,,,,,,,,,,,,,,,,,,,,,,,,,,,,,,,,,,,,,,,,,,,,,,,,,,,,,,,,,,,,,,,,,,,,,,,,,,,,,,,,,,,,,,,,,,,,,,,,,,,,,,,,,,,,,
fe/re,dh/,δή,particle,kai\,καί,conjunction,w(s,ὡς,conjunction,prosh/kei,προσήκω,verb,e)moi\,ἐγώ,pronoun,ma=llon,μᾶλλον,adverb,h)\,ἠέ,conjunction,tou/tw|,οὗτος,pronoun,tw=n,ὁ,article,*ki/rwnos,,,xrhma/twn,χρῆμα,adjective,nu=n,νῦν,adverb,h)/dh,ἤδη,adverb,tou=to,οὗτος,pronoun,e)pidei/cw,ἐπιδείκνυμι,verb,,,,,,,,,,,,,φέρω,verb,,,,,,,,,,,,,,,,,,,,,,,,,,,,,,,,,,,,,,,,,,,,,,,,,,,,,,,,,,,,,,,,,,,,,,,,,,,,,,,,,,,,,,,,,,,,,,,,,,,,,,,,,,,,,,,,,,,,,,,,,,,,,,,,,,,,,,,,,,,,,,,,,,,,,,,,,,,,,
kai\,nomi/zw,νομίζω,verb,me\n,μέν,particle,a(plw=s,ἁπλῶς,adverb,kai\,καί,conjunction,u(mi=n,σύ,pronoun,h)/dh,ἤδη,adverb,ei)=nai,εἰμί,verb,fanero\n,φανερός,adjective,o(/ti,ὅστις,pronoun,ou)k,οὐ,adverb,e)ggute/rw,ἐγγύς,adverb,tai=s,ὁ,article,a)gxistei/ais,ἀγχιστεία,noun,ei)si\n,εἰμί,verb,oi(,ὁ,article,met',μετά,preposition,e)kei/nou,ἐκεῖνος,pronoun,fu/ntes,φύς,verb,h)\,ἠέ,conjunction,καί,conjunction,oi(,ὁ,article,e)c,ἐκ,preposition,e)kei/nou,ἐκεῖνος,pronoun,gegono/tes,γίγνομαι,verb,pw=s,πῶς,adverb,ga/r,γάρ,particle,,,,,,,,,,,,,,,,,,,,,,,,,,,,,,,,,,,,,,,,,,,,,,,,,,,,,,,,,,,,,,,,,,,,,,,,,,,,,,,,,,,,,,,,,,,,,,,,,,,,,,,,,,,,,,,,,,,,,,,,,,,,,,,,,,,,,,,,,,,
oi(,me\n,μέν,particle,ga\r,γάρ,particle,o)noma/zontai,ὀνομάζω,verb,suggenei=s,συγγενεύς,noun,oi(,ἕ,pronoun,d',δέ,particle,e)/kgonoi,κίκω,verb,tou=,ὁ,article,teleuth/santos),τελευτάω,verb,ou),οὐ,adverb,mh\n,μήν,particle,a)ll',ἀλλά,adverb,e)peidh\,ἐπεί,conjunction,kai\,καί,conjunction,ou(/tws,οὕτως,adverb,e)xo/ntwn,ἔχω,verb,tolmw=sin,τολμάω,verb,a)mfisbhtei=n,ἀμφισβητέω,verb,kai\,καί,conjunction,ὁ,article,e)c,ἐκ,preposition,au)tw=n,αὐτός,pronoun,tw=n,ὁ,article,no/mwn,νόμος,noun,a)kribe/steron,ἀκριβής,adjective,dida/comen,διδάσκω,verb,,,,,,,,,,,,,,,,,,,,,,,,,,,,,,,,,,,,,,,,,,,,,,,,,,,,,,,,,,,,,,,,,,,,,,,,,,,,,,,,,,,,,,,,,,,,,,,,,,,,,,,,,,,,,,,,,,,,,,,,,,,,,,,,,,,,,,,,,,,
ei),ga\r,γάρ,particle,e)/zh,ζάω,verb,me\n,μέν,particle,h(,ὁ,article,e)mh\,ἐμός,adjective,mh/thr,μήτηρ,noun,quga/thr,θυγάτηρ,adjective,de\,δέ,particle,*ki/rwnos,,,mhde\n,μηδείς,pronoun,de\,δέ,particle,e)kei=nos,ἐκεῖνος,pronoun,diaqe/menos,διατίθημι,verb,e)teleu/thsen,τελευτάω,verb,h)=n,εἰμί,verb,de\,δέ,particle,a)delfo\s,ἀδελφός,adjective,ou(=tos,οὗτος,pronoun,au)tw=|,αὐτός,pronoun,εἰ,conjunction,mh\,μή,conjunction,a)delfidou=s,ἀδελφιδέος,noun,sunoikh=sai,συνοικέω,verb,me\n,μέν,particle,a)\n,ἄν,particle,th=|,ὁ,article,gunaiki\,γυνή,noun,ku/rios,κῦρος,noun,h)=n,εἰμί,verb,tw=n,ὁ,article,de\,δέ,particle,xrhma/twn,χρῆμα,adjective,ou)k,οὐ,adverb,a)/n,ἄν,particle,a)ll',ἀλλά,adverb,oi(,ἕ,pronoun,geno/menoi,γίγνομαι,verb,pai=des,παῖς,adjective,e)k,ἐκ,preposition,tou/tou,οὗτος,pronoun,kai\,καί,conjunction,e)c,ἐκ,preposition,e)kei/nhs,ἐκεῖνος,pronoun,o(po/te,ὁπότε,adverb,e)pi\,ἐπί,preposition,diete\s,διετής,adjective,h(/bhsan,ἅπτω,verb,,,,,,,,,,,,,,,,,,,,,,,,,,,,,,,,,,,,,,,,,,,,,,,,,,,,,,,,,,,,,,,,,,,,,,,,,,,,
ou(/tw,ga\r,γάρ,particle,oi(,ὁ,article,no/moi,νόμος,noun,keleu/ousin,κελεύω,verb,,,,,,,,,,,,,,,,,,,,,,,,,,,,,,,,,,,,,,,,,,,,,,οὕτως,adverb,,,,,,,,,,,,,,,,,,,,,,,,,,,,,,,,,,,,,,,,,,,,,,,,,,,,,,,,,,,,,,,,,,,,,,,,,,,,,,,,,,,,,,,,,,,,,,,,,,,,,,,,,,,,,,,,,,,,,,,,,,,,,,,,,,,,,,,,,,,,,,,,,,,,,,,,,,,,,
ei),toi/nun,τοίνυν,particle,kai\,καί,conjunction,zw/shs,ζάω,verb,ku/rios,κῦρος,noun,au)to\s,αὐτός,pronoun,mh\,μή,conjunction,e)ge/neto,γίγνομαι,verb,tw=n,ὁ,article,th=s,ὁ,article,gunaiko/s,γυνή,noun,a)ll',ἀλλά,adverb,oi(,ὁ,article,pai=des,παῖς,adjective,dh=lon,δῆλος,adjective,o(/ti,ὅστις,pronoun,kai\,καί,conjunction,teteleuthkui/as,τελευτάω,verb,e)pei\,ἐπεί,conjunction,pai=das,παῖς,adjective,εἰ,conjunction,h(ma=s,ἐγώ,pronoun,katale/loipen,καταλιμπάνω,verb,ou),οὐ,adverb,tou/tois,οὗτος,pronoun,a)ll',ἀλλά,adverb,h(mi=n,ἐγώ,pronoun,prosh/kei,προσήκω,verb,klhronomei=n,κληρονομέω,verb,tw=n,ὁ,article,xrhma/twn,χρῆμα,adjective,,,,,,,,,,,,,,,,,,,,,,,,,,,,,,,,,,,,,,,,,,,,,,,,,,,,,,,,,,,,,,,,,,,,,,,,,,,,,,,,,,,,,,,,,,,,,,,,,,,,,,,,,,,,,,,,,,,,,,,,,,,,,,,
ou),toi/nun,τοίνυν,particle,e)k,ἐκ,preposition,tou/tou,οὗτος,pronoun,mo/non,μόνος,adjective,a)lla\,ἀλλά,adverb,kai\,καί,conjunction,e)k,ἐκ,preposition,tou=,ὁ,article,peri\,περί,preposition,th=s,ὁ,article,kakw/sews,κάκωσις,noun,no/mou,νόμος,noun,dh=lo/n,δῆλος,adjective,e)stin,εἰμί,verb,,,,,,,,,,,,,,,,οὐ,adverb,,,,,,,,,,,,,,,,,,,,,,,,,,,,,,,,,,,,,,,,,,,,,,,,,,,,,,,,,,,,,,,,,,,,,,,,,,,,,,,,,,,,,,,,,,,,,,,,,,,,,,,,,,,,,,,,,,,,,,,,,,,,,,,,,,,,,,,,,,,,,,,,,,,,,,,,,,,,,
ei),ga\r,γάρ,particle,e)/zh,ζάω,verb,me\n,μέν,particle,o(,ὁ,article,pa/ppos,πάππος,noun,e)ndeh\s,ἐνδεής,adjective,de\,δέ,particle,h)=n,εἰμί,verb,tw=n,ὁ,article,e)pithdei/wn,ἐπιτήδειος,adjective,ou)k,οὐ,adverb,a)\n,ἄν,particle,ou(=tos,οὗτος,pronoun,u(po/dikos,ὑπόδικος,adjective,h)=n,εἰμί,verb,th=s,ὁ,article,kakw/sews,κάκωσις,noun,a)ll',ἀλλά,adverb,h(mei=s,ἐγώ,pronoun,εἰ,conjunction,,,,,,,,,,,,,,,,,,,,,,,,,,,,,,,,,,,,,,,,,,,,,,,,,,,,,,,,,,,,,,,,,,,,,,,,,,,,,,,,,,,,,,,,,,,,,,,,,,,,,,,,,,,,,,,,,,,,,,,,,,,,,,,,,,,,,,,,,,,,,,,,,,,,,,,,,,,,,
keleu/ei,ga\r,γάρ,particle,tre/fein,τρέφω,verb,tou\s,ὁ,article,gone/as,γονεύς,noun,,,,,,,,,,,,,,,,,,,,,,,,,,,,,,,,,,,,,,,,,,,,,,κελεύω,verb,,,,,,,,,,,,,,,,,,,,,,,,,,,,,,,,,,,,,,,,,,,,,,,,,,,,,,,,,,,,,,,,,,,,,,,,,,,,,,,,,,,,,,,,,,,,,,,,,,,,,,,,,,,,,,,,,,,,,,,,,,,,,,,,,,,,,,,,,,,,,,,,,,,,,,,,,,,,,
gonei=s,d',δέ,particle,ei)si\,εἰμί,verb,mh/thr,μήτηρ,noun,kai\,καί,conjunction,path\r,πατήρ,noun,kai\,καί,conjunction,pa/ppos,πάππος,noun,kai\,καί,conjunction,th/qh,τήθη,noun,kai\,καί,conjunction,tou/twn,οὗτος,pronoun,mh/thr,μήτηρ,noun,kai\,καί,conjunction,path/r,πατήρ,noun,e)a\n,ἐάν,conjunction,e)/ti,ἔτι,adverb,zw=sin,ζάω,verb,,,,,,,γονεύς,noun,,,,,,,,,,,,,,,,,,,,,,,,,,,,,,,,,,,,,,,,,,,,,,,,,,,,,,,,,,,,,,,,,,,,,,,,,,,,,,,,,,,,,,,,,,,,,,,,,,,,,,,,,,,,,,,,,,,,,,,,,,,,,,,,,,,,,,,,,,,,,,,,,,,,,,,,,,,,,
e)kei=noi,ga\r,γάρ,particle,a)rxh\,ἀρχή,noun,tou=,ὁ,article,ge/nous,γένος,noun,ei)si/,εἰμί,verb,kai\,καί,conjunction,ta\,ὁ,article,e)kei/nwn,ἐκεῖνος,pronoun,paradi/dotai,παραδίδωμι,verb,toi=s,ὁ,article,e)kgo/nois,κίκω,verb,dio/per,διόπερ,conjunction,a)na/gkh,ἀνάγκη,noun,tre/fein,τρέφω,verb,au)tou/s,αὐτός,pronoun,e)sti,εἰμί,verb,ka)\n,κἀν,conjunction,mhde\n,μηδείς,pronoun,katali/pwsi,καταλιμπάνω,verb,ἐκεῖνος,pronoun,,,,,,,,,,,,,,,,,,,,,,,,,,,,,,,,,,,,,,,,,,,,,,,,,,,,,,,,,,,,,,,,,,,,,,,,,,,,,,,,,,,,,,,,,,,,,,,,,,,,,,,,,,,,,,,,,,,,,,,,,,,,,,,,,,,,,,,,,,,,,,,,,,,,,,,,,,,,,
pw=s,ou)=n,οὖν,particle,di/kaio/n,δίκαιος,adjective,e)stin,εἰμί,verb,e)a\n,ἐάν,conjunction,me\n,μέν,particle,mhde\n,μηδείς,pronoun,katali/pwsin,καταλιμπάνω,verb,h(ma=s,ἐγώ,pronoun,u(podi/kous,ὑπόδικος,adjective,ei)=nai,εἰμί,verb,th=s,ὁ,article,kakw/sews,κάκωσις,noun,h)\n,ἐάν,conjunction,mh\,μή,conjunction,tre/fwmen,τρέφω,verb,ei),εἰ,conjunction,de/,δέ,particle,ti,τις,pronoun,kataleloi/pasi,καταλιμπάνω,verb,πῶς,adverb,to/nd',ὅδε,pronoun,ei)=nai,εἰμί,verb,klhrono/mon,κληρονόμος,noun,a)lla\,ἀλλά,adverb,mh\,μή,conjunction,h(ma=s,ἐγώ,pronoun,,,,,,,,,,,,,,,,,,,,,,,,,,,,,,,,,,,,,,,,,,,,,,,,,,,,,,,,,,,,,,,,,,,,,,,,,,,,,,,,,,,,,,,,,,,,,,,,,,,,,,,,,,,,,,,,,,,,,,,,,,,,,,,,,,,,,,,,,,,
ou)damw=s,dh/pouqen,δήπουθεν,particle,,,,,,,,,,,,,,,,,,,,,,,,,,,,,,,,,,,,,,,,,,,,,,,,,,,,,,,οὐδαμός,adverb,,,,,,,,,,,,,,,,,,,,,,,,,,,,,,,,,,,,,,,,,,,,,,,,,,,,,,,,,,,,,,,,,,,,,,,,,,,,,,,,,,,,,,,,,,,,,,,,,,,,,,,,,,,,,,,,,,,,,,,,,,,,,,,,,,,,,,,,,,,,,,,,,,,,,,,,,,,,,
pro\s,e(/na,ἕνος,adjective,de\,δέ,particle,to\n,ὁ,article,prw=ton,πρότερος,adjective,tw=n,ὁ,article,suggenw=n,συγγενής,adverb,prosa/cw,προσάγω,verb,kai\,καί,conjunction,tou=,ὁ,article,ge/nous,γένος,noun,kaq',κατά,preposition,e(/kaston,ἕκαστος,adjective,u(ma=s,σύ,pronoun,e)rwth/sw,ἐρωτάω,verb,,,,,,,,,,,,,,,,πρός,preposition,,,,,,,,,,,,,,,,,,,,,,,,,,,,,,,,,,,,,,,,,,,,,,,,,,,,,,,,,,,,,,,,,,,,,,,,,,,,,,,,,,,,,,,,,,,,,,,,,,,,,,,,,,,,,,,,,,,,,,,,,,,,,,,,,,,,,,,,,,,,,,,,,,,,,,,,,,,,,
r(a=|sta,ga\r,γάρ,particle,ou(/tw,οὕτως,adverb,ma/qoit',μανθάνω,verb,a)/n,ἄν,particle,,,,,,,,,,,,,,,,,,,,,,,,,,,,,,,,,,,,,,,,,,,,,,ῥᾴδιος,adjective,,,,,,,,,,,,,,,,,,,,,,,,,,,,,,,,,,,,,,,,,,,,,,,,,,,,,,,,,,,,,,,,,,,,,,,,,,,,,,,,,,,,,,,,,,,,,,,,,,,,,,,,,,,,,,,,,,,,,,,,,,,,,,,,,,,,,,,,,,,,,,,,,,,,,,,,,,,,,
*ki/rwnos,po/teron,πότερος,adjective,quga/thr,θυγάτηρ,adjective,h)\,ἠέ,conjunction,a)delfo\s,ἀδελφός,adjective,e)ggute/rw,ἐγγύτερος,adjective,tou=,ὁ,article,ge/nous,γένος,noun,e)sti/,εἰμί,verb,,,,,,,,,,,,,,,,,,,,,,,,,,,,,,,,,,,,,,,,,,,,,,,,,,,,,,,,,,,,,,,,,,,,,,,,,,,,,,,,,,,,,,,,,,,,,,,,,,,,,,,,,,,,,,,,,,,,,,,,,,,,,,,,,,,,,,,,,,,,,,,,,,,,,,,,,,,,,,,,,,,,,,,,,,,,,,,,,,,,,,,,,,,,,,,,
dh=lon,ga\r,γάρ,particle,o(/ti,ὅστις,pronoun,quga/thr,θυγάτηρ,adjective,,,,,,,,,,,,,,,,,,,,,,,,,,,,,,,,,,,,,,,,,,,,,,,,,δῆλος,adjective,,,,,,,,,,,,,,,,,,,,,,,,,,,,,,,,,,,,,,,,,,,,,,,,,,,,,,,,,,,,,,,,,,,,,,,,,,,,,,,,,,,,,,,,,,,,,,,,,,,,,,,,,,,,,,,,,,,,,,,,,,,,,,,,,,,,,,,,,,,,,,,,,,,,,,,,,,,,,
h(,me\n,μέν,particle,ga\r,γάρ,particle,e)c,ἐκ,preposition,e)kei/nou,ἐκεῖνος,pronoun,ge/gonen,γίγνομαι,verb,o(,ὁ,article,de\,δέ,particle,met',μετά,preposition,e)kei/nou,ἐκεῖνος,pronoun,,,,,,,,,,,,,,,,,,,,,,,,,,,,,,,ὁ,article,,,,,,,,,,,,,,,,,,,,,,,,,,,,,,,,,,,,,,,,,,,,,,,,,,,,,,,,,,,,,,,,,,,,,,,,,,,,,,,,,,,,,,,,,,,,,,,,,,,,,,,,,,,,,,,,,,,,,,,,,,,,,,,,,,,,,,,,,,,,,,,,,,,,,,,,,,,,,
qugatro\s,de\,δέ,particle,pai=des,παῖς,adjective,h)\,ἠέ,conjunction,a)delfo/s,ἀδελφός,adjective,,,,,,,,,,,,,,,,,,,,,,,,,,,,,,,,,,,,,,,,,,,,,,θυγάτηρ,adjective,,,,,,,,,,,,,,,,,,,,,,,,,,,,,,,,,,,,,,,,,,,,,,,,,,,,,,,,,,,,,,,,,,,,,,,,,,,,,,,,,,,,,,,,,,,,,,,,,,,,,,,,,,,,,,,,,,,,,,,,,,,,,,,,,,,,,,,,,,,,,,,,,,,,,,,,,,,,,
pai=des,dh/pouqen,δήπουθεν,particle,,,,,,,,,,,,,,,,,,,,,,,,,,,,,,,,,,,,,,,,,,,,,,,,,,,,,,,παῖς,adjective,,,,,,,,,,,,,,,,,,,,,,,,,,,,,,,,,,,,,,,,,,,,,,,,,,,,,,,,,,,,,,,,,,,,,,,,,,,,,,,,,,,,,,,,,,,,,,,,,,,,,,,,,,,,,,,,,,,,,,,,,,,,,,,,,,,,,,,,,,,,,,,,,,,,,,,,,,,,,
ge/nos,ga\r,γάρ,particle,a)ll',ἀλλά,adverb,ou)xi\,οὐ,adverb,sugge/neia,συγγένεια,noun,tou=t',οὗτος,pronoun,e)sti/n,εἰμί,verb,,,,,,,,,,,,,,,,,,,,,,,,,,,,,,,,,,,,,,,,γένος,noun,,,,,,,,,,,,,,,,,,,,,,,,,,,,,,,,,,,,,,,,,,,,,,,,,,,,,,,,,,,,,,,,,,,,,,,,,,,,,,,,,,,,,,,,,,,,,,,,,,,,,,,,,,,,,,,,,,,,,,,,,,,,,,,,,,,,,,,,,,,,,,,,,,,,,,,,,,,,,
ei),dh\,δή,particle,proe/xomen,προέχω,verb,a)delfou=,ἀδελφός,adjective,tosou=ton,τοσοῦτος,adjective,h)=,ἦ,adverb,pou,πού,adverb,tou=de/,ὅδε,pronoun,g',γε,particle,o)/ntos,εἰμί,verb,a)delfidou=,ἀδελφιδέος,noun,pa/mpolu,παμπολύς,adjective,pro/teroi/,πρότερος,adjective,e)smen,εἰμί,verb,,,,,,,,,,,,,,,,,,,εἰ,conjunction,,,,,,,,,,,,,,,,,,,,,,,,,,,,,,,,,,,,,,,,,,,,,,,,,,,,,,,,,,,,,,,,,,,,,,,,,,,,,,,,,,,,,,,,,,,,,,,,,,,,,,,,,,,,,,,,,,,,,,,,,,,,,,,,,,,,,,,,,,,,,,,,,,,,,,,,,,,,,
de/doika,de\,δέ,particle,mh\,μή,conjunction,li/an,λίαν,adverb,o(mologou/mena,ὁμολογέω,verb,le/gwn,λέγω,verb,e)noxlei=n,ἐνοχλέω,verb,u(mi=n,σύ,pronoun,do/cw,δοξόω,verb,,,,,,,,,,,,,,,,,,,,,,,,,,,,,,,,,,δείδω,verb,,,,,,,,,,,,,,,,,,,,,,,,,,,,,,,,,,,,,,,,,,,,,,,,,,,,,,,,,,,,,,,,,,,,,,,,,,,,,,,,,,,,,,,,,,,,,,,,,,,,,,,,,,,,,,,,,,,,,,,,,,,,,,,,,,,,,,,,,,,,,,,,,,,,,,,,,,,,,
pa/ntes,ga\r,γάρ,particle,u(mei=s,σύ,pronoun,tw=n,ὁ,article,patrw/|wn,πατρῷος,adjective,tw=n,ὁ,article,pappw/|wn,παππῷος,adjective,tw=n,ὁ,article,e)/ti,ἔτι,adverb,peraite/rw,περαίτερος,adjective,klhronomei=te,κληρονομέω,verb,e)k,ἐκ,preposition,ge/nous,γένος,noun,pareilhfo/tes,παραλαμβάνω,verb,th\n,ὁ,article,a)gxistei/an,ἀγχιστεία,noun,a)nepi/dikon,ἀνεπίδικος,adjective,kai\,καί,conjunction,ou)k,οὐ,adverb,oi)=d',οἶδα,verb,πᾶς,adjective,ei)/,εἰ,conjunction,tini,τις,pronoun,pro\,πρό,preposition,tou=,ὁ,article,pw/pote,πώποτε,adverb,toiou=tos,τοιοῦτος,adjective,a)gw\n,ἀγών,noun,sumbe/bhken,συμβαίνω,verb,,,,,,,,,,,,,,,,,,,,,,,,,,,,,,,,,,,,,,,,,,,,,,,,,,,,,,,,,,,,,,,,,,,,,,,,,,,,,,,,,,,,,,,,,,,,,,,,,,,,,,,,,,,,,,,,,,,,,,,,,,,,,,,,,,,,,
a)nagnou\s,ou)=n,οὖν,particle,to\n,ὁ,article,th=s,ὁ,article,kakw/sews,κάκωσις,noun,no/mon,νόμος,noun,w(=n,ὅς,pronoun,e(/neka,ἕνεκα,preposition,pa/nta,πᾶς,adjective,gi/gnetai,γίγνομαι,verb,kai\,καί,conjunction,tau=t',οὗτος,pronoun,h)/dh,ἤδη,adverb,peira/somai,πειράω,verb,dida/skein,διδάσκω,verb,,,,,,,,,,,,,,,,ἀναγιγνώσκω,verb,,,,,,,,,,,,,,,,,,,,,,,,,,,,,,,,,,,,,,,,,,,,,,,,,,,,,,,,,,,,,,,,,,,,,,,,,,,,,,,,,,,,,,,,,,,,,,,,,,,,,,,,,,,,,,,,,,,,,,,,,,,,,,,,,,,,,,,,,,,,,,,,,,,,,,,,,,,,,
*ki/rwn,ga\r,γάρ,particle,e)ke/kthto,κτάομαι,verb,ou)si/an,οὐσία,adjective,w)=,ὦ,interjection,a)/ndres,ἀνήρ,noun,a)gro\n,ἀγρός,noun,me\n,μέν,particle,*fluh=si,φλύος,noun,kai\,καί,conjunction,tala/ntou,τάλαντον,noun,r(a|di/ws,ῥᾴδιος,adjective,a)/cion,ἄξιος,adjective,oi)ki/as,οἰκία,noun,d',δέ,particle,e)n,ἐν,preposition,a)/stei,ἄστυ,noun,du/o,δύο,adjective,th\n,ὁ,article,me\n,μέν,particle,,,mi/an,εἷς,adjective,misqoforou=san,μισθοφορέω,verb,para\,παρά,preposition,to\,ὁ,article,e)n,ἐν,preposition,*li/mnais,Λίμναι,proper,*dionu/sion,Διονύσιον,proper,disxili/as,δισχίλιοι,adjective,eu(ri/skousan,εὑρίσκω,verb,th\n,ὁ,article,d',δέ,particle,e(te/ran,ἕτερος,adjective,e)n,ἐν,preposition,h(=|,ὅς,pronoun,au)to\s,αὐτός,pronoun,w)/|kei,ὀίζω,verb,triw=n,τρεῖς,noun,kai\,καί,conjunction,de/ka,δέκα,verb,mnw=n,μνᾶ,noun,,,,,,,,,,,,,,,,,,,,,,,,,,,,,,,,,,,,,,,,,,,,,,,,,,,,,,,,,,,,,,,,,,,,,,,,,,,,,,,,,,,,,,,,,,,,,,,,,
e)/ti,de\,δέ,particle,a)ndra/poda,ἀνδράποδον,noun,misqoforou=nta,μισθοφορέω,verb,kai\,καί,conjunction,du/o,δύο,adjective,qerapai/nas,θεράπαινα,adjective,kai\,καί,conjunction,paidi/skhn,παιδίσκη,noun,kai\,καί,conjunction,e)/pipla,ἔπιπλα,noun,di',διά,preposition,w(=n,ὅς,pronoun,w)/|kei,ὀίζω,verb,th\n,ὁ,article,oi)ki/an,οἰκία,noun,sxedo\n,σχεδόν,adverb,su\n,σύν,preposition,toi=s,ὁ,article,a)ndrapo/dois,ἀνδράποδον,noun,ἔτι,adverb,a)/cia,ἄξιος,adjective,triw=n,τρεῖς,noun,kai\,καί,conjunction,de/ka,δέκα,verb,mnw=n,μνᾶ,noun,,,,,,,,,,,,,,,,,,,,,,,,,,,,,,,,,,,,,,,,,,,,,,,,,,,,,,,,,,,,,,,,,,,,,,,,,,,,,,,,,,,,,,,,,,,,,,,,,,,,,,,,,,,,,,,,,,,,,,,,,,,,,,,,,,,,,,,,,,,,,,
su/mpanta,de\,δέ,particle,o(/sa,ὅσος,adjective,fanera\,φανερός,adjective,h)=n,εἰμί,verb,ple/on,πλέος,adjective,h)\,ἠέ,conjunction,e)nenh/konta,ἐνενήκοντα,verb,mnw=n,μνᾶ,noun,,,,,,,,,,,,,,,,,,,,,,,,,,,,,,,,,,σύμπας,adjective,,,,,,,,,,,,,,,,,,,,,,,,,,,,,,,,,,,,,,,,,,,,,,,,,,,,,,,,,,,,,,,,,,,,,,,,,,,,,,,,,,,,,,,,,,,,,,,,,,,,,,,,,,,,,,,,,,,,,,,,,,,,,,,,,,,,,,,,,,,,,,,,,,,,,,,,,,,,,
xwri\s,de\,δέ,particle,tou/twn,οὗτος,pronoun,danei/smata,δάνεισμα,noun,ou)k,οὐ,adverb,o)li/ga,ὀλίγος,adjective,a)f',ἀπό,preposition,w(=n,ὅς,pronoun,e)kei=nos,ἐκεῖνος,pronoun,to/kous,τόκος,noun,e)la/mbane,λαμβάνω,verb,,,,,,,,,,,,,,,,,,,,,,,,,,,,χωρίς,adverb,,,,,,,,,,,,,,,,,,,,,,,,,,,,,,,,,,,,,,,,,,,,,,,,,,,,,,,,,,,,,,,,,,,,,,,,,,,,,,,,,,,,,,,,,,,,,,,,,,,,,,,,,,,,,,,,,,,,,,,,,,,,,,,,,,,,,,,,,,,,,,,,,,,,,,,,,,,,,
tou/tois,*dioklh=s,Διοκλέης,proper,meta\,μετά,preposition,th=s,ὁ,article,a)delfh=s,ἀδελφή,noun,pa/lai,πάλαι,adverb,e)pebou/leuen,ἐπιβουλεύω,verb,e)peidh\,ἐπεί,conjunction,ta/xista,τάχιστος,adjective,oi(,ὁ,article,pai=des,παῖς,adjective,oi(,ὁ,article,*ki/rwnos,,,e)teleu/thsan,τελευτάω,verb,,,,,,,,,,,,,,,,,,,οὗτος,pronoun,,,,,,,,,,,,,,,,,,,,,,,,,,,,,,,,,,,,,,,,,,,,,,,,,,,,,,,,,,,,,,,,,,,,,,,,,,,,,,,,,,,,,,,,,,,,,,,,,,,,,,,,,,,,,,,,,,,,,,,,,,,,,,,,,,,,,,,,,,,,,,,,,,,,,,,,,,,,,
e)kei/nhn,me\n,μέν,particle,ga\r,γάρ,particle,ou)k,οὐ,adverb,e)cedi/dou,ἐκδίδωμι,verb,duname/nhn,δύναμαι,verb,e)/ti,ἔτι,adverb,tekei=n,τίκτω,verb,pai=das,παῖς,adjective,e)c,ἐκ,preposition,e(te/rou,ἕτερος,adjective,a)ndro/s,ἀνήρ,noun,i(/na,ἵνα,conjunction,mh\,μή,conjunction,xwrisqei/shs,χωρίζω,verb,peri\,περί,preposition,tw=n,ὁ,article,au(tou=,ἑαυτοῦ,pronoun,bouleu/saito,βουλεύω,verb,kaqa/per,καθά,adverb,ἐκεῖνος,pronoun,prosh=ken,προσήκω,verb,e)/peiqe,πείθω,verb,de\,δέ,particle,me/nein,μένω,verb,fa/skousan,φάσκω,verb,e)c,ἐκ,preposition,au)tou=,αὐτός,pronoun,kuei=n,κυέω,verb,oi)/esqai,οἴομαι,verb,prospoioume/nhn,προσποιέω,verb,de\,δέ,particle,diafqei/rein,διαφθείρω,verb,a)/kousan,ἀκούω,verb,i(/n',ἵνα,conjunction,e)lpi/zwn,ἐλπίζω,verb,a)ei\,ἀεί,adverb,genh/sesqai,γίγνομαι,verb,pai=das,παῖς,adjective,au(tw=|,ἑαυτοῦ,pronoun,mhde/teron,μηδέτερος,adjective,h(mw=n,ἐγώ,pronoun,ei)spoih/saito,εἰσποιέω,verb,u(o/n,υἱός,noun,,,,,,,,,,,,,,,,,,,,,,,,,,,,,,,,,,,,,,,,,,,,,,,,,,,,,,,,,,,,,,,,,,,,,,,,,,,,,,,,,,,,,,,,
kai\,to\n,ὁ,article,pate/ra,πατήρ,noun,die/ballen,διαβάλλω,verb,a)ei/,ἀεί,adverb,fa/skwn,φάσκω,verb,au)to\n,αὐτός,pronoun,e)pibouleu/ein,ἐπιβουλεύω,verb,toi=s,ὁ,article,e)kei/nou,ἐκεῖνος,pronoun,,,,,,,,,,,,,,,,,,,,,,,,,,,,,,,καί,conjunction,,,,,,,,,,,,,,,,,,,,,,,,,,,,,,,,,,,,,,,,,,,,,,,,,,,,,,,,,,,,,,,,,,,,,,,,,,,,,,,,,,,,,,,,,,,,,,,,,,,,,,,,,,,,,,,,,,,,,,,,,,,,,,,,,,,,,,,,,,,,,,,,,,,,,,,,,,,,,
ta/,te,τε,particle,ou)=n,οὖν,particle,xre/a,χρέος,noun,pa/nta,πᾶς,adjective,o(/sa,ὅσος,adjective,w)fei/leto,ὀφείλω,verb,au)tw=|,αὐτός,pronoun,kai\,καί,conjunction,lttou\sgt,,,to/kous,τόκος,noun,e)/peiqe,πείθω,verb,ltpra/casqaigt,,,ta/,τίς,pronoun,te,τε,particle,fanera\,φανερός,adjective,di',διά,preposition,au(tou=,ἑαυτοῦ,pronoun,poiei=sqai,ποιέω,verb,para/gwn,παράγω,verb,τίς,pronoun,a)/ndra,ἀνήρ,noun,presbu/teron,πρέσβυς,noun,qerapei/ais,θεραπεία,noun,kai\,καί,conjunction,kolakei/ais,κολακεία,noun,e(/ws,ἕως,conjunction,a(/panta,ἅπας,adjective,ta\,ὁ,article,e)kei/nou,ἐκεῖνος,pronoun,perie/laben,περιλάω,verb,,,,,,,,,,,,,,,,,,,,,,,,,,,,,,,,,,,,,,,,,,,,,,,,,,,,,,,,,,,,,,,,,,,,,,,,,,,,,,,,,,,,,,,,,,,,,,,,,,,,,,,,,,,,,,,,,,,,,,,,,,,,,,,
ei)dw\s,de\,δέ,particle,o(/ti,ὅστις,pronoun,pa/ntwn,πᾶς,adjective,e)gw\,ἐγώ,pronoun,tou/twn,οὗτος,pronoun,kata\,κατά,preposition,to\,ὁ,article,prosh=kon,προσήκω,verb,ei)=nai,εἰμί,verb,ku/rios,κῦρος,noun,zhth/sw,ζητέω,verb,o(po/te,ὁπότε,adverb,o(,ὁ,article,pa/ppos,πάππος,noun,teleuth/seien,τελευτάω,verb,ei)sie/nai,εἴσειμι,verb,me/n,μέν,particle,me,ἐγώ,pronoun,kai\,καί,conjunction,οἶδα,verb,qerapeu/ein,θεραπεύω,verb,e)kei=non,ἐκεῖνος,pronoun,kai\,καί,conjunction,sundiatri/bein,συνδιατρίβω,verb,ou)k,οὐ,adverb,e)kw/lue,κωλύω,verb,dediw\s,δείδω,verb,mh\,μή,conjunction,traxunqei\s,τραχύνω,verb,ei)s,εἰς,preposition,o)rgh\n,ὀργή,noun,katastai/h,καθίστημι,verb,pro\s,πρός,preposition,au(to/n,ἑαυτοῦ,pronoun,pareskeu/aze,παρασκευάζω,verb,de/,δέ,particle,moi,ἐγώ,pronoun,to\n,ὁ,article,a)mfisbhth/sonta,ἀμφισβητέω,verb,th=s,ὁ,article,ou)si/as,οὐσία,adjective,me/ros,μέρος,noun,pollosto\n,πολλοστός,adjective,tou/tw|,οὗτος,pronoun,metadidou\s,μεταδίδωμι,verb,ei),εἰ,conjunction,katorqw/seien,κατορθόω,verb,au(tw=|,ἑαυτοῦ,pronoun,de\,δέ,particle,tau=ta,οὗτος,pronoun,pa/nta,πᾶς,adjective,peripoiw=n,περιποιέω,verb,kai\,καί,conjunction,ou)de\,οὐδέ,particle,pro\s,πρός,preposition,tou=ton,οὗτος,pronoun,o(mologw=n,ὁμολογέω,verb,to\n,ὁ,article,pa/ppon,πάππος,noun,xrh/mata,χρῆμα,adjective,katalei/pein,καταλιμπάνω,verb,a)ll',ἀλλά,adverb,ei)=nai,εἰμί,verb,fa/skwn,φάσκω,verb,ou)de/n,οὐδείς,pronoun,,,,,,,,,,,,,,,,,,,,,,
kai\,e)peidh\,ἐπεί,conjunction,ta/xista,τάχιστος,adjective,e)teleu/thsen,τελευτάω,verb,e)nta/fia,ἐντάφιος,adjective,proparaskeuasa/menos,προπαρασκευάζω,verb,to\,ὁ,article,me\n,μέν,particle,a)rgu/rion,ἀργύριον,adjective,e)me\,ἐγώ,pronoun,e)ke/leuen,κελεύω,verb,e)negkei=n,φέρω,verb,w(s,ὡς,conjunction,tw=n,ὁ,article,martu/rwn,μάρτυρος,noun,h)kou/sate,ἀκούω,verb,marturhsa/ntwn,μαρτυρέω,verb,a)peilhfe/nai,ἀπολαμβάνω,verb,de\,δέ,particle,para\,παρά,preposition,καί,conjunction,tou=de,ὅδε,pronoun,prosepoiei=to,προσποιέω,verb,par',παρά,preposition,e)mou=,ἐγώ,pronoun,de\,δέ,particle,ou)ke/ti,οὐκέτι,adverb,h)/qelen,ἐθέλω,verb,a)polabei=n,ἀπολαμβάνω,verb,u(poparwqw=n,ὑποπαρωθέω,verb,o(/pws,ὅπως,conjunction,e)kei=nos,ἐκεῖνος,pronoun,dokoi/h,δοκέω,verb,qa/ptein,θάπτω,verb,a)lla\,ἀλλά,adverb,mh\,μή,conjunction,e)gw\,ἐγώ,pronoun,to\n,ὁ,article,pa/ppon,πάππος,noun,,,,,,,,,,,,,,,,,,,,,,,,,,,,,,,,,,,,,,,,,,,,,,,,,,,,,,,,,,,,,,,,,,,,,,,,,,,,,,,,,,,,,,,,,,,,,,,,,,,,,,,
a)mfisbhtou=ntos,de\,δέ,particle,tou/tou,οὗτος,pronoun,kai\,καί,conjunction,th=s,ὁ,article,oi)ki/as,οἰκία,noun,tau/ths,οὗτος,pronoun,kai\,καί,conjunction,tw=n,ὁ,article,a)/llwn,ἄλλος,adjective,w(=n,ὅς,pronoun,e)kei=nos,ἐκεῖνος,pronoun,kate/lipe,καταλιμπάνω,verb,kai\,καί,conjunction,ou)de\n,οὐδείς,pronoun,fa/skontos,φάσκω,verb,kataleloipe/nai,καταλιμπάνω,verb,bia/sasqai,βιάω,verb,me\n,μέν,particle,kai\,καί,conjunction,ἀμφισβητέω,verb,to\n,ὁ,article,pa/ppon,πάππος,noun,metafe/rein,μεταφέρω,verb,e)n,ἐν,preposition,tai=s,ὁ,article,toiau/tais,τοιοῦτος,adjective,a)kairi/ais,ἀκαιρία,noun,ou)k,οὐ,adverb,w)/|mhn,οἴομαι,verb,dei=n,δέω,verb,tw=n,ὁ,article,fi/lwn,φίλος,adjective,moi,ἐγώ,pronoun,tau=ta,οὗτος,pronoun,suggignwsko/ntwn,συγγιγνώσκω,verb,sunepoi/oun,συμποιέω,verb,de\,δέ,particle,kai\,καί,conjunction,sune/qapton,συνθάπτω,verb,e)c,ἐκ,preposition,w(=n,ὅς,pronoun,o(,ὁ,article,pa/ppos,πάππος,noun,kate/lipe,καταλιμπάνω,verb,tw=n,ὁ,article,a)nalwma/twn,ἀνάλωμα,adjective,gignome/nwn,γίγνομαι,verb,,,,,,,,,,,,,,,,,,,,,,,,,,,,,,,,,,,,,,,,,,,,,,,,,,,,,,,,,,,,,,,,,,,,,,,,,,,,
kai\,tau=ta,οὗτος,pronoun,me\n,μέν,particle,ou(/tws,οὕτως,adverb,a)nagkasqei\s,ἀναγκάζω,verb,e)/praca,πράσσω,verb,tou=ton,οὗτος,pronoun,to\n,ὁ,article,tro/pon,τρόπος,noun,,,,,,,,,,,,,,,,,,,,,,,,,,,,,,,,,,καί,conjunction,,,,,,,,,,,,,,,,,,,,,,,,,,,,,,,,,,,,,,,,,,,,,,,,,,,,,,,,,,,,,,,,,,,,,,,,,,,,,,,,,,,,,,,,,,,,,,,,,,,,,,,,,,,,,,,,,,,,,,,,,,,,,,,,,,,,,,,,,,,,,,,,,,,,,,,,,,,,,
o(/pws,de\,δέ,particle,mhde/n,μηδείς,pronoun,mou,ἐγώ,pronoun,tau/th|,ταύτῃ,adverb,pleonektoi=en,πλεονεκτέω,verb,par',παρά,preposition,u(mi=n,σύ,pronoun,fa/skontes,φάσκω,verb,ou)de/n,οὐδείς,pronoun,me,ἐγώ,pronoun,ei)s,εἰς,preposition,th\n,ὁ,article,tafh\n,ταφή,noun,a)nhlwke/nai,ἀναλίσκω,verb,to\n,ὁ,article,e)chghth\n,ἐξηγητής,noun,e)ro/menos,ἔρομαι,verb,e)kei/nou,ἐκεῖνος,pronoun,keleu/santos,κελεύω,verb,ὅπως,conjunction,a)nh/lwsa,ἀναλίσκω,verb,par',παρά,preposition,e)mautou=,ἐμαυτοῦ,pronoun,kai\,καί,conjunction,ta\,ὁ,article,e)/nata,ἔνατος,adjective,e)ph/negka,ἐπιφέρω,verb,w(s,ὡς,conjunction,oi(=o/n,οἷος,adjective,te,τε,particle,ka/llista,κάλλιστα,adverb,paraskeua/sas,παρασκευάζω,verb,i(/na,ἵνα,conjunction,au)tw=n,αὐτός,pronoun,e)kko/yaimi,ἐκκόπτω,verb,tau/thn,οὗτος,pronoun,th\n,ὁ,article,i(erosuli/an,ἱεροσυλία,noun,kai\,καί,conjunction,i(/na,ἵνα,conjunction,mh\,μή,conjunction,dokoi=en,δοκέω,verb,ou(=toi,οὗτος,pronoun,me\n,μέν,particle,a)nhlwke/nai,ἀναλίσκω,verb,pa/nta,πᾶς,adjective,e)gw\,ἐγώ,pronoun,de\,δέ,particle,mhde/n,μηδείς,pronoun,a)ll',ἀλλά,adverb,o(moi/ws,ὅμοιος,adjective,ka)gw/,ἐγώ,pronoun,,,,,,,,,,,,,,,,,,,,,,,,,,,,,,,,,,,,,,,,,,,,,,,,,,,,,,,,,,,,,
kai\,ta\,ὁ,article,me\n,μέν,particle,gegenhme/na,γίγνομαι,verb,kai\,καί,conjunction,di',διά,preposition,a(\,ὅς,pronoun,ta\,ὁ,article,pra/gmata,πρᾶγμα,noun,tau=t',οὗτος,pronoun,e)/xomen,ἔχω,verb,sxedo/n,σχεδόν,adverb,ti,τις,pronoun,tau=t',οὗτος,pronoun,e)sti/n,εἰμί,verb,w)=,ὦ,interjection,a)/ndres,ἀνήρ,noun,,,,,,,,,,καί,conjunction,,,,,,,,,,,,,,,,,,,,,,,,,,,,,,,,,,,,,,,,,,,,,,,,,,,,,,,,,,,,,,,,,,,,,,,,,,,,,,,,,,,,,,,,,,,,,,,,,,,,,,,,,,,,,,,,,,,,,,,,,,,,,,,,,,,,,,,,,,,,,,,,,,,,,,,,,,,,,
ei),de\,δέ,particle,ei)dei/hte,οἶδα,verb,th\n,ὁ,article,*diokle/ous,Διοκλέης,proper,a)naisxunti/an,ἀναισχυντία,noun,kai\,καί,conjunction,peri\,περί,preposition,ta\,ὁ,article,a)/lla,ἄλλος,adjective,oi(=o/s,οἷος,adjective,e)stin,εἰμί,verb,ou)k,οὐ,adverb,a)\n,ἄν,particle,a)pisth/saite,ἀπιστέω,verb,tw=n,ὁ,article,ei)rhme/nwn,ἐρῶ,verb,ou)deni/,οὐδείς,pronoun,,,,,,,εἰ,conjunction,,,,,,,,,,,,,,,,,,,,,,,,,,,,,,,,,,,,,,,,,,,,,,,,,,,,,,,,,,,,,,,,,,,,,,,,,,,,,,,,,,,,,,,,,,,,,,,,,,,,,,,,,,,,,,,,,,,,,,,,,,,,,,,,,,,,,,,,,,,,,,,,,,,,,,,,,,,,,
ou(=tos,me\n,μέν,particle,ga\r,γάρ,particle,e)/xei,ἔχω,verb,th\n,ὁ,article,ou)si/an,οὐσία,adjective,a)f',ἀπό,preposition,h(=s,ὅς,pronoun,nu=n,νῦν,adverb,e)sti,εἰμί,verb,lampro/s,λαμπρός,adjective,a)llotri/an,ἀλλότριος,adjective,a)delfw=n,ἀδελφή,noun,triw=n,τρεῖς,noun,o(momhtri/wn,ὁμομήτριος,adjective,e)piklh/rwn,ἐπίκληρος,adjective,kataleifqeisw=n,καταλιμπάνω,verb,au(to\n,ἑαυτοῦ,pronoun,tw=|,ὁ,article,patri\,πατήρ,noun,οὗτος,pronoun,au)tw=n,αὐτός,pronoun,ei)spoih/sas,εἰσποιέω,verb,ou)demi/an,οὐδείς,pronoun,e)kei/nou,ἐκεῖνος,pronoun,peri\,περί,preposition,tou/twn,οὗτος,pronoun,poihsame/nou,ποιέω,verb,diaqh/khn,διαθήκη,noun,,,,,,,,,,,,,,,,,,,,,,,,,,,,,,,,,,,,,,,,,,,,,,,,,,,,,,,,,,,,,,,,,,,,,,,,,,,,,,,,,,,,,,,,,,,,,,,,,,,,,,,,,,,,,,,,,,,,,,,,,,,,,,,,,,,,,
toi=n,d',δέ,particle,a)delfai=n,ἀδελφή,noun,toi=n,ὁ,article,duoi=n,δύο,adjective,e)peidh\,ἐπεί,conjunction,ta\,ὁ,article,xrh/mata,χρῆμα,adjective,ei)sepra/tteto,εἰσπράσσω,verb,u(po\,ὑπό,preposition,tw=n,ὁ,article,e)kei/nais,ἐκεῖνος,pronoun,sunoikou/ntwn,συνοικέω,verb,to\n,ὁ,article,me\n,μέν,particle,th\n,ὁ,article,presbute/ran,πρέσβυς,noun,e)/xonta,ἔχω,verb,katoikodomh/sas,κατοικοδομέω,verb,kai\,καί,conjunction,ὁ,article,e)pibouleu/sas,ἐπιβουλεύω,verb,h)ti/mwse,ἀτιμόω,verb,kai\,καί,conjunction,grafh\n,γραφή,noun,u(/brews,ὕβρις,noun,grafei\s,γράφω,verb,ou)de/pw,οὐδέπω,adverb,tou/twn,οὗτος,pronoun,di/khn,δίκη,adjective,de/dwke,δίδωμι,verb,th=s,ὁ,article,de\,δέ,particle,met',μετά,preposition,e)kei/nhn,ἐκεῖνος,pronoun,genome/nhs,γίγνομαι,verb,to\n,ὁ,article,a)/ndra,ἀνήρ,noun,a)poktei=nai,ἀποκτείνω,verb,keleu/sas,κέλλω,verb,oi)ke/thn,οἰκέτης,noun,e)kei=non,ἐκεῖνος,pronoun,me\n,μέν,particle,e)ce/pemye,ἐκπέμπω,verb,th\n,ὁ,article,d',δέ,particle,ai)ti/an,αἰτία,noun,ei)s,εἰς,preposition,th\n,ὁ,article,a)delfh\n,ἀδελφή,noun,e)/treye,τρέπω,verb,kataplh/cas,καταπλήσσω,verb,de\,δέ,particle,tai=s,ὁ,article,au(tou=,ἑαυτοῦ,pronoun,bdeluri/ais,βδελυρία,noun,prosafh/|rhtai,προσαφαιρέομαι,verb,to\n,ὁ,article,u(o\n,υἱός,noun,au)th=s,αὐτός,pronoun,th\n,ὁ,article,ou)si/an,οὐσία,adjective,e)pitropeu/sas,ἐπιτροπέω,verb,kai\,καί,conjunction,kate/xei,καταχέω,verb,to\n,ὁ,article,a)gro/n,ἀγρός,noun,felle/a,φελλεύς,noun,xwri/a,χωρίον,noun,,,,,,,,,,,,,
,,,,,,,,,,,,,,,,,,,,,,,,,,,,,,,,,,,,,,,,,,,,,,,,,,,,,,,,,,,,,,,,,,,,,,,,,,,,,,,,,,,,,,,,,,,,,,,,,,,,,,,,,,,,,,,,,,,,,,,,,,,,,,,,,,,,,,,,,,,,,,,,,,,,,,,,,,,,,,,,,,,,,,,,,,,,,,,,,,,,,,,,,,,,,,,,,,,,,,,,,,,,,,,,,,,,,,,,
de\,e)kei/nw|,ἐκεῖνος,pronoun,de/dwke,δίδωμι,verb,,,,,,,,,,,,,,,,,,,,,,,,,,,,,,,,,,,,,,,,,,,,,,,,,,,,δέ,particle,,,,,,,,,,,,,,,,,,,,,,,,,,,,,,,,,,,,,,,,,,,,,,,,,,,,,,,,,,,,,,,,,,,,,,,,,,,,,,,,,,,,,,,,,,,,,,,,,,,,,,,,,,,,,,,,,,,,,,,,,,,,,,,,,,,,,,,,,,,,,,,,,,,,,,,,,,,,,
kai\,tau=ta,οὗτος,pronoun,o(/ti,ὅστις,pronoun,a)lhqh=,ἀληθής,adjective,le/gw,λέγω,verb,dedi/asi,δείδω,verb,me\n,μέν,particle,au)to/n,αὐτός,pronoun,i)/sws,ἴσως,adverb,d',δέ,particle,a)/n,ἄν,particle,moi,ἐγώ,pronoun,kai\,καί,conjunction,marturh=sai,μαρτυρέω,verb,e)qelh/seian,ἐθέλω,verb,,,,,,,,,,,,,,,,καί,conjunction,,,,,,,,,,,,,,,,,,,,,,,,,,,,,,,,,,,,,,,,,,,,,,,,,,,,,,,,,,,,,,,,,,,,,,,,,,,,,,,,,,,,,,,,,,,,,,,,,,,,,,,,,,,,,,,,,,,,,,,,,,,,,,,,,,,,,,,,,,,,,,,,,,,,,,,,,,,,,
ei),de\,δέ,particle,mh/,μή,conjunction,tou\s,ὁ,article,ei)do/tas,οἶδα,verb,pare/comai,παρέχω,verb,ma/rturas,μάρτυς,noun,,,,,,,,,,,,,,,,,,,,,,,,,,,,,,,,,,,,,,,,εἰ,conjunction,,,,,,,,,,,,,,,,,,,,,,,,,,,,,,,,,,,,,,,,,,,,,,,,,,,,,,,,,,,,,,,,,,,,,,,,,,,,,,,,,,,,,,,,,,,,,,,,,,,,,,,,,,,,,,,,,,,,,,,,,,,,,,,,,,,,,,,,,,,,,,,,,,,,,,,,,,,,,
kai/,moi,ἐγώ,pronoun,ka/lei,καλέω,verb,deu=ro,δεῦρο,adverb,au)tou\s,αὐτός,pronoun,prw=ton,πρότερος,adjective,,,,,,,,,,,,,,,,,,,,,,,,,,,,,,,,,,,,,,,,,,,καί,conjunction,,,,,,,,,,,,,,,,,,,,,,,,,,,,,,,,,,,,,,,,,,,,,,,,,,,,,,,,,,,,,,,,,,,,,,,,,,,,,,,,,,,,,,,,,,,,,,,,,,,,,,,,,,,,,,,,,,,,,,,,,,,,,,,,,,,,,,,,,,,,,,,,,,,,,,,,,,,,,
ou(/tw,toi/nun,τοίνυν,particle,a)selgh\s,ἀσελγής,adverb,w)\n,εἰμί,verb,kai\,καί,conjunction,bi/aios,βίαιος,adjective,kai\,καί,conjunction,th\n,ὁ,article,tw=n,ὁ,article,a)delfw=n,ἀδελφή,noun,ou)si/an,οὐσία,adjective,a)pesterhkw\s,ἀποστερέω,verb,ou)k,οὐ,adverb,a)gapa=|,ἀγαπάω,verb,ta\,ὁ,article,e)kei/nwn,ἐκεῖνος,pronoun,e)/xwn,ἔχω,verb,a)ll',ἀλλά,adverb,o(/ti,ὅστις,pronoun,di/khn,δίκη,adjective,οὕτως,adverb,ou)demi/an,οὐδείς,pronoun,au)tw=n,αὐτός,pronoun,de/dwken,δίδωμι,verb,h(/kei,ἥκω,verb,kai\,καί,conjunction,ta\,ὁ,article,tou=,ὁ,article,pa/ppou,πάππας,noun,xrh/mata,χρῆμα,adjective,h(ma=s,ἐγώ,pronoun,a)posterh/swn,ἀποστερέω,verb,kai\,καί,conjunction,tou/tw|,οὗτος,pronoun,du/o,δύο,adjective,mna=s,μνᾶ,noun,w(s,ὡς,conjunction,a)kou/omen),ἀκούω,verb,mo/nas,μόνος,adjective,dedwkw\s,δίδωμι,verb,ou),οὐ,adverb,mo/non,μόνος,adjective,peri\,περί,preposition,xrhma/twn,χρῆμα,adjective,h(ma=s,ἐγώ,pronoun,a)lla\,ἀλλά,adverb,kai\,καί,conjunction,peri\,περί,preposition,th=s,ὁ,article,patri/dos,πατρίς,adjective,ei)s,εἰς,preposition,kindu/nous,κίνδυνος,noun,kaqi/sthsin,καθίστημι,verb,,,,,,,,,,,,,,,,,,,,,,,,,,,,,,,,,,,,,,,,,,,,,,,,,,,,,,,,,,,,,
e)a\n,ga\r,γάρ,particle,e)capathqh=te,ἐξαπατάω,verb,u(mei=s,σύ,pronoun,peisqe/ntes,πείθω,verb,w(s,ὡς,conjunction,h(,ὁ,article,mh/thr,μήτηρ,noun,h(mw=n,ἐγώ,pronoun,ou)k,οὐ,adverb,h)=n,εἰμί,verb,poli=tis,πολῖτις,noun,ou)d',οὐδέ,particle,h(mei=s,ἐγώ,pronoun,e)smen,εἰμί,verb,,,,,,,,,,,,,,,,ἐάν,conjunction,,,,,,,,,,,,,,,,,,,,,,,,,,,,,,,,,,,,,,,,,,,,,,,,,,,,,,,,,,,,,,,,,,,,,,,,,,,,,,,,,,,,,,,,,,,,,,,,,,,,,,,,,,,,,,,,,,,,,,,,,,,,,,,,,,,,,,,,,,,,,,,,,,,,,,,,,,,,,
met',*eu)klei/dhn,Εὐκλείδης,proper,ga\r,γάρ,particle,a)/rxonta,ἄρχων,noun,gego/namen,γίγνομαι,verb,,,,,,,,,,,,,,,,,,,,,,,,,,,,,,,,,,,,,,,,,,,,,,μετά,preposition,,,,,,,,,,,,,,,,,,,,,,,,,,,,,,,,,,,,,,,,,,,,,,,,,,,,,,,,,,,,,,,,,,,,,,,,,,,,,,,,,,,,,,,,,,,,,,,,,,,,,,,,,,,,,,,,,,,,,,,,,,,,,,,,,,,,,,,,,,,,,,,,,,,,,,,,,,,,,
a)=ra,peri\,περί,preposition,mikrw=n,μικρός,adjective,tinw=n,τις,pronoun,h(mi=n,ἐγώ,pronoun,to\n,ὁ,article,a)gw=na,ἀγών,noun,kateskeu/ake,κατασκευάζω,verb,,,,,,,,,,,,,,,,,,,,,,,,,,,,,,,,,,,,,ἆρα,particle,,,,,,,,,,,,,,,,,,,,,,,,,,,,,,,,,,,,,,,,,,,,,,,,,,,,,,,,,,,,,,,,,,,,,,,,,,,,,,,,,,,,,,,,,,,,,,,,,,,,,,,,,,,,,,,,,,,,,,,,,,,,,,,,,,,,,,,,,,,,,,,,,,,,,,,,,,,,,
kai\,zw=ntos,ζάω,verb,me\n,μέν,particle,tou=,ὁ,article,pa/ppou,πάππας,noun,kai\,καί,conjunction,tou=,ὁ,article,patro\s,πατήρ,noun,ou)demi/an,οὐδείς,pronoun,ai)ti/an,αἰτία,noun,ei)/xomen,ἔχω,verb,a)ll',ἀλλά,adverb,a)namfisbh/thtoi,ἀναμφισβήτητος,adjective,to\n,ὁ,article,a(/panta,ἅπας,adjective,xro/non,χρόνος,noun,dietele/samen,διατελέω,verb,,,,,,,,,,καί,conjunction,,,,,,,,,,,,,,,,,,,,,,,,,,,,,,,,,,,,,,,,,,,,,,,,,,,,,,,,,,,,,,,,,,,,,,,,,,,,,,,,,,,,,,,,,,,,,,,,,,,,,,,,,,,,,,,,,,,,,,,,,,,,,,,,,,,,,,,,,,,,,,,,,,,,,,,,,,,,,
e)peidh\,d',δέ,particle,e)kei=noi,ἐκεῖνος,pronoun,teteleuth/kasi,τελευτάω,verb,ka)\n,κἀν,conjunction,nu=n,νῦν,adverb,nikh/swmen,νικάω,verb,o)/neidos,ὄνειδος,noun,e(/comen,ἔχω,verb,dio/ti,διότι,conjunction,h)mfisbhth/qhmen,,,dia\,διά,preposition,to\n,ὁ,article,*)ore/sthn,Ὀρέστης,proper,tou=ton,οὗτος,pronoun,to\n,ὁ,article,kakw=s,κακός,adjective,a)polou/menon,ἀπόλλυμι,verb,o(\s,ὅς,pronoun,moixo\s,μοιχός,noun,ἐπεί,conjunction,lhfqei\s,λαμβάνω,verb,kai\,καί,conjunction,paqw\n,πάσχω,verb,o(/,ὅς,pronoun,ti,τις,pronoun,prosh/kei,προσήκω,verb,tou\s,ὁ,article,ta\,ὁ,article,toiau=ta,τοιοῦτος,adjective,poiou=ntas,ποιέω,verb,ou)d',οὐδέ,particle,w(\s,ὅς,pronoun,a)palla/ttetai,ἀπαλλάσσω,verb,tou=,ὁ,article,pra/gmatos,πρᾶγμα,noun,w(s,ὡς,conjunction,oi(,ἕ,pronoun,suneido/tes,σύνοιδα,verb,katamarturou=si,καταμαρτυρέω,verb,,,,,,,,,,,,,,,,,,,,,,,,,,,,,,,,,,,,,,,,,,,,,,,,,,,,,,,,,,,,,,,,,,,,,,,,,,,,,,,,,,,,,,,,,,,,,,,,,,,,
tou=ton,me\n,μέν,particle,ou)=n,οὖν,particle,oi(=o/s,οἷος,adjective,e)sti,εἰμί,verb,kai\,καί,conjunction,nu=n,νῦν,adverb,a)kou/ete,ἀκούω,verb,kai\,καί,conjunction,au)=qis,αὖθις,adverb,a)kribe/steron,ἀκριβής,adjective,peu/sesqe,πυνθάνομαι,verb,o(/tan,ὅταν,conjunction,kat',κατά,preposition,au)tou=,αὐτός,pronoun,th\n,ὁ,article,di/khn,δίκη,adjective,h(mei=s,ἐγώ,pronoun,ei)si/wmen,εἴσειμι,verb,,,,οὗτος,pronoun,,,,,,,,,,,,,,,,,,,,,,,,,,,,,,,,,,,,,,,,,,,,,,,,,,,,,,,,,,,,,,,,,,,,,,,,,,,,,,,,,,,,,,,,,,,,,,,,,,,,,,,,,,,,,,,,,,,,,,,,,,,,,,,,,,,,,,,,,,,,,,,,,,,,,,,,,,,,,
u(mw=n,d',δέ,particle,e)gw\,ἐγώ,pronoun,de/omai,δέομαι,verb,kai\,καί,conjunction,i(keteu/w,ἱκετεύω,verb,mh/,μή,conjunction,me,ἐγώ,pronoun,perii/dhte,περεῖδον,verb,peri\,περί,preposition,tou/twn,οὗτος,pronoun,u(brisqe/nta,ὑβρίζω,verb,tw=n,ὁ,article,xrhma/twn,χρῆμα,adjective,w(=n,ὅς,pronoun,o(,ὁ,article,pa/ppos,πάππος,noun,kate/lipe,καταλιμπάνω,verb,mhd',μηδέ,particle,a)posterhqe/nta,ἀποστερέω,verb,σύ,pronoun,a)lla\,ἀλλά,adverb,bohqh/sate,βοηθέω,verb,kaq',κατά,preposition,o(/son,ὅσος,adjective,u(mw=n,σύ,pronoun,e(/kastos,ἕκαστος,adjective,tugxa/nei,τυγχάνω,verb,duna/menos,δύναμαι,verb,,,,,,,,,,,,,,,,,,,,,,,,,,,,,,,,,,,,,,,,,,,,,,,,,,,,,,,,,,,,,,,,,,,,,,,,,,,,,,,,,,,,,,,,,,,,,,,,,,,,,,,,,,,,,,,,,,,,,,,,,,,,,,,,,,,,,
e)/xete,de\,δέ,particle,pi/steis,πίστις,noun,i(kana\s,ἱκανός,adjective,e)k,ἐκ,preposition,marturiw=n,μαρτυρία,noun,e)k,ἐκ,preposition,basa/nwn,βάσανος,noun,e)c,ἐκ,preposition,au)tw=n,αὐτός,pronoun,tw=n,ὁ,article,no/mwn,νόμος,noun,o(/ti,ὅστις,pronoun,t',τε,particle,e)sme\n,εἰμί,verb,lte)kgt,,,qugatro\s,θυγάτηρ,adjective,gnhsi/as,γνήσιος,adjective,*ki/rwnos,,,kai\,καί,conjunction,ἔχω,verb,o(/ti,ὅστις,pronoun,prosh/kei,προσήκω,verb,h(mi=n,ἐγώ,pronoun,ma=llon,μᾶλλον,adverb,h)\,ἠέ,conjunction,tou/tois,οὗτος,pronoun,klhronomei=n,κληρονομέω,verb,tw=n,ὁ,article,e)kei/nou,ἐκεῖνος,pronoun,xrhma/twn,χρῆμα,adjective,e)kgo/nois,κίκω,verb,ou)=si,εἰμί,verb,tou=,ὁ,article,pa/ppou,πάππας,noun,,,,,,,,,,,,,,,,,,,,,,,,,,,,,,,,,,,,,,,,,,,,,,,,,,,,,,,,,,,,,,,,,,,,,,,,,,,,,,,,,,,,,,,,,,,,,,,,,,,,,,,,,,,,,,,,,,,
mnhsqe/ntes,ou)=n,οὖν,particle,kai\,καί,conjunction,tw=n,ὁ,article,o(/rkwn,ὅρκος,noun,ou(\s,ὅς,pronoun,o)mo/santes,ὄμνυμι,verb,dika/zete,δικάζω,verb,kai\,καί,conjunction,tw=n,ὁ,article,lo/gwn,λόγος,noun,ou(\s,ὅς,pronoun,ei)rh/kamen,ἐρῶ,verb,kai\,καί,conjunction,tw=n,ὁ,article,no/mwn,νόμος,noun,h(=|,ὅς,pronoun,di/kaio/n,δίκαιος,adjective,e)sti,εἰμί,verb,tau/th|,οὗτος,pronoun,μιμνήσκω,verb,th\n,ὁ,article,yh=fon,ψῆφος,noun,ti/qesqe,τίθημι,verb,,,,,,,,,,,,,,,,,,,,,,,,,,,,,,,,,,,,,,,,,,,,,,,,,,,,,,,,,,,,,,,,,,,,,,,,,,,,,,,,,,,,,,,,,,,,,,,,,,,,,,,,,,,,,,,,,,,,,,,,,,,,,,,,,,,,,,,,,,,,,,,,,,,,
ou)k,oi)=d',οἶδα,verb,o(/,ὅς,pronoun,ti,τις,pronoun,dei=,δέομαι,verb,plei/w,πλέως,adjective,le/gein,λέγω,verb,,,,,,,,,,,,,,,,,,,,,,,,,,,,,,,,,,,,,,,,οὐ,adverb,,,,,,,,,,,,,,,,,,,,,,,,,,,,,,,,,,,,,,,,,,,,,,,,,,,,,,,,,,,,,,,,,,,,,,,,,,,,,,,,,,,,,,,,,,,,,,,,,,,,,,,,,,,,,,,,,,,,,,,,,,,,,,,,,,,,,,,,,,,,,,,,,,,,,,,,,,,,,
oi)=mai,ga\r,γάρ,particle,u(ma=s,σύ,pronoun,ou)de\n,οὐδείς,pronoun,a)gnoei=n,ἀγνοέω,verb,tw=n,ὁ,article,ei)rhme/nwn,ἐρῶ,verb,,,,,,,,,,,,,,,,,,,,,,,,,,,,,,,,,,,,,,,,οἴομαι,verb,,,,,,,,,,,,,,,,,,,,,,,,,,,,,,,,,,,,,,,,,,,,,,,,,,,,,,,,,,,,,,,,,,,,,,,,,,,,,,,,,,,,,,,,,,,,,,,,,,,,,,,,,,,,,,,,,,,,,,,,,,,,,,,,,,,,,,,,,,,,,,,,,,,,,,,,,,,,,
labe\,d',δέ,particle,au)toi=s,αὐτός,pronoun,th\n,ὁ,article,marturi/an,μαρτυρία,noun,th\n,ὁ,article,loiph/n,λοιπός,adjective,w(s,ὡς,conjunction,e)lh/fqh,λαμβάνω,verb,moixo/s,μοιχός,noun,kai\,καί,conjunction,a)na/gnwqi,ἀναγιγνώσκω,verb,,,,,,,,,,,,,,,,,,,,,,,,,λαμβάνω,verb,,,,,,,,,,,,,,,,,,,,,,,,,,,,,,,,,,,,,,,,,,,,,,,,,,,,,,,,,,,,,,,,,,,,,,,,,,,,,,,,,,,,,,,,,,,,,,,,,,,,,,,,,,,,,,,,,,,,,,,,,,,,,,,,,,,,,,,,,,,,,,,,,,,,,,,,,,,,,
