@_id,@_location,word/0/@_form,word/0/@_isquote,word/0/@_id,word/0/lemma/@_id,word/0/lemma/@_entry,word/0/lemma/@_POS,word/0/lemma/@_disambiguated,word/0/lemma/@_TreeTagger,word/0/lemma/analysis/@_morph,word/1/@_form,word/1/@_isquote,word/1/@_id,word/1/lemma/@_id,word/1/lemma/@_TreeTagger,word/1/lemma/@_disambiguated,word/2/@_form,word/2/@_isquote,word/2/@_id,word/2/lemma/@_id,word/2/lemma/@_entry,word/2/lemma/@_POS,word/2/lemma/@_TreeTagger,word/2/lemma/@_disambiguated,word/2/lemma/analysis/0/@_morph,word/2/lemma/analysis/1/@_morph,word/3/@_form,word/3/@_isquote,word/3/@_id,word/3/lemma/@_id,word/3/lemma/@_entry,word/3/lemma/@_POS,word/3/lemma/@_TreeTagger,word/3/lemma/@_disambiguated,word/3/lemma/analysis/@_morph,word/4/@_form,word/4/@_isquote,word/4/@_id,word/4/lemma/@_id,word/4/lemma/@_entry,word/4/lemma/@_POS,word/4/lemma/@_TreeTagger,word/4/lemma/@_disambiguated,word/4/lemma/analysis/@_morph,word/5/@_form,word/5/@_isquote,word/5/@_id,word/5/lemma/@_id,word/5/lemma/@_entry,word/5/lemma/@_POS,word/5/lemma/@_TreeTagger,word/5/lemma/@_disambiguated,word/5/lemma/analysis/@_morph,word/6/@_form,word/6/@_isquote,word/6/@_id,word/6/lemma/@_id,word/6/lemma/@_entry,word/6/lemma/@_POS,word/6/lemma/@_TreeTagger,word/6/lemma/@_disambiguated,word/6/lemma/analysis/@_morph,word/7/@_form,word/7/@_isquote,word/7/@_id,word/7/lemma/@_id,word/7/lemma/@_TreeTagger,word/7/lemma/@_disambiguated,word/8/@_form,word/8/@_isquote,word/8/@_id,word/8/lemma/@_id,word/8/lemma/@_entry,word/8/lemma/@_POS,word/8/lemma/@_TreeTagger,word/8/lemma/@_disambiguated,word/8/lemma/analysis/@_morph,word/9/@_form,word/9/@_isquote,word/9/@_id,word/9/lemma/@_id,word/9/lemma/@_entry,word/9/lemma/@_POS,word/9/lemma/@_TreeTagger,word/9/lemma/@_disambiguated,word/9/lemma/analysis/0/@_morph,word/9/lemma/analysis/1/@_morph,word/10/@_form,word/10/@_isquote,word/10/@_id,word/10/lemma/@_id,word/10/lemma/@_entry,word/10/lemma/@_POS,word/10/lemma/@_TreeTagger,word/10/lemma/@_disambiguated,word/10/lemma/analysis/@_morph,word/11/@_form,word/11/@_isquote,word/11/@_id,word/11/lemma/@_id,word/11/lemma/@_entry,word/11/lemma/@_POS,word/11/lemma/@_TreeTagger,word/11/lemma/@_disambiguated,word/11/lemma/analysis/@_morph,word/12/@_form,word/12/@_isquote,word/12/@_id,word/12/lemma/@_id,word/12/lemma/@_entry,word/12/lemma/@_POS,word/12/lemma/@_TreeTagger,word/12/lemma/@_disambiguated,word/12/lemma/analysis/@_morph,word/13/@_form,word/13/@_isquote,word/13/@_id,word/13/lemma/@_id,word/13/lemma/@_entry,word/13/lemma/@_POS,word/13/lemma/@_TreeTagger,word/13/lemma/@_disambiguated,word/13/lemma/analysis/0/@_morph,word/13/lemma/analysis/1/@_morph,word/14/@_form,word/14/@_isquote,word/14/@_id,word/14/lemma/@_id,word/14/lemma/@_entry,word/14/lemma/@_POS,word/14/lemma/@_TreeTagger,word/14/lemma/@_disambiguated,word/14/lemma/analysis/@_morph,word/15/@_form,word/15/@_isquote,word/15/@_id,word/15/lemma/@_id,word/15/lemma/@_entry,word/15/lemma/@_POS,word/15/lemma/@_TreeTagger,word/15/lemma/@_disambiguated,word/15/lemma/analysis/@_morph,word/16/@_form,word/16/@_isquote,word/16/@_id,word/16/lemma/@_id,word/16/lemma/@_entry,word/16/lemma/@_POS,word/16/lemma/@_TreeTagger,word/16/lemma/@_disambiguated,word/16/lemma/analysis/@_morph,word/17/@_form,word/17/@_isquote,word/17/@_id,word/17/lemma/@_id,word/17/lemma/@_entry,word/17/lemma/@_POS,word/17/lemma/@_TreeTagger,word/17/lemma/@_disambiguated,word/17/lemma/analysis/@_morph,word/18/@_form,word/18/@_isquote,word/18/@_id,word/18/lemma/@_id,word/18/lemma/@_entry,word/18/lemma/@_POS,word/18/lemma/@_disambiguated,word/18/lemma/@_TreeTagger,word/18/lemma/analysis/@_morph,word/19/@_form,word/19/@_isquote,word/19/@_id,word/19/lemma/@_id,word/19/lemma/@_TreeTagger,word/19/lemma/@_disambiguated,word/20/@_form,word/20/@_isquote,word/20/@_id,word/20/lemma/@_id,word/20/lemma/@_entry,word/20/lemma/@_POS,word/20/lemma/@_TreeTagger,word/20/lemma/@_disambiguated,word/20/lemma/analysis/@_morph,word/21/@_form,word/21/@_isquote,word/21/@_id,word/21/lemma/@_id,word/21/lemma/@_entry,word/21/lemma/@_POS,word/21/lemma/@_TreeTagger,word/21/lemma/@_disambiguated,word/21/lemma/analysis/0/@_morph,word/21/lemma/analysis/1/@_morph,word/22/@_form,word/22/@_isquote,word/22/@_id,word/22/lemma/@_id,word/22/lemma/@_entry,word/22/lemma/@_POS,word/22/lemma/@_TreeTagger,word/22/lemma/@_disambiguated,word/22/lemma/analysis/@_morph,word/23/@_form,word/23/@_isquote,word/23/@_id,word/23/lemma/@_id,word/23/lemma/@_entry,word/23/lemma/@_POS,word/23/lemma/@_TreeTagger,word/23/lemma/@_disambiguated,word/23/lemma/analysis/0/@_morph,word/23/lemma/analysis/1/@_morph,word/24/@_form,word/24/@_isquote,word/24/@_id,word/24/lemma/@_id,word/24/lemma/@_entry,word/24/lemma/@_POS,word/24/lemma/@_TreeTagger,word/24/lemma/@_disambiguated,word/24/lemma/analysis/@_morph,word/25/@_form,word/25/@_isquote,word/25/@_id,word/25/lemma/@_id,word/25/lemma/@_entry,word/25/lemma/@_POS,word/25/lemma/@_TreeTagger,word/25/lemma/@_disambiguated,word/25/lemma/analysis/@_morph,word/26/@_form,word/26/@_isquote,word/26/@_id,word/26/lemma/@_id,word/26/lemma/@_entry,word/26/lemma/@_POS,word/26/lemma/@_TreeTagger,word/26/lemma/@_disambiguated,word/26/lemma/analysis/@_morph,word/27/@_form,word/27/@_isquote,word/27/@_id,word/27/lemma/@_id,word/27/lemma/@_entry,word/27/lemma/@_POS,word/27/lemma/@_TreeTagger,word/27/lemma/@_disambiguated,word/27/lemma/analysis/@_morph,word/28/@_form,word/28/@_isquote,word/28/@_id,word/28/lemma/@_id,word/28/lemma/@_entry,word/28/lemma/@_POS,word/28/lemma/@_TreeTagger,word/28/lemma/@_disambiguated,word/28/lemma/analysis/@_morph,word/29/@_form,word/29/@_isquote,word/29/@_id,word/29/lemma/@_id,word/29/lemma/@_entry,word/29/lemma/@_POS,word/29/lemma/@_TreeTagger,word/29/lemma/@_disambiguated,word/29/lemma/analysis/@_morph,punct/0/@_mark,punct/1/@_mark,punct/2/@_mark,punct/3/@_mark,punct/4/@_mark,word/1/lemma/@_entry,word/1/lemma/@_POS,word/1/lemma/analysis/@_morph,word/2/lemma/analysis/@_morph,word/9/lemma/analysis/@_morph,word/13/lemma/analysis/@_morph,word/16/lemma/analysis/0/@_morph,word/16/lemma/analysis/1/@_morph,word/19/lemma/@_entry,word/19/lemma/@_POS,word/19/lemma/analysis/@_morph,punct/@_mark,word/7/lemma/@_entry,word/7/lemma/@_POS,word/7/lemma/analysis/@_morph,word/10/lemma/analysis/0/@_morph,word/10/lemma/analysis/1/@_morph,word/19/lemma/analysis/0/@_morph,word/19/lemma/analysis/1/@_morph,word/21/lemma/analysis/2/@_morph,word/21/lemma/analysis/3/@_morph,word/8/lemma/analysis/0/@_morph,word/8/lemma/analysis/1/@_morph,word/18/lemma/analysis/0/@_morph,word/18/lemma/analysis/1/@_morph,word/18/lemma/analysis/2/@_morph,word/21/lemma/analysis/@_morph,word/22/lemma/analysis/0/@_morph,word/22/lemma/analysis/1/@_morph,word/23/lemma/analysis/@_morph,word/26/lemma/analysis/0/@_morph,word/26/lemma/analysis/1/@_morph,word/26/lemma/analysis/2/@_morph,word/26/lemma/analysis/3/@_morph,word/28/lemma/analysis/0/@_morph,word/28/lemma/analysis/1/@_morph,word/6/lemma/analysis/0/@_morph,word/6/lemma/analysis/1/@_morph,word/15/lemma/analysis/0/@_morph,word/15/lemma/analysis/1/@_morph,word/11/lemma/analysis/0/@_morph,word/11/lemma/analysis/1/@_morph,word/30/@_form,word/30/@_isquote,word/30/@_id,word/30/lemma/@_id,word/30/lemma/@_entry,word/30/lemma/@_POS,word/30/lemma/@_disambiguated,word/30/lemma/@_TreeTagger,word/30/lemma/analysis/@_morph,word/31/@_form,word/31/@_isquote,word/31/@_id,word/31/lemma/@_id,word/31/lemma/@_entry,word/31/lemma/@_POS,word/31/lemma/@_disambiguated,word/31/lemma/@_TreeTagger,word/31/lemma/analysis/@_morph,word/32/@_form,word/32/@_isquote,word/32/@_id,word/32/lemma/@_id,word/32/lemma/@_entry,word/32/lemma/@_POS,word/32/lemma/@_TreeTagger,word/32/lemma/@_disambiguated,word/32/lemma/analysis/@_morph,word/33/@_form,word/33/@_isquote,word/33/@_id,word/33/lemma/@_id,word/33/lemma/@_entry,word/33/lemma/@_POS,word/33/lemma/@_disambiguated,word/33/lemma/@_TreeTagger,word/33/lemma/analysis/@_morph,word/34/@_form,word/34/@_isquote,word/34/@_id,word/34/lemma/@_id,word/34/lemma/@_entry,word/34/lemma/@_POS,word/34/lemma/@_TreeTagger,word/34/lemma/@_disambiguated,word/34/lemma/analysis/@_morph,word/35/@_form,word/35/@_isquote,word/35/@_id,word/35/lemma/@_id,word/35/lemma/@_entry,word/35/lemma/@_POS,word/35/lemma/@_disambiguated,word/35/lemma/@_TreeTagger,word/35/lemma/analysis/0/@_morph,word/35/lemma/analysis/1/@_morph,word/11/lemma/analysis/2/@_morph,word/11/lemma/analysis/3/@_morph,word/4/lemma/analysis/0/@_morph,word/4/lemma/analysis/1/@_morph,word/4/lemma/analysis/2/@_morph,word/4/lemma/analysis/3/@_morph,word/7/lemma/analysis/0/@_morph,word/7/lemma/analysis/1/@_morph,word/7/lemma/analysis/2/@_morph,word/7/lemma/analysis/3/@_morph,word/14/lemma/analysis/0/@_morph,word/14/lemma/analysis/1/@_morph,word/17/lemma/analysis/0/@_morph,word/17/lemma/analysis/1/@_morph,word/18/lemma/analysis/3/@_morph,word/3/lemma/analysis/0/@_morph,word/3/lemma/analysis/1/@_morph,word/3/lemma/analysis/2/@_morph,word/3/lemma/analysis/3/@_morph,word/5/lemma/analysis/0/@_morph,word/5/lemma/analysis/1/@_morph,word/16/lemma/analysis/2/@_morph,word/12/lemma/analysis/0/@_morph,word/12/lemma/analysis/1/@_morph,word/12/lemma/analysis/2/@_morph,word/25/lemma/analysis/0/@_morph,word/25/lemma/analysis/1/@_morph,word/34/lemma/analysis/0/@_morph,word/34/lemma/analysis/1/@_morph,word/34/lemma/analysis/2/@_morph,word/34/lemma/analysis/3/@_morph,word/35/lemma/analysis/@_morph,word/36/@_form,word/36/@_isquote,word/36/@_id,word/36/lemma/@_id,word/36/lemma/@_entry,word/36/lemma/@_POS,word/36/lemma/@_TreeTagger,word/36/lemma/@_disambiguated,word/36/lemma/analysis/@_morph,word/37/@_form,word/37/@_isquote,word/37/@_id,word/37/lemma/@_id,word/37/lemma/@_entry,word/37/lemma/@_POS,word/37/lemma/@_TreeTagger,word/37/lemma/@_disambiguated,word/37/lemma/analysis/@_morph,word/38/@_form,word/38/@_isquote,word/38/@_id,word/38/lemma/@_id,word/38/lemma/@_entry,word/38/lemma/@_POS,word/38/lemma/@_disambiguated,word/38/lemma/@_TreeTagger,word/38/lemma/analysis/@_morph,word/39/@_form,word/39/@_isquote,word/39/@_id,word/39/lemma/@_id,word/39/lemma/@_entry,word/39/lemma/@_POS,word/39/lemma/@_disambiguated,word/39/lemma/@_TreeTagger,word/39/lemma/analysis/0/@_morph,word/39/lemma/analysis/1/@_morph,word/40/@_form,word/40/@_isquote,word/40/@_id,word/40/lemma/@_id,word/40/lemma/@_entry,word/40/lemma/@_POS,word/40/lemma/@_disambiguated,word/40/lemma/@_TreeTagger,word/40/lemma/analysis/@_morph,word/41/@_form,word/41/@_isquote,word/41/@_id,word/41/lemma/@_id,word/41/lemma/@_entry,word/41/lemma/@_POS,word/41/lemma/@_TreeTagger,word/41/lemma/@_disambiguated,word/41/lemma/analysis/0/@_morph,word/41/lemma/analysis/1/@_morph,word/41/lemma/analysis/2/@_morph,word/42/@_form,word/42/@_isquote,word/42/@_id,word/42/lemma/@_id,word/42/lemma/@_entry,word/42/lemma/@_POS,word/42/lemma/@_TreeTagger,word/42/lemma/@_disambiguated,word/42/lemma/analysis/@_morph,word/43/@_form,word/43/@_isquote,word/43/@_id,word/43/lemma/@_id,word/43/lemma/@_entry,word/43/lemma/@_POS,word/43/lemma/@_TreeTagger,word/43/lemma/@_disambiguated,word/43/lemma/analysis/@_morph,word/44/@_form,word/44/@_isquote,word/44/@_id,word/44/lemma/@_id,word/44/lemma/@_entry,word/44/lemma/@_POS,word/44/lemma/@_disambiguated,word/44/lemma/@_TreeTagger,word/44/lemma/analysis/@_morph,word/13/lemma/analysis/2/@_morph,word/13/lemma/analysis/3/@_morph,word/13/lemma/analysis/4/@_morph,word/14/lemma/analysis/2/@_morph,word/14/lemma/analysis/3/@_morph,punct/5/@_mark,punct/6/@_mark
1,1.I,o(/ti,true,1,75598,ὅστις,pronoun,0.33,false,neut nom/acc sg,*bomi/lxas,true,2,unknown,false,n/a,kathgorou/menos,true,3,55910,κατηγορέω,verb,false,n/a,pres part mp masc nom sg (attic epic doric),pres part mp masc nom sg (attic epic doric),e)/fuge,true,4,110606,φεύγω,verb,false,n/a,aor ind act 3rd sg,pro\,true,5,86405,πρό,preposition,false,n/a,indeclform (prep),di/khs,true,6,26943,δίκη,adjective,false,n/a,fem gen sg (attic epic ionic),kai\,true,7,51951,καί,conjunction,false,n/a,indeclform (conj),*)iogo/rqas,true,8,unknown,false,n/a,su\n,true,9,99002,σύν,preposition,false,n/a,indeclform (prep),au)tw=|,true,10,17907,αὐτός,pronoun,false,n/a,neut dat sg,masc dat sg,tou=to,true,11,76062,οὗτος,pronoun,false,n/a,neut nom/voc/acc sg,dh\,true,12,24295,δή,particle,false,n/a,indeclform (particle),to\,true,13,71882,ὁ,article,false,n/a,neut nom/voc/acc sg,perifero/menon,true,14,82453,περιφέρω,verb,false,n/a,pres part mp masc acc sg,pres part mp neut nom/voc/acc sg,e)s,true,15,31235,εἰς,preposition,false,n/a,proclitic indeclform (prep),tou\s,true,16,71882,ὁ,article,false,n/a,masc acc pl,dwrodokou=ntas,true,17,29814,δωροδοκέω,verb,false,n/a,pres part act masc acc pl (attic epic doric),ei)pw/n,true,18,31161,εἶπον,verb,false,n/a,aor part act masc nom sg,o(/ti,true,19,75598,ὅστις,pronoun,0.33,false,neut nom/acc sg,*(rwmai/wn,true,20,unknown,false,n/a,h(,true,21,71882,ὁ,article,false,n/a,fem nom/voc sg,po/lis,true,22,84494,πόλις,adjective,false,n/a,fem acc pl (epic doric ionic aeolic),fem nom sg,e)sti\n,true,23,31130,εἰμί,verb,false,n/a,pres ind act 3rd sg,w)ni/a,true,24,116256,ὤνιος,adjective,false,n/a,fem nom/voc/acc dual,fem nom/voc sg (attic doric aeolic),pa=sa,true,25,79904,πᾶς,adjective,false,n/a,fem nom/voc sg (attic epic ionic),ei)/,true,26,30817,εἰ,conjunction,false,n/a,proclitic indeclform (conj),tis,true,27,104051,τις,pronoun,false,n/a,masc/fem nom sg,w)nhth\s,true,28,116250,ὠνητής,noun,false,n/a,masc nom sg,au)th=s,true,29,17907,αὐτός,pronoun,false,n/a,fem gen sg (attic epic ionic),eu(reqei/h,true,30,44964,εὑρίσκω,verb,false,n/a,aor opt pass 3rd sg,",",",",",",",",.,,,,,,,,,,,,,,,,,,,,,,,,,,,,,,,,,,,,,,,,,,,,,,,,,,,,,,,,,,,,,,,,,,,,,,,,,,,,,,,,,,,,,,,,,,,,,,,,,,,,,,,,,,,,,,,,,,,,,,,,,,,,,,,,,,,,,,,,,,,,,,,,,,,,,,,,,,,,,,,,,,,,,,,,,,,,,,,,,,,,,,,,,,,,,,,,,,,,,,,,,,,,,,,,,,,,,,,,,,,,
2,1.II,o(/ti,true,1,75598,ὅστις,pronoun,0.33,false,neut nom/acc sg,*me/tellos,true,2,nlsj7604,false,n/a,a)nezeu/gnuen,true,3,6498,ἀναζεύγνυμι,verb,false,n/a,,,e)s,true,4,31235,εἰς,preposition,false,n/a,proclitic indeclform (prep),*libu/hn,true,5,63063,Λιβύη,proper,false,n/a,fem acc sg (attic epic ionic),th\n,true,6,71882,ὁ,article,false,n/a,fem acc sg (attic epic ionic),u(po\,true,7,108092,ὑπό,preposition,false,n/a,indeclform (prep),*(rwmai/ois,true,8,unknown,false,n/a,ai)ti/an,true,9,2764,αἰτία,noun,true,1.0,fem acc sg (attic doric aeolic),e)/xwn,true,10,45996,ἔχω,verb,true,0.33,,,para\,true,11,77763,παρά,preposition,true,1.0,indeclform (prep),tw=|,true,12,71882,ὁ,article,true,1.0,masc/neut dat sg,stratw=|,true,13,97150,στρατός,noun,true,1.0,masc dat sg,braduth=tos,true,14,20800,βραδυτής,noun,false,n/a,,,e)s,true,15,31235,εἰς,preposition,false,n/a,proclitic indeclform (prep),tou\s,true,16,71882,ὁ,article,false,n/a,masc acc pl,polemi/ous,true,17,84422,πολέμιος,adjective,false,n/a,,kai\,true,18,51951,καί,conjunction,false,n/a,indeclform (conj),e)pi\,true,19,nlsj126,ἐπί,preposition,n/a,false,indeclform (prep),sfi/sin,true,20,101628,false,n/a,w)mo/thtos,true,21,116224,ὠμότης,noun,false,n/a,fem gen sg,,,,,,,,,,,,,,,,,,,,,,,,,,,,,,,,,,,,,,,,,,,,,,,,,,,,,,,,,,,,,,,,,,,,,,,,,,,,,,,,,,,,,,,,,Μέτελλος,proper,masc nom sg,imperf ind act 3rd sg,pres part act masc nom sg,fem gen sg,masc acc pl,masc/fem acc pl,σφεῖς,pronoun,masc/fem dat pl,:,,,,,,,,,,,,,,,,,,,,,,,,,,,,,,,,,,,,,,,,,,,,,,,,,,,,,,,,,,,,,,,,,,,,,,,,,,,,,,,,,,,,,,,,,,,,,,,,,,,,,,,,,,,,,,,,,,,,,,,,,,,,,,,,,,,,,,,,,,,,,,,,,,,,,,,,,,,,,,,,,,,,,,,,,,,,,,,,,,,,,,,,,,,,,,,,,,,,,,,,,,,,,,,,
3,1.II,sfo/dra,true,1,101711,σφόδρα,adverb,n/a,false,indeclform (adverb),ga\r,true,2,21618,false,n/a,tou\s,true,3,71882,ὁ,article,false,n/a,,,a(marta/nontas,true,4,4958,ἁμαρτάνω,verb,false,n/a,pres part act masc acc pl,e)ko/lazen,true,5,58541,κολάζω,verb,false,n/a,imperf ind act 3rd sg,,,,,,,,,,,,,,,,,,,,,,,,,,,,,,,,,,,,,,,,,,,,,,,,,,,,,,,,,,,,,,,,,,,,,,,,,,,,,,,,,,,,,,,,,,,,,,,,,,,,,,,,,,,,,,,,,,,,,,,,,,,,,,,,,,,,,,,,,,,,,,,,,,,,,,,,,,,,,,,,,,,,,,,,,,,,,,,,,,,,,,,,,,,,,,,,,,,,,,,,,,,,,,,,,,,,,,,,,,,,,,,,,,,,,γάρ,particle,indeclform (particle),masc acc pl,,,,,,,,.,,,,,,,,,,,,,,,,,,,,,,,,,,,,,,,,,,,,,,,,,,,,,,,,,,,,,,,,,,,,,,,,,,,,,,,,,,,,,,,,,,,,,,,,,,,,,,,,,,,,,,,,,,,,,,,,,,,,,,,,,,,,,,,,,,,,,,,,,,,,,,,,,,,,,,,,,,,,,,,,,,,,,,,,,,,,,,,,,,,,,,,,,,,,,,,,,,,,,,,,,,,,,,,,
4,1.III,o(/ti,true,1,75598,ὅστις,pronoun,0.33,false,neut nom/acc sg,*me/tellos,true,2,nlsj7604,false,n/a,*bagai/wn,true,3,nlsj4119,Βαγαῖος,proper,false,n/a,,,a)nh/|rei,true,4,6616,ἀναιρέω,verb,false,n/a,imperf ind act 3rd sg (attic epic),th\n,true,5,71882,ὁ,article,false,n/a,fem acc sg (attic epic ionic),boulh\n,true,6,20600,βουλή,noun,false,n/a,fem acc sg (attic epic ionic),o(/lhn,true,7,73277,ὅλος,adjective,false,n/a,fem acc sg (attic epic ionic),w(s,true,8,116401,false,n/a,th\n,true,9,71882,ὁ,article,false,n/a,fem acc sg (attic epic ionic),froura\n,true,10,112379,φρουρά,noun,false,n/a,,,prodo/ntas,true,11,87038,προδίδωμι,verb,false,n/a,,*)iogo/rqa|,true,12,unknown,,,false,n/a,,kai\,true,13,51951,καί,conjunction,false,n/a,indeclform (conj),to\n,true,14,71882,ὁ,article,false,n/a,,,frou/rarxon,true,15,112383,φρούραρχος,noun,false,n/a,masc acc sg,*tourpi/lion,true,16,unknown,,,false,n/a,,a)/ndra,true,17,8665,ἀνήρ,noun,false,n/a,masc acc sg,*(rwmai=on,true,18,unknown,,,false,n/a,,ou)k,true,19,75730,οὐ,adverb,n/a,false,proclitic indeclform (adverb),a)nupo/ptws,true,20,10886,false,n/a,e(auto\n,true,21,29881,ἑαυτοῦ,pronoun,false,n/a,masc acc sg,e)gxeiri/santa,true,22,30558,ἐγχειρίζω,verb,false,n/a,aor part act neut nom/voc/acc pl,aor part act masc acc sg,toi=s,true,23,71882,ὁ,article,false,n/a,masc/neut dat pl,polemi/ois,true,24,84422,πολέμιος,adjective,true,1.0,masc/neut dat pl,masc/fem/neut dat pl,e)papke/teine,true,25,unknown,,,false,n/a,,th=|,true,26,71882,ὁ,article,true,1.0,fem dat sg (attic epic ionic),boulh=|,true,27,20588,βουλεύς,noun,true,0.5,masc dat sg (epic ionic),,,,,,,,,,,,,,,,,,,,,,,,,,,,",",",",",",.,,Μέτελλος,proper,masc nom sg,masc gen pl,fem acc sg (attic doric aeolic),masc acc sg,,,ἀνύποπτος,adjective,,,ὡς,conjunction,proclitic indeclform (conj),aor part act masc acc pl (epic),aor part act masc acc pl,adverbial,masc/fem acc pl (doric),aor part act neut nom/voc/acc pl,aor part act masc acc sg,,,,,,,,,,,,,,,,,,,,,,,,,,,,,,,,,,,,,,,,,,,,,,,,,,,,,,,,,,,,,,,,,,,,,,,,,,,,,,,,,,,,,,,,,,,,,,,,,,,,,,,,,,,,,,,,,,,,,,,,,,,,,,,,,,,,,,,,,,,,,,,,,,,,,,,,,,,,,,,,,,,,,,,,,,,,,,,,,,,,,,,,,,,,,,,,,,,,,,,
5,1.III,*qra=|kas,true,1,nlsj9629,Θράκιος,proper,0.5,true,masc acc pl,de\,true,2,23596,false,n/a,kai\,true,3,51951,καί,conjunction,false,n/a,,,*li/guas,true,4,63107,Λίγυς,proper,false,n/a,fem acc pl,au)tomo/lous,true,5,17825,αὐτόμολος,adjective,false,n/a,masc/fem acc pl,labw\n,true,6,61791,λαμβάνω,verb,false,n/a,aor part act masc nom sg,para\,true,7,77763,παρά,preposition,true,1.0,indeclform (prep),*)iogo/rqa,true,8,unknown,false,n/a,tw=n,true,9,71882,ὁ,article,false,n/a,,me\n,true,10,66260,μέν,particle,false,n/a,,,ta\s,true,11,71882,ὁ,article,false,n/a,fem acc pl,xei=ras,true,12,113560,χείρ,noun,false,n/a,fem acc pl,a)pe/temne,true,13,14026,ἀποτέμνω,verb,false,n/a,imperf ind act 3rd sg,tou\s,true,14,71882,ὁ,article,false,n/a,,,de\,true,15,23596,δέ,particle,false,n/a,indeclform (particle),e)s,true,16,31235,εἰς,preposition,false,n/a,proclitic indeclform (prep),th\n,true,17,71882,ὁ,article,false,n/a,fem acc sg (attic epic ionic),gh=n,true,18,22100,γῆ,noun,true,1.0,fem acc sg (attic epic ionic),me/xri,true,19,67281,μέχρι,preposition,n/a,false,,gastro\s,true,20,21651,false,n/a,katw/russe,true,21,56101,κατορύσσω,verb,false,n/a,imperf ind act 3rd sg,kai\,true,22,51951,καί,conjunction,false,n/a,,,peritoceu/wn,true,23,82384,περιτοξεύω,verb,false,n/a,,h)\,true,24,46568,ἠέ,conjunction,true,1.0,,,e)sakonti/zwn,true,25,31262,εἰσακοντίζω,verb,false,n/a,pres part act masc nom sg,e)/ti,true,26,43266,ἔτι,adverb,false,n/a,indeclform (adverb),e)mpne/ousi,true,27,34431,ἐμπνέω,verb,false,n/a,,pu=r,true,28,91547,πῦρ,noun,false,n/a,neut nom/voc/acc sg,u(peti/qei,true,29,109358,ὑποτίθημι,verb,false,n/a,,,,,,,,,,,",",",",",",.,,δέ,particle,indeclform (particle),indeclform (conj),indeclform (particle),masc acc pl,,,γαστήρ,noun,fem gen sg,,,,,,,,,,,fem gen pl,masc/neut gen pl,indeclform (adverb),indeclform (conj),indeclform (prep),indeclform (conj),pres part act masc nom sg,pres part act masc nom sg,indeclform (conj),pres part act masc/neut dat pl (epic doric ionic),pres ind act 3rd pl (epic doric ionic),pres part act masc/neut dat pl (attic epic doric ionic),pres ind act 3rd pl (attic epic doric ionic),imperf ind act 3rd sg,imperf ind act 3rd sg (attic epic ionic),,,,,,,,,,,,,,,,,,,,,,,,,,,,,,,,,,,,,,,,,,,,,,,,,,,,,,,,,,,,,,,,,,,,,,,,,,,,,,,,,,,,,,,,,,,,,,,,,,,,,,,,,,,,,,,,,,,,,,,,,,,,,,,,,,,,,,,,,,,,,,,,,,,,,,,,,,,,,,,,,,,,,,,,,,,,,,,,,,,,,,,,
6,1.IV,o(/ti,true,1,75598,ὅστις,pronoun,0.33,false,neut nom/acc sg,tou=,true,2,71882,true,1.0,*mari/ou,true,3,nlsj7406,Μάριος,proper,false,n/a,,,e)s,true,4,31235,εἰς,preposition,false,n/a,proclitic indeclform (prep),*ki/rtan,true,5,unknown,,,false,n/a,,a)fikome/nou,true,6,18334,ἀφικνέομαι,verb,false,n/a,aor part mid masc/neut gen sg,pre/sbeis,true,7,86297,πρέσβις,noun,true,0.5,,*bo/kxou,true,8,nlsj4230,false,n/a,parh=san,true,9,79223,πάρειμι,verb,false,n/a,imperf ind act 3rd pl,oi(\,true,10,29856,ἕ,pronoun,true,0.5,,,pemfqh=nai/,true,11,80557,πέμπω,verb,false,n/a,aor inf pass,tinas,true,12,104051,τις,pronoun,false,n/a,masc/fem acc pl,e)s,true,13,31235,εἰς,preposition,false,n/a,proclitic indeclform (prep),lo/gous,true,14,63772,λόγος,noun,true,1.0,,,*bo/kxw|,true,15,nlsj4230,Βόκχος,proper,false,n/a,masc dat sg,pareka/loun,true,16,78100,παρακαλέω,verb,false,n/a,,,,,,,,,,,,,,,,,,,,,,,,,,,,,,,,,,,,,,,,,,,,,,,,,,,,,,,,,,,,,,,,,,,,,,,,,,,,,,,,,,,,,,,,,,,,,,,,,,,,,,,,,,,,,,,,,,,,,,,,,,,,,,,",",.,,,,ὁ,article,masc/neut gen sg,masc gen sg,masc/fem dat sg (epic ionic),masc acc pl,,,,,,,Βόκχος,proper,masc gen sg,,,,,,,,,,,,,,,,,,,,,,fem nom/voc pl (attic epic),fem nom/acc pl (attic),imperf ind act 3rd pl (attic epic doric),imperf ind act 1st sg (attic epic doric),,,,,,,,,,,,,,,,,,,,,,,,,,,,,,,,,,,,,,,,,,,,,,,,,,,,,,,,,,,,,,,,,,,,,,,,,,,,,,,,,,,,,,,,,,,,,,,,,,,,,,,,,,,,,,,,,,,,,,,,,,,,,,,,,,,,,,,,,,,,,,,,,,,,,,,,,,,,,,,,,,,,,,,,,,,,,,,,,,,,
7,1.IV,kai\,true,1,51951,καί,conjunction,n/a,false,indeclform (conj),e)pe/mfqhsan,true,2,80557,false,n/a,*au)=lo/s,true,3,nlsj4031,Αὖλος,proper,false,n/a,,,te,true,4,102752,τε,particle,false,n/a,enclitic indeclform (particle),*ma/llios,true,5,nlsj7388,Μάλλιος,proper,false,n/a,masc nom sg,o(,true,6,71882,ὁ,article,false,n/a,masc nom sg,presbeuth\s,true,7,86291,πρεσβευτής,noun,false,n/a,masc nom sg,kai\,true,8,51951,false,n/a,*kornh/lios,true,9,nlsj6552,Κορνήλιος,proper,false,n/a,masc nom sg,*su/llas,true,10,71709,συλλάω,verb,false,n/a,,,o(,true,11,71882,ὁ,article,false,n/a,masc nom sg,tami/as,true,12,102261,ταμία,noun,true,0.5,,oi(=s,true,13,75512,ὅς,pronoun,false,n/a,masc/neut dat pl,o(,true,14,71882,ὁ,article,false,n/a,,,*bo/kxos,true,15,nlsj4230,Βόκχος,proper,false,n/a,masc nom sg,e)/fh,true,16,110639,φημί,verb,false,n/a,imperf ind act 3rd sg,*(rwmai/ois,true,17,unknown,,,false,n/a,,polemh=sai,true,18,84410,πολεμέω,verb,false,n/a,aor inf act,dia\,true,19,24517,διά,preposition,n/a,false,indeclform (prep),*ma/rion,true,20,nlsj7406,false,n/a,,,,,,,,,,,,,,,,,,,,,,,,,,,,,,,,,,,,,,,,,,,,,,,,,,,,,,,,,,,,,,,,,,,,,,,,,,,,,,,,,,,,,,,,,,,,,",",:,,,,πέμπω,verb,aor ind pass 3rd pl,masc nom sg,imperf ind act 2nd sg (homeric ionic),masc nom sg,,,Μάριος,proper,masc acc sg,,καί,conjunction,indeclform (conj),,,,,,,,,,,,,,,,,,,,,,,,,,fem acc pl,fem gen sg (attic doric aeolic),,,,,,,,,,,,,,,,,,,,,,,,,,,,,,,,,,,,,,,,,,,,,,,,,,,,,,,,,,,,,,,,,,,,,,,,,,,,,,,,,,,,,,,,,,,,,,,,,,,,,,,,,,,,,,,,,,,,,,,,,,,,,,,,,,,,,,,,,,,,,,,,,,,,,,,,,,,,,,,,,,,,,,,,,,,,,,,,,,
8,1.IV,gh=n,true,1,22100,γῆ,noun,1.0,true,fem acc sg (attic epic ionic),ga\r,true,2,21618,false,n/a,h(\n,true,3,75512,ὅς,pronoun,false,n/a,,,au)to\s,true,4,17907,αὐτός,pronoun,false,n/a,masc nom sg,*)iogo/rqan,true,5,unknown,,,false,n/a,,a)fei/leto,true,6,18107,ἀφαιρέω,verb,false,n/a,aor ind mid 3rd sg,pro\s,true,7,88443,πρός,preposition,false,n/a,indeclform (prep),*mari/ou,true,8,nlsj7406,false,n/a,nu=n,true,9,71308,νῦν,adverb,false,n/a,enclitic indeclform (adverb),a)fh|rh=sqai,true,10,18107,ἀφαιρέω,verb,false,n/a,,,,,,,,,,,,,,,,,,,,,,,,,,,,,,,,,,,,,,,,,,,,,,,,,,,,,,,,,,,,,,,,,,,,,,,,,,,,,,,,,,,,,,,,,,,,,,,,,,,,,,,,,,,,,,,,,,,,,,,,,,,,,,,,,,,,,,,,,,,,,,,,,,,,,,,,,,,,,,,,,,,,,,,,,,,,,,,,,,,,,,,",",.,,,,γάρ,particle,indeclform (particle),fem acc sg (attic homeric ionic),perf inf mp,,,,,,,,Μάριος,proper,masc gen sg,,,,,,,,,,,,,,,,,,,,,,,,,,,,,,,,,,,,,,,,,,,,,,,,,,,,,,,,,,,,,,,,,,,,,,,,,,,,,,,,,,,,,,,,,,,,,,,,,,,,,,,,,,,,,,,,,,,,,,,,,,,,,,,,,,,,,,,,,,,,,,,,,,,,,,,,,,,,,,,,,,,,,,,,,,,,,,,,,,,,,,,,,,,,,,,,,,,,,,,,,,,,,
9,1.IV,*bo/kxos,true,1,nlsj4230,Βόκχος,proper,n/a,false,masc nom sg,me\n,true,2,66260,false,n/a,dh\,true,3,24295,δή,particle,false,n/a,,,tau=ta,true,4,76062,οὗτος,pronoun,false,n/a,neut nom/voc/acc pl,e)neka/lei,true,5,30097,ἐγκαλέω,verb,false,n/a,imperf ind act 3rd sg (attic epic),*ma/llios,true,6,nlsj7388,Μάλλιος,proper,false,n/a,masc nom sg,d',true,7,23596,δέ,particle,false,n/a,indeclform (particle),e)/fh,true,8,110639,false,n/a,th\n,true,9,71882,ὁ,article,false,n/a,fem acc sg (attic epic ionic),gh=n,true,10,22100,γῆ,noun,true,1.0,,,th/nde,true,11,72010,ὅδε,pronoun,false,n/a,fem acc sg (attic homeric ionic),*(rwmai/ous,true,12,unknown,,,false,n/a,,a)fele/sqai,true,13,18107,ἀφαιρέω,verb,false,n/a,aor inf mid,*su/faka,true,14,nlsj10322,Σύφαξ,proper,false,n/a,,,pole/mou,true,15,84434,πόλεμος,noun,true,1.0,masc gen sg,no/mw|,true,16,nlsj76838,νόμος,noun,false,n/a,masc dat sg,kai\,true,17,51951,καί,conjunction,false,n/a,indeclform (conj),dou=nai,true,18,26447,δίδωμι,verb,false,n/a,aor inf act,*massana/ssh|,true,19,nlsj7541,Μασσανάσσης,proper,n/a,false,masc dat sg (attic epic ionic),dwrea/n,true,20,29787,false,n/a,dido/nai,true,21,26447,δίδωμι,verb,false,n/a,pres inf act,de\,true,22,23596,δέ,particle,false,n/a,,,*(rwmai/ous,true,23,unknown,,,false,n/a,,ta\s,true,24,71882,ὁ,article,false,n/a,,,dwrea\s,true,25,29787,δωρεά,noun,false,n/a,fem acc pl (ionic),e)/xein,true,26,45996,ἔχω,verb,false,n/a,pres inf act (attic epic),toi=s,true,27,71882,ὁ,article,false,n/a,masc/neut dat pl,labou=sin,true,28,61959,λάπτω,verb,true,0.5,aor subj pass 3rd pl (epic),e(/ws,true,29,46043,ἕως,conjunction,true,1.0,indeclform (conj),a)\n,true,30,6207,ἄν,particle,false,0.25,indeclform (particle),",",",",.,,,μέν,particle,indeclform (particle),indeclform (particle),fem acc sg (attic epic ionic),masc acc sg,,,δωρεά,noun,,,φημί,verb,imperf ind act 3rd sg,,,indeclform (adverb),fem acc sg (attic doric ionic aeolic),,,,,,,,indeclform (particle),,,fem acc pl,,,,,,,,,,,,,th=|,true,31,71882,ὁ,article,1.0,true,fem dat sg (attic epic ionic),boulh=|,true,32,20588,βουλεύς,noun,0.5,true,masc dat sg (epic ionic),kai\,true,33,51951,καί,conjunction,false,n/a,indeclform (conj),tw=|,true,34,71882,ὁ,article,1.0,true,masc/neut dat sg,dh/mw|,true,35,24436,δῆμος,noun,false,n/a,masc dat sg,dokh=|,true,36,27842,δοκάζω,verb,0.5,true,fut ind mid 2nd sg (doric),fut ind act 3rd sg (doric),,,,,,,,,,,,,,,,,,,,,,,,,,,,,,,,,,,,,,,,,,,,,,,,,,,,,,,,,,,,,,,,,,,,,,,,,,,,,,,,,,,,,,,,,,,,,,,,,,,,,,,,,,,,,,,,,,,,,,,,,,,
10,1.IV,ou),true,1,75730,οὐ,adverb,n/a,false,proclitic indeclform (adverb),mh\n,true,2,67461,true,1.0,a)lo/gws,true,3,4602,ἄλογος,adjective,false,n/a,adverbial,masc/fem acc pl (doric),metagnw=nai,true,4,66613,μεταγιγνώσκω,verb,false,n/a,aor inf act,,,,,,,,,,,,,,,,,,,,,,,,,,,,,,,,,,,,,,,,,,,,,,,,,,,,,,,,,,,,,,,,,,,,,,,,,,,,,,,,,,,,,,,,,,,,,,,,,,,,,,,,,,,,,,,,,,,,,,,,,,,,,,,,,,,,,,,,,,,,,,,,,,,,,,,,,,,,,,,,,,,,,,,,,,,,,,,,,,,,,,,,,,,,,,,,,,,,,,,,,,,,,,,,,,,,,,,,,,,,,,,,,,,,,,,,,,,,,,μήν,particle,indeclform (particle),,,,,,,,,:,,,,,,,,,,,,,,,,,,,,,,,,,,,,,,,,,,,,,,,,,,,,,,,,,,,,,,,,,,,,,,,,,,,,,,,,,,,,,,,,,,,,,,,,,,,,,,,,,,,,,,,,,,,,,,,,,,,,,,,,,,,,,,,,,,,,,,,,,,,,,,,,,,,,,,,,,,,,,,,,,,,,,,,,,,,,,,,,,,,,,,,,,,,,,,,,,,,,,,,,,,,,,,,,
11,1.IV,*massana/sshn,true,1,nlsj7541,Μασσανάσσης,proper,n/a,false,masc acc sg (attic epic ionic),te,true,2,102752,false,n/a,ga\r,true,3,21618,γάρ,particle,false,n/a,,,a)poqanei=n,true,4,12641,ἀποθνήσκω,verb,false,n/a,aor inf act (attic epic doric),kai\,true,5,51951,καί,conjunction,false,n/a,indeclform (conj),tou\s,true,6,71882,ὁ,article,false,n/a,masc acc pl,*massana/ssou,true,7,nlsj7541,Μασσανάσσης,proper,false,n/a,masc gen sg,pai=das,true,8,76703,false,n/a,*)iogo/rqan,true,9,unknown,,,false,n/a,,katakai/nonta,true,10,54087,κατακαίνω,verb,false,n/a,pres part act neut nom/voc/acc pl,pres part act masc acc sg,*(rwmai/ois,true,11,unknown,,,false,n/a,,pole/mion,true,12,84422,πολέμιος,adjective,true,1.0,,gene/sqai,true,13,22209,γίγνομαι,verb,false,n/a,aor inf mid,,,,,,,,,,,,,,,,,,,,,,,,,,,,,,,,,,,,,,,,,,,,,,,,,,,,,,,,,,,,,,,,,,,,,,,,,,,,,,,,,,,,,,,,,,,,,,,,,,,,,,,,,,,,,,,,,,,,,,,,,,,,,,,,,,,,,,,,,,,,,,,,,,,,,,,,,,",",.,,,,τε,particle,enclitic indeclform (particle),indeclform (particle),,,,,,,,,παῖς,adjective,masc/fem acc pl,,,,,,,,,,,,,,,,,,,,,,,,,,masc acc sg,neut nom/voc/acc sg,,,,,,,,,,,,,,,,,,,,,,,,,,,,,,,,,,,,,,,,,,,,,,,,,,,,,,,,masc/fem acc sg,neut nom/voc/acc sg,,,,,,,,,,,,,,,,,,,,,,,,,,,,,,,,,,,,,,,,,,,,,,,,,,,,,,,,,,,,,,,,,,,,,,,,,,,,,,,,,,,,,,,,,,,,,,,,,,,,,,,,,,,,,,,,,,,,,,,,,
12,1.IV,ou)k,true,1,75730,οὐ,adverb,n/a,false,proclitic indeclform (adverb),ou)=n,true,2,75887,false,n/a,e)/ti,true,3,43266,ἔτι,adverb,false,n/a,,,ei)=nai,true,4,31130,εἰμί,verb,false,n/a,pres inf act,di/kaion,true,5,26886,δίκαιος,adjective,false,n/a,,ou)/te,true,6,76050,οὔτε,adverb,false,n/a,indeclform (adverb),to\n,true,7,71882,ὁ,article,false,n/a,masc acc sg,pole/mion,true,8,84422,true,1.0,e)/xein,true,9,45996,ἔχω,verb,false,n/a,pres inf act (attic epic),dwrea\n,true,10,29787,δωρεά,noun,false,n/a,indeclform (adverb),fem acc sg (attic doric ionic aeolic),h(\n,true,11,75512,ὅς,pronoun,false,n/a,fem acc sg (attic homeric ionic),e)/domen,true,12,26447,δίδωμι,verb,true,0.5,,fi/lw|,true,13,nlsj56179,φίλος,adjective,false,n/a,masc/neut dat sg,ou)/te,true,14,76050,οὔτε,adverb,false,n/a,,,se\,true,15,97456,σύ,pronoun,true,1.0,,dokei=n,true,16,27847,δοκέω,verb,false,n/a,pres inf act (attic epic doric),*)iogo/rqan,true,17,unknown,,,false,n/a,,a)fairei=sqai,true,18,18107,ἀφαιρέω,verb,false,n/a,,ta\,true,19,71882,ὁ,article,1.0,true,,*(rwmai/wn,true,20,unknown,false,n/a,,,,,,,,,,,,,,,,,,,,,,,,,,,,,,,,,,,,,,,,,,,,,,,,,,,,,,,,,,,,,,,,,,,,,,,,,,,,,,,,,,,,,,,,,,,,,",",.,,,,οὖν,particle,indeclform (particle),indeclform (adverb),,indeclform (adverb),,,,,,,πολέμιος,adjective,,,,,,,,,,neut acc pl,neut nom/voc/acc pl,fem acc dual,,,,,,,,,,,,,,,aor ind act 1st pl (epic),aor ind act 1st pl,,,,,,,,,,,,,,,,,,,,,,,,,,,,,,,,,,,,,,,,,,,,,,,,,,,,,,,,,,masc acc sg,neut nom/voc/acc sg,masc/fem acc sg,neut nom/voc/acc sg,masc acc sg,neut nom/voc/acc sg,masc/fem acc sg,neut nom/voc/acc sg,acc 2nd sg,acc 2nd sg,pres inf mp (attic epic),pres inf mp (attic epic),fem nom/voc/acc dual,,,,,,,,,,,,,,,,,,,,,,,,,,,,,,,,,,,,,,,,,,,,,,,,,,,,,,,,,,,,,,,,,,,,,,,,,,,,,,,,,,,,,,,,,,,,,,,,,,,,,,,,,,,,
13,1.IV,kai\,true,1,51951,καί,conjunction,n/a,false,indeclform (conj),*ma/llios,true,2,nlsj7388,false,n/a,me\n,true,3,66260,μέν,particle,false,n/a,,,ta/de,true,4,72010,ὅδε,pronoun,false,n/a,,peri\,true,5,81017,περί,preposition,false,n/a,indeclform (prep),th=s,true,6,71882,ὁ,article,false,n/a,fem gen sg (attic epic ionic),gh=s,true,7,22100,γῆ,noun,true,1.0,fem gen sg (attic epic ionic),e)/lecen,true,8,62204,true,0.5,,,,,,,,,,,,,,,,,,,,,,,,,,,,,,,,,,,,,,,,,,,,,,,,,,,,,,,,,,,,,,,,,,,,,,,,,,,,,,,,,,,,,,,,,,,,,,,,,,,,,,,,,,,,,,,,,,,,,,,,,,,,,,,,,,,,,,,,,,,,,,,,,,,,,,,,,,,,,,,,,,,,,,,,,,,,,,,,,,,,,,,,,,,,,,,,,,,,,,,,,,,,,Μάλλιος,proper,masc nom sg,indeclform (particle),,,,,,,,.,λέγω,verb,aor ind act 3rd sg,,,,,,,,,,,,,,,,,,,,,,,,,,,,,,,,,,,,,,,,,,,,,,,,,,,,,,,,,,,,,,,,,,,,,,,,,,,,,,,,,,,,,,,,,,,,,,,,,,neut acc pl,neut nom pl,fem acc dual,fem nom/voc dual,,,,,,,,,,,,,,,,,,,,,,,,,,,,,,,,,,,,,,,,,,,,,,,,,,,,,,,,,,,,,,,,,,,,,,,,,,,,,,,,,,,,,,,,,,,,,,,,,,,,,,,,
14,1.V,o(/ti,true,1,75598,ὅστις,pronoun,0.33,false,neut nom/acc sg,o(,true,2,71882,false,n/a,*bo/kxos,true,3,nlsj4230,Βόκχος,proper,false,n/a,,,e(te/rous,true,4,43206,ἕτερος,adjective,false,n/a,masc acc pl,e)/pemye,true,5,80557,πέμπω,verb,false,n/a,aor ind act 3rd sg,pre/sbeis,true,6,86297,πρέσβις,noun,true,0.5,,oi(\,true,7,71882,ὁ,article,true,1.0,masc nom/voc pl,*mari/ou,true,8,nlsj7406,false,n/a,me\n,true,9,66260,μέν,particle,false,n/a,indeclform (particle),e)/mellon,true,10,66173,μέλλω,verb,false,n/a,imperf ind act 3rd pl,imperf ind act 1st sg,peri\,true,11,81017,περί,preposition,false,n/a,indeclform (prep),ei)rh/nhs,true,12,31192,εἰρήνη,noun,true,1.0,fem gen sg (attic epic ionic),deh/sesqai,true,13,24293,δέω,verb,false,n/a,fut inf mid,*su/lla,true,14,71709,συλλάω,verb,false,0.5,pres imperat act 2nd sg,imperf ind act 3rd sg (homeric ionic),de\,true,15,23596,δέ,particle,false,n/a,indeclform (particle),i(/na,true,16,50492,ἵνα,conjunction,false,n/a,,sumpra/ceien,true,17,98807,συμπράσσω,verb,false,n/a,,e)s,true,18,31235,εἰς,preposition,false,n/a,proclitic indeclform (prep),ta\s,true,19,71882,ὁ,article,n/a,false,fem acc pl,dialu/seis,true,20,25186,true,1.0,,,,,,,,,,,,,,,,,,,,,,,,,,,,,,,,,,,,,,,,,,,,,,,,,,,,,,,,,,,,,,,,,,,,,,,,,,,,,,,,,,,,,,,,,,,,,",",",",.,,,ὁ,article,masc nom sg,masc nom sg,,,aor opt act 3rd sg,aor opt act 3rd sg,διάλυσις,noun,,,Μάριος,proper,masc gen sg,,,fem nom/voc pl (attic epic),fem nom/acc pl (attic),,,,,,,,,,,,,,,,,,,,indeclform (adverb),indeclform (conj),,,,,,,,,,,,,,,,,,,,,,,,,,,,,,,,,,,,,,,,,,,,,,,,,,,,,,,,,,,,,,,,,,,,,,,,,,,,,fem nom/voc pl (attic epic),fem nom/acc pl (attic),aor opt act 3rd sg,,,,,,,,,,,,,,,,,,,,,,,,,,,,,,,,,,,,,,,,,,,,,,,,,,,,,,,,,,,,,,,,,,,,,,,,,,,,,,,,,,,,,,,,,,,,,,,,,,,,,
15,1.V,lh|steuqe/ntas,true,1,62980,λῃστεύω,verb,n/a,false,aor part pass masc acc pl,d',true,2,23596,false,n/a,e)n,true,3,34700,ἐν,preposition,true,0.5,,,o(dw=|,true,4,nlsj75598,ὁδός,adjective,true,0.5,masc dat sg,tou\s,true,5,71882,ὁ,article,false,n/a,masc acc pl,pre/sbeis,true,6,86297,πρέσβις,noun,true,0.5,,tou/sde,true,7,72010,ὅδε,pronoun,false,n/a,masc acc pl,o(,true,8,71882,false,n/a,*su/llas,true,9,71709,συλλάω,verb,false,n/a,imperf ind act 2nd sg (homeric ionic),u(pede/cato,true,10,108279,ὑποδέχομαι,verb,true,0.5,,,kai\,true,11,51951,καί,conjunction,false,n/a,indeclform (conj),ceni/zei,true,12,71501,ξενίζω,verb,false,n/a,,me/xri,true,13,67281,μέχρι,preposition,false,n/a,,*ma/rion,true,14,nlsj7406,Μάριος,proper,false,n/a,,,a)po\,true,15,12243,ἀπό,preposition,false,n/a,indeclform (prep),*gaitou/lwn,true,16,unknown,,,false,n/a,,e)panelqei=n,true,17,38188,ἐπανέρχομαι,verb,false,n/a,aor inf act (attic epic doric),,,,,,,,,,,,,,,,,,,,,,,,,,,,,,,,,,,,,,,,,,,,,,,,,,,,,,,,,,,,,,,,,,,,,,,,,,,,,,,,,,,,,,,,,,,,,,,,,,,,,,,,,,,,,,,,,,,,,",",.,,,,δέ,particle,indeclform (particle),proclitic indeclform (prep),aor ind mid 3rd sg,masc acc sg,,,,,,,ὁ,article,masc nom sg,,,,,,,,,,,,,,,,,,,,,,,,,,pres ind mp 2nd sg,pres ind act 3rd sg,,,,,,,,,,,,,,,,,,,,,,,,,,,,,,,,,,,,,,,,,,,,,,,,,,,,,,,,,,,,,,,,,,,,,,,,,,,fem nom/voc pl (attic epic),fem nom/acc pl (attic),,indeclform (adverb),indeclform (conj),indeclform (prep),,,,,,,,,,,,,,,,,,,,,,,,,,,,,,,,,,,,,,,,,,,,,,,,,,,,,,,,,,,,,,,,,,,,,,,,,,,,,,,,,,,,,,,,,,,,,,,,,,
16,1.V,parh/|nei,true,1,78056,παραινέω,verb,n/a,false,imperf ind act 3rd sg (attic epic),de\,true,2,23596,false,n/a,*bo/kxon,true,3,nlsj4230,Βόκχος,proper,false,n/a,,,dida/skein,true,4,26412,διδάσκω,verb,false,n/a,pres inf act (attic epic),o(/ti,true,5,75598,ὅστις,pronoun,false,0.33,neut nom/acc sg,xrh\,true,6,114615,χρή,verb,false,n/a,pres ind act 3rd sg,*su/lla|,true,7,unknown,,,false,n/a,,pei/qesqai,true,8,80327,false,n/a,peri\,true,9,81017,περί,preposition,false,n/a,indeclform (prep),a(pa/ntwn,true,10,11583,ἅπας,adjective,false,n/a,,,,,,,,,,,,,,,,,,,,,,,,,,,,,,,,,,,,,,,,,,,,,,,,,,,,,,,,,,,,,,,,,,,,,,,,,,,,,,,,,,,,,,,,,,,,,,,,,,,,,,,,,,,,,,,,,,,,,,,,,,,,,,,,,,,,,,,,,,,,,,,,,,,,,,,,,,,,,,,,,,,,,,,,,,,,,,,,,,,,,,,,,,,,δέ,particle,indeclform (particle),masc acc sg,masc/neut gen pl,,,,,,,.,πείθω,verb,pres inf mp,,,,,,,,,,,,,,,,,,,,,,,,,,,,,,,,,,,,,,,,,,,,,,,,,,,,,,,,,,,,,,,,,,,,,,,,,,,,,,,,,,,,,,,,,,,,,,,,,,,,,,,,,,,,,,,,,,,,,,,,,,,,,,,,,,,,,,,,,,,,,,,,,,,,,,,,,,,,,,,,,,,,,,,,,,,,,,,,,,,,,,,,,,,,,,,,,,,,,,,,,,,,,
17,1.V,e)ndidou\s,true,1,35219,ἐνδίδωμι,verb,n/a,false,pres part act masc nom/voc sg,ou)=n,true,2,75887,false,n/a,h)/dh,true,3,46646,ἤδη,adverb,true,1.0,,,pro\s,true,4,88443,πρός,preposition,false,n/a,indeclform (prep),th\n,true,5,71882,ὁ,article,false,n/a,fem acc sg (attic epic ionic),tou=,true,6,71882,ὁ,article,true,1.0,masc/neut gen sg,*)iogo/rqa,true,7,unknown,,,false,n/a,,prodosi/an,true,8,87087,false,n/a,o(,true,9,71882,ὁ,article,false,n/a,masc nom sg,*bo/kxos,true,10,nlsj4230,Βόκχος,proper,false,n/a,,,e)s,true,11,31235,εἰς,preposition,false,n/a,proclitic indeclform (prep),me\n,true,12,66260,μέν,particle,false,n/a,indeclform (particle),u(po/krisin,true,13,108624,ὑπόκρισις,noun,false,n/a,fem acc sg,e)p',true,14,nlsj126,ἐπί,preposition,false,n/a,,,a)/llon,true,15,4490,ἄλλος,adjective,false,n/a,masc acc sg,strato\n,true,16,97150,στρατός,noun,false,n/a,masc acc sg,perie/pempen,true,17,81866,περιέπειμι,verb,false,n/a,imperf ind act 3rd sg,e)s,true,18,31235,εἰς,preposition,false,n/a,proclitic indeclform (prep),*ai)qi/opas,true,19,2328,Αἰθίοψ,proper,n/a,false,masc acc pl,tou\s,true,20,71882,false,n/a,gei/tonas,true,21,21765,γείτων,noun,false,n/a,masc/fem acc pl,oi(\,true,22,29856,ἕ,pronoun,true,0.5,,,e)pi\,true,23,nlsj126,ἐπί,preposition,false,n/a,indeclform (prep),e(spe/ran,true,24,42926,ἑσπέρα,noun,false,n/a,,,a)po\,true,25,12243,ἀπό,preposition,false,n/a,indeclform (prep),tw=n,true,26,71882,ὁ,article,false,n/a,,e(w/wn,true,27,47695,ἠώς,noun,false,n/a,fem gen pl (attic epic),*ai)qio/pwn,true,28,2328,Αἰθίοψ,proper,false,n/a,masc gen pl,dih/kousin,true,29,26773,διήκω,verb,false,n/a,,e)s,true,30,31235,εἰς,preposition,false,n/a,proclitic indeclform (prep),",",",",",",.,,οὖν,particle,indeclform (particle),indeclform (adverb),masc nom sg,indeclform (prep),,,ὁ,article,masc acc pl,,προδοσία,noun,fem acc sg (attic doric aeolic),,,,,,,,,,,,masc/fem dat sg (epic ionic),,,fem acc sg (attic doric ionic aeolic),,,,,pres part act masc/neut dat pl (attic epic doric ionic),pres ind act 3rd pl (attic epic doric ionic),,,,,,,to\,true,31,71882,ὁ,article,n/a,false,neut nom/voc/acc sg,*maurou/sion,true,32,unknown,,,n/a,false,,o)/ros,true,33,75306,ὄρος,adjective,false,n/a,neut nom/voc/acc sg,o(\,true,34,75512,ὅς,pronoun,1.0,true,neut nom/voc/acc sg,kalou=sin,true,35,52571,καλέω,verb,false,n/a,,*)/atlanta,true,36,17105,Ἄτλας,proper,n/a,false,,,,,,,,,,,,,,,,,,,,,,,,,,,,fem gen pl,masc/neut gen pl,fut part act masc/neut dat pl (attic epic doric),fut ind act 3rd pl (attic epic doric),pres part act masc/neut dat pl (attic epic doric),pres ind act 3rd pl (attic epic doric),masc acc sg,*ma/rion,true,37,nlsj7406,Μάριος,proper,false,n/a,masc acc sg,d',true,38,23596,δέ,particle,false,n/a,indeclform (particle),h)ci/ou,true,39,11072,ἀξιόω,verb,0.5,true,imperf ind act 3rd sg (attic epic ionic),*su/llan,true,40,71709,συλλάω,verb,0.5,false,imperf ind act 3rd pl (doric aeolic),imperf ind act 1st sg (doric aeolic),oi(,true,41,29856,ἕ,pronoun,1.0,true,masc/fem dat sg (epic ionic),pe/myai,true,42,80557,πέμπω,verb,false,n/a,aor imperat mid 2nd sg,aor inf act,aor opt act 3rd sg,sunelqei=n,true,43,100410,συνέρχομαι,verb,false,n/a,aor inf act (attic epic doric),e)s,true,44,31235,εἰς,preposition,false,n/a,proclitic indeclform (prep),lo/gous,true,45,63772,λόγος,noun,1.0,true,masc acc pl,,,,,,,
18,1.V,kai\,true,1,51951,καί,conjunction,n/a,false,indeclform (conj),*ma/rios,true,2,nlsj7401,true,0.5,me\n,true,3,66260,μέν,particle,false,n/a,,,e)/pempe,true,4,80557,πέμπω,verb,false,n/a,imperf ind act 3rd sg,to\n,true,5,71882,ὁ,article,false,n/a,masc acc sg,*su/llan,true,6,71709,συλλάω,verb,false,0.5,,*)/ayara,true,7,unknown,,,false,n/a,,de\,true,8,23596,false,n/a,*)iogo/rqa,true,9,unknown,,,false,n/a,,fi/lon,true,10,nlsj56179,φίλος,adjective,false,n/a,masc acc sg,neut nom/voc/acc sg,e)n,true,11,34700,ἐν,preposition,true,0.5,proclitic indeclform (prep),*bo/kxou,true,12,nlsj4230,Βόκχος,proper,false,n/a,masc gen sg,kataleleimme/non,true,13,54399,καταλιμπάνω,verb,false,n/a,,e)fora=n,true,14,45827,ἐφοράω,verb,true,0.5,pres part act masc voc sg (doric aeolic),pres part act neut nom/voc/acc sg (doric aeolic),ta\,true,15,71882,ὁ,article,true,1.0,,gigno/mena,true,16,22209,γίγνομαι,verb,false,n/a,pres part mp neut nom/voc/acc pl,au)to/s,true,17,17907,αὐτός,pronoun,false,n/a,masc nom sg,te,true,18,102752,τε,particle,false,n/a,enclitic indeclform (particle),*bo/kxos,true,19,nlsj4230,Βόκχος,proper,n/a,false,masc nom sg,kai\,true,20,51951,false,n/a,*magda/lshs,true,21,unknown,,,false,n/a,,fi/los,true,22,nlsj56179,φίλος,adjective,false,n/a,,,*bo/kxou,true,23,nlsj4230,Βόκχος,proper,false,n/a,masc gen sg,kai/,true,24,51951,καί,conjunction,false,n/a,,,tis,true,25,104051,τις,pronoun,false,n/a,masc/fem nom sg,e)celeu/qeros,true,26,37099,ἐξελεύθερος,noun,false,n/a,masc/fem nom sg,a)ndro\s,true,27,8665,ἀνήρ,noun,false,n/a,masc gen sg,*karxhdoni/ou,true,28,nlsj6091,Καρχηδόνιος,proper,true,0.5,masc/neut gen sg,*kornh/lios,true,29,nlsj6552,Κορνήλιος,proper,false,n/a,masc nom sg,e)nh/dreusan,true,30,35337,ἐνεδρεύω,verb,false,n/a,aor ind act 3rd pl,",",",",",",",",",",Μάρης,proper,masc gen sg (doric),indeclform (particle),,,,,καί,conjunction,indeclform (conj),,δέ,particle,indeclform (particle),,,,,,,,,,,,masc nom sg,,,indeclform (conj),,,,,,,,,,,,,w(=de,true,31,116050,ὧδε,adverb,n/a,false,indeclform (adverb),,,,,,,,,,,,,,,,,,,,,,,,,,,,,,,,,,,,,,,,,,,,,,,,,,,,,,,,,neut acc pl,neut nom/voc/acc pl,,,,,,,,imperf ind act 3rd pl (doric aeolic),imperf ind act 1st sg (doric aeolic),,perf part mp masc acc sg,perf part mp neut nom/voc/acc sg,,,,,,,,,,,,,,,,,,,,,,,,,,,,,,,,,,,,,,,,,,,,,,,,,,,,,,,,,,,,,,,,,,,,,,,,,,,,,,,,,,,,,,,,,,,,,pres part act masc nom sg (doric aeolic),pres inf act (epic doric),pres inf act (attic doric),fem acc dual,fem nom/voc/acc dual,",",.

