@_id,@_location,word/0/@_form,word/0/@_id,word/0/lemma/@_id,word/0/lemma/@_entry,word/0/lemma/@_POS,word/0/lemma/@_TreeTagger,word/0/lemma/@_disambiguated,word/0/lemma/analysis/@_morph,word/1/@_form,word/1/@_id,word/1/lemma/@_id,word/1/lemma/@_entry,word/1/lemma/@_POS,word/1/lemma/@_TreeTagger,word/1/lemma/@_disambiguated,word/1/lemma/analysis/@_morph,word/2/@_form,word/2/@_id,word/2/lemma/@_id,word/2/lemma/@_entry,word/2/lemma/@_POS,word/2/lemma/@_disambiguated,word/2/lemma/@_TreeTagger,word/2/lemma/analysis/@_morph,word/3/@_form,word/3/@_id,word/3/lemma/@_id,word/3/lemma/@_entry,word/3/lemma/@_POS,word/3/lemma/@_TreeTagger,word/3/lemma/@_disambiguated,word/3/lemma/analysis/@_morph,word/4/@_form,word/4/@_id,word/4/lemma/@_id,word/4/lemma/@_entry,word/4/lemma/@_POS,word/4/lemma/@_TreeTagger,word/4/lemma/@_disambiguated,word/4/lemma/analysis/0/@_morph,word/4/lemma/analysis/1/@_morph,word/5/@_form,word/5/@_id,word/5/lemma/@_id,word/5/lemma/@_entry,word/5/lemma/@_POS,word/5/lemma/@_TreeTagger,word/5/lemma/@_disambiguated,word/5/lemma/analysis/0/@_morph,word/5/lemma/analysis/1/@_morph,word/6/@_form,word/6/@_id,word/6/lemma/@_id,word/6/lemma/@_entry,word/6/lemma/@_POS,word/6/lemma/@_TreeTagger,word/6/lemma/@_disambiguated,word/6/lemma/analysis/@_morph,word/7/@_form,word/7/@_id,word/7/lemma/@_id,word/7/lemma/@_entry,word/7/lemma/@_POS,word/7/lemma/@_TreeTagger,word/7/lemma/@_disambiguated,word/7/lemma/analysis/0/@_morph,word/7/lemma/analysis/1/@_morph,word/8/@_form,word/8/@_id,word/8/lemma/@_id,word/8/lemma/@_entry,word/8/lemma/@_POS,word/8/lemma/@_TreeTagger,word/8/lemma/@_disambiguated,word/8/lemma/analysis/@_morph,word/9/@_form,word/9/@_id,word/9/lemma/@_id,word/9/lemma/@_entry,word/9/lemma/@_POS,word/9/lemma/@_TreeTagger,word/9/lemma/@_disambiguated,word/9/lemma/analysis/0/@_morph,word/9/lemma/analysis/1/@_morph,word/10/@_form,word/10/@_id,word/10/lemma/@_id,word/10/lemma/@_entry,word/10/lemma/@_POS,word/10/lemma/@_TreeTagger,word/10/lemma/@_disambiguated,word/10/lemma/analysis/0/@_morph,word/10/lemma/analysis/1/@_morph,word/11/@_form,word/11/@_id,word/11/lemma/@_id,word/11/lemma/@_entry,word/11/lemma/@_POS,word/11/lemma/@_TreeTagger,word/11/lemma/@_disambiguated,word/11/lemma/analysis/0/@_morph,word/11/lemma/analysis/1/@_morph,word/12/@_form,word/12/@_id,word/12/lemma/@_id,word/12/lemma/@_entry,word/12/lemma/@_POS,word/12/lemma/@_TreeTagger,word/12/lemma/@_disambiguated,word/12/lemma/analysis/0/@_morph,word/12/lemma/analysis/1/@_morph,word/13/@_form,word/13/@_id,word/13/lemma/@_id,word/13/lemma/@_entry,word/13/lemma/@_POS,word/13/lemma/@_TreeTagger,word/13/lemma/@_disambiguated,word/13/lemma/analysis/@_morph,word/14/@_form,word/14/@_id,word/14/lemma/@_id,word/14/lemma/@_entry,word/14/lemma/@_POS,word/14/lemma/@_TreeTagger,word/14/lemma/@_disambiguated,word/14/lemma/analysis/@_morph,word/15/@_form,word/15/@_id,word/15/lemma/@_id,word/15/lemma/@_entry,word/15/lemma/@_POS,word/15/lemma/@_TreeTagger,word/15/lemma/@_disambiguated,word/15/lemma/analysis/0/@_morph,word/15/lemma/analysis/1/@_morph,word/16/@_form,word/16/@_id,word/16/lemma/@_id,word/16/lemma/@_entry,word/16/lemma/@_POS,word/16/lemma/@_disambiguated,word/16/lemma/@_TreeTagger,word/16/lemma/analysis/@_morph,word/17/@_form,word/17/@_id,word/17/lemma/@_id,word/17/lemma/@_TreeTagger,word/17/lemma/@_disambiguated,word/18/@_form,word/18/@_id,word/18/lemma/@_id,word/18/lemma/@_entry,word/18/lemma/@_POS,word/18/lemma/@_TreeTagger,word/18/lemma/@_disambiguated,word/18/lemma/analysis/@_morph,punct/0/@_mark,punct/1/@_mark,punct/2/@_mark,word/3/lemma/analysis/0/@_morph,word/3/lemma/analysis/1/@_morph,word/2/lemma/analysis/0/@_morph,word/2/lemma/analysis/1/@_morph,word/2/lemma/analysis/2/@_morph,punct/@_mark,word/0/lemma/analysis/0/@_morph,word/0/lemma/analysis/1/@_morph,word/0/lemma/analysis/2/@_morph,word/4/lemma/analysis/@_morph,word/5/lemma/analysis/@_morph,word/7/lemma/analysis/@_morph,word/10/lemma/analysis/@_morph,word/11/lemma/analysis/@_morph,word/12/lemma/analysis/@_morph,word/15/lemma/analysis/@_morph,word/17/lemma/@_entry,word/17/lemma/@_POS,word/17/lemma/analysis/@_morph,word/19/@_form,word/19/@_id,word/19/lemma/@_id,word/19/lemma/@_entry,word/19/lemma/@_POS,word/19/lemma/@_disambiguated,word/19/lemma/@_TreeTagger,word/19/lemma/analysis/@_morph,word/20/@_form,word/20/@_id,word/20/lemma/@_id,word/20/lemma/@_TreeTagger,word/20/lemma/@_disambiguated,word/21/@_form,word/21/@_id,word/21/lemma/@_id,word/21/lemma/@_entry,word/21/lemma/@_POS,word/21/lemma/@_TreeTagger,word/21/lemma/@_disambiguated,word/21/lemma/analysis/@_morph,word/22/@_form,word/22/@_id,word/22/lemma/@_id,word/22/lemma/@_TreeTagger,word/22/lemma/@_disambiguated,word/23/@_form,word/23/@_id,word/23/lemma/@_id,word/23/lemma/@_TreeTagger,word/23/lemma/@_disambiguated,word/24/@_form,word/24/@_id,word/24/lemma/@_id,word/24/lemma/@_entry,word/24/lemma/@_POS,word/24/lemma/@_TreeTagger,word/24/lemma/@_disambiguated,word/24/lemma/analysis/0/@_morph,word/24/lemma/analysis/1/@_morph,word/25/@_form,word/25/@_id,word/25/lemma/@_id,word/25/lemma/@_entry,word/25/lemma/@_POS,word/25/lemma/@_TreeTagger,word/25/lemma/@_disambiguated,word/25/lemma/analysis/@_morph,word/26/@_form,word/26/@_id,word/26/lemma/@_id,word/26/lemma/@_entry,word/26/lemma/@_POS,word/26/lemma/@_TreeTagger,word/26/lemma/@_disambiguated,word/26/lemma/analysis/@_morph,word/27/@_form,word/27/@_id,word/27/lemma/@_id,word/27/lemma/@_entry,word/27/lemma/@_POS,word/27/lemma/@_TreeTagger,word/27/lemma/@_disambiguated,word/27/lemma/analysis/0/@_morph,word/27/lemma/analysis/1/@_morph,word/28/@_form,word/28/@_id,word/28/lemma/@_id,word/28/lemma/@_entry,word/28/lemma/@_POS,word/28/lemma/@_TreeTagger,word/28/lemma/@_disambiguated,word/28/lemma/analysis/@_morph,punct/3/@_mark,punct/4/@_mark,word/9/lemma/analysis/@_morph,word/7/lemma/analysis/2/@_morph,word/7/lemma/analysis/3/@_morph,word/13/lemma/analysis/0/@_morph,word/13/lemma/analysis/1/@_morph,word/19/lemma/analysis/0/@_morph,word/19/lemma/analysis/1/@_morph,word/20/lemma/@_entry,word/20/lemma/@_POS,word/20/lemma/analysis/@_morph,word/22/lemma/@_entry,word/22/lemma/@_POS,word/22/lemma/analysis/@_morph,word/23/lemma/@_entry,word/23/lemma/@_POS,word/23/lemma/analysis/0/@_morph,word/23/lemma/analysis/1/@_morph,word/24/lemma/analysis/@_morph,word/21/lemma/analysis/0/@_morph,word/21/lemma/analysis/1/@_morph,word/6/lemma/analysis/0/@_morph,word/6/lemma/analysis/1/@_morph,word/9/lemma/analysis/2/@_morph,word/16/lemma/analysis/0/@_morph,word/16/lemma/analysis/1/@_morph,word/1/lemma/analysis/0/@_morph,word/1/lemma/analysis/1/@_morph,word/5/lemma/analysis/2/@_morph,word/17/lemma/analysis/0/@_morph,word/17/lemma/analysis/1/@_morph,word/18/lemma/analysis/0/@_morph,word/18/lemma/analysis/1/@_morph,word/18/lemma/analysis/2/@_morph,word/18/lemma/analysis/3/@_morph,word/18/lemma/analysis/4/@_morph,word/19/lemma/analysis/2/@_morph,word/19/lemma/analysis/3/@_morph,word/23/lemma/analysis/@_morph,word/10/lemma/analysis/2/@_morph,word/10/lemma/analysis/3/@_morph,word/8/lemma/analysis/0/@_morph,word/8/lemma/analysis/1/@_morph
1,2.1,*lh=|s,1,nlsj6887,Λής,proper,false,n/a,masc dat pl (epic doric),nu/,2,71308,νῦν,adverb,false,n/a,enclitic indeclform (adverb),ti/,3,nlsj65910,τίς,pronoun,0.5,true,neut nom/voc/acc sg,moi,4,30657,ἐγώ,pronoun,false,n/a,masc/fem dat 1st sg,*luki/da,5,nlsj7305,Λυκίδης,proper,false,n/a,masc nom/voc/acc dual,masc gen sg (doric aeolic),*sikelo\n,6,94099,Σικελός,proper,false,n/a,masc acc sg,neut nom/voc/acc sg,me/los,7,66187,μέλος,noun,false,n/a,neut nom/voc/acc sg,a(du\,8,46712,ἡδύς,adjective,false,n/a,masc voc sg (doric),neut nom/voc/acc sg (doric),ligai/nein,9,63073,λιγαίνω,verb,false,n/a,pres inf act (attic epic),i(mero/en,10,50473,ἱμερόεις,adjective,false,n/a,masc voc sg,neut nom/voc sg,gluku/qumon,11,22367,γλυκύθυμος,adjective,false,n/a,masc/fem acc sg,neut nom/voc/acc sg,e)rwtiko/n,12,42854,ἐρωτικός,adjective,false,n/a,masc acc sg,neut nom/voc/acc sg,oi(=on,13,72627,οἷος,adjective,false,n/a,masc acc sg,neut nom/voc/acc sg,o(,14,71882,ὁ,article,false,n/a,masc nom sg,*ku/klwy,15,60668,Κύκλωψ,proper,false,n/a,masc nom/voc sg,a)/eisen,16,1587,ἀείδω,verb,false,n/a,aor ind act 3rd sg (epic doric ionic aeolic),aor ind act 3rd sg (epic doric ionic aeolic),*polu/famos,17,85473,πολύφαμος,adjective,0.5,true,masc/fem nom sg,e)pa|oni/a|,18,unknown,false,n/a,*galatei/a|,19,nlsj5648,Γαλάτεια,proper,false,n/a,fem dat sg (attic doric aeolic),",",",",;,,,,,,,,,,,,,,,,,,,,,,,,,,,,,,,,,,,,,,,,,,,,,,,,,,,,,,,,,,,,,,,,,,,,,,,,,,,,,,,,,,,,,,,,,,,,,,,,,,,,,,,,,,,,,,,,,,,,,,,,,,,,,,,,,,,,,,,,
2,2.4,kh)moi\,1,34194,ἐμός,adjective,true,1.0,masc nom/voc pl,suri/sden,2,101251,συρίζω,verb,false,n/a,pres inf act (epic doric),*mu/rswn,3,nlsj8003,Μύρσος,proper,n/a,false,masc gen pl,fi/lon,4,nlsj56179,φίλος,adjective,false,n/a,,,,,,,,,,,,,,,,,,,,,,,,,,,,,,,,,,,,,,,,,,,,,,,,,,,,,,,,,,,,,,,,,,,,,,,,,,,,,,,,,,,,,,,,,,,,,,,,,,,,,,,,,,,,,,,,,,,,,,,,,,,,,,,",",",",:,masc acc sg,neut nom/voc/acc sg,,,,,,,,,,,,,,,,,,,,,,,,,,,,,,,,,,,,,,,,,,,,,,,,,,,,,,,,,,,,,,,,,,,,,,,,,,,,,,,,,,,,,,,,,,,,,,,,,,,,,,,,,,,,,,,,,,,,,,,,,,,,,,,,,,,,,,
3,2.4,a)lla\,1,4357,ἀλλά,adverb,false,n/a,indeclform (adverb),ti/,2,nlsj65910,τίς,pronoun,true,0.5,neut nom/voc/acc sg,me/lyw,3,66196,μέλπω,verb,n/a,false,,,,,,,,,,,,,,,,,,,,,,,,,,,,,,,,,,,,,,,,,,,,,,,,,,,,,,,,,,,,,,,,,,,,,,,,,,,,,,,,,,,,,,,,,,,,,,,,,,,,,,,,,,,,,,,,,,,,,,,,,,,,,,,,,,,,,,,,,,,,aor subj act 1st sg,fut ind act 1st sg,aor ind mid 2nd sg (homeric ionic),;,,,,,,,,,,,,,,,,,,,,,,,,,,,,,,,,,,,,,,,,,,,,,,,,,,,,,,,,,,,,,,,,,,,,,,,,,,,,,,,,,,,,,,,,,,,,,,,,,,,,,,,,,,,,,,,,,,,,,,,,,,,,,,,,,,
4,2.5,*sku/rion,1,nlsj10103,Σκύριος,proper,false,n/a,,w)=,2,116027,ὦ,interjection,true,1.0,indeclform (exclam),*luki/da,3,nlsj7305,Λυκίδης,proper,n/a,false,,zalw/menon,4,unknown,,,false,n/a,,a(du\n,5,46712,ἡδύς,adjective,false,n/a,,,e)/rwta,6,42840,ἔρως,noun,false,n/a,,,la/qria,7,61611,λάθριος,adjective,false,n/a,neut nom/voc/acc pl,*phlei/dao,8,nlsj8840,Πηλείδης,proper,true,0.5,,,fila/mata,9,110994,φίλημα,noun,false,n/a,neut nom/voc/acc pl (doric),la/qrion,10,61611,λάθριος,adjective,false,n/a,masc/fem acc sg,neut nom/voc/acc sg,eu)na/n,11,44534,εὐνή,noun,false,n/a,,,pw=s,12,92010,πῶς,adverb,true,0.5,,,pai=s,13,79904,πᾶς,adjective,true,0.5,,,e(/ssato,14,35886,ἕννυμι,verb,true,0.5,aor ind mid 3rd sg (epic),fa=ros,15,110368,φᾶρος,noun,false,n/a,neut nom/voc/acc sg,o(/pws,16,74713,ὅπως,conjunction,false,n/a,,,d',17,23596,δέ,particle,n/a,false,indeclform (particle),e)yeu/sato,18,115586,false,n/a,morfa\n,19,68791,μορφή,noun,false,n/a,fem acc sg (doric aeolic),",",",",",",,,masc nom/voc/acc dual,masc gen sg (doric aeolic),,,masc acc sg,neut nom/voc/acc sg,masc acc sg,masc acc sg (doric),masc acc sg,masc gen sg (epic doric),fem acc sg (doric aeolic),indeclform (interrog),masc nom/voc sg (doric aeolic),indeclform (conj),ψεύδω,verb,aor ind mid 3rd sg,kh)n,20,34700,ἐν,preposition,0.5,true,proclitic indeclform (prep),kw/raisin,21,unknown,false,n/a,o(/pws,22,74713,ὅπως,conjunction,false,n/a,indeclform (conj),*lukomhdi/sin,23,unknown,false,n/a,a(pale/goisa,24,unknown,false,n/a,h)ei/dh,25,72202,οἶδα,verb,false,n/a,plup ind act 3rd sg (epic doric aeolic),plup ind act 1st sg (epic),kata\,26,53647,κατά,preposition,false,n/a,indeclform (prep),pasto\n,27,79971,παστός,adjective,false,n/a,masc acc sg,*)axille/a,28,18714,Ἀχιλλεύς,proper,false,n/a,masc acc sg,masc acc sg,*dhi+da/meia,29,nlsj4635,Δηιδαμεία,proper,false,n/a,fem nom/voc sg,",",.,,,,,,,,,,,,,,,,,,,,,,,,,,,,,,,,,,,,,,,,,,
5,2.10,*(/arpase,1,15399,ἁρπάζω,verb,true,1.0,,ta\n,2,71882,ὁ,article,false,n/a,fem acc sg (doric aeolic),*(ele/nan,3,nlsj968,Ἑλένη,proper,n/a,false,fem acc sg (doric aeolic),po/q',4,84215,πόθι,adverb,true,0.33,indeclform (adverb),o(,5,71882,ὁ,article,false,n/a,,,bouko/los,6,nlsj30084,βουκόλος,noun,false,n/a,,,a)=ge,7,1083,ἄγω,verb,false,n/a,imperf ind act 3rd sg (doric aeolic),d',8,23596,δέ,particle,false,n/a,,,e)s,9,31235,εἰς,preposition,false,n/a,proclitic indeclform (prep),*)/idan,10,nlsj1689,Ἴδη,proper,true,0.5,,,*oi)nw/na|,11,nlsj8342,Οἰνώνη,proper,false,n/a,,,kako\n,12,52332,κακός,adjective,false,n/a,masc acc sg,neut nom/voc/acc sg,a)/lgos,13,3903,ἄλγος,noun,false,n/a,,,,,,,,,,,,,,,,,,,,,,,,,,,,,,,,,,,,,,,,,,,,,,,,,",",",",.,,,,,,,aor ind act 3rd sg (doric aeolic),aor ind act 3rd sg (homeric ionic),,masc nom sg,masc nom sg,indeclform (particle),fem dat sg (doric aeolic),,neut nom/voc/acc sg,,,,,,,,,,,,,,,,,,,,,,,,,,,,,,,,,,,,,,,,,,,,,,,,,,,,,,,,,,,,,,,,,,,,,,,,,,,,,,,,fem acc sg (doric aeolic),,,,,,,,,,,,,,,,,,,,,,,,,,,,,,,,,,,,,,,,,
6,2.11,e)xw/sato,1,114536,χόω,verb,true,0.5,aor ind mid 3rd sg,d',2,23596,δέ,particle,false,n/a,indeclform (particle),a(,3,71882,ὁ,article,n/a,false,fem nom sg (doric),*lakedai/mwn,4,61708,Λακεδαίμων,proper,false,n/a,fem nom/voc sg,pa/nta,5,79904,πᾶς,adjective,false,n/a,masc acc sg,neut nom/voc/acc pl,de\,6,23596,δέ,particle,false,n/a,,,lao\n,7,61925,λαός,noun,false,n/a,masc acc sg,a)/geiren,8,414,ἀγείρω,verb,false,n/a,aor ind act 3rd sg (doric aeolic),imperf ind act 3rd sg (doric aeolic),*)axai+ko/n,9,unknown,,,false,n/a,,ou)de/,10,75764,οὐδέ,particle,false,0.33,,,tis,11,104051,τις,pronoun,false,n/a,,,*(/ellhn,12,nlsj802,Ἕλλη,proper,false,0.5,,,ou)/te,13,76050,οὔτε,adverb,false,n/a,,,*mukhnai/wn,14,nlsj8022,Μυκηναῖος,proper,false,n/a,,ou)/t',15,76050,οὔτε,adverb,false,0.33,indeclform (adverb),*)/hlidos,16,nlsj1670,Ἦλις,proper,false,n/a,,,ou)/te,17,76050,οὔτε,adverb,n/a,false,indeclform (adverb),*lakw/nwn,18,61752,false,n/a,mei=nen,19,66294,μένω,verb,false,n/a,aor ind act 3rd sg (homeric ionic),",",",",",",,,,,,,,,,,indeclform (particle),,masc/fem nom sg,fem acc sg (attic epic ionic),indeclform (adverb),fem gen sg,Λάκων,proper,masc gen pl,e(o\n,20,37805,ἑός,adjective,n/a,false,,kata\,21,53647,false,n/a,dw=ma,22,29773,δῶμα,noun,false,n/a,neut nom/voc/acc sg,fugw\n,23,110606,false,n/a,du/stanon,24,29524,false,n/a,*)/arha,25,14990,Ἄρης,proper,false,0.5,,,,,,,,,,,,,,,,,,,,,,,,,,,,,,,,,,,,.,,indeclform (particle),aor ind act 3rd sg (homeric ionic),imperf ind act 3rd sg (homeric ionic),fem gen pl,masc/neut gen pl,masc acc sg,neut nom/voc/acc sg,κατά,preposition,indeclform (prep),φεύγω,verb,aor part act masc nom sg,δύστηνος,adjective,masc/fem acc sg (doric),neut nom/voc/acc sg (doric),masc acc sg (epic),,,,,,,,,,,,,,,,,,,,,,,,
7,2.15,la/nqane,1,61885,λανθάνω,verb,false,n/a,,d',2,23596,δέ,particle,false,n/a,indeclform (particle),e)n,3,34700,ἐν,preposition,0.5,true,proclitic indeclform (prep),kw/rais,4,59098,κόρη,noun,true,0.5,fem dat pl (doric),*lukomhdi/si,5,unknown,,,false,n/a,,,mou=nos,6,68641,μόνος,adjective,false,n/a,,,*)axilleu/s,7,18714,Ἀχιλλεύς,proper,false,n/a,masc nom sg,ei)/ria,8,42495,ἔριον,noun,false,n/a,,,d',9,23596,δέ,particle,false,n/a,indeclform (particle),a)nq',10,9778,ἀντί,preposition,false,n/a,,,o(/plwn,11,74571,ὅπλον,noun,false,n/a,,,e)dida/sketo,12,26412,διδάσκω,verb,false,n/a,,,kai\,13,51951,καί,conjunction,false,n/a,,,xeri\,14,113560,χείρ,noun,false,n/a,fem dat sg,leuka=|,15,nlsj33192,λευκός,adjective,false,n/a,fem dat sg (doric aeolic),parqeniko\n,16,79586,παρθενικός,adjective,false,n/a,masc acc sg,neut nom/voc/acc sg,ko/pon,17,58972,κόπος,noun,n/a,false,masc acc sg,ei)=xen,18,45996,false,n/a,e)fai/neto,19,110114,φαίνω,verb,false,n/a,imperf ind mp 3rd sg,",",",",",",,,,,,,pres imperat act 2nd sg,imperf ind act 3rd sg (homeric ionic),,,masc nom sg (epic ionic),neut nom/voc/acc pl (epic ionic),neut gen pl,imperf ind mp 3rd sg,indeclform (conj),,ἔχω,verb,imperf ind act 3rd sg,d',20,23596,δέ,particle,n/a,false,indeclform (particle),h)u/+te,21,nlsj59892,false,n/a,kw/ra,22,59098,κόρη,noun,true,0.5,,,,,,,,,,,,,,,,,,,,,,,,,,,,,,,,,,,,,,,,,,,,,,,,,,,,,,:,,indeclform (prep),,,,,,,ἠύτε,particle,epic (indeclform particle),,,,,,,,,fem nom/voc/acc dual (doric),fem nom/voc sg (attic doric aeolic),,,,,,,,,,,,,,,,,,,,,,
8,2.18,kai\,1,51951,καί,conjunction,false,n/a,indeclform (conj),ga\r,2,21618,γάρ,particle,false,n/a,indeclform (particle),i)/son,3,51148,ἴσος,adjective,n/a,false,,th/nais,4,31951,ἐκεῖνος,pronoun,true,0.5,fem dat pl (doric),qhlu/neto,5,48661,θηλύνω,verb,false,n/a,,,kai\,6,51951,καί,conjunction,false,n/a,,,to/son,7,104416,τόσος,adjective,false,n/a,,a)/nqos,8,8817,ἄνθος,adjective,false,n/a,,,xione/ais,9,114052,χιόνεος,adjective,false,n/a,fem dat pl,po/rfure,10,85873,πορφύρω,verb,false,n/a,pres imperat act 2nd sg,aor ind act 3rd sg (homeric ionic),parhi/si,11,nlsj83689,παρηίς,noun,false,n/a,fem dat pl,fem dat pl,kai\,12,51951,καί,conjunction,false,n/a,,,to\,13,71882,ὁ,article,false,n/a,,,ba/disma,14,18984,βάδισμα,noun,false,n/a,neut nom/voc/acc sg,parqenikh=s,15,79585,παρθενική,noun,true,1.0,fem gen sg (attic epic ionic),e)ba/dize,16,18980,βαδίζω,verb,false,n/a,,,ko/mas,17,58782,κόμη,noun,1.0,true,,d',18,23596,false,n/a,e)pu/kaze,19,91404,πυκάζω,verb,false,n/a,imperf ind act 3rd sg,",",",",",",,,masc acc sg,neut nom/voc/acc sg,,,,,,imperf ind mp 3rd sg (homeric ionic),indeclform (conj),neut nom/voc/acc sg,,indeclform (conj),neut nom/voc/acc sg,imperf ind act 3rd sg,δέ,particle,indeclform (particle),kalu/ptra|,20,52892,κάλυπτρα,noun,0.5,true,fem dat sg (attic doric aeolic),,,,,,,,,,,,,,,,,,,,,,,,,,,,,,,,,,,,,,,,,,,,,,,,,,,,,,,,,,,,,,,,,,.,,,,,,,,,,,,,,,,,,,,,,masc acc sg,neut nom/voc/acc sg,imperf ind act 3rd sg (homeric ionic),fem acc pl,fem gen sg (doric aeolic),,,,,,,,,,,,,,,,,
9,2.21,qumo\n,1,49415,θυμός,noun,false,n/a,masc acc sg,d',2,23596,δέ,particle,false,n/a,indeclform (particle),a)ne/ros,3,8665,ἀνήρ,noun,n/a,false,masc gen sg,ei)=xe,4,45996,ἔχω,verb,false,n/a,imperf ind act 3rd sg,kai\,5,51951,καί,conjunction,false,n/a,,,a)ne/ros,6,8665,ἀνήρ,noun,false,n/a,,,ei)=xen,7,45996,ἔχω,verb,false,n/a,imperf ind act 3rd sg,e)/rwta,8,42840,ἔρως,noun,false,n/a,,,,,,,,,,,,,,,,,,,,,,,,,,,,,,,,,,,,,,,,,,,,,,,,,,,,,,,,,,,,,,,,,,,,,,,,,,,,,,,,,,,,,,,,,,,,,",",:,,,,,,,,,,,indeclform (conj),masc gen sg,masc acc sg,,,,,,,,,,,,,,,,,,,,,,,,,,,,,,,,,,,,,,,,,,,,,,,,,,,,,,,,,,,,,,,,,,,,,,,,,,,,,,,,,,,,,,,,,,,,,,,,,,,,,,,,,,,,,,,,,,,,,,,,,,,,
10,2.22,e)c,1,31575,ἐκ,preposition,false,n/a,proclitic indeclform (prep),a)ou=s,2,47695,ἠώς,noun,false,n/a,,d',3,23596,δέ,particle,n/a,false,indeclform (particle),e)pi\,4,nlsj126,ἐπί,preposition,false,n/a,indeclform (prep),nu/kta,5,71314,νύξ,adjective,false,n/a,,,pari/zeto,6,79614,παρίζω,verb,false,n/a,imperf ind mp 3rd sg,imperf ind mp 3rd sg (homeric ionic),*dhi+damei/a|,7,nlsj4635,Δηιδαμεία,proper,false,n/a,fem dat sg (attic doric aeolic),kai\,8,51951,καί,conjunction,false,n/a,,,pote\,9,86083,ποτός,adjective,true,1.0,masc voc sg,me\n,10,66260,μέν,particle,false,n/a,,,th/nas,11,31951,ἐκεῖνος,pronoun,true,0.5,fem acc pl (doric),fem gen sg (doric aeolic),e)fi/lei,12,110979,φιλέω,verb,false,n/a,,,xe/ra,13,113560,χείρ,noun,false,n/a,,,polla/ki,14,84534,πολλάκις,adverb,false,n/a,epic (indeclform adverb),d',15,23596,δέ,particle,false,n/a,indeclform (particle),au)ta=s,16,17907,αὐτός,pronoun,false,n/a,,,sta/mona,17,unknown,,,n/a,false,,kalo\n,18,nlsj61372,false,n/a,a)/eire,19,1640,ἀείρω,verb,true,1.0,,",",",",",",,,,,,,,,,fem acc sg,,indeclform (conj),,imperf ind act 3rd sg (attic epic),fem acc sg,fem gen sg (doric aeolic),καλός,noun,,ta\,20,71882,ὁ,article,1.0,true,,dai/dala,21,23206,true,1.0,d',22,23596,δέ,particle,false,n/a,indeclform (particle),a)/tri),23,17211,false,0.5,e)ph/|nei,24,37885,false,n/a,,,,,,,,,,,,,,,,,,,,,,,,,,,,,,,,,,,,,,,,,,,:,,indeclform (particle),,,,,neut acc pl,neut nom/voc/acc pl,δαίδαλος,adjective,neut nom/voc/acc pl,ἄτριον,noun,neut nom/voc/acc pl,ἐπαινέω,verb,,,,,,,,,,,fem nom/voc pl (doric),fem gen sg (doric),imperf ind mp 3rd sg (homeric ionic),masc acc sg,neut nom/voc/acc sg,aor ind act 3rd sg (epic doric ionic aeolic),imperf ind act 3rd sg (epic doric ionic aeolic),pres imperat act 2nd sg (epic ionic),aor ind act 3rd sg (epic doric ionic aeolic),imperf ind act 3rd sg (epic doric ionic aeolic),fem acc dual,fem nom/voc/acc dual,imperf ind act 3rd sg (attic epic),,,,
11,2.25,h)/sqie,1,42890,ἐσθίω,verb,false,n/a,imperf ind act 3rd sg,d',2,23596,δέ,particle,false,n/a,indeclform (particle),ou)k,3,75730,οὐ,adverb,n/a,false,proclitic indeclform (adverb),a)/lla|,4,4490,ἄλλος,adjective,false,n/a,,su\n,5,99002,σύν,preposition,false,n/a,,,o(ma/liki,6,unknown,,,false,n/a,,,pa/nta,7,79904,πᾶς,adjective,false,n/a,,d',8,23596,δέ,particle,false,n/a,,,e)poi/ei,9,84234,ποιέω,verb,false,n/a,imperf ind act 3rd sg (attic epic),speu/dwn,10,95898,σπεύδω,verb,false,n/a,,,koino\n,11,58429,κοινός,adjective,false,n/a,masc acc sg,neut nom/voc/acc sg,e)s,12,31235,εἰς,preposition,false,n/a,,,u(/pnon,13,108078,ὕπνον,noun,true,0.5,,,,,,,,,,,,,,,,,,,,,,,,,,,,,,,,,,,,,,,,,,,,,,,,,",",.,,fem nom/voc pl,fem dat sg (doric aeolic),,,,,,,,indeclform (prep),,indeclform (particle),,proclitic indeclform (prep),neut nom/voc/acc sg,,,,,,,,,,,,,,,,,,,,,,,,,,,,,,,,,,,,,,,,,,,,,,,,,,,,,,,,,,,,,,,,,,,,,,,,,,,,,,,,pres part act masc nom sg,,,,,,,,,,,,,,,,,,,,masc acc sg,neut nom/voc/acc pl,,,,,,,,,,,,,,,,,masc/fem acc sg,neut nom/voc/acc sg,,
12,2.26,e)/lece/,1,62204,λέγω,verb,true,0.5,aor ind act 3rd sg,nu,2,71308,νῦν,adverb,false,n/a,enclitic indeclform (adverb),kai\,3,51951,καί,conjunction,n/a,false,indeclform (conj),lo/gon,4,63772,λόγος,noun,false,n/a,masc acc sg,au)ta=|,5,17907,αὐτός,pronoun,false,n/a,,,,,,,,,,,,,,,,,,,,,,,,,,,,,,,,,,,,,,,,,,,,,,,,,,,,,,,,,,,,,,,,,,,,,,,,,,,,,,,,,,,,,,,,,,,,,,,,,,,,,,,,,,,,,,,,,,,,,,,,,,,,,,,:,,,,fem dat sg (doric aeolic),,,,,,,,,,,,,,,,,,,,,,,,,,,,,,,,,,,,,,,,,,,,,,,,,,,,,,,,,,,,,,,,,,,,,,,,,,,,,,,,,,,,,,,,,,,,,,,,,,,,,,,,,,,,,,,,,,,,,,,,,,,,,,
13,2.27,a(/llai,1,4490,ἄλλος,adjective,false,n/a,,me\n,2,66260,μέν,particle,false,n/a,indeclform (particle),knw/ssousi,3,58249,κνώσσω,verb,n/a,false,,su\n,4,99002,σύν,preposition,false,n/a,indeclform (prep),a)lla/laisin,5,4430,ἀλλήλων,pronoun,false,n/a,,,a)delfai/,6,1192,ἀδελφή,noun,false,n/a,,,au)ta\r,7,16958,ἀτάρ,particle,false,n/a,epic (indeclform particle),e)gw\,8,30657,ἐγώ,pronoun,false,n/a,,,mw/na,9,68641,μόνος,adjective,false,n/a,,mw/na,10,68641,μόνος,adjective,false,n/a,fem nom/voc/acc dual (doric),fem nom/voc sg (doric aeolic),de\,11,23596,δέ,particle,false,n/a,,,su\,12,97456,σύ,pronoun,false,n/a,,,nu/mfa,13,71282,νύμφη,noun,false,n/a,fem nom/voc/acc dual,fem nom/voc sg (doric aeolic),kaqeu/deis,14,51773,καθεύδω,verb,false,n/a,pres ind act 2nd sg,,,,,,,,,,,,,,,,,,,,,,,,,,,,,,,,,,,,,,,",",",",.,,,pres part act masc/neut dat pl (attic epic doric ionic),pres ind act 3rd pl (attic epic doric ionic),,,fem nom/voc pl,fem dat sg (doric aeolic),,fem dat pl (epic doric ionic aeolic),fem nom/voc pl,masc/fem nom/voc 1st sg,indeclform (particle),nom 2nd sg,,,,,,,,,,,,,,,,,,,,,,,,,,,,,,,,,,,,,,,,,,,,,,,,,,,,,,,,,,,,,,,,,,,,,,,,,,,,,,,,,,,,,,,,,,,,,,,,,,,,,,,,,,,,,,,,,,,,,,,,,fem nom/voc/acc dual (doric),fem nom/voc sg (doric aeolic)
14,2.29,ai(,1,71882,ὁ,article,false,n/a,fem nom/voc pl,du/o,2,28592,δύο,adjective,false,n/a,indeclform (numeral),parqenikai\,3,79585,παρθενική,noun,1.0,true,fem nom/voc pl,sunoma/likes,4,100833,συνομῆλιξ,noun,false,n/a,masc/fem nom/voc pl (doric),ai(,5,71882,ὁ,article,false,n/a,,,du/o,6,28592,δύο,adjective,false,n/a,,,kalai/,7,nlsj62000,κάλαις,noun,false,0.5,fem voc sg,,,,,,,,,,,,,,,,,,,,,,,,,,,,,,,,,,,,,,,,,,,,,,,,,,,,,,,,,,,,,,,,,,,,,,,,,,,,,,,,,,,,,,,,,,,,,,,,,,,,",",:,,,,,,,,,,,fem nom/voc pl,indeclform (numeral),,,,,,,,,,,,,,,,,,,,,,,,,,,,,,,,,,,,,,,,,,,,,,,,,,,,,,,,,,,,,,,,,,,,,,,,,,,,,,,,,,,,,,,,,,,,,,,,,,,,,,,,,,,,,,,,,,,,,,,,,,,,,
15,2.30,a)lla\,1,4357,ἀλλά,adverb,false,n/a,indeclform (adverb),mo/nai,2,68641,μόνος,adjective,false,n/a,,kata\,3,53647,κατά,preposition,n/a,false,indeclform (prep),le/ktra,4,62352,λέκτρον,noun,false,n/a,neut nom/voc/acc pl,kaqeu/domes,5,51773,καθεύδω,verb,false,n/a,,,,,,,,,,,,,,,,,,,,,,,,,,,,,,,,,,,,,,,,,,,,,,,,,,,,,,,,,,,,,,,,,,,,,,,,,,,,,,,,,,,,,,,,,,,,,,,,,,,,,,,,,,,,,,,,,,,,,,,,,,,,,,,:,,,,pres ind act 1st pl (doric),,,,,,,,,,,,,,,,,,,,,,,,,,,,,,,,,,,,,,,,,,,,,,,,,,,,,,,,,,,,,,,,,,,,,,,,,,,,,,,,,,,,,,,,,,,,,,,,,,,,,,,,,,,,,,fem nom/voc pl,fem dat sg (doric aeolic),,,,,,,,,,,,,,,
16,2.30,a(,1,71882,ὁ,article,false,n/a,fem nom sg (doric),de\,2,23596,δέ,particle,false,n/a,indeclform (particle),ponhra\,3,85654,πονηρός,adjective,n/a,false,,*nusai/a,4,unknown,,,false,n/a,,doli/a,5,27889,δολία,noun,true,1.0,fem nom/voc/acc dual,fem nom/voc sg (attic doric aeolic),me,6,30657,ἐγώ,pronoun,false,n/a,,,kakw=s,7,52332,κακός,adjective,true,1.0,adverbial,a)po\,8,12243,ἀπό,preposition,false,n/a,,,sei=o,9,97456,σύ,pronoun,true,1.0,gen 2nd sg (epic),meri/sdei,10,66306,μερίζω,verb,false,n/a,pres ind mp 2nd sg (doric),pres ind act 3rd sg (doric),,,,,,,,,,,,,,,,,,,,,,,,,,,,,,,,,,,,,,,,,,,,,,,,,,,,,,,,,,,,,,,,,,,,,,,,,,,,,,,neut nom/voc/acc pl,fem nom/voc/acc dual,fem nom/voc sg (attic doric aeolic),.,,,,,masc/fem acc 1st sg,indeclform (prep),,,,,,,,,,,,,,,,,,,,,,,,,,,,,,,,,,,,,,,,,,,,,,,,,,,,,,,,,,,,,,,,,,,,,,,,,,,,,,,,,,,,,,,,,,,,,,,,,,,,,,,,,,,,,,,,,,,,,,,,,,,,
17,2.32,ou),1,75730,οὐ,adverb,false,n/a,proclitic indeclform (adverb),ga\r,2,21618,γάρ,particle,false,n/a,indeclform (particle),e)gw\,3,30657,ἐγώ,pronoun,n/a,false,masc/fem nom/voc 1st sg,se/o,4,97456,σύ,pronoun,true,1.0,,,,,,,,,,,,,,,,,,,,,,,,,,,,,,,,,,,,,,,,,,,,,,,,,,,,,,,,,,,,,,,,,,,,,,,,,,,,,,,,,,,,,,,,,,,,,,,,,,,,,,,,,,,,,,,,,,,,,,,,,,,,,,,,,,gen 2nd sg (epic),gen 2nd sg (epic),,,,.,,,,,,,,,,,,,,,,,,,,,,,,,,,,,,,,,,,,,,,,,,,,,,,,,,,,,,,,,,,,,,,,,,,,,,,,,,,,,,,,,,,,,,,,,,,,,,,,,,,,,,,,,,,,,,,,,,,,,,,,,,,,,,,,,,

