@_id,@_location,word/0/@_form,word/0/@_id,word/0/lemma/@_id,word/0/lemma/@_entry,word/0/lemma/@_POS,word/0/lemma/@_TreeTagger,word/0/lemma/@_disambiguated,word/0/lemma/analysis/0/@_morph,word/0/lemma/analysis/1/@_morph,word/1/@_form,word/1/@_id,word/1/lemma/@_id,word/1/lemma/@_entry,word/1/lemma/@_POS,word/1/lemma/@_TreeTagger,word/1/lemma/@_disambiguated,word/1/lemma/analysis/@_morph,word/2/@_form,word/2/@_id,word/2/lemma/@_id,word/2/lemma/@_entry,word/2/lemma/@_POS,word/2/lemma/@_TreeTagger,word/2/lemma/@_disambiguated,word/2/lemma/analysis/@_morph,word/3/@_form,word/3/@_id,word/3/lemma/@_id,word/3/lemma/@_entry,word/3/lemma/@_POS,word/3/lemma/@_disambiguated,word/3/lemma/@_TreeTagger,word/3/lemma/analysis/@_morph,word/4/@_form,word/4/@_id,word/4/lemma/@_id,word/4/lemma/@_entry,word/4/lemma/@_POS,word/4/lemma/@_TreeTagger,word/4/lemma/@_disambiguated,word/4/lemma/analysis/@_morph,word/5/@_form,word/5/@_id,word/5/lemma/@_id,word/5/lemma/@_entry,word/5/lemma/@_POS,word/5/lemma/@_TreeTagger,word/5/lemma/@_disambiguated,word/5/lemma/analysis/@_morph,word/6/@_form,word/6/@_id,word/6/lemma/@_id,word/6/lemma/@_entry,word/6/lemma/@_POS,word/6/lemma/@_TreeTagger,word/6/lemma/@_disambiguated,word/6/lemma/analysis/@_morph,word/7/@_form,word/7/@_id,word/7/lemma/@_id,word/7/lemma/@_entry,word/7/lemma/@_POS,word/7/lemma/@_TreeTagger,word/7/lemma/@_disambiguated,word/7/lemma/analysis/@_morph,word/8/@_form,word/8/@_id,word/8/lemma/@_id,word/8/lemma/@_entry,word/8/lemma/@_POS,word/8/lemma/@_TreeTagger,word/8/lemma/@_disambiguated,word/8/lemma/analysis/0/@_morph,word/8/lemma/analysis/1/@_morph,word/9/@_form,word/9/@_id,word/9/lemma/@_id,word/9/lemma/@_entry,word/9/lemma/@_POS,word/9/lemma/@_TreeTagger,word/9/lemma/@_disambiguated,word/9/lemma/analysis/@_morph,word/10/@_form,word/10/@_id,word/10/lemma/@_id,word/10/lemma/@_entry,word/10/lemma/@_POS,word/10/lemma/@_TreeTagger,word/10/lemma/@_disambiguated,word/10/lemma/analysis/@_morph,punct/0/@_mark,punct/1/@_mark,word/0/lemma/analysis/@_morph,punct/@_mark,word/3/lemma/analysis/0/@_morph,word/3/lemma/analysis/1/@_morph,word/3/lemma/analysis/2/@_morph,word/3/lemma/analysis/3/@_morph,word/2/lemma/analysis/0/@_morph,word/2/lemma/analysis/1/@_morph,word/2/lemma/analysis/2/@_morph,word/8/lemma/analysis/@_morph,word/11/@_form,word/11/@_id,word/11/lemma/@_id,word/11/lemma/@_entry,word/11/lemma/@_POS,word/11/lemma/@_TreeTagger,word/11/lemma/@_disambiguated,word/11/lemma/analysis/@_morph,word/12/@_form,word/12/@_id,word/12/lemma/@_id,word/12/lemma/@_entry,word/12/lemma/@_POS,word/12/lemma/@_TreeTagger,word/12/lemma/@_disambiguated,word/12/lemma/analysis/0/@_morph,word/12/lemma/analysis/1/@_morph,word/13/@_form,word/13/@_id,word/13/lemma/@_id,word/13/lemma/@_entry,word/13/lemma/@_POS,word/13/lemma/@_TreeTagger,word/13/lemma/@_disambiguated,word/13/lemma/analysis/0/@_morph,word/13/lemma/analysis/1/@_morph,word/8/lemma/analysis/2/@_morph,word/7/lemma/analysis/0/@_morph,word/7/lemma/analysis/1/@_morph,punct/2/@_mark,punct/3/@_mark,word/4/lemma/analysis/0/@_morph,word/4/lemma/analysis/1/@_morph,word/6/lemma/analysis/0/@_morph,word/6/lemma/analysis/1/@_morph,word/11/lemma/analysis/0/@_morph,word/11/lemma/analysis/1/@_morph,word/12/lemma/analysis/@_morph,word/13/lemma/analysis/@_morph,word/14/@_form,word/14/@_id,word/14/lemma/@_id,word/14/lemma/@_entry,word/14/lemma/@_POS,word/14/lemma/@_TreeTagger,word/14/lemma/@_disambiguated,word/14/lemma/analysis/0/@_morph,word/14/lemma/analysis/1/@_morph,word/15/@_form,word/15/@_id,word/15/lemma/@_id,word/15/lemma/@_entry,word/15/lemma/@_POS,word/15/lemma/@_TreeTagger,word/15/lemma/@_disambiguated,word/15/lemma/analysis/@_morph,word/16/@_form,word/16/@_id,word/16/lemma/@_id,word/16/lemma/@_entry,word/16/lemma/@_POS,word/16/lemma/@_disambiguated,word/16/lemma/@_TreeTagger,word/16/lemma/analysis/@_morph,word/17/@_form,word/17/@_id,word/17/lemma/@_id,word/17/lemma/@_entry,word/17/lemma/@_POS,word/17/lemma/@_TreeTagger,word/17/lemma/@_disambiguated,word/17/lemma/analysis/@_morph,word/18/@_form,word/18/@_id,word/18/lemma/@_id,word/18/lemma/@_entry,word/18/lemma/@_POS,word/18/lemma/@_TreeTagger,word/18/lemma/@_disambiguated,word/18/lemma/analysis/@_morph,word/19/@_form,word/19/@_id,word/19/lemma/@_id,word/19/lemma/@_entry,word/19/lemma/@_POS,word/19/lemma/@_TreeTagger,word/19/lemma/@_disambiguated,word/19/lemma/analysis/@_morph,word/20/@_form,word/20/@_id,word/20/lemma/@_id,word/20/lemma/@_entry,word/20/lemma/@_POS,word/20/lemma/@_TreeTagger,word/20/lemma/@_disambiguated,word/20/lemma/analysis/@_morph,word/21/@_form,word/21/@_id,word/21/lemma/@_id,word/21/lemma/@_entry,word/21/lemma/@_POS,word/21/lemma/@_TreeTagger,word/21/lemma/@_disambiguated,word/21/lemma/analysis/@_morph,word/22/@_form,word/22/@_id,word/22/lemma/@_id,word/22/lemma/@_entry,word/22/lemma/@_POS,word/22/lemma/@_TreeTagger,word/22/lemma/@_disambiguated,word/22/lemma/analysis/@_morph,word/23/@_form,word/23/@_id,word/23/lemma/@_id,word/23/lemma/@_entry,word/23/lemma/@_POS,word/23/lemma/@_TreeTagger,word/23/lemma/@_disambiguated,word/23/lemma/analysis/@_morph,word/24/@_form,word/24/@_id,word/24/lemma/@_id,word/24/lemma/@_entry,word/24/lemma/@_POS,word/24/lemma/@_TreeTagger,word/24/lemma/@_disambiguated,word/24/lemma/analysis/@_morph,word/25/@_form,word/25/@_id,word/25/lemma/@_id,word/25/lemma/@_entry,word/25/lemma/@_POS,word/25/lemma/@_TreeTagger,word/25/lemma/@_disambiguated,word/25/lemma/analysis/@_morph,word/4/lemma/analysis/2/@_morph,word/0/lemma/analysis/2/@_morph,word/0/lemma/analysis/3/@_morph,word/0/lemma/analysis/4/@_morph,word/0/lemma/analysis/5/@_morph,word/0/lemma/analysis/6/@_morph,word/4/lemma/analysis/3/@_morph,word/4/lemma/analysis/4/@_morph,word/4/lemma/analysis/5/@_morph,word/4/lemma/analysis/6/@_morph,word/1/lemma/analysis/0/@_morph,word/1/lemma/analysis/1/@_morph,word/14/lemma/analysis/@_morph,word/16/lemma/analysis/0/@_morph,word/16/lemma/analysis/1/@_morph,word/18/lemma/analysis/0/@_morph,word/18/lemma/analysis/1/@_morph,word/9/lemma/analysis/0/@_morph,word/9/lemma/analysis/1/@_morph,word/9/lemma/analysis/2/@_morph,word/15/lemma/analysis/0/@_morph,word/15/lemma/analysis/1/@_morph,word/21/lemma/analysis/0/@_morph,word/21/lemma/analysis/1/@_morph,word/21/lemma/analysis/2/@_morph,word/21/lemma/analysis/3/@_morph,word/5/lemma/analysis/0/@_morph,word/5/lemma/analysis/1/@_morph,word/10/lemma/analysis/0/@_morph,word/10/lemma/analysis/1/@_morph,word/2/lemma/analysis/3/@_morph,word/1/lemma/analysis/2/@_morph,word/1/lemma/analysis/3/@_morph,word/7/lemma/analysis/2/@_morph,word/5/lemma/analysis/2/@_morph,word/5/lemma/analysis/3/@_morph,word/20/lemma/analysis/0/@_morph,word/20/lemma/analysis/1/@_morph,word/24/lemma/analysis/0/@_morph,word/24/lemma/analysis/1/@_morph,word/25/lemma/analysis/0/@_morph,word/25/lemma/analysis/1/@_morph,word/26/@_form,word/26/@_id,word/26/lemma/@_id,word/26/lemma/@_entry,word/26/lemma/@_POS,word/26/lemma/@_TreeTagger,word/26/lemma/@_disambiguated,word/26/lemma/analysis/@_morph,word/27/@_form,word/27/@_id,word/27/lemma/@_id,word/27/lemma/@_entry,word/27/lemma/@_POS,word/27/lemma/@_TreeTagger,word/27/lemma/@_disambiguated,word/27/lemma/analysis/@_morph,word/28/@_form,word/28/@_id,word/28/lemma/@_id,word/28/lemma/@_entry,word/28/lemma/@_POS,word/28/lemma/@_disambiguated,word/28/lemma/@_TreeTagger,word/28/lemma/analysis/@_morph,word/29/@_form,word/29/@_id,word/29/lemma/@_id,word/29/lemma/@_entry,word/29/lemma/@_POS,word/29/lemma/@_disambiguated,word/29/lemma/@_TreeTagger,word/29/lemma/analysis/@_morph,word/30/@_form,word/30/@_id,word/30/lemma/@_id,word/30/lemma/@_entry,word/30/lemma/@_POS,word/30/lemma/@_TreeTagger,word/30/lemma/@_disambiguated,word/30/lemma/analysis/@_morph,punct/4/@_mark,punct/5/@_mark,word/12/lemma/analysis/2/@_morph,word/15/lemma/analysis/2/@_morph,word/15/lemma/analysis/3/@_morph,word/23/lemma/analysis/0/@_morph,word/23/lemma/analysis/1/@_morph,word/17/lemma/analysis/0/@_morph,word/17/lemma/analysis/1/@_morph,word/9/lemma/analysis/3/@_morph,word/8/lemma/analysis/3/@_morph,word/16/lemma/analysis/2/@_morph,word/16/lemma/analysis/3/@_morph,word/6/lemma/analysis/2/@_morph,word/6/lemma/analysis/3/@_morph,word/13/lemma/analysis/2/@_morph
1,2,oi(=on,1,72627,οἷος,adjective,false,n/a,masc acc sg,neut nom/voc/acc sg,o(,2,71882,ὁ,article,false,n/a,masc nom sg,tw)po/llwnos,3,13098,Ἀπόλλων,proper,false,n/a,masc gen sg,e)sei/sato,4,31333,εἴσειμι,verb,0.33,true,aor ind mid 3rd sg (epic),da/fninos,5,23571,δαίς,adjective,false,n/a,masc nom sg,o(/rphc,6,75339,ὄρπηξ,noun,false,n/a,masc nom/voc sg (attic),oi(=a,7,72627,οἷος,adjective,false,n/a,neut nom/voc/acc pl,d',8,23596,δέ,particle,false,n/a,indeclform (particle),o(/lon,9,73277,ὅλος,adjective,false,n/a,masc acc sg,neut nom/voc/acc sg,to\,10,71882,ὁ,article,false,n/a,neut nom/voc/acc sg,me/laqron,11,65796,μέλαθρον,noun,false,n/a,neut nom/voc/acc sg,",",:,,,,,,,,,,,,,,,,,,,,,,,,,,,,,,,,,,,,,,,,,,,,,,,,,,,,,,,,,,,,,,,,,,,,,,,,,,,,,,,,,,,,,,,,,,,,,,,,,,,,,,,,,,,,,,,,,,,,,,,,,,,,,,,,,,,,,,,,,,,,,,,,,,,,,,,,,,,,,,,,,,,,,,,,,,,,,,,,,,,,,,,,,,,,,,,,,,,,,,,,,,,,,,,,,,,,,,,,,,,,,,,,,,,,,,,,,,,,,,,,,,,,
2,2,e(ka\s,1,31584,ἑκάς,adjective,false,n/a,,,e(ka\s,2,31584,ἑκάς,adjective,false,n/a,indeclform (adverb),o(/stis,3,75598,ὅστις,pronoun,false,n/a,masc nom sg,a)litro/s,4,4312,ἀλιτρός,adjective,n/a,false,masc/fem nom sg,,,,,,,,,,,,,,,,,,,,,,,,,,,,,,,,,,,,,,,,,,,,,,,,,,,,,,,,,,,,indeclform (adverb),.,,,,,,,,,,,,,,,,,,,,,,,,,,,,,,,,,,,,,,,,,,,,,,,,,,,,,,,,,,,,,,,,,,,,,,,,,,,,,,,,,,,,,,,,,,,,,,,,,,,,,,,,,,,,,,,,,,,,,,,,,,,,,,,,,,,,,,,,,,,,,,,,,,,,,,,,,,,,,,,,,,,,,,,,,,,,,,,,,,,,,,,,,,,,,,,,,,,,,,,,,,,,,,,,,,,,,,,,,,,,,,,,,,,,,,,,,,,,,,,,,,
3,2,kai\,1,51951,καί,conjunction,false,n/a,,,dh/,2,24295,δή,particle,false,n/a,indeclform (particle),pou,3,nlsj68228,πού,adverb,false,n/a,enclitic indeclform (adverb),ta\,4,71882,ὁ,article,1.0,true,,qu/retra,5,49493,θύρετρα,adjective,false,n/a,neut nom/voc/acc pl,kalw=i,6,nlsj61372,καλός,noun,false,n/a,masc/neut dat sg,podi\,7,84150,ποδίς,noun,true,0.5,fem voc sg,*foi=bos,8,nlsj5526,Φοῖβος,proper,false,n/a,masc nom sg,a)ra/ssei,9,14708,ἀράσσω,verb,true,0.5,pres ind mp 2nd sg,pres ind act 3rd sg,,,,,,,,,,,,,,,,,,,indeclform (conj),:,neut acc pl,neut nom/voc/acc pl,fem acc dual,fem nom/voc/acc dual,,,,,,,,,,,,,,,,,,,,,,,,,,,,,,,,,,,,,,,,,,,,,,,,,,,,,,,,,,,,,,,,,,,,,,,,,,,,,,,,,,,,,,,,,,,,,,,,,,,,,,,,,,,,,,,,,,,,,,,,,,,,,,,,,,,,,,,,,,,,,,,,,,,,,,,,,,,,,,,,,,,,,,,,,,,,,,,,,,,,,,,,,,,,,,,,,,,,,,,,,,,,,,,,,,,,,,,,,,,,,,,,,,,,,,,,,,,,,,
4,2,ou)x,1,75730,οὐ,adverb,false,n/a,,,o(ra/ais,2,unknown,,,false,n/a,,,,,,,,,,,,,,,,,,,,,,,,,,,,,,,,,,,,,,,,,,,,,,,,,,,,,,,,,,,,,,,,,,,,,,,,,,,,,proclitic indeclform (adverb),;,,,,,,,,,,,,,,,,,,,,,,,,,,,,,,,,,,,,,,,,,,,,,,,,,,,,,,,,,,,,,,,,,,,,,,,,,,,,,,,,,,,,,,,,,,,,,,,,,,,,,,,,,,,,,,,,,,,,,,,,,,,,,,,,,,,,,,,,,,,,,,,,,,,,,,,,,,,,,,,,,,,,,,,,,,,,,,,,,,,,,,,,,,,,,,,,,,,,,,,,,,,,,,,,,,,,,,,,,,,,,,,,,,,,,,,,,,,,,,,,,,
5,2,e)pe/neusen,1,40316,ἐπινέω,verb,true,0.5,,,o(,2,71882,ὁ,article,false,n/a,masc nom sg,*dh/lios,3,24334,Δήλιος,proper,false,n/a,,h(du/,4,46712,ἡδύς,adjective,n/a,false,,ti,5,104051,τις,pronoun,false,n/a,neut nom/voc/acc sg,foi=nic,6,112002,φοῖνιξ,noun,false,n/a,masc nom/voc sg,e)capi/nhs,7,36850,ἐξαπίνης,adverb,false,n/a,indeclform (adverb),o(,8,71882,ὁ,article,false,n/a,masc nom sg,de\,9,23596,δέ,particle,false,n/a,,,ku/knos,10,60677,κύκνος,noun,false,n/a,masc nom sg,e)n,11,34700,ἐν,preposition,true,0.5,proclitic indeclform (prep),",",.,aor ind act 3rd sg,,masc voc sg,neut nom/voc/acc sg,masc voc sg,neut nom/voc/acc sg,masc nom sg,masc/fem nom sg,masc nom sg,indeclform (particle),h)e/ri,12,1872,ἀήρ,adjective,false,n/a,masc/fem dat sg (epic),kalo\n,13,nlsj61372,καλός,noun,false,n/a,masc acc sg,neut nom/voc/acc sg,a)ei/dei,14,1587,ἀείδω,verb,false,n/a,pres ind mp 2nd sg (epic doric ionic aeolic),pres ind act 3rd sg (epic doric ionic aeolic),,,,,,,,,,,,,,,,,,,,,,,,,,,,,,,,,,,,,,,,,,,,,,,,,,,,,,,,,,,,,,,,,,,,,,,,,,,,,,,,,,,,,,,,,,,,,,,,,,,,,,,,,,,,,,,,,,,,,,,,,,,,,,,,,,,,,,,,,,,,,,,,,,,,,,,,,,,,,,,,,,,,,,,,,,,,,,,,,,,,,,,,,,,,,,,,,,,,,,,,,,,,,,,,
6,2,au)toi\,1,17907,αὐτός,pronoun,false,n/a,,,nu=n,2,71308,νῦν,adverb,false,n/a,enclitic indeclform (adverb),katoxh=es,3,56122,κατοχεύς,noun,false,n/a,masc nom/voc pl (epic ionic),a)nakli/nesqe,4,6736,ἀνακλίνω,verb,n/a,false,,pula/wn,5,91489,πύλη,adjective,false,n/a,fem gen pl (epic aeolic),au)tai\,6,17907,αὐτός,pronoun,false,n/a,fem nom/voc pl,de\,7,23596,δέ,particle,false,n/a,indeclform (particle),klhi=des,8,57771,κλείς,noun,false,n/a,fem nom/voc pl (epic ionic),,,,,,,,,,,,,,,,,,,,,,,,,,",",:,masc nom/voc pl,,pres imperat mp 2nd pl,pres ind mp 2nd pl,imperf ind mp 2nd pl (homeric ionic),,,,,,,,,,,,,,,,,,,,,,,,,,,,,,,,,,,,,,,,,,,,,,,,,,,,,,,,,,,,,,,,,,,,,,,,,,,,,,,,,,,,,,,,,,,,,,,,,,,,,,,,,,,,,,,,,,,,,,,,,,,,,,,,,,,,,,,,,,,,,,,,,,,,,,,,,,,,,,,,,,,,,,,,,,,,,,,,,,,,,,,,,,,,,,,,,,,,,,,,,,,,,,,,,,,,,,,,,,,,,,,,,,,,,,,,,,,,,,,
7,2,o(,1,71882,ὁ,article,false,n/a,,,ga\r,2,21618,γάρ,particle,false,n/a,indeclform (particle),qeo\s,3,48291,θεός,noun,false,n/a,masc nom sg,ou)k,4,75730,οὐ,adverb,n/a,false,proclitic indeclform (adverb),e)/ti,5,43266,ἔτι,adverb,false,n/a,indeclform (adverb),makrh/n,6,64703,μακρός,adjective,true,1.0,fem acc sg (epic ionic),,,,,,,,,,,,,,,,,,,,,,,,,,,,,,,,,,,,,,,,,,,,masc nom sg,.,,,,,,,,,,,,,,,,,,,,,,,,,,,,,,,,,,,,,,,,,,,,,,,,,,,,,,,,,,,,,,,,,,,,,,,,,,,,,,,,,,,,,,,,,,,,,,,,,,,,,,,,,,,,,,,,,,,,,,,,,,,,,,,,,,,,,,,,,,,,,,,,,,,,,,,,,,,,,,,,,,,,,,,,,,,,,,,,,,,,,,,,,,,,,,,,,,,,,,,,,,,,,,,,,,,,,,,,,,,,,,,,,,,,,,,,,,,,,,,,,,
8,2,oi(,1,71882,ὁ,article,true,1.0,,,de\,2,23596,δέ,particle,false,n/a,indeclform (particle),ne/oi,3,70364,νέος,adjective,true,1.0,,molph/n,4,68361,μολπή,noun,n/a,false,fem acc sg (attic epic ionic),te,5,102752,τε,particle,false,n/a,enclitic indeclform (particle),kai\,6,51951,καί,conjunction,false,n/a,indeclform (conj),e)s,7,31235,εἰς,preposition,false,n/a,proclitic indeclform (prep),xoro\n,8,114468,χορός,noun,false,n/a,masc acc sg,e)ntu/nesqe,9,36350,ἐντύνω,verb,true,0.5,pres imperat mp 2nd pl,pres ind mp 2nd pl,,,,,,,,,,,,,,,,,,,masc nom/voc pl,.,,,,,masc nom/voc pl,masc/fem nom/voc pl (attic),,,,,,,,,,,,,,,,,,,,,,,,,,,,,imperf ind mp 2nd pl (homeric ionic),,,,,,,,,,,,,,,,,,,,,,,,,,,,,,,,,,,,,,,,,,,,,,,,,,,,,,,,,,,,,,,,,,,,,,,,,,,,,,,,,,,,,,,,,,,,,,,,,,,,,,,,,,,,,,,,,,,,,,,,,,,,,,,,,,,,,,,,,,,,,,,,,,,,,,,,,,,,,,,,,,,,,,,,,,,,,,,,,,,,,,,,,,,,,,,,,,,,,,,,,,,,,,,
9,2,w(po/llwn,1,unknown,,,false,n/a,,,ou),2,75730,οὐ,adverb,false,n/a,proclitic indeclform (adverb),panti\,3,79904,πᾶς,adjective,false,n/a,masc/neut dat sg,faei/netai,4,110114,φαίνω,verb,n/a,false,pres ind mp 3rd sg,a)ll',5,4357,ἀλλά,adverb,false,n/a,indeclform (adverb),o(/,6,75512,ὅς,pronoun,true,1.0,neut nom/voc/acc sg,tis,7,104051,τις,pronoun,false,n/a,masc/fem nom sg,e)sqlo/s,8,42893,ἐσθλός,adjective,false,n/a,masc nom sg,,,,,,,,,,,,,,,,,,,,,,,,,,",",:,,,,,,,,,,,,,,,,,,,,,,,,,,,,,,,,,,,,,,,,,,,,,,,,,,,,,,,,,,,,,,,,,,,,,,,,,,,,,,,,,,,,,,,,,,,,,,,,,,,,,,,,,,,,,,,,,,,,,,,,,,,,,,,,,,,,,,,,,,,,,,,,,,,,,,,,,,,,,,,,,,,,,,,,,,,,,,,,,,,,,,,,,,,,,,,,,,,,,,,,,,,,,,,,,,,,,,,,,,,,,,,,,,,,,,,,,,,,,,,,,,,,
10,2,o(/s,1,75512,ὅς,pronoun,false,n/a,,,min,2,67878,μιν,pronoun,false,n/a,masc/fem/neut acc 3rd sg (epic ionic),i)/dhi,3,nlsj11198,εἶδον,verb,true,1.0,,me/gas,4,65552,μέγας,adverb,n/a,false,masc nom sg,ou(=tos,5,76062,οὗτος,pronoun,false,n/a,masc nom/voc sg,o(\s,6,75512,ὅς,pronoun,false,n/a,masc nom sg,ou)k,7,75730,οὐ,adverb,false,n/a,proclitic indeclform (adverb),i)/de,8,nlsj11198,εἶδον,verb,true,1.0,,lito\s,9,63635,λιτός,adjective,true,1.0,masc nom sg,masc nom sg,e)kei=nos,10,31951,ἐκεῖνος,pronoun,false,n/a,masc nom sg,,,,,,,,,",",",",masc nom sg,,,,,,aor subj mp 2nd sg,aor subj act 3rd sg,,,,,,,,,,,,,,,,,,,,,,,,,,,,,,aor imperat act 2nd sg,aor ind act 3rd sg (homeric ionic),",",.,,,,,,,,,,,,,,,,,,,,,,,,,,,,,,,,,,,,,,,,,,,,,,,,,,,,,,,,,,,,,,,,,,,,,,,,,,,,,,,,,,,,,,,,,,,,,,,,,,,,,,,,,,,,,,,,,,,,,,,,,,,,,,,,,,,,,,,,,,,,,,,,,,,,,,,,,,,,,,,,,,,,,,,,,,,,,,,,,,,,,,,,,,,,,,,,,,,,,,,,,,,
11,2,o)yo/meq',1,74735,ὁράω,verb,false,n/a,aor subj mid 1st pl (epic),fut ind mid 1st pl,w)=,2,116027,ὦ,interjection,true,1.0,indeclform (exclam),*(eka/erge,3,31578,Ἑκάεργος,proper,true,0.5,masc voc sg,kai\,4,51951,καί,conjunction,n/a,false,indeclform (conj),e)sso/meq',5,nlsj320,ἔσσομαι,verb,true,0.5,,ou)/pote,6,nlsj68230,οὔποτε,adverb,false,n/a,indeclform (adverb),litoi/,7,63635,λιτός,adjective,false,n/a,,,,,,,,,,,,,,,,,,,,,,,,,,,,,,,,,,,",",",",,,,,,,,,,,,,,,,,,,,,,,,,,,,,,,,,,,,,,,,.,,pres ind mp 1st pl,imperf ind mp 1st pl (homeric ionic),masc nom/voc pl,masc nom/voc pl,,,,,,,,,,,,,,,,,,,,,,,,,,,,,,,,,,,,,,,,,,,,,,,,,,,,,,,,,,,,,,,,,,,,,,,,,,,,,,,,,,,,,,,,,,,,,,,,,,,,,,,,,,,,,,,,,,,,,,,,,,,,,,,,,,,,,,,,,,,,,,,,,,,,,,,,,,,,,,,,,,,,,,,,,,,,,,,,,,,,,,,,,,,,,,,,,,,,,,,
12,2,mh/te,1,67541,μήτε,particle,false,n/a,,,siwphlh\n,2,94475,σιωπηλός,adverb,false,n/a,fem acc sg (attic epic ionic),ki/qarin,3,57345,κίθαρις,noun,false,n/a,fem acc sg,mh/t',4,67541,μήτε,particle,1.0,true,indeclform (particle),a)/yofon,5,18903,ἄψοφος,adverb,false,0.5,,i)/xnos,6,51530,ἴχνος,noun,false,n/a,neut nom/voc/acc sg,tou=,7,71882,ὁ,article,true,1.0,masc/neut gen sg,*foi/bou,8,nlsj5526,Φοῖβος,proper,false,n/a,masc gen sg,tou\s,9,71882,ὁ,article,false,n/a,,,pai=das,10,76703,παῖς,adjective,false,n/a,masc/fem acc pl,e)/xein,11,45996,ἔχω,verb,false,n/a,pres inf act (attic epic),",",",",indeclform (particle),,,,,,,,,masc acc pl,e)pidhmh/santos,12,39186,ἐπιδημέω,verb,false,n/a,,ei),13,30817,εἰ,conjunction,false,n/a,,,tele/ein,14,103005,τέλλω,verb,true,0.5,,,,,,.,,masc/fem acc sg,neut nom/voc/acc sg,,,aor part act masc/neut gen sg,aor part act masc/neut gen sg,proclitic indeclform (conj),fut inf act (epic ionic),me/llousi,15,66173,μέλλω,verb,false,n/a,pres part act masc/neut dat pl (attic epic doric ionic),pres ind act 3rd pl (attic epic doric ionic),ga/mon,16,21578,γάμος,adjective,false,n/a,masc acc sg,polih/n,17,84448,πολιά,noun,1.0,true,fem acc sg (epic ionic),te,18,102752,τε,particle,false,n/a,enclitic indeclform (particle),kerei=sqai,19,56406,κείρω,verb,false,n/a,fut inf mid (attic epic ionic),e(sth/cein,20,51241,ἵστημι,verb,false,n/a,futperf inf act (attic epic),de\,21,23596,δέ,particle,false,n/a,indeclform (particle),to\,22,71882,ὁ,article,false,n/a,neut nom/voc/acc sg,tei=xos,23,102832,τεῖχος,noun,false,n/a,neut nom/voc/acc sg,e)p',24,nlsj126,ἐπί,preposition,false,n/a,indeclform (prep),a)rxai/oisi,25,15842,ἀρχαῖος,adjective,false,n/a,masc/neut dat pl (epic ionic aeolic),qeme/qlois,26,48102,θέμεθλα,noun,false,n/a,neut dat pl,,,,,,,,,,,,,,,,,,,,,,,,,,,,,,,,,,,,,,,,,,,,,,,,,,,,,,,,,,,,,,,,,,,,,,,,,,,,,,,,,,,,,,,,,,,,,,,,,,
13,2,h)gasa/mhn,1,316,ἄγαμαι,verb,true,0.33,,,tou\s,2,71882,ὁ,article,false,n/a,masc acc pl,pai=das,3,76703,παῖς,adjective,false,n/a,masc/fem acc pl,e)pei\,4,38466,ἐπεί,conjunction,n/a,false,indeclform (conj),xe/lus,5,113763,χέλυς,noun,false,n/a,,ou)ke/t',6,75808,οὐκέτι,adverb,false,n/a,indeclform (adverb),a)ergo/s,7,1707,ἀεργός,adjective,false,n/a,masc/fem nom sg,,,,,,,,,,,,,,,,,,,,,,,,,,,,,,,,,,",",.,aor ind mid 1st sg (attic epic ionic),,,,,,,,,,,,,,,,,,,,,,,,,,,,,,,,,,,,,,,,,fem acc pl,fem nom/voc pl,,,,,,,,,,,,,,,,,,,,,,,,,,,,,,,,,,,,,,,,,,,,,,,,,,,,,,,,,,,,,,,,,,,,,,,,,,,,,,,,,,,,,,,,,,,,,,,,,,,,,,,,fem nom sg,,,,,,,,,,,,,,,,,,,,,,,,,,,,,,,,,,,,,,,,,,,,,,,,,,,,,,,,,,,,,,,,,,,,,,,,,,,,,,,,,,,,,,,,,,,,,,,,,
14,2,eu)fhmei=t',1,45402,εὐφημέω,verb,false,n/a,pres opt mp 3rd sg (epic ionic),pres imperat act 2nd pl (attic epic),a)i/ontes,2,29883,ἀίω,verb,false,n/a,pres part act masc nom/voc pl,e)p',3,nlsj126,ἐπί,preposition,false,n/a,indeclform (prep),*)apo/llwnos,4,13098,Ἀπόλλων,proper,n/a,false,masc gen sg,a)oidh=i,5,11105,ἀοιδάω,verb,true,1.0,,,,,,,,,,,,,,,,,,,,,,,,,,,,,,,,,,,,,,,,,,,,,,,,,,,,,,.,,,,,,,,,,,,,,,,,,,,,,,,,,,,,,,,,,,,,,,,pres subj mp 2nd sg (doric),pres ind mp 2nd sg (doric aeolic),,,,,,,,,,,,,,,,,,,,,,,,,,,,,,,,,,,,,,,,,,,,,,,,,,,,,,,,,,,,,,,,,,,,,,,,,,,,,,,,,,,,,,,,,,,,,,,,,,,,,,,,pres subj act 3rd sg (doric),pres opt act 2nd pl,pres ind act 2nd pl (attic epic),pres ind mp 3rd sg (attic epic),imperf ind mp 3rd sg (attic epic),imperf ind act 2nd pl (attic epic),pres ind act 3rd sg (doric aeolic),pres subj mp 2nd sg (epic ionic),pres ind mp 2nd sg (epic doric ionic aeolic),pres subj act 3rd sg (epic ionic),,,,,,,,,,,,,,,,,,,,,,,,,,,,,,,,,,,,,,,,,,,,,,,,,,,,,,,,,,,,,,,,,,,,,,,,,,,,,,,,,,,,,,,,
15,2,eu)fhmei=,1,45402,εὐφημέω,verb,false,n/a,pres ind mp 2nd sg (attic epic doric ionic),pres ind act 3rd sg (attic epic doric ionic),kai\,2,51951,καί,conjunction,false,n/a,indeclform (conj),po/ntos,3,85696,πόντος,noun,false,n/a,masc nom sg,o(/te,4,75688,ὅτε,conjunction,1.0,true,indeclform (conj),klei/ousin,5,57835,κλέω,verb,true,0.33,,a)oidoi/,6,11106,ἀοιδός,noun,false,n/a,masc nom/voc pl,h)\,7,46568,ἠέ,conjunction,true,1.0,indeclform (conj),ki/qarin,8,57345,κίθαρις,noun,false,n/a,fem acc sg,h)\,9,46568,ἠέ,conjunction,true,1.0,,,to/ca,10,104311,τόξον,noun,false,n/a,neut nom/voc/acc pl,*lukwre/os,11,nlsj7332,Λυκωρεύς,proper,false,n/a,masc gen sg (epic ionic),",",",",,,,,,,,,,indeclform (conj),e)/ntea,12,36179,ἔντεα,noun,false,n/a,neut nom/voc/acc pl (epic ionic),*foi/bou,13,nlsj5526,Φοῖβος,proper,false,n/a,,,,,,,,,,,,,,,.,,pres part act masc/neut dat pl (attic epic doric ionic),pres ind act 3rd pl (attic epic doric ionic),,,,,masc gen sg,,,,,,,,,,,,,,,,,,,,,,,,,,,,,,,,,,,,,,,,,,,,,,,,,,,,,,,,,,,,,,,,,,,,,,,,,,,,,,,,,,,,,,,,,,,,,,,,,,,,,,,,,,,,,,,,,,,,,,,,,,,,,,,,,,,,,,,,,,,,,,,,,,,,,,,,,,,,,,,,,,,,,,,,,,,,,,,,,,,,,,,,,,,,,,,,,,,,
16,2,ou)de\,1,75764,οὐδέ,particle,false,0.33,,,*qe/tis,2,48561,Θέτις,proper,false,n/a,,*)axilh=a,3,18714,Ἀχιλλεύς,proper,false,n/a,masc acc sg (epic ionic),kinu/retai,4,57496,κινύρομαι,verb,n/a,false,,ai)/lina,5,2382,αἴλινον,noun,true,0.5,neut nom/voc/acc pl,mh/thr,6,67543,μήτηρ,noun,false,n/a,fem nom sg,o(ppo/q',7,74600,ὁπόθι,adverb,true,0.5,indeclform (adverb),i(h\,8,unknown,,,false,n/a,,paih=on,9,76532,Παιάν,proper,false,n/a,,,i(h\,10,unknown,,,false,n/a,,paih=on,11,76532,Παιάν,proper,false,n/a,masc voc sg (epic ionic),",",.,indeclform (particle),,aor subj mp 3rd sg (epic),pres ind mp 3rd sg,,,,,,masc voc sg (epic ionic),a)kou/shi,12,3388,ἄκουσις,adjective,true,0.5,fem dat sg (epic),,,,,,,,,,,,,,,,,,,,,,,,,,,,,,,,,,,,,,,,,,,,,,,,,,,,,,,,,,,,,,,,,,,,,,,,,,,,,,,,,,,,,,,,,,,,,,,,,,,,,,,,,,,,,,,,,,,,,,,,,,,,,,,,,,,,,,,,,,,fem nom sg (doric),fem nom sg (epic),,,,,,,,,,,,,,,,,,,,,,,,,,,,,,,,,,,,,,,,,,,,,,,,,,,,,,,,,,,,,,,,,,,,,,,,,,,,,,,,,,,,,,
17,2,kai\,1,51951,καί,conjunction,false,n/a,,,me\n,2,66260,μέν,particle,false,n/a,indeclform (particle),o(,3,71882,ὁ,article,false,n/a,masc nom sg,dakruo/eis,4,23291,δακρυόεις,adjective,n/a,false,masc nom sg,a)naba/lletai,5,6227,ἀναβάλλω,verb,false,n/a,pres ind mp 3rd sg,a)/lgea,6,3903,ἄλγος,noun,false,n/a,neut nom/voc/acc pl (epic ionic),pe/tros,7,82800,πέτρος,noun,false,n/a,masc nom sg,o(/stis,8,75598,ὅστις,pronoun,false,n/a,masc nom sg,e)ni\,9,34700,ἐν,preposition,false,n/a,,,*frugi/hi,10,nlsj5576,Φρύγιος,proper,false,n/a,fem dat sg (epic ionic),diero\s,11,26671,διερός,adjective,false,n/a,masc nom sg,",",",",indeclform (conj),,,,,,,,,proclitic poetic indeclform (prep),li/qos,12,63212,λίθος,adjective,false,n/a,masc nom sg,e)sth/riktai,13,96745,στηρίζω,verb,false,n/a,,,ma/rmaron,14,65055,μάρμαρον,noun,false,0.5,,,,,,.,,,,,,,,perf ind mp 3rd sg,neut nom/voc/acc sg,a)nti\,15,9778,ἀντί,preposition,false,n/a,,,gunaiko\s,16,23069,γυνή,noun,false,n/a,fem gen sg,o)izuro/n,17,nlsj78568,ὀιζυρός,adjective,n/a,false,,ti,18,104051,τις,pronoun,false,n/a,neut nom/voc/acc sg,xanou/shs,19,113469,χάσκω,verb,false,n/a,,,,,,,,,,,,,,,,,,,,,,,,,,,,,,,,,,,,,,,,,,,,,,,,,,,,,,,,,,,,,,,,,,,,,,indeclform (prep),masc acc sg (epic),neut nom/voc/acc sg (epic),aor part act fem gen sg (attic epic ionic),fut part act fem gen sg (attic epic),,,,,,,,,,,,,,,,,,,,,,,,,,,,,,,,,,,,,,,,,,,,,,,,,,,,,,,,,,,,,,,,,,,,,,,,,,,,,,,,,
18,2,i(h\,1,unknown,,,false,n/a,,,i(h\,2,unknown,,,false,n/a,,fqe/ggesqe,3,110662,φθέγγομαι,verb,false,n/a,,,,,,,,,,,,,,,,,,,,,,,,,,,,,,,,,,,,,,,,,,,,,,,,,,,,,,,,,,,,,,,,,,,,,,:,,,,,pres imperat mp 2nd pl,pres ind mp 2nd pl,imperf ind mp 2nd pl (homeric ionic),,,,,,,,,,,,,,,,,,,,,,,,,,,,,,,,,,,,,,,,,,,,,,,,,,,,,,,,,,,,,,,,,,,,,,,,,,,,,,,,,,,,,,,,,,,,,,,,,,,,,,,,,,,,,,,,,,,,,,,,,,,,,,,,,,,,,,,,,,,,,,,,,,,,,,,,,,,,,,,,,,,,,,,,,,,,,,,,,,,,,,,,,,,,,,,,,,,,,,,,,,,,,,,,,,,,,,,,,,,,,,,,,,,,,,,,,,,
19,2,kako\n,1,52332,κακός,adjective,false,n/a,masc acc sg,neut nom/voc/acc sg,maka/ressin,2,64581,μάκαρ,noun,false,n/a,masc/fem dat pl (epic aeolic),e)ri/zein,3,42432,ἐρίζω,verb,false,n/a,pres inf act (attic epic),,,,,,,,,,,,,,,,,,,,,,,,,,,,,,,,,,,,,,,,,,,,,,,,,,,,,,,,,,,,,,,,,,,,,.,,,,,,,,,,,,,,,,,,,,,,,,,,,,,,,,,,,,,,,,,,,,,,,,,,,,,,,,,,,,,,,,,,,,,,,,,,,,,,,,,,,,,,,,,,,,,,,,,,,,,,,,,,,,,,,,,,,,,,,,,,,,,,,,,,,,,,,,,,,,,,,,,,,,,,,,,,,,,,,,,,,,,,,,,,,,,,,,,,,,,,,,,,,,,,,,,,,,,,,,,,,,,,,,,,,,,,,,,,,,,,,,,,,,,,,,,,,,,,,,,,
20,2,o(\s,1,75512,ὅς,pronoun,false,n/a,,,ma/xetai,2,65313,μάχομαι,verb,false,n/a,pres ind mp 3rd sg,maka/ressin,3,64581,μάκαρ,noun,false,n/a,masc/fem dat pl (epic aeolic),e)mw=i,4,34194,ἐμός,adjective,n/a,false,masc/neut dat sg,basilh=i,5,19546,βασιλεύς,noun,false,n/a,masc dat sg (epic ionic),ma/xoito,6,65313,μάχομαι,verb,false,n/a,pres opt mp 3rd sg,,,,,,,,,,,,,,,,,,,,,,,,,,,,,,,,,,,,,,,,,,",",:,masc nom sg,,,,,,,,,,,,,,,,,,,,,,,,,,,,,,,,,,,,,,,,,,,,,,,,,,,,,,,,,,,,,,,,,,,,,,,,,,,,,,,,,,,,,,,,,,,,,,,,,,,,,,,,,,,,,,,,,,,,,,,,,,,,,,,,,,,,,,,,,,,,,,,,,,,,,,,,,,,,,,,,,,,,,,,,,,,,,,,,,,,,,,,,,,,,,,,,,,,,,,,,,,,,,,,,,,,,,,,,,,,,,,,,,,,,,,,,,,,,,,,,,,,
21,2,o(/stis,1,75598,ὅστις,pronoun,false,n/a,,,e)mw=i,2,34194,ἐμός,adjective,false,n/a,masc/neut dat sg,basilh=i,3,19546,βασιλεύς,noun,false,n/a,masc dat sg (epic ionic),kai\,4,51951,καί,conjunction,n/a,false,indeclform (conj),*)apo/llwni,5,13098,Ἀπόλλων,proper,false,n/a,masc dat sg,ma/xoito,6,65313,μάχομαι,verb,false,n/a,pres opt mp 3rd sg,,,,,,,,,,,,,,,,,,,,,,,,,,,,,,,,,,,,,,,,,,",",.,masc nom sg,,,,,,,,,,,,,,,,,,,,,,,,,,,,,,,,,,,,,,,,,,,,,,,,,,,,,,,,,,,,,,,,,,,,,,,,,,,,,,,,,,,,,,,,,,,,,,,,,,,,,,,,,,,,,,,,,,,,,,,,,,,,,,,,,,,,,,,,,,,,,,,,,,,,,,,,,,,,,,,,,,,,,,,,,,,,,,,,,,,,,,,,,,,,,,,,,,,,,,,,,,,,,,,,,,,,,,,,,,,,,,,,,,,,,,,,,,,,,,,,,,,
22,2,to\n,1,71882,ὁ,article,false,n/a,,,xoro\n,2,114468,χορός,noun,false,n/a,masc acc sg,w(po/llwn,3,unknown,,,false,n/a,,o(/,4,75512,ὅς,pronoun,1.0,true,neut nom/voc/acc sg,ti,5,104051,τις,pronoun,false,n/a,neut nom/voc/acc sg,oi(,6,71882,ὁ,article,true,1.0,masc nom/voc pl,kata\,7,53647,κατά,preposition,false,n/a,indeclform (prep),qumo\n,8,49415,θυμός,noun,false,n/a,masc acc sg,a)ei/dei,9,1587,ἀείδω,verb,false,n/a,pres ind mp 2nd sg (epic doric ionic aeolic),pres ind act 3rd sg (epic doric ionic aeolic),timh/sei,10,103972,τιμάω,verb,true,0.5,,,,,,,,,,",",",",masc acc sg,,,,,,,,,,,,,,,,,,,,,,,,,,,,,,,,,,,,,,,:,,,,,,,,,,,,,,,,,,,,,,,,,,,,,,,,,,,,,,,,,,,,,,,,,,,,,,,,,,,,,,,,,,,,,,,,,,,,,,,,,,,,,,,,,,,,,,,,,,,,,,,,,,,,,,,,,,,,,,,,,,,,aor subj act 3rd sg (attic epic ionic),fut ind mid 2nd sg (attic ionic),fut ind act 3rd sg (attic ionic),,,,,,,,,,,,,,,,,,,,,,,,,,,,,,,,,,,,,,,,,,,,,,,,,,,,,,,,,,,,,,,,,,,,,,,,,,,,,,
23,2,du/natai,1,28566,δύναμαι,verb,false,n/a,,,ga/r,2,21618,γάρ,particle,false,n/a,indeclform (particle),e)pei\,3,38466,ἐπεί,conjunction,false,n/a,indeclform (conj),*dii\,4,46195,Ζεύς,proper,n/a,false,masc dat sg,decio\s,5,24084,δεξιός,adjective,false,n/a,masc nom sg,h(=stai,6,46954,ἧμαι,verb,false,n/a,perf ind mid 3rd sg,,,,,,,,,,,,,,,,,,,,,,,,,,,,,,,,,,,,,,,,,,",",.,pres ind mp 3rd sg,,,,,,,,,,,,,,,,,,,,,,,,,,,,,,,,,,,,,,,,,,,,,,,,,,,,,,,,,,,,,,,,,,,,,,,,,,,,,,,,,,,,,,,,,,,,,,,,,,,,,,,,,,,,,,,,,,,,,,,,,,,,,,,,,,,,,,,,,,,,,,,,,,,,,,,,,,,,,,,,,,,,,,,,,,,,,,,,,,,,,,,,,,,,,,,,,,,,,,,,,,,,,,,,,,,,,,,,,,,,,,,,,,,,,,,,,,,,,,,,,,,
24,2,ou)d',1,75764,οὐδέ,particle,false,0.33,,,o(,2,71882,ὁ,article,false,n/a,masc nom sg,xoro\s,3,114468,χορός,noun,false,n/a,masc nom sg,to\n,4,71882,ὁ,article,n/a,false,masc acc sg,*foi=bon,5,nlsj5526,Φοῖβος,proper,false,n/a,masc acc sg,e)f',6,nlsj126,ἐπί,preposition,false,n/a,indeclform (prep),e(\n,7,31236,εἷς,adjective,true,1.0,neut nom/voc/acc sg,mo/non,8,68641,μόνος,adjective,false,n/a,,h)=mar,9,46956,ἦμαρ,noun,false,n/a,,,a)ei/sei,10,1587,ἀείδω,verb,false,n/a,,e)/sti,11,31130,εἰμί,verb,false,n/a,pres ind act 3rd sg,",",:,indeclform (particle),,,,,,,,,neut nom/voc/acc sg,ga\r,12,21618,γάρ,particle,false,n/a,indeclform (particle),eu)/umnos,13,45379,εὔυμνος,adjective,false,n/a,,,,,,,,,,,,,masc acc sg,neut nom/voc/acc sg,,,,,,,,,masc/fem nom sg,,,,,,,,,,,,,,,,,,,,,,,,,,,,,,,,,,,,,,,,,,,,,,,,,,,,,,,,,,,,,,,,,,,,,,,,,,,,,,,,,,,,,,,,,,,,,,,,,,,,,,,,,,,,,,,,,,,,aor subj act 3rd sg (epic ionic),fut ind act 3rd sg (epic doric ionic aeolic),fut ind mid 2nd sg (epic doric ionic aeolic),,,,,,,,,,,,,,,,,,,,,,,,,,,,,,,,,,,,,,,,,,,,,,,,,,,,,,,,,,,,,,,,,,,,,,,,,,,,,,
25,2,ti/s,1,nlsj65910,τίς,pronoun,true,0.5,,,a)\n,2,6207,ἄν,particle,true,1.0,indeclform (particle),ou),3,75730,οὐ,adverb,false,n/a,proclitic indeclform (adverb),r(e/a,4,92254,ῥέα,adverb,1.0,true,indeclform (adverb),*foi=bon,5,nlsj5526,Φοῖβος,proper,false,n/a,masc acc sg,a)ei/doi,6,1587,ἀείδω,verb,false,n/a,pres opt act 3rd sg (epic ionic),,,,,,,,,,,,,,,,,,,,,,,,,,,,,,,,,,,,,,,,,,,,masc/fem nom sg,;,,,,,,,,,,,,,,,,,,,,,,,,,,,,,,,,,,,,,,,,,,,,,,,,,,,,,,,,,,,,,,,,,,,,,,,,,,,,,,,,,,,,,,,,,,,,,,,,,,,,,,,,,,,,,,,,,,,,,,,,,,,,,,,,,,,,,,,,,,,,,,,,,,,,,,,,,,,,,,,,,,,,,,,,,,,,,,,,,,,,,,,,,,,,,,,,,,,,,,,,,,,,,,,,,,,,,,,,,,,,,,,,,,,,,,,,,,,,,,,,,,
26,2,xru/sea,1,114816,χρύσεος,adjective,false,n/a,,,tw)po/llwni,2,13098,Ἀπόλλων,proper,false,n/a,masc dat sg,to/,3,71882,ὁ,article,false,n/a,neut nom/voc/acc sg,t',4,102752,τε,particle,1.0,true,enclitic indeclform (particle),e)nduto\n,5,35321,ἐνδυτός,adjective,false,n/a,,h(/,6,75512,ὅς,pronoun,true,1.0,fem nom sg (attic homeric ionic),t',7,102752,τε,particle,true,1.0,enclitic indeclform (particle),e)piporpi/s,8,40607,ἐπιπορπίς,noun,false,n/a,fem nom sg,h(/,9,75512,ὅς,pronoun,true,1.0,,,te,10,102752,τε,particle,false,n/a,enclitic indeclform (particle),lu/rh,11,64165,λύρα,adjective,false,n/a,fem nom/voc sg (epic ionic),",",:,neut nom/voc/acc pl,,,,,,,,,fem nom sg (attic homeric ionic),to/,12,71882,ὁ,article,false,n/a,neut nom/voc/acc sg,t',13,102752,τε,particle,true,1.0,,,a)/emma,14,1689,ἄεμμα,noun,false,n/a,,,,,,,,masc/fem acc sg,neut nom/voc/acc sg,,,,,enclitic indeclform (particle),neut nom/voc/acc sg,to\,15,71882,ὁ,article,false,n/a,,,*lu/ktion,16,nlsj7268,Λύκτιος,proper,false,n/a,,h(/,17,75512,ὅς,pronoun,1.0,true,fem nom sg (attic homeric ionic),te,18,102752,τε,particle,false,n/a,enclitic indeclform (particle),fare/trh,19,110301,φαρέτρα,noun,false,n/a,fem nom/voc sg (epic ionic),xru/sea,20,114816,χρύσεος,adjective,false,n/a,neut nom/voc/acc pl,kai\,21,51951,καί,conjunction,false,n/a,indeclform (conj),ta\,22,71882,ὁ,article,true,1.0,,pe/dila,23,80237,πέδιλον,noun,false,n/a,neut nom/voc/acc pl,,,,,,,,,,,,,,,,,,,,,,,,,,,,,,,,,,,,,neut nom/voc/acc sg,,,,,,,,masc acc sg,neut nom/voc/acc sg,neut acc pl,neut nom/voc/acc pl,fem acc dual,fem nom/voc/acc dual,,,,,,,,,,,,,,,,,,,,,,,,,,,,,,,,,,,,,,,,,,,,,,,,,,,,,,,,,,,,,,,,,,,,,,,,
27,2,polu/xrusos,1,85571,πολύχρυσος,adjective,false,n/a,,,ga\r,2,21618,γάρ,particle,false,n/a,indeclform (particle),*)apo/llwn,3,13098,Ἀπόλλων,proper,false,n/a,masc nom/voc sg,,,,,,,,,,,,,,,,,,,,,,,,,,,,,,,,,,,,,,,,,,,,,,,,,,,,,,,,,,,,,,,,,,,,masc/fem nom sg,.,,,,,,,,,,,,,,,,,,,,,,,,,,,,,,,,,,,,,,,,,,,,,,,,,,,,,,,,,,,,,,,,,,,,,,,,,,,,,,,,,,,,,,,,,,,,,,,,,,,,,,,,,,,,,,,,,,,,,,,,,,,,,,,,,,,,,,,,,,,,,,,,,,,,,,,,,,,,,,,,,,,,,,,,,,,,,,,,,,,,,,,,,,,,,,,,,,,,,,,,,,,,,,,,,,,,,,,,,,,,,,,,,,,,,,,,,,,,,,,,,,
28,2,kai\,1,51951,καί,conjunction,false,n/a,,,de\,2,23596,δέ,particle,false,n/a,indeclform (particle),polukte/anos,3,unknown,,,false,n/a,,,,,,,,,,,,,,,,,,,,,,,,,,,,,,,,,,,,,,,,,,,,,,,,,,,,,,,,,,,,,,,,,,,,,indeclform (conj),:,,,,,,,,,,,,,,,,,,,,,,,,,,,,,,,,,,,,,,,,,,,,,,,,,,,,,,,,,,,,,,,,,,,,,,,,,,,,,,,,,,,,,,,,,,,,,,,,,,,,,,,,,,,,,,,,,,,,,,,,,,,,,,,,,,,,,,,,,,,,,,,,,,,,,,,,,,,,,,,,,,,,,,,,,,,,,,,,,,,,,,,,,,,,,,,,,,,,,,,,,,,,,,,,,,,,,,,,,,,,,,,,,,,,,,,,,,,,,,,,,,
29,2,*puqw=ni/,1,nlsj9387,Πυθών,proper,false,n/a,,,ke,2,6207,ἄν,particle,false,n/a,epic (enclitic indeclform particle),tekmh/raio,3,102841,τεκμαίρομαι,verb,false,n/a,aor opt mid 2nd sg,,,,,,,,,,,,,,,,,,,,,,,,,,,,,,,,,,,,,,,,,,,,,,,,,,,,,,,,,,,,,,,,,,,,fem dat sg,.,,,,,,,,,,,,,,,,,,,,,,,,,,,,,,,,,,,,,,,,,,,,,,,,,,,,,,,,,,,,,,,,,,,,,,,,,,,,,,,,,,,,,,,,,,,,,,,,,,,,,,,,,,,,,,,,,,,,,,,,,,,,,,,,,,,,,,,,,,,,,,,,,,,,,,,,,,,,,,,,,,,,,,,,,,,,,,,,,,,,,,,,,,,,,,,,,,,,,,,,,,,,,,,,,,,,,,,,,,,,,,,,,,,,,,,,,,,,,,,,,,
30,2,kai\,1,51951,καί,conjunction,false,n/a,,,me\n,2,66260,μέν,particle,false,n/a,indeclform (particle),a)ei\,3,1564,ἀεί,adverb,false,n/a,indeclform (adverb),kalo\s,4,nlsj61372,καλός,noun,n/a,false,masc nom sg,kai\,5,51951,καί,conjunction,false,n/a,indeclform (conj),a)ei\,6,1564,ἀεί,adverb,false,n/a,indeclform (adverb),ne/os,7,70364,νέος,adjective,false,n/a,,,,,,,,,,,,,,,,,,,,,,,,,,,,,,,,,,,,,indeclform (conj),:,,,,,,,,,,,,,,,,,,,,,,,,,,,,,,,,,,,,,,,,,,masc nom sg,masc/fem nom sg (attic),,,,,,,,,,,,,,,,,,,,,,,,,,,,,,,,,,,,,,,,,,,,,,,,,,,,,,,,,,,,,,,,,,,,,,,,,,,,,,,,,,,,,,,,,,,,,,,,,,,,,,,,,,,,,,,,,,,,,,,,,,,,,,,,,,,,,,,,,,,,,,,,,,,,,,,,,,,,,,,,,,,,,,,,,,,,,,,,,,,,,,,,,,,,,,,,,,,,,,,
31,2,ou)/pote,1,nlsj68230,οὔποτε,adverb,false,n/a,,,*foi/bou,2,nlsj5526,Φοῖβος,proper,false,n/a,masc gen sg,qhlei/his',3,unknown,,,false,n/a,,ou)d',4,75764,οὐδέ,particle,0.33,false,indeclform (particle),o(/sson,5,75552,ὅσος,adjective,false,n/a,,e)pi\,6,nlsj126,ἐπί,preposition,false,n/a,indeclform (prep),xno/os,7,114250,χνόος,noun,false,n/a,masc nom sg (epic doric ionic),h)=lqe,8,42827,ἔρχομαι,verb,false,n/a,,pareiai=s,9,79213,παρειά,noun,false,n/a,,,,,,,,,,,,,,,,,,,,,indeclform (adverb),.,,,,,,,,fem dat pl,,,,,,,,,,,,,,,,,,,,,,,,,,,,aor ind act 3rd sg,aor ind act 3rd sg,,,masc acc sg (epic),neut nom/voc/acc sg (epic),,,,,,,,,,,,,,,,,,,,,,,,,,,,,,,,,,,,,,,,,,,,,,,,,,,,,,,,,,,,,,,,,,,,,,,,,,,,,,,,,,,,,,,,,,,,,,,,,,,,,,,,,,,,,,,,,,,,,,,,,,,,,,,,,,,,,,,,,,,,,,,,,,,,,,,,,,,,,,,,,,,,,,,,,,,,,,,,,,,,,,,,,,,,,,,,,,,,,,,,,
32,2,ai(,1,71882,ὁ,article,false,n/a,,,de\,2,23596,δέ,particle,false,n/a,indeclform (particle),ko/mai,3,58782,κόμη,noun,false,n/a,,quo/enta,4,49453,θυόεις,adjective,n/a,false,,pe/dwi,5,80257,πέδον,noun,false,n/a,neut dat sg,lei/bousin,6,62218,λείβω,verb,false,n/a,,e)/laia,7,33348,ἔλαιον,noun,false,n/a,neut nom/voc/acc pl,,,,,,,,,,,,,,,,,,,,,,,,,,,,,,,,,,,,fem nom/voc pl,.,neut nom/voc/acc pl,masc acc sg,,,fem nom/voc pl,fem dat sg (doric aeolic),,,,,,,,,,,,,,,,,,,,,,,,,,,,,,,,,,,,,,,,,,,,,,,,,,,,,,,,,,,,,,,,,,,,,,,,,,,,,,,,,,,,,,,,,,,,,,,,,,,,,,,,,,,,,,,,,,,,,,,,,,,,,,,,,,,,,,,,,,,,,,,,,,,,,,,,,,,,,,,,,,,,,pres part act masc/neut dat pl (attic epic doric ionic),pres ind act 3rd pl (attic epic doric ionic),,,,,,,,,,,,,,,,,,,,,,,,,,,,,,,,,,,,,,,,,,,,,,,,,,,,,,,,,,,,,,,,,,,,,,
33,2,ou),1,75730,οὐ,adverb,false,n/a,,,li/pos,2,63550,λίπος,adjective,false,n/a,neut nom/voc/acc sg,*)apo/llwnos,3,13098,Ἀπόλλων,proper,false,n/a,masc gen sg,a)posta/zousin,4,13803,ἀποστάζω,verb,n/a,false,,e)/qeirai,5,30749,ἔθειρα,noun,false,n/a,fem nom/voc pl,a)ll',6,4357,ἀλλά,adverb,false,n/a,indeclform (adverb),au)th\n,7,17907,αὐτός,pronoun,false,n/a,fem acc sg (attic epic ionic),pana/keian,8,77215,πανάκεια,adjective,false,n/a,fem acc sg,,,,,,,,,,,,,,,,,,,,,,,,,,",",:,proclitic indeclform (adverb),,pres part act masc/neut dat pl (attic epic doric ionic),pres ind act 3rd pl (attic epic doric ionic aeolic),pres part act masc/neut dat pl (attic epic doric ionic),pres ind act 3rd pl (attic epic doric ionic),,,,,,,,,,,,,,,,,,,,,,,,,,,,,,,,,,,,,,,,,,,,,,,,,,,,,,,,,,,,,,,,,,,,,,,,,,,,,,,,,,,,,,,,,,,,,,,,,,,,,,,,,,,,,,,,,,,,,,,,,,,,,,,,,,,,,,,,,,,,,,,,,,,,,,,,,,,,,,,,,,,,,,,,,,,,,,,,,,,,,,,,,,,,,,,,,,,,,,,,,,,,,,,,,,,,,,,,,,,,,,,,,,,,,,,,,,,,,,
34,2,e)n,1,34700,ἐν,preposition,true,0.5,,,a)/stei+,2,16686,ἄστυ,noun,false,n/a,,d',3,23596,δέ,particle,false,n/a,indeclform (particle),w)=i,4,nlsj78002,ὄις,noun,n/a,false,,ken,5,6207,ἄν,particle,false,n/a,epic (enclitic indeclform particle),e)kei=nai,6,31951,ἐκεῖνος,pronoun,false,n/a,fem nom/voc pl,prw=kes,7,90891,πρώξ,noun,false,n/a,fem nom/voc pl,e)/raze,8,nlsj39978,ἔραζε,adverb,true,1.0,indeclform (adverb),pe/swsin,9,83253,πίπτω,verb,false,n/a,,,a)kh/ria,10,3152,ἀκήριος,adjective,false,n/a,neut nom/voc/acc pl,pa/nt',11,79904,πᾶς,adjective,true,1.0,,,,proclitic indeclform (prep),.,masc/fem voc sg,masc/fem dat sg (epic doric ionic aeolic),,,,,,aor subj act 3rd pl,e)ge/nonto,12,22209,γίγνομαι,verb,false,n/a,aor ind mid 3rd pl,,,,,,,,,,,,,,,,,,,,,,,,,,,,,,,,,,,,,,,,,,,,,,,,,,,,,,,,,,,,,,,,,,,,,,,,,,,,,,,,,,,,,,,,,,,,,,,,,,,,,,,,,,,,,,,,,,,,,,,,,,,,,,,,,,,,,,,,,,,neut nom/voc/acc dual (attic epic),neut dat sg,,,,,,,,,,,,,,,,,masc acc sg,neut nom/voc/acc pl,,,,,,,,,,,,,,,,,,,,,,,,,,,,,,,,,,,,,,,,,,,,,,,,,,,,,,,,,,,,,,,,,,,,
35,2,te/xnhi,1,103701,τέχνη,noun,false,n/a,,,d',2,23596,δέ,particle,false,n/a,indeclform (particle),a)mfilafh\s,3,5919,ἀμφιλαφής,adverb,false,n/a,masc/fem nom sg,ou)/,4,75730,οὐ,adverb,n/a,false,proclitic indeclform (adverb),tis,5,104051,τις,pronoun,false,n/a,masc/fem nom sg,to/son,6,104416,τόσος,adjective,false,n/a,,o(/sson,7,75552,ὅσος,adjective,false,n/a,,*)apo/llwn,8,13098,Ἀπόλλων,proper,false,n/a,masc nom/voc sg,,,,,,,,,,,,,,,,,,,,,,,,,,,,fem dat sg (attic epic ionic),:,,,,,,,,,,,,,,,,,,,,,,,,,,,,,,,,,,,,,,,,,,masc acc sg (epic),neut nom/voc/acc sg (epic),,,,,,,,,,,,,,,,,,,,,,,,,,,,,,,,,,,,,,,,,,,,,,,,,,,,,,,,,,,,,,,,,,,,,,,,,,,,,,,,,,,,,,,,,,,,,,,,,,,,,,,,,,,,,,,,,,,,,,,,,,,,,,,,masc acc sg,neut nom/voc/acc sg,,,,,,,,,,,,,,,,,,,,,,,,,,,,,,,,,,,,,,,,,,,,,,,,,,,,,,,,,,,,,,,,,,,,,,
36,2,kei=nos,1,31951,ἐκεῖνος,pronoun,false,0.5,,,o)isteuth\n,2,nlsj78556,ὀιστευτής,noun,false,n/a,masc acc sg (attic epic ionic),e)/lax',3,62023,λάσκω,verb,true,0.5,aor ind act 3rd sg,a)ne/ra,4,8665,ἀνήρ,noun,1.0,true,masc acc sg,kei=nos,5,31951,ἐκεῖνος,pronoun,false,0.5,masc nom sg,a)oido/n,6,11106,ἀοιδός,noun,false,n/a,masc acc sg,*foi/bwi,7,nlsj5526,Φοῖβος,proper,false,n/a,masc dat sg,ga\r,8,21618,γάρ,particle,false,n/a,indeclform (particle),kai\,9,51951,καί,conjunction,false,n/a,,,to/con,10,104311,τόξον,noun,false,n/a,neut nom/voc/acc sg,e)pitre/petai,11,41416,ἐπιτρέπω,verb,false,n/a,pres ind mp 3rd sg,",",(,masc nom sg,,,,,,,,,indeclform (conj),kai\,12,51951,καί,conjunction,false,n/a,indeclform (conj),a)oidh/),13,11106,ἀοιδός,noun,false,n/a,,,kei/nou,14,31951,ἐκεῖνος,pronoun,false,0.25,neut gen sg,masc gen sg,,,,),:,,,,,,,fem nom/voc sg (attic epic ionic),,de\,15,23596,δέ,particle,false,n/a,,,qriai\,16,unknown,,,false,n/a,,kai\,17,51951,καί,conjunction,n/a,false,indeclform (conj),ma/nties,18,64961,μάντις,noun,false,n/a,masc nom/voc pl (epic doric ionic aeolic),,,,,,,,,,,,,,,,,,,,,,,,,,,,,,,,,,,,,,,,,,,,,,,,,,,,,,,,,,,,,,,,,,,,,,,,,,,,,indeclform (particle),,,,,,,,,,,,,,,,,,,,,,,,,,,,,,,,,,,,,,,,,,,,,,,,,,,,,,,,,,,,,,,,,,,,,,,,,,,,,,,,,,,,,
37,2,e)k,1,31575,ἐκ,preposition,false,n/a,,,de/,2,23596,δέ,particle,false,n/a,indeclform (particle),nu,3,71308,νῦν,adverb,false,n/a,enclitic indeclform (adverb),*foi/bou,4,nlsj5526,Φοῖβος,proper,n/a,false,masc gen sg,i)htroi\,5,49761,ἰατρός,noun,false,n/a,masc nom/voc pl (epic ionic),deda/asin,6,23272,δαίω,verb,false,n/a,perf ind act 3rd pl (epic),a)na/blhsin,7,6258,ἀνάβλησις,noun,false,n/a,fem acc sg,qana/toio,8,47876,θάνατος,adjective,false,n/a,masc gen sg (epic),,,,,,,,,,,,,,,,,,,,,,,,,,,,proclitic indeclform (prep),.,,,,,,,,,,,,,,,,,,,,,,,,,,,,,,,,,,,,,,,,,,,,,,,,,,,,,,,,,,,,,,,,,,,,,,,,,,,,,,,,,,,,,,,,,,,,,,,,,,,,,,,,,,,,,,,,,,,,,,,,,,,,,,,,,,,,,,,,,,,,,,,,,,,,,,,,,,,,,,,,,,,,,,,,,,,,,,,,,,,,,,,,,,,,,,,,,,,,,,,,,,,,,,,,,,,,,,,,,,,,,,,,,,,,,,,,,,,,,,,,,,
38,2,*foi=bon,1,nlsj5526,Φοῖβος,proper,false,n/a,,,kai\,2,51951,καί,conjunction,false,n/a,indeclform (conj),*no/mion,3,70964,νόμιος,adjective,false,n/a,,kiklh/skomen,4,57380,κικλήσκω,verb,n/a,false,,e)ce/ti,5,37223,ἐξέτι,preposition,false,n/a,indeclform (prep),kei/nou,6,31951,ἐκεῖνος,pronoun,false,0.25,,e)co/t',7,37625,ἐξότε,adverb,false,n/a,indeclform (adverb),e)p',8,nlsj126,ἐπί,preposition,false,n/a,indeclform (prep),*)amfrussw=i,9,unknown,,,false,n/a,,,zeugi/tidas,10,nlsj114621,ζευγῖτις,noun,true,1.0,fem acc pl,e)/trefen,11,104690,τρέφω,verb,false,n/a,imperf ind act 3rd sg,",",.,masc acc sg,,pres ind act 1st pl,imperf ind act 1st pl (homeric ionic),,,masc acc sg,neut nom/voc/acc sg,masc/fem acc sg,,i(/ppous,12,50824,ἵππος,noun,false,n/a,masc/fem acc pl,h)iqe/ou,13,46788,ἠίθεος,noun,false,n/a,,,u(p',14,108092,ὑπό,preposition,false,n/a,indeclform (prep),epic (poetic indeclform prep),,,,,,,,,,,,masc gen sg,,e)/rwti,15,42840,ἔρως,noun,false,n/a,dat sg,masc dat sg,kekaume/nos,16,52055,καίω,verb,false,n/a,perf part mp masc nom sg,*)admh/toio,17,nlsj1388,Ἄδμητος,proper,n/a,false,masc gen sg (epic),,,,,,,,,,,,,,,,,,,,,,,,,,,,,,,,,,,,,,,,,,,,,,,,,,,,,,,,,,,,,,,,,,,,,,,,,,,,,,,,,,,,,,,,,,,,,,,,,,,neut gen sg,masc gen sg,,,neut nom/voc/acc sg,,,,,,,,,,,,,,,,,,,,,,,,,,,,,,,,,,,,,,,,,,,,,,,,,,,,,,,,,,,,,,,,,,,
39,2,r(ei=a/,1,92273,ῥεῖα,adverb,false,n/a,,,ke,2,6207,ἄν,particle,false,n/a,epic (enclitic indeclform particle),boubo/sion,3,20488,βουβόσιον,noun,false,n/a,neut nom/voc/acc sg,tele/qoi,4,102923,τελέθω,verb,n/a,false,pres opt act 3rd sg,ple/on,5,83718,πλέος,adjective,true,0.5,,ou)de/,6,75764,οὐδέ,particle,false,0.33,indeclform (particle),ken,7,6207,ἄν,particle,false,n/a,epic (enclitic indeclform particle),ai)=ges,8,2577,αἴξ,adjective,false,n/a,masc/fem nom/voc pl,deu/ointo,9,24293,δέω,verb,true,0.33,,,brefe/wn,10,20945,βρέφος,noun,false,n/a,neut gen pl (epic doric ionic aeolic),e)pimhla/des,11,unknown,,,false,n/a,,",",:,indeclform (adverb),,,,,,,,,pres opt mp 3rd pl (aeolic),h(=isin,12,75512,ὅς,pronoun,true,1.0,fem dat pl (homeric ionic),*)apo/llwn,13,13098,Ἀπόλλων,proper,false,n/a,,,boskome/nhis',14,unknown,,,false,n/a,,,,,,,,masc acc sg,neut nom/voc/acc sg,,,,,masc nom/voc sg,,o)fqalmo\n,15,76118,ὀφθαλμός,noun,false,n/a,,,e)ph/gagen,16,37851,ἐπάγω,verb,false,n/a,aor ind act 3rd sg (attic epic ionic),,,,,,,,,,,,,,,,,,,,,,,,,,,,,,,,,,,,,,,,,,,,,,,,,,,,,,,,,,,,,,,,,,,,,,,,,,,,,,,,,,,,,,,,,,,,,masc acc sg,,,,,,,,,,,,,,,,,,,,,,,,,,,,,,,,,,,,,,,,,,,,,,,,,,,,,,,,,,,,,,,,,,,,,,,,,,,,,,,,,,,,,
40,2,ou)d',1,75764,οὐδέ,particle,false,0.33,,,a)ga/laktes,2,unknown,,,false,n/a,,oi)/ies,3,nlsj78002,ὄις,noun,false,n/a,masc/fem nom/voc pl (epic doric ionic aeolic),ou)d',4,75764,οὐδέ,particle,0.33,false,indeclform (particle),a)/kuqoi,5,3762,ἄκυθος,adjective,false,n/a,masc/fem nom/voc pl,pa=sai,6,79904,πᾶς,adjective,true,1.0,fem nom/voc pl (attic epic ionic),de/,7,23596,δέ,particle,false,n/a,indeclform (particle),ken,8,6207,ἄν,particle,false,n/a,epic (enclitic indeclform particle),ei)=en,9,nlsj53463,εἶεν,particle,true,1.0,,,u(/parnoi,10,106962,ὕπαρνος,adjective,false,n/a,masc/fem nom/voc pl,h(,11,71882,ὁ,article,false,n/a,fem nom/voc sg,",",",",indeclform (particle),,,,,,,,,attic (indeclform particle),de/,12,23596,δέ,particle,false,n/a,indeclform (particle),ke,13,6207,ἄν,particle,false,n/a,,,mounoto/kos,14,unknown,,,false,n/a,,,,,,.,,,,,,,,epic (enclitic indeclform particle),,didumhto/kos,15,26428,διδυμητόκος,adjective,false,n/a,,,ai)=ya,16,2809,αἶψα,adverb,false,n/a,indeclform (adverb),ge/noito,17,22209,γίγνομαι,verb,n/a,false,aor opt mid 3rd sg,,,,,,,,,,,,,,,,,,,,,,,,,,,,,,,,,,,,,,,,,,,,,,,,,,,,,,,,,,,,,,,,,,,,,,,,,,,,,,,,,,,,,masc/fem nom sg,,,,,,,,,,,,,,,,,,,,,,,,,,,,,,,,,,,,,,,,,,,,,,,,,,,,,,,,,,,,,,,,,,,,,,,,,,,,,,,,,,,,,
41,2,*foi/bwi,1,nlsj5526,Φοῖβος,proper,false,n/a,,,d',2,23596,δέ,particle,false,n/a,indeclform (particle),e(spo/menoi,3,41798,ἕπομαι,verb,false,n/a,aor part mid masc nom/voc pl (epic),po/lias,4,84494,πόλις,adjective,n/a,false,fem acc pl (epic doric ionic aeolic),diemetrh/santo,5,25258,διαμετρέω,verb,false,n/a,aor ind mid 3rd pl,a)/nqrwpoi,6,8909,ἄνθρωπος,noun,false,n/a,masc nom/voc pl,,,,,,,,,,,,,,,,,,,,,,,,,,,,,,,,,,,,,,,,,,,,masc dat sg,:,,,,,,,,,,,,,,,,,,,,,,,,,,,,,,,,,,,,,,,,,,,,,,,,,,,,,,,,,,,,,,,,,,,,,,,,,,,,,,,,,,,,,,,,,,,,,,,,,,,,,,,,,,,,,,,,,,,,,,,,,,,,,,,,,,,,,,,,,,,,,,,,,,,,,,,,,,,,,,,,,,,,,,,,,,,,,,,,,,,,,,,,,,,,,,,,,,,,,,,,,,,,,,,,,,,,,,,,,,,,,,,,,,,,,,,,,,,,,,,,,,
42,2,*foi=bos,1,nlsj5526,Φοῖβος,proper,false,n/a,,,ga\r,2,21618,γάρ,particle,false,n/a,indeclform (particle),a)ei\,3,1564,ἀεί,adverb,false,n/a,indeclform (adverb),poli/essi,4,84494,πόλις,adjective,n/a,false,fem dat pl (epic doric ionic aeolic),filhdei=,5,110983,φιληδής,adjective,true,1.0,,ktizome/nhis',6,unknown,,,false,n/a,,au)to\s,7,17907,αὐτός,pronoun,false,n/a,masc nom sg,de\,8,23596,δέ,particle,false,n/a,indeclform (particle),qemei/lia,9,48102,θέμεθλα,noun,true,0.5,,,*foi=bos,10,nlsj5526,Φοῖβος,proper,false,n/a,masc nom sg,u(fai/nei,11,109779,ὑφαίνω,verb,false,n/a,,",",.,masc nom sg,,,,,,,,,neut nom/voc/acc pl,,,,,,,,,,,,,,,,,,,,,,,,,,,,,,,,masc/fem/neut nom/voc/acc dual (attic epic),masc/fem/neut dat sg,,,,,,,,,,,,,,,,,,,,,,,,,,,,,,,,,,,,,,,,,,,,,,,,,,,,,,,,,,,,,,,,,,,,,,,,,,,,,,,,,,,,,,,,,,,,,,,,,,,,,,,,,,,,,,,,,,,,,,,,,,,,,,,,,,,,pres ind mp 2nd sg,pres ind act 3rd sg,,,,,,,,,,,,,,,,,,,,,,,,,,,,,,,,,,,,,,,,,,,,,,,,,,,,,,,,,,,,,,,,,,,,
43,2,tetrae/ths,1,103376,τετραετής,adjective,false,n/a,masc/fem acc pl (attic epic doric),masc/fem nom/voc pl (doric aeolic),ta\,2,71882,ὁ,article,true,1.0,,prw=ta,3,90504,πρότερος,adjective,true,0.5,neut nom/voc/acc pl,qemei/lia,4,48102,θέμεθλα,noun,0.5,true,neut nom/voc/acc pl,*foi=bos,5,nlsj5526,Φοῖβος,proper,false,n/a,masc nom sg,e)/phce,6,45723,ἐφήκω,verb,true,0.33,aor ind act 3rd sg (ionic),kalh=i,7,nlsj61372,καλός,noun,true,1.0,fem dat sg (attic epic ionic),e)n,8,34700,ἐν,preposition,true,0.5,proclitic indeclform (prep),*)ortugi/hi,9,75384,Ὀρτυγία,proper,false,n/a,,,perihge/os,10,81359,περιηγής,adjective,false,n/a,masc/fem/neut gen sg (epic doric ionic aeolic),e)ggu/qi,11,30024,ἐγγύθι,adverb,false,n/a,indeclform (adverb),,,,.,,,,,,,,fem dat sg (epic ionic),li/mnhs,12,63314,λίμνη,noun,false,n/a,fem gen sg (attic epic ionic),,,,,,,,,,,,,,,,,,,,,,,,,,,,,,,,,,,,,,,,,,,,,,,,,,,,,,,,,,,,,,,,,,,,,,,,,,,,,,,,,,,,,,,,,,,,,,,,,,,,,,,,,,,,,,,,,,,,,,,,,,,,,,,,,,masc/fem nom sg,,,,,,,,,neut acc pl,neut nom/voc/acc pl,,,,,,,,,,,,,,,,,,,,fem acc dual,fem nom/voc/acc dual,,,,,,,,,,,,,,,,,,,,,,,,,,,,,,,,,,,,,,,,,,,,,,,,,,,,,,,,,,,,,,,,,
44,2,*)/artemis,1,15597,Ἄρτεμις,proper,false,n/a,,,a)grw/ssousa,2,960,ἀγρώσσω,verb,false,n/a,pres part act fem nom/voc sg (attic epic doric ionic),karh/ata,3,53248,κάρα,noun,false,n/a,neut nom/voc/acc pl,sunexe\s,4,100495,συνεχής,adverb,n/a,false,,ai)gw=n,5,2577,αἴξ,adjective,false,n/a,masc/fem gen pl,*kunqia/dwn,6,unknown,,,false,n/a,,fore/esken,7,112102,φορέω,verb,false,n/a,imperf ind act 3rd sg (epic ionic),o(\,8,75512,ὅς,pronoun,true,1.0,neut nom/voc/acc sg,d',9,23596,δέ,particle,false,n/a,,,e)/pleke,10,83683,πλέκω,verb,false,n/a,imperf ind act 3rd sg,bwmo\n,11,21335,βωμός,noun,false,n/a,masc acc sg,",",.,fem nom sg,,masc/fem voc sg,neut nom/voc/acc sg,,,,,,indeclform (particle),*)apo/llwn,12,13098,Ἀπόλλων,proper,false,n/a,masc nom/voc sg,,,,,,,,,,,,,,,,,,,,,,,,,,,,,,,,,,,,,,,,,,,,,,,,,,,,,,,,,,,,,,,,,,,,,,,,,,,,,,,,,,,,,,,,,,,,,,,,,,,,,,,,,,,,,,,,,,,,,,,,,,,,,,,,,,,,,,,,,,,,,,,,,,,,,,,,,,,,,,,,,,,,,,,,,,,,,,,,,,,,,,,,,,,,,,,,,,,,,,,,,,,,,,,,,,,,,,,,,,,,,,,,,,
45,2,dei/mato,1,24014,δέμω,verb,false,n/a,,,me\n,2,66260,μέν,particle,false,n/a,indeclform (particle),kera/essin,3,56730,κέρας,noun,false,n/a,neut dat pl (epic aeolic),e)de/qlia,4,30676,ἐδέθλιον,noun,n/a,false,neut nom/voc/acc pl,ph=ce,5,82887,πήγνυμι,verb,true,0.5,aor ind act 3rd sg (homeric ionic),de\,6,23596,δέ,particle,false,n/a,indeclform (particle),bwmo\n,7,21335,βωμός,noun,false,n/a,masc acc sg,e)k,8,31575,ἐκ,preposition,false,n/a,proclitic indeclform (prep),kera/wn,9,56730,κέρας,noun,false,n/a,,,keraou\s,10,56727,κεραός,adjective,false,n/a,masc acc pl,de\,11,23596,δέ,particle,false,n/a,indeclform (particle),",",",",aor ind mid 3rd sg (homeric ionic),,,,,,,,,neut gen pl,pe/ric,12,81749,πέριξ,preposition,false,n/a,indeclform (prep),u(peba/lleto,13,108103,ὑποβάλλω,verb,false,n/a,,,toi/xous,14,104194,τοῖχος,noun,false,n/a,,,,,,.,,,,,,,,imperf ind mp 3rd sg,masc acc pl,,,,,,,,,,,,,,,,,,,,,,,,,,,,,,,,,,,,,,,,,,,,,,,,,,,,,,,,,,,,,,,,,,,,,,,,,,,,,,,,,,,,,,,,,,,,,,,,,,,,,,,,,,,,,,,,,,,,,,,,,,,,,,,,,,,,,,,,,,,,,,,,,,,,,,,,,,,,,,,,,,,,,,,,,,,,,,,,,,,,,,,,,,,,,,,,,,,
46,2,w(=d',1,116050,ὧδε,adverb,false,n/a,,,e)/maqen,2,64914,μανθάνω,verb,false,n/a,aor ind act 3rd sg,ta\,3,71882,ὁ,article,true,1.0,,prw=ta,4,90504,πρότερος,adjective,0.5,true,neut nom/voc/acc pl,qemei/lia,5,48102,θέμεθλα,noun,true,0.5,neut nom/voc/acc pl,*foi=bos,6,nlsj5526,Φοῖβος,proper,false,n/a,masc nom sg,e)gei/rein,7,30040,ἐγείρω,verb,false,n/a,pres inf act (attic epic),,,,,,,,,,,,,,,,,,,,,,,,,,,,,,,,,,,,indeclform (adverb),.,,,,,neut acc pl,neut nom/voc/acc pl,fem acc dual,,,,,,,,,,,,,,,,,,,,,,,,,,,,,,,,,,,,,,,,,,,,,,,,,,,,,,,,,,,,,,,,,,,,,,,,,,,,,,,,,,,,,,,,,,,,,,,,,,,,,,,,,,,,,,,,,,,,,,,,,,,,,,,,,,,,,,,,,,,,,,,,,,,,,,,,,,,,,,,,,,,,,,,,fem nom/voc/acc dual,,,,,,,,,,,,,,,,,,,,,,,,,,,,,,,,,,,,,,,,,,,,,,,,,,,,,,,,,,,,,,,,,,,
47,2,*foi=bos,1,nlsj5526,Φοῖβος,proper,false,n/a,,,kai\,2,51951,καί,conjunction,false,n/a,indeclform (conj),baqu/geion,3,19018,βαθύγειος,adjective,false,n/a,,e)mh\n,4,34194,ἐμός,adjective,n/a,false,fem acc sg (attic epic ionic),po/lin,5,84494,πόλις,adjective,false,n/a,fem acc sg,e)/frase,6,112217,φράζω,verb,false,n/a,aor ind act 3rd sg,*ba/ttwi,7,unknown,,,false,n/a,,kai\,8,51951,καί,conjunction,false,n/a,indeclform (conj),*libu/hn,9,63063,Λιβύη,proper,false,n/a,,,e)sio/nti,10,31333,εἴσειμι,verb,false,n/a,pres part act masc/neut dat sg,ko/rac,11,59061,κόραξ,noun,false,n/a,masc nom/voc sg,,,masc nom sg,:,,,,,masc/fem acc sg,neut nom/voc/acc sg,,fem acc sg (attic epic ionic),h(gh/sato,12,463,ἁγέομαι,verb,true,0.5,aor ind mp 3rd sg (attic epic ionic),law=i,13,61925,λαός,noun,false,n/a,,,decio\s,14,24084,δεξιός,adjective,false,n/a,,,,,,,,,,,,,,masc dat sg,masc nom sg,oi)kisth=ri,15,72301,οἰκιστήρ,noun,false,n/a,,,kai\,16,51951,καί,conjunction,false,n/a,indeclform (conj),w)/mose,17,73530,ὄμνυμι,verb,n/a,false,aor ind act 3rd sg,tei/xea,18,102832,τεῖχος,noun,false,n/a,neut nom/voc/acc pl (epic ionic),dw/sein,19,26447,δίδωμι,verb,false,n/a,fut inf act (attic epic),h(mete/rois,20,47030,ἡμέτερος,adjective,false,n/a,masc/neut dat pl,basileu=sin,21,19546,βασιλεύς,noun,false,n/a,masc dat pl,,,,,,,,,,,,,,,,,,,,,,,,,,,,,,,,,,,,,,,,,,,,,,,,,,,,,masc dat sg,,,,,,,,,,,,,,,,,,,,,,,,,,,,,,,,,,,,,,,,,,,,,,,,,,,,,,,,,,,,,,,,,,,,,,,,,,,,,,,,,,,,,
48,2,a)ei\,1,1564,ἀεί,adverb,false,n/a,,,d',2,23596,δέ,particle,false,n/a,indeclform (particle),eu)/orkos,3,44635,εὔορκος,adjective,false,n/a,masc/fem nom sg,*)apo/llwn,4,13098,Ἀπόλλων,proper,n/a,false,masc nom/voc sg,,,,,,,,,,,,,,,,,,,,,,,,,,,,,,,,,,,,,,,,,,,,,,,,,,,,,,,,,,,,indeclform (adverb),.,,,,,,,,,,,,,,,,,,,,,,,,,,,,,,,,,,,,,,,,,,,,,,,,,,,,,,,,,,,,,,,,,,,,,,,,,,,,,,,,,,,,,,,,,,,,,,,,,,,,,,,,,,,,,,,,,,,,,,,,,,,,,,,,,,,,,,,,,,,,,,,,,,,,,,,,,,,,,,,,,,,,,,,,,,,,,,,,,,,,,,,,,,,,,,,,,,,,,,,,,,,,,,,,,,,,,,,,,,,,,,,,,,,,,,,,,,,,,,,,,,
49,2,w)/pollon,1,unknown,,,false,n/a,,,polloi/,2,85306,πολύς,adjective,false,n/a,masc nom/voc pl,se,3,97456,σύ,pronoun,false,n/a,acc 2nd sg,*bohdro/mion,4,nlsj4240,Βοηδρόμιος,proper,n/a,false,masc acc sg,kale/ousi,5,52571,καλέω,verb,false,n/a,,polloi\,6,85306,πολύς,adjective,false,n/a,masc nom/voc pl,de\,7,23596,δέ,particle,false,n/a,indeclform (particle),*kla/rion,8,57703,Κλάριος,proper,false,n/a,,pa/nth,9,77613,πάντῃ,adverb,false,n/a,,,de/,10,23596,δέ,particle,false,n/a,indeclform (particle),toi,11,104155,τοι,particle,true,1.0,enclitic indeclform (particle),",",",",,,,,,,,,,indeclform (adverb),ou)/noma,12,74126,ὄνομα,adjective,false,n/a,neut nom/voc/acc sg (epic ionic),poulu/,13,85306,πολύς,adjective,false,n/a,masc voc sg (epic),neut nom/voc/acc sg (epic),,,,,,,,,,,masc acc sg,neut nom/voc/acc sg,",",:,fut part act masc/neut dat pl (attic epic doric ionic),fut ind act 3rd pl (attic epic doric ionic),,,,,,,,,,,,,,,,,,,,,,,,,,,,,,,,,,,,,,,,,,,,,,,,,,,,,,,,,,,,,,,,,,,,,,,,,,,,,,,,,,,,,,,,,,,,,,,,,,,,,,,,pres part act masc/neut dat pl (epic doric ionic),,,,,,pres ind act 3rd pl (epic doric ionic),,,,,,,,,,,,,,,,,,,,,,,,,,,masc acc sg,,,,,,,,,,,,,,,,,,,,,,,,,,,,,,,,,,,,,,,,,,,,,,,,,,,,,,,,,,,,,,,,
50,2,au)ta\r,1,16958,ἀτάρ,particle,false,n/a,,,e)gw\,2,30657,ἐγώ,pronoun,false,n/a,masc/fem nom/voc 1st sg,*karnei=on,3,unknown,,,false,n/a,,,,,,,,,,,,,,,,,,,,,,,,,,,,,,,,,,,,,,,,,,,,,,,,,,,,,,,,,,,,,,,,,,,,,epic (indeclform particle),:,,,,,,,,,,,,,,,,,,,,,,,,,,,,,,,,,,,,,,,,,,,,,,,,,,,,,,,,,,,,,,,,,,,,,,,,,,,,,,,,,,,,,,,,,,,,,,,,,,,,,,,,,,,,,,,,,,,,,,,,,,,,,,,,,,,,,,,,,,,,,,,,,,,,,,,,,,,,,,,,,,,,,,,,,,,,,,,,,,,,,,,,,,,,,,,,,,,,,,,,,,,,,,,,,,,,,,,,,,,,,,,,,,,,,,,,,,,,,,,,,,
51,2,e)moi\,1,30657,ἐγώ,pronoun,true,1.0,,,patrw/ion,2,nlsj84135,πατρώιος,adjective,false,n/a,,ou(/tw,3,76063,οὕτως,adverb,false,n/a,indeclform (adverb),,,,,,,,,,,,,,,,,,,,,,,,,,,,,,,,,,,,,,,,,,,,,,,,,,,,,,,,,,,,,,,,,,,,masc/fem dat 1st sg,.,,,,,,,,,,,,,,,,,,,,,,,,,,,,,,,,,,,,,,,,,,,,,,,,,,,,,,,,,,,,,,,,,,,,,,,,,,,,,,,,,,,,,,,,,,,,,,,,,,,,,,,,,,,,,,,,,,,,,,,,,,,,,,,,,,,,,,,,,,,,,,,,,,,,,,,,,,,masc acc sg,neut nom/voc/acc sg,,,,,,,,,,,,,,,,,,,,,,,,,,,,,,,,,,,,,,,,,,,,,,,,,,,,,,,,,,,,,,,,,,,,,,,,,,,,,,,,,,,,,,
52,2,*spa/rth,1,95770,Σπάρτη,proper,false,n/a,,,toi,2,97456,σύ,pronoun,true,1.0,dat 2nd sg (doric),*karnei=e,3,unknown,,,false,n/a,,to\,4,71882,ὁ,article,n/a,false,neut nom/voc/acc sg,dh\,5,24295,δή,particle,false,n/a,indeclform (particle),prw/tiston,6,90936,πρώτιστος,adjective,false,n/a,,e)/deqlon,7,30677,ἔδεθλον,noun,false,n/a,neut nom/voc/acc sg,deu/teron,8,24261,δεύτερος,adjective,false,n/a,,au)=,9,18080,αὖ,interjection,false,0.5,,,*qh/rh,10,48703,Θήρα,proper,true,0.33,fem nom/voc sg (epic ionic),tri/tato/n,11,105316,τρίτατος,adjective,false,n/a,,",",",",fem nom/voc sg (attic epic doric ionic),,,,,,,,,indeclform (adverb),ge,12,21705,γε,particle,false,n/a,enclitic indeclform (particle),me\n,13,66260,μέν,particle,false,n/a,,,a)/stu,14,16686,ἄστυ,noun,false,n/a,,,,masc acc sg,neut nom/voc/acc sg,.,,,,,,,,indeclform (particle),neut nom/voc/acc sg,*kurh/nhs,15,61040,Κυρήνη,proper,false,n/a,,,,,,,,,,,,,,,,,,,,,,,,,,,,,,,,,,,,,,,,,,,,,,,,,,,,,,,,,,,,,,,,,,,,,,,,,,,,,,,,,,,,,,,,,,,,,,,,,,,,,,,fem gen sg (attic epic ionic),,,,,,,,,,,,,,masc acc sg,neut nom/voc/acc sg,masc acc sg,neut nom/voc/acc sg,,,,,masc/fem acc sg,neut nom/voc/acc sg,,,,,,,,,,,,,,,,,,,,,,,,,,,,,,,,,,,,,,,,,,,,,,,,,,,,,,,,,,,,,,
53,2,e)k,1,31575,ἐκ,preposition,false,n/a,,,me/n,2,66260,μέν,particle,false,n/a,indeclform (particle),se,3,97456,σύ,pronoun,false,n/a,acc 2nd sg,*spa/rths,4,95770,Σπάρτη,proper,n/a,false,fem gen sg (attic epic doric ionic),e(/kton,5,33057,ἕκτος,adjective,false,n/a,,ge/nos,6,21920,γένος,noun,false,n/a,neut nom/voc/acc sg,*oi)dipo/dao,7,nlsj8322,Οἰδιπόδης,proper,false,n/a,masc gen sg (epic doric ionic),h)/gage,8,1083,ἄγω,verb,false,n/a,aor ind act 3rd sg (attic epic ionic),*qhrai/hn,9,48722,θηράω,verb,false,n/a,,,e)s,10,31235,εἰς,preposition,false,n/a,proclitic indeclform (prep),a)po/ktisin,11,12977,ἀπόκτισις,noun,false,n/a,fem acc sg,,,proclitic indeclform (prep),:,,,,,,,,pres opt act 1st sg,,,,,,,,,,,,,,,,,,,,,,,,,,,,,,,,masc acc sg,neut nom/voc/acc sg,,,,,,,,,,,,,,,,,,,,,,,,,,,,,,,,,,,,,,,,,,,,,,,,,,,,,,,,,,,,,,,,,,,,,,,,,,,,,,,,,,,,,,,,,,,,,,,,,,,,,,,,,,,,,,,,,,,,,,,,,,,,,,,,,,,,,,,,,,,,,,,,,,,,,,,,,,,,,,,,,,,,,,,,,,,,,,,,,,,,,,,,,,,,,,,,,,,,,,,,,
54,2,e)k,1,31575,ἐκ,preposition,false,n/a,,,de/,2,23596,δέ,particle,false,n/a,indeclform (particle),se,3,97456,σύ,pronoun,false,n/a,acc 2nd sg,*qh/rhs,4,48703,Θήρα,proper,0.33,true,fem gen sg (epic ionic),ou)=los,5,75858,οὖλος,adjective,true,0.33,masc nom sg,*)aristote/lhs,6,nlsj2729,Ἀριστοτέλης,proper,false,n/a,,*)asbusti/di,7,unknown,,,false,n/a,,pa/rqeto,8,78926,παρατίθημι,verb,false,n/a,aor ind mid 3rd sg (homeric),gai/hi,9,21401,γαῖα,noun,false,n/a,fem dat sg (epic ionic),fem dat sg (attic epic ionic),dei=me,10,24014,δέμω,verb,false,n/a,aor ind act 3rd sg (homeric ionic),de/,11,23596,δέ,particle,false,n/a,indeclform (particle),",",",",proclitic indeclform (prep),,,,,,,,,,toi,12,97456,σύ,pronoun,true,1.0,dat 2nd sg (doric),ma/la,13,64757,μάλα,adverb,true,1.0,,,kalo\n,14,nlsj61372,καλός,noun,false,n/a,masc acc sg,neut nom/voc/acc sg,,,,",",",",,,,,,,indeclform (adverb),,a)na/ktoron,15,6833,ἀνάκτορον,noun,false,n/a,,,e)n,16,34700,ἐν,preposition,true,0.5,proclitic indeclform (prep),de\,17,23596,δέ,particle,n/a,false,indeclform (particle),po/lhi,18,84494,πόλις,adjective,false,n/a,fem dat sg (epic doric ionic),qh=ke,19,103922,τίθημι,verb,false,n/a,aor ind act 3rd sg (homeric ionic),telesfori/hn,20,102983,τελεσφορία,noun,false,n/a,fem acc sg (epic ionic),e)peth/sion,21,38763,ἐπετήσιος,adjective,false,n/a,,h(=i,22,46574,ᾗ,adverb,true,1.0,indeclform (adverb),e)ni\,23,34700,ἐν,preposition,false,n/a,proclitic poetic indeclform (prep),polloi/,24,85306,πολύς,adjective,false,n/a,masc nom/voc pl,u(sta/tion,25,109727,ὑστάτιος,adjective,false,n/a,,pi/ptousin,26,83253,πίπτω,verb,false,n/a,,,,,,,,,,,,,,neut nom/voc/acc sg,,,,,,,,,,,,,,masc acc pl (attic epic doric),masc nom/voc pl (doric aeolic),,,,,,,masc nom sg,,masc/fem acc sg,neut nom/voc/acc sg,masc acc sg,neut nom/voc/acc sg,pres part act masc/neut dat pl (attic epic doric ionic),pres ind act 3rd pl (attic epic doric ionic),e)p',27,nlsj126,ἐπί,preposition,false,n/a,indeclform (prep),i)sxi/on,28,nlsj61122,ἰσχίον,noun,false,n/a,neut nom/voc/acc sg,w)=,29,116027,ὦ,interjection,1.0,true,indeclform (exclam),a)/na,30,7094,ἄναξ,noun,0.5,true,masc voc sg,tau=roi,31,102589,ταῦρος,noun,false,n/a,masc nom/voc pl,",",.,,,,,,,,,,,,,,
55,2,i(h\,1,unknown,,,false,n/a,,,i(h\,2,unknown,,,false,n/a,,*karnei=e,3,unknown,,,false,n/a,,polu/llite,4,85028,πολύλλιτος,adjective,n/a,false,masc/fem voc sg,sei=o,5,97456,σύ,pronoun,true,1.0,gen 2nd sg (epic),de\,6,23596,δέ,particle,false,n/a,indeclform (particle),bwmoi/,7,21335,βωμός,noun,false,n/a,masc nom/voc pl,a)/nqea,8,8817,ἄνθος,adjective,false,n/a,neut nom/voc/acc pl (epic ionic),me\n,9,66260,μέν,particle,false,n/a,,,fore/ousin,10,112102,φορέω,verb,false,n/a,,e)n,11,34700,ἐν,preposition,true,0.5,proclitic indeclform (prep),",",",",,,,,,,,,,indeclform (particle),ei)/ari,12,29865,ἔαρ,noun,false,n/a,neut dat sg (epic),to/ssa,13,104416,τόσος,adjective,false,n/a,neut nom/voc/acc pl,fem nom/voc/acc dual,per,14,nlsj84271,πέρ,particle,false,n/a,,,,,,:,,,,,,,,,enclitic indeclform (particle),*(=wrai,15,nlsj883,Ὥρα,proper,false,n/a,,,poiki/l',16,84295,ποικίλος,adjective,false,n/a,,a)gineu=si,17,521,ἀγινέω,verb,n/a,false,,zefu/rou,18,46203,Ζέφυρος,proper,false,n/a,masc gen sg,pnei/ontos,19,84068,πνέω,verb,false,n/a,pres part act masc/neut gen sg,e)e/rshn,20,nlsj11308,ἔρσα,noun,false,n/a,fem acc sg (attic epic ionic),xei/mati,21,113526,χεῖμα,noun,false,n/a,neut dat sg,de\,22,23596,δέ,particle,false,n/a,indeclform (particle),kro/kon,23,60093,κρόκος,noun,false,n/a,masc acc sg,h(du/n,24,46712,ἡδύς,adjective,false,n/a,,,,,,,,,,,,,,,,,,,,,,,,,,,,,,fem nom/voc pl,pres part act masc/neut dat pl (epic doric ionic),pres ind act 3rd pl (epic doric ionic aeolic),,,pres part act masc/neut dat pl (epic doric ionic),pres ind act 3rd pl (epic doric ionic),,neut nom/voc/acc pl,masc voc sg,,,,,,,,,,,,,,,,,,,,,,,,,,,,,,,,,,,,,,,,,,,,,,,,,,,,,,,,,,,,,,,fem nom/voc sg (doric aeolic),fem nom/voc pl,fem dat sg (doric aeolic),masc acc sg,masc acc sg,,,,,,,,,
56,2,a)ei\,1,1564,ἀεί,adverb,false,n/a,,,de/,2,23596,δέ,particle,false,n/a,indeclform (particle),toi,3,104155,τοι,particle,true,1.0,enclitic indeclform (particle),a)e/naon,4,1692,ἀέναος,adjective,0.5,true,,pu=r,5,91547,πῦρ,noun,false,n/a,neut nom/voc/acc sg,ou)de/,6,75764,οὐδέ,particle,false,0.33,indeclform (particle),pote,7,nlsj67563,ποτέ,particle,false,n/a,enclitic indeclform (particle),xqizo\n,8,113951,χθιζός,adjective,false,n/a,,peribo/sketai,9,nlsj85259,περιβόσκω,verb,false,n/a,fut ind mid 3rd sg (doric),pres ind mp 3rd sg,a)/nqraka,10,8848,ἄνθραξ,noun,false,n/a,masc acc sg,te/frh,11,103682,τέφρα,noun,false,n/a,fem nom/voc sg (epic ionic),",",.,indeclform (adverb),,masc/fem acc sg,neut nom/voc/acc sg,,,,,,,,,,,,,,,,,,,,,,,,,,,,,,,,,,masc acc sg,neut nom/voc/acc sg,,,,,,,,,,,,,,,,,,,,,,,,,,,,,,,,,,,,,,,,,,,,,,,,,,,,,,,,,,,,,,,,,,,,,,,,,,,,,,,,,,,,,,,,,,,,,,,,,,,,,,,,,,,,,,,,,,,,,,,,,,,,,,,,,,,,,,,,,,,,,,,,,,,,,,,,,,,,,,,,,,,,,,,,,,,,,,,,,,,,,,,,,,,,,,,,,,,,,,,,,,,,,
57,2,h)=,1,46571,ἦ,adverb,true,1.0,,,r(',2,14639,ἄρα,particle,false,n/a,epic (enclitic indeclform particle),e)xa/rh,3,112934,χαίρω,verb,false,n/a,aor ind pass 3rd sg,me/ga,4,65552,μέγας,adverb,n/a,false,neut nom/voc/acc sg,*foi=bos,5,nlsj5526,Φοῖβος,proper,false,n/a,masc nom sg,o(/te,6,75688,ὅτε,conjunction,true,1.0,indeclform (conj),zwsth=res,7,46544,ζωστήρ,noun,false,n/a,masc nom/voc pl,*)enuou=s,8,36431,Ἐνυώ,proper,false,n/a,,a)ne/res,9,8665,ἀνήρ,noun,false,n/a,,,w)rxh/santo,10,75475,ὀρχέομαι,verb,true,0.5,aor ind mp 3rd pl,meta\,11,66572,μετά,preposition,false,n/a,indeclform (prep),",",",",indeclform (adverb),,,,,,,,,masc nom/voc pl (epic),canqh=isi,12,unknown,,,false,n/a,,*libu/ssais,13,unknown,,,false,n/a,,,te/qmiai,14,102773,τέθμιος,adjective,false,n/a,,,,fem nom/voc pl,fem gen sg,.,,,,,,,,,fem nom/voc pl (doric),eu)=te/,15,45273,εὖτε,conjunction,false,n/a,,,sfin,16,101628,σφεῖς,pronoun,false,n/a,masc/fem dat pl,*karneia/des,17,unknown,,,n/a,false,,h)/luqon,18,42827,ἔρχομαι,verb,false,n/a,,w(=rai,19,116293,ὥρα,adjective,false,n/a,fem nom/voc pl,,,,,,,,,,,,,,,,,,,,,,,,,,,,,,,,,,,,,,,,,,,,,,,,,,,,,,,,,,,,,,,,,,,,,indeclform (conj),,,,,,,,,,,,,,,,,,,,,,,,,,,,,,,,,,,,,,,,,,,,,,,,,,,,,,,,,,,,,,,,,,,,,,,,,,,,,aor ind act 3rd pl,aor ind act 1st sg,,,,,,,
58,2,oi(\,1,29856,ἕ,pronoun,true,0.5,,,d',2,23596,δέ,particle,false,n/a,indeclform (particle),ou)/pw,3,75907,οὔπω,adverb,false,n/a,indeclform (adverb),phgh=isi,4,unknown,,,n/a,false,,*ku/rhs,5,61030,κυρέω,verb,false,n/a,imperf ind act 2nd sg (doric aeolic),e)du/nanto,6,28566,δύναμαι,verb,false,n/a,imperf ind mp 3rd pl,pela/ssai,7,80403,πελάζω,verb,false,n/a,,*dwrie/es,8,29802,Δωριεύς,proper,false,n/a,masc nom/voc pl (attic epic ionic),pukinh=n,9,unknown,,,false,n/a,,,de\,10,23596,δέ,particle,false,n/a,indeclform (particle),na/pais,11,69721,νάπη,adjective,false,n/a,fem dat pl,",",.,masc/fem dat sg (epic ionic),,,,,,,,,,*)/azilin,12,unknown,,,false,n/a,,e)/naion,13,69771,ναίω,verb,true,0.5,imperf ind act 3rd pl,imperf ind act 1st sg,,,,,,,,,,,,,,,,,aor inf act (epic),aor opt act 3rd sg (epic),,,,,,,,,,,,,,,,,,,,,,,,,,,,,,,,,,,,,,,,,,,,,,,,,,,,,,,,,,,,,,,,,,,,,,,,,,,,,,,,,,,,,,,,,,,,,,,,,,,,,,,,,,,,,,,,,,,,,,,,,,,,,,,,,,,,,,,,,,,,,,,,,,,,,,,,,,,,,,,,,,,,,,,,,,,,,,,,,,,,,,,,,,,,,,,,,,,,,,,
59,2,tou\s,1,71882,ὁ,article,false,n/a,,,me\n,2,66260,μέν,particle,false,n/a,indeclform (particle),a)/nac,3,7094,ἄναξ,noun,false,n/a,masc nom/voc sg,i)/den,4,nlsj11198,εἶδον,verb,n/a,false,aor ind act 3rd sg (homeric ionic),au)to/s,5,17907,αὐτός,pronoun,false,n/a,masc nom sg,e(h=i,6,37805,ἑός,adjective,true,1.0,fem dat sg (epic ionic),d',7,23596,δέ,particle,false,n/a,indeclform (particle),e)pedei/cato,8,39125,ἐπιδείκνυμι,verb,false,n/a,aor ind mid 3rd sg,nu/mfhi,9,71282,νύμφη,noun,false,n/a,,,sta\s,10,51241,ἵστημι,verb,false,n/a,aor part act masc nom/voc sg,e)pi\,11,nlsj126,ἐπί,preposition,false,n/a,indeclform (prep),",",",",masc acc pl,,,,,,,,,fem dat sg (attic epic ionic),*murtou/sshs,12,unknown,,,false,n/a,,keratw/deos,13,56779,κερατώδης,adjective,false,n/a,,,h(=xi,14,47681,ἧχι,adverb,false,n/a,,,,,,.,,,,,,,,masc/fem/neut gen sg (epic doric ionic aeolic),epic (indeclform adverb),le/onta,15,62816,λέων,noun,false,n/a,,,*(uyhi\s,16,unknown,,,false,n/a,,kate/pefne,17,55797,κατέπεφνον,verb,n/a,false,aor ind act 3rd sg (epic),bow=n,18,20179,βόα,noun,true,0.33,fem gen pl,si/nin,19,94241,σίνις,adjective,false,n/a,masc acc sg,*eu)rupu/loio,20,nlsj5171,Εὐρύπυλος,proper,false,n/a,masc gen sg (epic),,,,,,,,,,,,,,,,,,,,,,,,,,,,,,,,,,,,,,,,,,,,,,,,,,,,,,,,,,,,,masc acc sg,,,,,,,,,,,,,,,,,,,,,,,,,,,,,,,,,,,,,,,,,,,,,,,,,,,,,,,,,,,,,,,,,,,,,,,,,,,,,,,,,,,,,
60,2,ou),1,75730,οὐ,adverb,false,n/a,,,kei/nou,2,31951,ἐκεῖνος,pronoun,false,0.25,,xoro\n,3,114468,χορός,noun,false,n/a,masc acc sg,ei)=de,4,nlsj11198,εἶδον,verb,n/a,false,aor ind act 3rd sg,qew/teron,5,48601,θεώτερος,adjective,false,n/a,,a)/llon,6,4490,ἄλλος,adjective,false,n/a,masc acc sg,*)apo/llwn,7,13098,Ἀπόλλων,proper,false,n/a,masc nom/voc sg,ou)de\,8,75764,οὐδέ,particle,false,0.33,indeclform (particle),po/lei,9,84494,πόλις,adjective,true,1.0,fem nom/voc/acc dual (attic epic doric ionic),fem dat sg (epic doric ionic),to/s',10,104416,τόσος,adjective,false,n/a,,e)/neimen,11,70188,νέμω,verb,false,n/a,aor ind act 3rd sg,",",",",proclitic indeclform (adverb),,,,,,,,,,o)fe/lsima,12,76091,ὀφέλσιμος,adjective,false,n/a,neut nom/voc/acc pl,to/ssa,13,104416,τόσος,adjective,false,n/a,neut nom/voc/acc pl,fem nom/voc/acc dual,*kurh/nhi,14,61040,Κυρήνη,proper,false,n/a,,,fem dat sg (attic epic doric ionic),,,",",.,masc acc sg,neut nom/voc/acc sg,,,,,,fem dat sg (attic epic ionic),mnwo/menos,15,68158,μνάομαι,verb,false,n/a,,,prote/rhs,16,90504,πρότερος,adjective,true,1.0,fem gen sg (epic ionic),a(rpaktu/os,17,15407,ἁρπακτύς,noun,n/a,false,fem gen sg,,,,,,,,,,,,,,,,,,,,,,,,,,,,,,,,,,,,,,,,,,,,,,,,,,,,,,,,,,,,,,,,,,,,,,,,,,,,,,,,,,,neut gen sg,masc gen sg,pres part mp masc nom sg (epic),,,,,neut nom/voc/acc pl,masc voc sg,fem nom/voc pl,,,,,,,,,,,,,,,,,,,,,,,,,,,,,,,,,,,,,,,,,,,,,,,,,,,,,,,,,,,,,,,,,fem nom/voc sg (doric aeolic),,,,,,,fem dat sg (doric aeolic),,,,,,
61,2,ou)de\,1,75764,οὐδέ,particle,false,0.33,,,me\n,2,66260,μέν,particle,false,n/a,indeclform (particle),au)toi/,3,17907,αὐτός,pronoun,false,n/a,masc nom/voc pl,*battia/dai,4,nlsj4172,Βαττιάδης,proper,n/a,false,masc nom/voc pl,*foi/boio,5,nlsj5526,Φοῖβος,proper,false,n/a,masc gen sg (epic),ple/on,6,83718,πλέος,adjective,true,0.5,,qeo\n,7,48291,θεός,noun,false,n/a,masc acc sg,a)/llon,8,4490,ἄλλος,adjective,false,n/a,masc acc sg,e)/teisan,9,104040,τίνω,verb,false,n/a,,,,,,,,,,,,,,,,,,,,,indeclform (particle),.,,,,,,,,aor ind act 3rd pl,,,,,,,,,,,,,,,,,,,,,,,,,,,,,,,,,,,,,,,,,,,,,,,,,,,,,,,,,,,,,,,,,,,,,,,,,,,,,,,,,,,,,,,,,,,,,,,,,,,,,,,,,,,,,,,,,,,,,,,,,,,,,,,,,,,,,,,,,,,,,,,,,,,,,,,,,,,,,,,,,,,masc acc sg,neut nom/voc/acc sg,,,,,,,,,,,,,,,,,,,,,,,,,,,,,,,,,,,,,,,,,,,,,,,,,,,,,,,,,,,,,,,,,,,,,,
62,2,i(h\,1,unknown,,,false,n/a,,,i(h\,2,unknown,,,false,n/a,,paih=on,3,76532,Παιάν,proper,false,n/a,masc voc sg (epic ionic),a)kou/omen,4,3398,ἀκούω,verb,n/a,false,,ou(/neka,5,75890,οὕνεκα,conjunction,false,n/a,indeclform (conj),tou=to,6,76062,οὗτος,pronoun,false,n/a,neut nom/voc/acc sg,*delfo/s,7,nlsj4603,Δελφός,proper,false,n/a,masc nom sg,toi,8,97456,σύ,pronoun,true,1.0,dat 2nd sg (doric),prw/tiston,9,90936,πρώτιστος,adjective,false,n/a,masc acc sg,neut nom/voc/acc sg,e)fu/mnion,10,45860,ἐφύμνιον,noun,true,1.0,neut nom/voc/acc sg,eu(/reto,11,44964,εὑρίσκω,verb,false,n/a,,",",",",,,imperf ind act 1st pl (doric aeolic),pres ind act 1st pl,imperf ind act 1st pl (epic doric ionic aeolic),,,,,,lao/s,12,61925,λαός,noun,false,n/a,masc nom sg,h)=mos,13,47379,ἦμος,adverb,false,n/a,,,e(khboli/hn,14,31974,ἑκηβολία,noun,false,n/a,,,masc/fem acc sg,,,.,,,,,,,,indeclform (adverb),fem acc sg (epic ionic),xruse/wn,15,114816,χρύσεος,adjective,false,n/a,fem gen pl (epic),masc/neut gen pl (epic),e)pedei/knuso,16,39125,ἐπιδείκνυμι,verb,false,n/a,imperf ind mp 2nd sg,to/cwn,17,104311,τόξον,noun,n/a,false,neut gen pl,,,,,,,,,,,,,,,,,,,,,,,,,,,,,,,,,,,,,,,,,,,,,,,,,,,,,,,,,,,,,,,,,,,,,,,,,,,,,,,,,,,,,,,,,,,,,,,,,,,,,aor ind mid 3rd sg,aor ind mid 3rd sg (homeric ionic),,,,,,,,,,,,,,,,,,,,,,,,,,,,,,,,,,,,,,,,,,,,,,,,,,,,,,,,,,,,,,,neut nom/voc/acc sg,,,,,
63,2,*puqw/,1,91392,Πυθώ,proper,false,n/a,,,toi,2,104155,τοι,particle,true,1.0,enclitic indeclform (particle),katio/nti,3,55728,κάτειμι,verb,false,n/a,pres part act masc/neut dat sg,sunh/nteto,4,99343,συνάντομαι,verb,n/a,false,,daimo/nios,5,23232,δαιμόνιος,adjective,false,n/a,,qh/r,6,48702,θήρ,noun,false,n/a,masc nom sg,ai)no\s,7,nlsj27986,αἰνός,adjective,false,n/a,masc nom sg (epic ionic),o)/fis,8,76157,ὄφις,noun,false,n/a,,,,,,,,,,,,,,,,,,,,,,,,,,,",",.,fem nom sg,,imperf ind mp 3rd sg (attic epic ionic),imperf ind mid 3rd sg (attic epic ionic),,,,,,,,,,,,,,,,,,,,,,,,,,,,,,,,,,masc acc pl (epic doric ionic aeolic),masc nom sg,,,masc nom sg,masc/fem nom sg,,,,,,,,,,,,,,,,,,,,,,,,,,,,,,,,,,,,,,,,,,,,,,,,,,,,,,,,,,,,,,,,,,,,,,,,,,,,,,,,,,,,,,,,,,,,,,,,,,,,,,,,,,,,,,,,,,,,,,,,,,,,,,,,,,,,,,,,,,,,,,,,,,,,,,,,,,,,,,,,,,,,,,,,,,,,,,,,,,,,,,,,,,,,,,,,,,,,,,,,,
64,2,to\n,1,71882,ὁ,article,false,n/a,,,me\n,2,66260,μέν,particle,false,n/a,indeclform (particle),su\,3,97456,σύ,pronoun,false,n/a,nom 2nd sg,kath/nares,4,55758,κατεναίρομαι,verb,n/a,false,aor ind act 2nd sg (epic),a)/llon,5,4490,ἄλλος,adjective,false,n/a,masc acc sg,e)p',6,nlsj126,ἐπί,preposition,false,n/a,indeclform (prep),a)/llwi,7,4490,ἄλλος,adjective,false,n/a,,ba/llwn,8,19282,βάλλω,verb,false,n/a,pres part act masc nom sg,w)ku\n,9,116136,ὠκύς,adjective,false,n/a,,,o)isto/n,10,nlsj78558,ὀιστός,adjective,false,n/a,masc acc sg,e)phu/thse,11,unknown,,,false,n/a,,",",",",masc acc sg,,,,,,,,,masc acc sg,de\,12,23596,δέ,particle,false,n/a,indeclform (particle),lao/s,13,61925,λαός,noun,false,n/a,,,'i(h\,14,unknown,,,false,n/a,,,,,,",",",",,,neut dat sg,masc dat sg,,,masc nom sg,,i(h\,15,unknown,,,false,n/a,,,paih=on,16,76532,Παιάν,proper,false,n/a,masc voc sg (epic ionic),i(/ei,17,50165,ἵημι,verb,0.5,true,,be/los,18,19775,βέλος,noun,false,n/a,neut nom/voc/acc sg,eu)qu/,19,44000,εὐθύς,adjective,true,1.0,,se,20,97456,σύ,pronoun,false,n/a,acc 2nd sg,mh/thr,21,67543,μήτηρ,noun,false,n/a,fem nom sg,gei/nat',22,21730,γείνομαι,verb,false,n/a,aor ind mid 3rd sg (homeric ionic),a)osshth=ra',23,11164,ἀοσσητήρ,noun,false,n/a,masc acc sg,,,,,,,,,,,,,,,,,,,,,,,,,,,,,,,,,,,,,,pres imperat act 2nd sg,pres imperat act 2nd sg,masc voc sg,neut nom/voc/acc sg,,,,,,,,,,,,,,,,,,,,,,,,,,,,,,,,,,,,,,,,,,,,,,,,,,,,,,,,,,,,,,,,,,:,,,,,,,,,,,imperf ind act 3rd sg (attic epic),imperf ind act 3rd sg (attic epic),,,
65,2,to\,1,71882,ὁ,article,false,n/a,,,d',2,23596,δέ,particle,false,n/a,indeclform (particle),e)ce/ti,3,37223,ἐξέτι,preposition,false,n/a,indeclform (prep),kei=qen,4,31947,ἐκεῖθεν,adverb,n/a,false,poetic indeclform (adverb),a)ei/dhi,5,unknown,,,false,n/a,,,,,,,,,,,,,,,,,,,,,,,,,,,,,,,,,,,,,,,,,,,,,,,,,,,,,neut nom/voc/acc sg,.,,,,,,,,,,,,,,,,,,,,,,,,,,,,,,,,,,,,,,,,,,,,,,,,,,,,,,,,,,,,,,,,,,,,,,,,,,,,,,,,,,,,,,,,,,,,,,,,,,,,,,,,,,,,,,,,,,,,,,,,,,,,,,,,,,,,,,,,,,,,,,,,,,,,,,,,,,,,,,,,,,,,,,,,,,,,,,,,,,,,,,,,,,,,,,,,,,,,,,,,,,,,,,,,,,,,,,,,,,,,,,,,,,,,,,,,,,,,,,,,,,
66,2,o(,1,71882,ὁ,article,false,n/a,,,*fqo/nos,2,110745,φθόνος,noun,false,n/a,masc nom sg,*)apo/llwnos,3,13098,Ἀπόλλων,proper,false,n/a,masc gen sg,e)p',4,nlsj126,ἐπί,preposition,n/a,false,indeclform (prep),ou)/ata,5,76028,οὖς,noun,false,n/a,neut nom/voc/acc pl (epic),la/qrios,6,61611,λάθριος,adjective,false,n/a,masc/fem nom sg,ei)=pen,7,31161,εἶπον,verb,false,n/a,,'ou)k,8,75730,οὐ,adverb,false,n/a,proclitic indeclform (adverb),a)/gamai,9,316,ἄγαμαι,verb,false,n/a,,,to\n,10,71882,ὁ,article,false,n/a,masc acc sg,a)oido\n,11,11106,ἀοιδός,noun,false,n/a,masc acc sg,,,masc nom sg,.,,,,,,,,pres ind mp 1st sg,o(\s,12,75512,ὅς,pronoun,false,n/a,masc nom sg,ou)d',13,75764,οὐδέ,particle,false,0.33,,,o(/sa,14,75552,ὅσος,adjective,false,n/a,neut nom/voc/acc pl,fem nom/voc/acc dual,,,,,,,,aor ind act 3rd sg (epic ionic),aor ind act 3rd sg,,,indeclform (particle),,po/ntos,15,85696,πόντος,noun,false,n/a,,,a)ei/dei',16,1587,ἀείδω,verb,false,n/a,,,,,,,,,,,,,,,,,,,,,,,,,,,,,,,,,,,,,,,,,,,,,,,,,,,,,,,,,,,,,,,,,,,,,,,,,,,,,,,,,,,,,,,,,,,,,,masc nom sg,,,,,,,,pres ind mp 2nd sg (epic doric ionic aeolic),pres ind act 3rd sg (epic doric ionic aeolic),,,,,,,,,,,,,,,,,,,,,,,,,,,,,,,,,,,,,,,,,,,,,,,,,,,,,,,,,,,,,,,,,,,,,,,,,,aor ind act 3rd sg (epic ionic),aor ind act 3rd sg (homeric ionic),fem nom/voc sg (doric aeolic)
67,2,to\n,1,71882,ὁ,article,false,n/a,,,*fqo/non,2,110745,φθόνος,noun,false,n/a,masc acc sg,w(po/llwn,3,unknown,,,false,n/a,,podi/,4,84150,ποδίς,noun,0.5,true,fem voc sg,t',5,102752,τε,particle,true,1.0,enclitic indeclform (particle),h)/lasen,6,33457,ἐλαύνω,verb,false,n/a,aor ind act 3rd sg,w(=de/,7,116050,ὧδε,adverb,false,n/a,indeclform (adverb),t',8,102752,τε,particle,true,1.0,enclitic indeclform (particle),e)/eipen,9,31161,εἶπον,verb,false,n/a,aor ind act 3rd sg (epic),aor ind act 3rd sg (epic),,,,,,,,,,,,,,,,,,,masc acc sg,:,,,,,,,,,,,,,,,,,,,,,,,,,,,,,,,,,,,aor ind act 3rd sg (epic),,,,,,,,,,,,,,,,,,,,,,,,,,,,,,,,,,,,,,,,,,,,,,,,,,,,,,,,,,,,,,,,,,,,,,,,,,,,,,,,,,,,,,,,,,,,,,,,,,,,,,,,,,,,,,,,,,,,,,,,,,,,,,,,,,,,,,,,,,,,,,,,,,,,,,,,,,,,,,,,,,,,,,,,,,,,,,,,,,,,,,,,,,,,,,,,,,,,,,,,,,,,,,,
68,2,'*)assuri/ou,1,unknown,,,false,n/a,,,potamoi=o,2,85953,ποταμός,noun,false,n/a,masc gen sg (epic),me/gas,3,65552,μέγας,adverb,false,n/a,masc nom sg,r(o/os,4,92699,ῥόος,noun,n/a,false,masc nom sg (epic doric ionic),a)lla\,5,4357,ἀλλά,adverb,false,n/a,indeclform (adverb),ta\,6,71882,ὁ,article,true,1.0,,polla/,7,85306,πολύς,adjective,false,n/a,,lu/mata,8,64135,λῦμα,noun,false,n/a,neut nom/voc/acc pl,gh=s,9,22100,γῆ,noun,true,1.0,,,kai\,10,51951,καί,conjunction,false,n/a,indeclform (conj),pollo\n,11,85306,πολύς,adjective,false,n/a,,",",.,,,,,,,,,,fem gen sg (attic epic ionic),e)f',12,nlsj126,ἐπί,preposition,false,n/a,indeclform (prep),u(/dati,13,106502,ὕδωρ,noun,false,n/a,,,surfeto\n,14,101330,συρφετός,noun,false,n/a,,,,,,,,,,fem nom/voc/acc dual,fem nom/voc sg (doric aeolic),,,neut dat sg,masc acc sg,e(/lkei,15,33770,ἕλκω,verb,true,0.5,pres ind mp 2nd sg,pres ind act 3rd sg,,,,,,,,,,,,,,,,,,,,,,,,,,,,,,,,,,,,,,,,,,,,,,,,,,,,,,,,,,,,,,,,,,,,,,,,,,,,,,,,,,,,,,,,,,,,,,,,,,,,,,,,,,,,,,,,,,,neut acc pl,neut nom/voc/acc pl,masc acc sg (ionic),neut nom/voc/acc sg (ionic),,,,,fem acc dual,fem nom/voc/acc dual,,,,,,,,,,,,,,,,,,,,,,,,,,,,,,,,,,,,,,,,,,,,,,,,,,,,,,,,,,,,neut nom/voc/acc pl,,
69,2,*dhoi=,1,unknown,,,false,n/a,,,d',2,23596,δέ,particle,false,n/a,indeclform (particle),ou)k,3,75730,οὐ,adverb,false,n/a,proclitic indeclform (adverb),a)po\,4,12243,ἀπό,preposition,n/a,false,indeclform (prep),panto\s,5,79904,πᾶς,adjective,false,n/a,masc/neut gen sg,u(/dwr,6,106502,ὕδωρ,noun,false,n/a,neut nom/voc/acc sg,fore/ousi,7,112102,φορέω,verb,false,n/a,,me/lissai,8,66048,μέλισσα,noun,true,1.0,fem nom/voc pl,a)ll',9,4357,ἀλλά,adverb,false,n/a,,,h(/tis,10,75598,ὅστις,pronoun,false,n/a,fem nom sg,kaqarh/,11,51701,καθαρός,adjective,false,n/a,fem nom/voc sg (epic ionic),",",.,,,,,,,,,,indeclform (adverb),te,12,102752,τε,particle,false,n/a,enclitic indeclform (particle),kai\,13,51951,καί,conjunction,false,n/a,,,a)xra/antos,14,18755,ἀχράαντος,adjective,false,n/a,,,,,,,,,,pres part act masc/neut dat pl (epic doric ionic),pres ind act 3rd pl (epic doric ionic),,,indeclform (conj),masc/fem nom sg,a)ne/rpei,15,8499,ἀνέρπω,verb,false,n/a,pres ind mp 2nd sg,pres ind act 3rd sg,pi/dakos,16,83052,πῖδαξ,noun,false,n/a,fem gen sg,e)c,17,31575,ἐκ,preposition,n/a,false,proclitic indeclform (prep),i(erh=s,18,49955,ἱερά,noun,true,0.5,fem gen sg (epic ionic),o)li/gh,19,73064,ὀλίγος,adjective,false,n/a,fem nom/voc sg (attic epic ionic),liba\s,20,63047,λιβάς,noun,false,n/a,fem nom sg,a)/kron,21,3630,ἄκρος,adjective,true,1.0,,a)/wton',22,18949,ἄωτος,adjective,true,1.0,,,,,,,,,,,,,,,,,,,,,,,,,,,,,,,,,,,,,,,,,,,,,,,,,,,,,,,,masc/fem acc sg,neut nom/voc/acc sg,,,,,,,,,,,,,masc acc sg,neut nom/voc/acc sg,,,,,,,,,,,,,,,,,,,,,,,,,,,,,,,,,,,,,,,,,,,,,,,,,,,,,,,,,,,,
70,2,xai=rs,1,unknown,,,false,n/a,,,a)/nac,2,7094,ἄναξ,noun,false,n/a,masc nom/voc sg,,,,,,,,,,,,,,,,,,,,,,,,,,,,,,,,,,,,,,,,,,,,,,,,,,,,,,,,,,,,,,,,,,,,,,,,,,,,,:,,,,,,,,,,,,,,,,,,,,,,,,,,,,,,,,,,,,,,,,,,,,,,,,,,,,,,,,,,,,,,,,,,,,,,,,,,,,,,,,,,,,,,,,,,,,,,,,,,,,,,,,,,,,,,,,,,,,,,,,,,,,,,,,,,,,,,,,,,,,,,,,,,,,,,,,,,,,,,,,,,,,,,,,,,,,,,,,,,,,,,,,,,,,,,,,,,,,,,,,,,,,,,,,,,,,,,,,,,,,,,,,,,,,,,,,,,,,,,,,,,
71,2,o(,1,71882,ὁ,article,false,n/a,,,de\,2,23596,δέ,particle,false,n/a,indeclform (particle),*mw=mos,3,nlsj8062,Μῶμος,proper,false,n/a,masc nom sg,i(/n',4,50492,ἵνα,conjunction,n/a,false,,o(,5,71882,ὁ,article,false,n/a,masc nom sg,*fqo/nos,6,110745,φθόνος,noun,false,n/a,masc nom sg,e)/nqa,7,35541,ἔνθα,adverb,false,n/a,indeclform (adverb),ne/oito,8,70312,νέομαι,verb,true,0.33,pres opt mp 3rd sg (epic doric ionic aeolic),,,,,,,,,,,,,,,,,,,,,,,,,,",",",",masc nom sg,,indeclform (adverb),indeclform (conj),,,,,,,,,,,,,,,,,,,,,,,,,,,,,,,,,,,,.,,,,,,,,,,,,,,,,,,,,,,,,,,,,,,,,,,,,,,,,,,,,,,,,,,,,,,,,,,,,,,,,,,,,,,,,,,,,,,,,,,,,,,,,,,,,,,,,,,,,,,,,,,,,,,,,,,,,,,,,,,,,,,,,,,,,,,,,,,,,,,,,,,,,,,,,,,,,,,,,,,,,,,,,,,,,,,,,,,,,,,,,,,,,,,,,,,,,,,,,,,,,

