@_id,@_location,word/0/@_form,word/0/@_id,word/0/lemma/@_id,word/0/lemma/@_TreeTagger,word/0/lemma/@_disambiguated,word/1/@_form,word/1/@_id,word/1/lemma/@_id,word/1/lemma/@_TreeTagger,word/1/lemma/@_disambiguated,word/2/@_form,word/2/@_id,word/2/lemma/@_id,word/2/lemma/@_entry,word/2/lemma/@_POS,word/2/lemma/@_TreeTagger,word/2/lemma/@_disambiguated,word/2/lemma/analysis/@_morph,word/3/@_form,word/3/@_id,word/3/lemma/@_id,word/3/lemma/@_entry,word/3/lemma/@_POS,word/3/lemma/@_TreeTagger,word/3/lemma/@_disambiguated,word/3/lemma/analysis/@_morph,word/4/@_form,word/4/@_id,word/4/lemma/@_id,word/4/lemma/@_entry,word/4/lemma/@_POS,word/4/lemma/@_TreeTagger,word/4/lemma/@_disambiguated,word/4/lemma/analysis/0/@_morph,word/4/lemma/analysis/1/@_morph,word/5/@_form,word/5/@_id,word/5/lemma/@_id,word/5/lemma/@_entry,word/5/lemma/@_POS,word/5/lemma/@_disambiguated,word/5/lemma/@_TreeTagger,word/5/lemma/analysis/@_morph,word/6/@_form,word/6/@_id,word/6/lemma/@_id,word/6/lemma/@_entry,word/6/lemma/@_POS,word/6/lemma/@_TreeTagger,word/6/lemma/@_disambiguated,word/6/lemma/analysis/0/@_morph,word/6/lemma/analysis/1/@_morph,punct/0/@_mark,punct/1/@_mark,word/0/lemma/@_entry,word/0/lemma/@_POS,word/0/lemma/analysis/@_morph,word/1/lemma/@_entry,word/1/lemma/@_POS,word/1/lemma/analysis/@_morph,word/4/lemma/analysis/@_morph,word/7/@_form,word/7/@_id,word/7/lemma/@_id,word/7/lemma/@_entry,word/7/lemma/@_POS,word/7/lemma/@_TreeTagger,word/7/lemma/@_disambiguated,word/7/lemma/analysis/@_morph,word/8/@_form,word/8/@_id,word/8/lemma/@_id,word/8/lemma/@_entry,word/8/lemma/@_POS,word/8/lemma/@_TreeTagger,word/8/lemma/@_disambiguated,word/8/lemma/analysis/@_morph,word/9/@_form,word/9/@_id,word/9/lemma/@_id,word/9/lemma/@_entry,word/9/lemma/@_POS,word/9/lemma/@_TreeTagger,word/9/lemma/@_disambiguated,word/9/lemma/analysis/@_morph,word/10/@_form,word/10/@_id,word/10/lemma/@_id,word/10/lemma/@_entry,word/10/lemma/@_POS,word/10/lemma/@_TreeTagger,word/10/lemma/@_disambiguated,word/10/lemma/analysis/@_morph,word/11/@_form,word/11/@_id,word/11/lemma/@_id,word/11/lemma/@_entry,word/11/lemma/@_POS,word/11/lemma/@_TreeTagger,word/11/lemma/@_disambiguated,word/11/lemma/analysis/@_morph,word/1/lemma/analysis/0/@_morph,word/1/lemma/analysis/1/@_morph,word/6/lemma/analysis/@_morph,word/8/lemma/analysis/0/@_morph,word/8/lemma/analysis/1/@_morph,word/8/lemma/analysis/2/@_morph,word/8/lemma/analysis/3/@_morph,word/12/@_form,word/12/@_id,word/12/lemma/@_id,word/12/lemma/@_entry,word/12/lemma/@_POS,word/12/lemma/@_TreeTagger,word/12/lemma/@_disambiguated,word/12/lemma/analysis/@_morph,word/13/@_form,word/13/@_id,word/13/lemma/@_id,word/13/lemma/@_entry,word/13/lemma/@_POS,word/13/lemma/@_disambiguated,word/13/lemma/@_TreeTagger,word/13/lemma/analysis/0/@_morph,word/13/lemma/analysis/1/@_morph,word/14/@_form,word/14/@_id,word/14/lemma/@_id,word/14/lemma/@_entry,word/14/lemma/@_POS,word/14/lemma/@_TreeTagger,word/14/lemma/@_disambiguated,word/14/lemma/analysis/0/@_morph,word/14/lemma/analysis/1/@_morph,word/14/lemma/analysis/2/@_morph,word/15/@_form,word/15/@_id,word/15/lemma/@_id,word/15/lemma/@_entry,word/15/lemma/@_POS,word/15/lemma/@_TreeTagger,word/15/lemma/@_disambiguated,word/15/lemma/analysis/0/@_morph,word/15/lemma/analysis/1/@_morph,word/16/@_form,word/16/@_id,word/16/lemma/@_id,word/16/lemma/@_entry,word/16/lemma/@_POS,word/16/lemma/@_TreeTagger,word/16/lemma/@_disambiguated,word/16/lemma/analysis/@_morph,word/17/@_form,word/17/@_id,word/17/lemma/@_id,word/17/lemma/@_entry,word/17/lemma/@_POS,word/17/lemma/@_TreeTagger,word/17/lemma/@_disambiguated,word/17/lemma/analysis/@_morph,word/18/@_form,word/18/@_id,word/18/lemma/@_id,word/18/lemma/@_entry,word/18/lemma/@_POS,word/18/lemma/@_TreeTagger,word/18/lemma/@_disambiguated,word/18/lemma/analysis/0/@_morph,word/18/lemma/analysis/1/@_morph,word/19/@_form,word/19/@_id,word/19/lemma/@_id,word/19/lemma/@_entry,word/19/lemma/@_POS,word/19/lemma/@_TreeTagger,word/19/lemma/@_disambiguated,word/19/lemma/analysis/@_morph,word/20/@_form,word/20/@_id,word/20/lemma/@_id,word/20/lemma/@_entry,word/20/lemma/@_POS,word/20/lemma/@_disambiguated,word/20/lemma/@_TreeTagger,word/20/lemma/analysis/@_morph,word/21/@_form,word/21/@_id,word/21/lemma/@_id,word/21/lemma/@_entry,word/21/lemma/@_POS,word/21/lemma/@_TreeTagger,word/21/lemma/@_disambiguated,word/21/lemma/analysis/@_morph,word/22/@_form,word/22/@_id,word/22/lemma/@_id,word/22/lemma/@_entry,word/22/lemma/@_POS,word/22/lemma/@_TreeTagger,word/22/lemma/@_disambiguated,word/22/lemma/analysis/@_morph,word/23/@_form,word/23/@_id,word/23/lemma/@_id,word/23/lemma/@_entry,word/23/lemma/@_POS,word/23/lemma/@_TreeTagger,word/23/lemma/@_disambiguated,word/23/lemma/analysis/@_morph,word/24/@_form,word/24/@_id,word/24/lemma/@_id,word/24/lemma/@_entry,word/24/lemma/@_POS,word/24/lemma/@_TreeTagger,word/24/lemma/@_disambiguated,word/24/lemma/analysis/@_morph,word/25/@_form,word/25/@_id,word/25/lemma/@_id,word/25/lemma/@_entry,word/25/lemma/@_POS,word/25/lemma/@_TreeTagger,word/25/lemma/@_disambiguated,word/25/lemma/analysis/0/@_morph,word/25/lemma/analysis/1/@_morph,word/26/@_form,word/26/@_id,word/26/lemma/@_id,word/26/lemma/@_entry,word/26/lemma/@_POS,word/26/lemma/@_disambiguated,word/26/lemma/@_TreeTagger,word/26/lemma/analysis/0/@_morph,word/26/lemma/analysis/1/@_morph,word/27/@_form,word/27/@_id,word/27/lemma/@_id,word/27/lemma/@_entry,word/27/lemma/@_POS,word/27/lemma/@_TreeTagger,word/27/lemma/@_disambiguated,word/27/lemma/analysis/@_morph,word/28/@_form,word/28/@_id,word/28/lemma/@_id,word/28/lemma/@_entry,word/28/lemma/@_POS,word/28/lemma/@_TreeTagger,word/28/lemma/@_disambiguated,word/28/lemma/analysis/@_morph,word/29/@_form,word/29/@_id,word/29/lemma/@_id,word/29/lemma/@_entry,word/29/lemma/@_POS,word/29/lemma/@_TreeTagger,word/29/lemma/@_disambiguated,word/29/lemma/analysis/@_morph,word/30/@_form,word/30/@_id,word/30/lemma/@_id,word/30/lemma/@_entry,word/30/lemma/@_POS,word/30/lemma/@_TreeTagger,word/30/lemma/@_disambiguated,word/30/lemma/analysis/0/@_morph,word/30/lemma/analysis/1/@_morph,word/31/@_form,word/31/@_id,word/31/lemma/@_id,word/31/lemma/@_entry,word/31/lemma/@_POS,word/31/lemma/@_TreeTagger,word/31/lemma/@_disambiguated,word/31/lemma/analysis/@_morph,word/32/@_form,word/32/@_id,word/32/lemma/@_id,word/32/lemma/@_entry,word/32/lemma/@_POS,word/32/lemma/@_disambiguated,word/32/lemma/@_TreeTagger,word/32/lemma/analysis/@_morph,word/33/@_form,word/33/@_id,word/33/lemma/@_id,word/33/lemma/@_entry,word/33/lemma/@_POS,word/33/lemma/@_TreeTagger,word/33/lemma/@_disambiguated,word/33/lemma/analysis/@_morph,word/34/@_form,word/34/@_id,word/34/lemma/@_id,word/34/lemma/@_entry,word/34/lemma/@_POS,word/34/lemma/@_disambiguated,word/34/lemma/@_TreeTagger,word/34/lemma/analysis/@_morph,word/35/@_form,word/35/@_id,word/35/lemma/@_id,word/35/lemma/@_entry,word/35/lemma/@_POS,word/35/lemma/@_TreeTagger,word/35/lemma/@_disambiguated,word/35/lemma/analysis/@_morph,word/36/@_form,word/36/@_id,word/36/lemma/@_id,word/36/lemma/@_entry,word/36/lemma/@_POS,word/36/lemma/@_TreeTagger,word/36/lemma/@_disambiguated,word/36/lemma/analysis/@_morph,word/37/@_form,word/37/@_id,word/37/lemma/@_id,word/37/lemma/@_entry,word/37/lemma/@_POS,word/37/lemma/@_disambiguated,word/37/lemma/@_TreeTagger,word/37/lemma/analysis/@_morph,word/38/@_form,word/38/@_id,word/38/lemma/@_id,word/38/lemma/@_entry,word/38/lemma/@_POS,word/38/lemma/@_TreeTagger,word/38/lemma/@_disambiguated,word/38/lemma/analysis/@_morph,word/39/@_form,word/39/@_id,word/39/lemma/@_id,word/39/lemma/@_entry,word/39/lemma/@_POS,word/39/lemma/@_disambiguated,word/39/lemma/@_TreeTagger,word/39/lemma/analysis/0/@_morph,word/39/lemma/analysis/1/@_morph,word/40/@_form,word/40/@_id,word/40/lemma/@_id,word/40/lemma/@_entry,word/40/lemma/@_POS,word/40/lemma/@_TreeTagger,word/40/lemma/@_disambiguated,word/40/lemma/analysis/0/@_morph,word/40/lemma/analysis/1/@_morph,word/41/@_form,word/41/@_id,word/41/lemma/@_id,word/41/lemma/@_entry,word/41/lemma/@_POS,word/41/lemma/@_TreeTagger,word/41/lemma/@_disambiguated,word/41/lemma/analysis/@_morph,word/42/@_form,word/42/@_id,word/42/lemma/@_id,word/42/lemma/@_entry,word/42/lemma/@_POS,word/42/lemma/@_TreeTagger,word/42/lemma/@_disambiguated,word/42/lemma/analysis/@_morph,word/43/@_form,word/43/@_id,word/43/lemma/@_id,word/43/lemma/@_entry,word/43/lemma/@_POS,word/43/lemma/@_TreeTagger,word/43/lemma/@_disambiguated,word/43/lemma/analysis/@_morph,word/44/@_form,word/44/@_id,word/44/lemma/@_id,word/44/lemma/@_entry,word/44/lemma/@_POS,word/44/lemma/@_TreeTagger,word/44/lemma/@_disambiguated,word/44/lemma/analysis/@_morph,punct/2/@_mark,punct/3/@_mark,word/9/lemma/analysis/0/@_morph,word/9/lemma/analysis/1/@_morph,word/13/lemma/analysis/@_morph,word/15/lemma/analysis/@_morph,word/18/lemma/analysis/@_morph,word/21/lemma/analysis/0/@_morph,word/21/lemma/analysis/1/@_morph,word/23/lemma/analysis/0/@_morph,word/23/lemma/analysis/1/@_morph,word/23/lemma/analysis/2/@_morph,word/24/lemma/analysis/0/@_morph,word/24/lemma/analysis/1/@_morph,word/25/lemma/analysis/@_morph,word/26/lemma/analysis/@_morph,punct/4/@_mark,punct/5/@_mark,word/14/lemma/analysis/@_morph,word/15/lemma/analysis/2/@_morph,word/15/lemma/analysis/3/@_morph,word/15/lemma/analysis/4/@_morph,word/15/lemma/analysis/5/@_morph,punct/@_mark,word/2/lemma/analysis/0/@_morph,word/2/lemma/analysis/1/@_morph,word/0/lemma/analysis/0/@_morph,word/0/lemma/analysis/1/@_morph,word/0/lemma/analysis/2/@_morph,word/0/lemma/analysis/3/@_morph,word/0/lemma/analysis/4/@_morph,word/7/lemma/analysis/0/@_morph,word/7/lemma/analysis/1/@_morph,word/12/lemma/analysis/0/@_morph,word/12/lemma/analysis/1/@_morph,word/14/lemma/analysis/3/@_morph,word/14/lemma/analysis/4/@_morph,word/14/lemma/analysis/5/@_morph,word/11/lemma/analysis/0/@_morph,word/11/lemma/analysis/1/@_morph,word/4/lemma/analysis/2/@_morph,word/4/lemma/analysis/3/@_morph,word/10/lemma/analysis/0/@_morph,word/10/lemma/analysis/1/@_morph,word/3/lemma/analysis/0/@_morph,word/3/lemma/analysis/1/@_morph,word/5/lemma/analysis/0/@_morph,word/5/lemma/analysis/1/@_morph,word/11/lemma/analysis/2/@_morph,word/3/lemma/analysis/2/@_morph,word/6/lemma/analysis/2/@_morph,word/6/lemma/analysis/3/@_morph,word/6/lemma/analysis/4/@_morph,word/16/lemma/analysis/0/@_morph,word/16/lemma/analysis/1/@_morph,word/16/lemma/analysis/2/@_morph,word/5/lemma/analysis/2/@_morph,word/5/lemma/analysis/3/@_morph,word/5/lemma/analysis/4/@_morph,word/10/lemma/analysis/2/@_morph,word/9/lemma/analysis/2/@_morph,word/9/lemma/analysis/3/@_morph,word/17/lemma/analysis/0/@_morph,word/17/lemma/analysis/1/@_morph,word/17/lemma/analysis/2/@_morph,word/11/lemma/analysis/3/@_morph,word/11/lemma/analysis/4/@_morph,word/11/lemma/analysis/5/@_morph,word/26/lemma/analysis/2/@_morph,word/29/lemma/analysis/0/@_morph,word/29/lemma/analysis/1/@_morph,word/30/lemma/analysis/@_morph,word/32/lemma/analysis/0/@_morph,word/32/lemma/analysis/1/@_morph,word/32/lemma/analysis/2/@_morph,word/33/lemma/analysis/0/@_morph,word/33/lemma/analysis/1/@_morph,word/35/lemma/analysis/0/@_morph,word/35/lemma/analysis/1/@_morph,word/2/lemma/analysis/2/@_morph,word/2/lemma/analysis/3/@_morph,word/13/lemma/analysis/2/@_morph,word/13/lemma/analysis/3/@_morph,word/13/lemma/analysis/4/@_morph,word/20/lemma/analysis/0/@_morph,word/20/lemma/analysis/1/@_morph,word/7/lemma/analysis/2/@_morph,word/12/lemma/analysis/2/@_morph,word/3/lemma/analysis/3/@_morph,word/1/lemma/analysis/2/@_morph
1,5,ssai,1,unknown,false,n/a,lwtroxo/oi,2,unknown,false,n/a,ta=s,3,71882,ὁ,article,false,n/a,fem gen sg (doric aeolic),*palla/dos,4,77017,Παλλάς,proper,false,n/a,fem gen sg,e)/cite,5,37075,ἔξειμι,verb,false,n/a,pres imperat act 2nd pl,pres ind act 2nd pl,pa=sai,6,79904,πᾶς,adjective,1.0,true,fem nom/voc pl (attic epic ionic),e)/cite,7,37075,ἔξειμι,verb,false,n/a,pres imperat act 2nd pl,pres ind act 2nd pl,",",:,,,,,,,,,,,,,,,,,,,,,,,,,,,,,,,,,,,,,,,,,,,,,,,,,,,,,,,,,,,,,,,,,,,,,,,,,,,,,,,,,,,,,,,,,,,,,,,,,,,,,,,,,,,,,,,,,,,,,,,,,,,,,,,,,,,,,,,,,,,,,,,,,,,,,,,,,,,,,,,,,,,,,,,,,,,,,,,,,,,,,,,,,,,,,,,,,,,,,,,,,,,,,,,,,,,,,,,,,,,,,,,,,,,,,,,,,,,,,,,,,,,,,,,,,,,,,,,,,,,,,,,,,,,,,,,,,,,,,,,,,,,,,,,,,,,,,,,,,,,,,,,,,,,,,,,,,,,,,,,,,,,,,,,,,,,,,,,,,,,,,,,,,,,,,,,,,,,,,,,,,,,,,,,,,,,,,,,,,,,,,,,,,,,,,,,,,,,,,,,,,,,,,,,,,,,,,,,,,,
2,5,ta=n,1,102286,true,1.0,i(/ppwn,2,50824,false,n/a,a)/rti,3,15618,ἄρτι,adverb,false,n/a,indeclform (adverb),fruassomena=n,4,112402,φρυάσσομαι,verb,false,n/a,pres part mp masc/fem gen pl (doric),ta=n,5,102286,τᾶν,adjective,true,1.0,,,i(era=n,6,49955,ἱερά,noun,0.33,true,fem gen pl (doric aeolic),e)sa/kousa,7,31263,εἰσακούω,verb,false,n/a,aor ind act 1st sg (doric aeolic),aor ind act 1st sg (epic doric ionic aeolic),",",:,τᾶν,adjective,indeclform (indecl),ἵππος,noun,masc/fem gen pl,indeclform (indecl),kai\,8,51951,καί,conjunction,false,n/a,indeclform (conj),a(,9,71882,ὁ,article,false,n/a,fem nom sg (doric),qeo\s,10,48291,θεός,noun,false,n/a,masc nom sg,eu)/tukos,11,45363,εὔτυκος,adjective,false,n/a,masc/fem nom sg,e(/rpein,12,42686,ἕρπω,verb,false,n/a,pres inf act (attic epic),,,,,,,,,,,,,,,,,,,,,,,,,,,,,,,,,,,,,,,,,,,,,,,,,,,,,,,,,,,,,,,,,,,,,,,,,,,,,,,,,,,,,,,,,,,,,,,,,,,,,,,,,,,,,,,,,,,,,,,,,,,,,,,,,,,,,,,,,,,,,,,,,,,,,,,,,,,,,,,,,,,,,,,,,,,,,,,,,,,,,,,,,,,,,,,,,,,,,,,,,,,,,,,,,,,,,,,,,,,,,,,,,,,,,,,,,,,,,,,,,,,,,,,,,,,,,,,,,,,,,,,,,,,,,,,,,,,,,,,,,,,,,,,,,,,,,,,,,,,,,,,,,,,,,,,,,,,,,,,,,,,,,,,,,,,,,,,,,,,,,,,,,,,,,,,,,,,,,,,,,,,,,,,,,,,
3,5,sou=sqe/,1,93762,false,n/a,nun,2,71308,false,n/a,w)=,3,116027,ὦ,interjection,true,1.0,indeclform (exclam),canqai/,4,71450,ξανθός,adjective,false,n/a,fem nom/voc pl,sou=sqe,5,93762,σεύω,verb,false,n/a,,,*pelasgia/des,6,nlsj8732,Πελασγιάς,proper,n/a,false,fem nom/voc pl,,,,,,,,,,",",.,σεύω,verb,pres imperat mid 2nd pl (epic),νῦν,adverb,enclitic indeclform (adverb),pres imperat mid 2nd pl (epic),,,,,,,,,,,,,,,,,,,,,,,,,,,,,,,,,,,,,,,,,,,,,,,,,,,,,,,,,,,,,,,,,,,,,,,,,,,,,,,,,,,,,,,,,,,,,,,,,,,,,,,,,,,,,,,,,,,,,,,,,,,,,,,,,,,,,,,,,,,,,,,,,,,,,,,,,,,,,,,,,,,,,,,,,,,,,,,,,,,,,,,,,,,,,,,,,,,,,,,,,,,,,,,,,,,,,,,,,,,,,,,,,,,,,,,,,,,,,,,,,,,,,,,,,,,,,,,,,,,,,,,,,,,,,,,,,,,,,,,,,,,,,,,,,,,,,,,,,,,,,,,,,,,,,,,,,,,,,,,,,,,,,,,,,,,,,,,,,,,,,,,,,,,,,,,,,,,,,,,,,,,,,,,,,,,,,,,,,,,,,,,,,,,,,,,,,,,,,,,,,,,,,,,,,,,
4,5,ou)/pok',1,unknown,false,n/a,*)aqanai/a,2,1989,false,n/a,mega/lws,3,65552,μέγας,adverb,true,0.5,masc acc pl (doric),a)peni/yato,4,13301,ἀπονίζω,verb,false,n/a,aor ind mid 3rd sg,pa/xeis,5,unknown,,,false,n/a,,,pri\n,6,86371,πρίν,adverb,n/a,false,indeclform (adverb),ko/nin,7,58902,κόνις,noun,false,n/a,,,",",",",,,,Ἀθήνη,proper,,,i(ppeia=n,8,50694,ἱππεία,noun,true,1.0,fem gen pl (doric aeolic),e)cela/sai,9,37095,ἐξελαύνω,verb,false,n/a,,lago/nwn,10,61553,λαγών,noun,false,n/a,fem gen pl,ou)d',11,75764,οὐδέ,particle,false,0.33,indeclform (particle),o(/ka,12,unknown,,,false,n/a,,fem nom/voc/acc dual (doric),fem nom/voc sg (attic doric aeolic),fem acc sg,fut part act fem dat sg (attic doric),pres part act fem dat sg (epic doric),aor inf act,aor opt act 3rd sg,dh\,13,24295,δή,particle,false,n/a,indeclform (particle),lu/qrwi,14,64058,λύθρον,noun,0.5,true,masc dat sg,neut dat sg,pepalagme/na,15,76812,παλάσσω,verb,false,n/a,perf part mp neut nom/voc/acc pl,perf part mp fem nom/voc/acc dual,perf part mp fem nom/voc sg (doric aeolic),pa/nta,16,79904,πᾶς,adjective,false,n/a,masc acc sg,neut nom/voc/acc pl,fe/roisa,17,110598,φέρω,verb,false,n/a,pres part act fem nom/voc sg (doric aeolic),teu/xea,18,103678,τεῦχος,noun,false,n/a,neut nom/voc/acc pl (epic ionic),tw=n,19,71882,ὁ,article,false,n/a,fem gen pl,masc/neut gen pl,a)di/kwn,20,1397,ἄδικος,adjective,false,n/a,masc/fem/neut gen pl,h)=nq',21,10758,ἄντομαι,verb,0.5,true,imperf ind act 3rd sg (attic epic ionic),a)po\,22,12243,ἀπό,preposition,false,n/a,indeclform (prep),ghgene/wn,23,22102,γηγενής,adjective,false,n/a,masc/fem/neut gen pl (epic doric ionic aeolic),a)lla\,24,4357,ἀλλά,adverb,false,n/a,indeclform (adverb),polu\,25,85306,πολύς,adjective,false,n/a,neut nom/voc/acc sg (attic epic),pra/tiston,26,nlsj89331,πρᾶτος,adjective,false,n/a,masc acc sg,neut nom/voc/acc sg,u(f',27,108092,ὑπό,preposition,1.0,true,indeclform (prep),epic (poetic indeclform prep),a(/rmatos,28,15214,ἅρμα,noun,false,n/a,neut gen sg,au)xe/nas,29,18062,αὐχήν,noun,false,n/a,masc acc pl,i(/ppwn,30,50824,ἵππος,noun,false,n/a,masc/fem gen pl,lusame/na,31,64316,λύω,verb,false,n/a,aor part mid fem nom/voc/acc dual,aor part mid fem nom/voc sg (doric aeolic),pagai=s,32,82881,πηγή,noun,false,n/a,fem dat pl (doric),e)/klusen,33,32417,ἐκλύω,verb,0.5,true,aor ind act 3rd sg (homeric ionic),*)wkeanw=,34,116092,Ὠκεανός,proper,false,n/a,masc gen sg (doric aeolic),i(drw=,35,49938,ἱδρώς,noun,1.0,true,fem acc sg (epic),kai\,36,51951,καί,conjunction,false,n/a,indeclform (conj),r(aqa/miggas,37,92087,ῥαθάμιγξ,adjective,false,n/a,fem acc pl,e)foi/basen,38,111915,φοιβάω,verb,0.5,true,aor ind act 3rd sg (doric aeolic),de\,39,23596,δέ,particle,false,n/a,indeclform (particle),page/nta,40,79955,πάσσω,verb,0.5,true,aor part pass neut nom/voc/acc pl,aor part pass masc acc sg,pa/nta,41,79904,πᾶς,adjective,false,n/a,masc acc sg,neut nom/voc/acc pl,xalinofa/gwn,42,113015,χαλινοφάγος,adjective,false,n/a,masc/fem/neut gen pl,a)fro\n,43,18537,ἀφρός,noun,false,n/a,masc acc sg,a)po\,44,12243,ἀπό,preposition,false,n/a,indeclform (prep),stoma/twn,45,96981,στόμα,noun,false,n/a,neut gen pl,",",.,,,,,,,,,,,,,,,,,,,,,,,,,,,,,,,,,,,,,,,,,,,,,,,,,,,,,,,,,,,,,,,,,,,,,,,,,,,,,,,,,,,,,,,,
5,5,w)=,1,116027,true,1.0,i)/t',2,nlsj177,true,1.0,*)axaiia/des,3,nlsj3021,Ἀχαιίς,proper,true,0.5,fem nom/voc pl,kai\,4,51951,καί,conjunction,false,n/a,indeclform (conj),mh\,5,67283,μή,conjunction,false,n/a,,,mu/ra,6,69352,μύρον,adjective,n/a,false,neut nom/voc/acc pl,mhd',7,67299,μηδέ,particle,false,n/a,,,",",(,ὦ,interjection,indeclform (exclam),εἶμι,verb,,indeclform (conj),a)laba/strws,8,nlsj15602,ἀλάβαστρον,noun,false,n/a,masc acc pl (doric),suri/ggwn,9,101249,σῦριγξ,noun,true,1.0,fem gen pl,a)i/w,10,29883,ἀίω,verb,false,n/a,,fqo/ggon,11,110734,φθόγγος,noun,false,n/a,masc acc sg,u(paconi/wn),12,106929,ὑπαξόνιος,adjective,false,n/a,masc/fem/neut gen pl,pres imperat act 2nd pl,pres ind act 2nd pl,indeclform (particle),,,,,mh\,13,67283,μή,conjunction,false,n/a,indeclform (conj),mu/ra,14,69352,μύρον,adjective,n/a,false,,,lwtroxo/oi,15,unknown,,,false,n/a,,,,ta=i,16,71882,ὁ,article,false,n/a,,,*palla/di,17,77017,Παλλάς,proper,false,n/a,fem dat sg,mhd',18,67299,μηδέ,particle,false,n/a,indeclform (particle),a)laba/strws,19,nlsj15602,ἀλάβαστρον,noun,false,n/a,,,ou),20,75730,οὐ,adverb,false,n/a,proclitic indeclform (adverb),ga\r,21,21618,γάρ,particle,n/a,false,indeclform (particle),*)aqanai/a,22,1989,Ἀθήνη,proper,false,n/a,,xri/mata,23,114715,χρῖμα,noun,false,n/a,neut nom/voc/acc pl,meikta\,24,67803,μικτός,adjective,false,n/a,,filei=),25,110979,φιλέω,verb,false,n/a,,oi)/sete,26,110598,φέρω,verb,false,n/a,,,mhde\,27,67299,μηδέ,particle,n/a,false,,,ka/toptron,28,56082,κάτοπτρον,noun,false,n/a,neut nom/voc/acc sg,,,,,,,,,,,,,,,,,,,,,,,,,,,,,,,,,,,,,,,,,,,,,,,,,,,,,,,,,,,,,,,,,,,,,,,,,,,,,,,,,,,,,,,,,,,,,,,,,,,,,,,,,,,,,,,,,,,,,,,,,,,,,,,,,,,,,,,,,,,,),(,pres subj act 1st sg,pres ind act 1st sg,neut nom/voc/acc pl,fem dat sg (doric aeolic),masc acc pl (doric),fem nom/voc/acc dual (doric),fem nom/voc sg (attic doric aeolic),neut nom/voc/acc pl,fem nom/voc/acc dual,fem nom/voc sg (doric aeolic),pres ind mp 2nd sg (attic epic doric ionic),pres ind act 3rd sg (attic epic doric ionic),fut ind act 2nd pl,indeclform (particle),),:,,,,,,,,,,,,,,,,,,,,,,,,,,,,,,,,,,,,,,,,,,,,,,,,,,,,,,,,,,,,,,,,,,,,,,,,
6,5,a)ei\,1,1564,false,n/a,kalo\n,2,nlsj61372,false,n/a,o)/mma,3,73517,ὄμμα,noun,false,n/a,neut nom/voc/acc sg,to\,4,71882,ὁ,article,false,n/a,neut nom/voc/acc sg,th/nas,5,31951,ἐκεῖνος,pronoun,true,0.5,fem acc pl (doric),fem gen sg (doric aeolic),ou)d',6,75764,οὐδέ,particle,0.33,false,indeclform (particle),o(/ka,7,unknown,,,false,n/a,,,",",:,ἀεί,adverb,indeclform (adverb),καλός,noun,,,ta\n,8,71882,ὁ,article,false,n/a,fem acc sg (doric aeolic),*)/idai,9,nlsj1689,Ἴδη,proper,true,0.5,,*fru\c,10,nlsj5575,Φρύξ,proper,false,n/a,masc/fem nom/voc sg,e)di/kazen,11,26857,δικάζω,verb,false,n/a,imperf ind act 3rd sg,e)/rin,12,42522,ἔρις,noun,false,n/a,fem acc sg,masc acc sg,neut nom/voc/acc sg,,fem nom/voc pl,fem dat sg (doric aeolic),,,ou)/t',13,76050,οὔτε,adverb,false,0.33,indeclform (adverb),e)s,14,31235,εἰς,preposition,n/a,false,,,o)rei/xalkon,15,74841,ὀρείχαλκος,noun,false,n/a,,,,mega/la,16,65552,μέγας,adverb,false,n/a,fem nom/voc/acc dual,fem nom/voc sg (doric aeolic),qeo\s,17,48291,θεός,noun,false,n/a,masc nom sg,ou)/te,18,76050,οὔτε,adverb,false,n/a,indeclform (adverb),*simou=ntos,19,94182,Σιμόεις,proper,false,n/a,,,e)/bleyen,20,20097,βλέπω,verb,false,n/a,aor ind act 3rd sg,di/nan,21,27092,δίνη,noun,n/a,false,fem acc sg (doric aeolic),e)s,22,31235,εἰς,preposition,false,n/a,proclitic indeclform (prep),diafainome/nan,23,26183,διαφαίνω,verb,false,n/a,pres part mp fem acc sg (doric aeolic),,,,,,,,,,,,,,,,,,,,,,,,,,,,,,,,,,,,,,,,,,,,,,,,,,,,,,,,,,,,,,,,,,,,,,,,,,,,,,,,,,,,,,,,,,,,,,,,,,,,,,,,,,,,,,,,,,,,,,,,,,,,,,,,,,,,,,,,,,,,,,,,,,,,,,,,,,,,,,,,,,,,,,,,,,,,,,,,,,,,,,,,,,proclitic indeclform (prep),,masc gen sg,,,,,,,,,,,,masc acc sg,neut nom/voc/acc pl,neut voc pl,fem voc dual,fem voc sg (doric aeolic),,,,,,,,,,,,,,,,,,,,,,,,,,,,,,,,,,,,,,,,,,,,,,,,,,,,,,,,,,,,,,,,,,,
7,5,ou)d',1,75764,false,0.33,ra,2,unknown,false,n/a,,,,,,,,,,,,,,,,,,,,,,,,,,,,,,,,,,,,,,,,,,,,,οὐδέ,particle,indeclform (particle),,,,,,,,,,,,,,,,,,,,,,,,,,,,,,,,,,,,,,,,,,,,,,,,,,,,,,,,,,,,,,,,,,,,,,,,,,,,,,,,,,,,,,,,,,,,,,,,,,,,,,,,,,,,,,,,,,,,,,,,,,,,,,,,,,,,,,,,,,,,,,,,,,,,,,,,,,,,,,,,,,,,,,,,,,,,,,,,,,,,,,,,,,,,,,,,,,,,,,,,,,,,,,,,,,,,,,,,,,,,,,,,,,,,,,,,,,,,,,,,,,,,,,,,,,,,,,,,,,,,,,,,,,,,,,,,,,,,,,,,,,,,,,,,,,,,,,,,,,,,,,,,,,,,,,,,,,,,,,,,,,,,,,,,,,,,,,,,,,,,,,,,,,,,,:,,,,,,,,,,,,,,,,,,,,,,,,,,,,,,,,,,,,,,,,,,,,,,,,,,,,,,,,,,,,,,,,,,
8,5,*ku/pris,1,61013,false,n/a,de\,2,23596,false,n/a,diauge/a,3,26156,διαυγής,adverb,false,n/a,,xalko\n,4,113163,χαλκός,noun,false,n/a,masc acc sg,e(loi=sa,5,2654,αἱρέω,verb,false,n/a,aor part act fem nom/voc sg (doric aeolic),fut part act fem nom/voc sg (doric),polla/ki,6,84534,πολλάκις,adverb,n/a,false,epic (indeclform adverb),ta\n,7,71882,ὁ,article,false,n/a,,,,,Κύπρις,proper,fem nom sg,δέ,particle,indeclform (particle),,au)ta\n,8,17907,αὐτός,pronoun,false,n/a,fem acc sg (doric aeolic),di\s,9,27438,δίς,adverb,false,n/a,indeclform (adverb),mete/qhke,10,66984,μετατίθημι,verb,false,n/a,aor ind act 3rd sg,ko/man,11,58782,κόμη,noun,true,1.0,fem acc sg (doric aeolic),,,,,,,,,,,fem acc sg (doric aeolic),,,,,,,,,,,,,,,,,,,,,,,,,,,,,,,,,,,,,,,,,,,,,,,,,,,,,,,,,,,,,,,,,,,,,,,,,,,,,,,,,,,,,,,,,,,,,,,,,,,,,,,,,,,,,,,,,,,,,,,,,,,,,,,,,,,,,,,,,,,,,,,,,,,,,,,,,,,,,,,,,,,,,,,,,,,,,,,,,,,,,,,,,,,,,,,,,,,,,,,,,,,,,,,,,,,,,,,,,,,,,,,,,,,,,,,,,,,,,,,,,,,,,,,,,,,,,,,,,,,,,,,,,,,,,,,,,,,,,,,,,,,,,,,,,,,,,,,,,,,,,,:,neut nom/voc/acc pl (epic ionic),masc/fem acc sg (epic ionic),,,,,,,,,,,,,,,,,,,,,,,,,,,,,,,,,,,,,,,,,,,,,,,,,,,,,,,,,,,,,,,,
9,5,a(\,1,75512,true,1.0,de/,2,23596,false,n/a,di\s,3,27438,δίς,adverb,false,n/a,indeclform (adverb),e(ch/konta,4,37285,ἑξήκοντα,adjective,false,n/a,indeclform (numeral),diaqre/casa,5,26108,διατρέχω,verb,false,n/a,,,diau/lws,6,26170,δίαυλος,noun,n/a,false,masc acc pl (doric),oi(=a,7,72627,οἷος,adjective,false,n/a,,,",",",",ὅς,pronoun,,δέ,particle,indeclform (particle),aor part act fem nom/voc sg (attic epic ionic),par',8,77763,παρά,preposition,true,1.0,,*eu)rw/tai,9,nlsj5218,Εὐρώτης,proper,false,n/a,masc dat sg (doric aeolic),toi\,10,97456,σύ,pronoun,true,1.0,,*lakedaimo/nioi,11,nlsj6956,Λακεδαιμόνιος,proper,false,n/a,masc nom/voc pl,a)ste/res,12,16527,ἀστήρ,noun,false,n/a,masc nom/voc pl,,,neut nom/voc/acc pl,,,,,e)mpera/mws,13,34291,ἐμπέραμος,adjective,false,n/a,,e)netri/yato,14,36311,ἐντρίβω,verb,n/a,false,,,lita\,15,63635,λιτός,adjective,true,1.0,neut nom/voc/acc pl,fem nom/voc/acc dual,fem nom/voc sg (doric aeolic),baloi=sa,16,19282,βάλλω,verb,false,n/a,aor part act fem nom/voc sg (doric aeolic),fut part act fem nom/voc sg (doric),xri/mata,17,114715,χρῖμα,noun,false,n/a,neut nom/voc/acc pl,ta=s,18,71882,ὁ,article,false,n/a,fem gen sg (doric aeolic),i)di/as,19,49875,ἴδιος,adjective,false,n/a,fem acc pl,fem gen sg (attic doric aeolic),e)/kgona,20,31809,κίκω,verb,false,n/a,neut nom/voc/acc pl,futalia=s,21,nlsj57788,φυταλία,noun,1.0,true,fem gen sg (attic doric aeolic),,,,,,,,,,,,,,,,,,,,,,,,,,,,,,,,,,,,,,,,,,,,,,,,,,,,,,,,,,,,,,,,,,,,,,,,,,,,,,,,,,,,,,,,,,,,,,,,,,,,,,,,,,,,,,,,,,,,,,,,,,,,,,,,,,,,,,,,,,,,,,,,,,,,,,,,,,,,,,,,,,,,,,,,,,,,,,,,,,,,,,,,,,,,,,,,,,,,,,",",",",dat 2nd sg (doric),dat 2nd sg,aor ind mid 3rd sg,,,,,,,,,,,,:,,,,,,,,,,neut acc pl,neut nom pl,fem acc dual,fem nom dual,fem nom sg (doric aeolic),indeclform (prep),epic (poetic indeclform prep),adverbial,masc/fem acc pl (doric),neut nom/voc/acc pl,fem nom/voc/acc dual,fem nom/voc sg (doric aeolic),,,,,,,,,,,,,,,,,,,,,,,,,,,,,,,,,,,,,,,,,,,,,,,,,,,,
10,5,w)=,1,116027,true,1.0,kw=rai,2,59098,true,0.5,to\,3,71882,ὁ,article,false,n/a,neut nom/voc/acc sg,d',4,23596,δέ,particle,false,n/a,indeclform (particle),e)/reuqos,5,42338,ἔρευθος,noun,false,n/a,,,a)ne/drame,6,7649,ἀνατρέχω,verb,n/a,false,aor ind act 3rd sg,prw/ion,7,nlsj95042,πρώιος,adjective,false,n/a,masc acc sg,neut nom/voc/acc sg,",",",",ὦ,interjection,indeclform (exclam),κόρη,noun,fem nom/voc pl (doric),neut nom/voc/acc sg,oi(/an,8,72627,οἷος,adjective,false,n/a,fem acc sg (attic doric ionic aeolic),h)\,9,46568,ἠέ,conjunction,true,1.0,indeclform (conj),r(o/don,10,92605,ῥόδον,noun,false,n/a,neut nom/voc/acc sg,h)\,11,46568,ἠέ,conjunction,true,1.0,indeclform (conj),si/bdas,12,nlsj98715,σίβδη,noun,false,n/a,,,,,,,,,ko/kkos,13,58515,κόκκος,noun,false,n/a,masc nom sg,e)/xei,14,45996,ἔχω,verb,0.33,true,pres ind mp 2nd sg,pres ind act 3rd sg,xroi/+an,15,unknown,,,false,n/a,,,,,,,,,,,,,,,,,,,,,,,,,,,,,,,,,,,,,,,,,,,,,,,,,,,,,,,,,,,,,,,,,,,,,,,,,,,,,,,,,,,,,,,,,,,,,,,,,,,,,,,,,,,,,,,,,,,,,,,,,,,,,,,,,,,,,,,,,,,,,,,,,,,,,,,,,,,,,,,,,,,,,,,,,,,,,,,,,,,,,,,,,,,,,,,,,,,,,,,,,,,,,,,,,,,,,,,,,,,,,,,,,,,,,,,,,,,,,,,,,,,,,,,,,,,.,,,,,,,,,,,,,,,,,,,,,,,,,,,,,,,,,,,,,,fem acc pl,fem gen sg (doric aeolic),,,,,,,,,,,,,,,,,,,,,,,,,,,,,,,,,,,,,,,,,,,,,,,,,,
11,5,tw=i,1,nlsj65910,true,0.5,kai\,2,51951,false,n/a,nu=n,3,71308,νῦν,adverb,false,n/a,enclitic indeclform (adverb),a)/rsen,4,14924,ἄρδω,verb,false,0.33,aor ind act 3rd sg (homeric ionic),ti,5,104051,τις,pronoun,false,n/a,,,komi/cate,6,unknown,,,n/a,false,,mw=non,7,68641,μόνος,adjective,false,n/a,masc acc sg (doric),neut nom/voc/acc sg (doric),",",",",τίς,pronoun,dat sg (attic),καί,conjunction,indeclform (conj),neut nom/voc/acc sg,e)/laion,8,33348,ἔλαιον,noun,true,0.5,neut nom/voc/acc sg,w(=i,9,75512,ὅς,pronoun,false,n/a,masc/neut dat sg,*ka/stwr,10,53637,Κάστωρ,proper,false,n/a,masc nom sg,w(=i,11,75512,ὅς,pronoun,false,n/a,masc/neut dat sg,kai\,12,51951,καί,conjunction,false,n/a,indeclform (conj),,,,,,,,xri/etai,13,114726,χρίω,verb,false,n/a,pres ind mp 3rd sg,*(hrakle/hs,14,nlsj1119,Ἡράκλεα,proper,0.5,false,,,,,,,,,,,,,,,,,,,,,,,,,,,,,,,,,,,,,,,,,,,,,,,,,,,,,,,,,,,,,,,,,,,,,,,,,,,,,,,,,,,,,,,,,,,,,,,,,,,,,,,,,,,,,,,,,,,,,,,,,,,,,,,,,,,,,,,,,,,,,,,,,,,,,,,,,,,,,,,,,,,,,,,,,,,,,,,,,,,,,,,,,,,,,,,,,,,,,,,,,,,,,,,,,,,,,,,,,,,,,,,,,,,,,,,,,,,,,,,,,,,,,,,,,,,,,,,,,,,,:,,,,fem gen sg (epic ionic),,,,,,,,,,,,,,,,,,,,,,,,,,,,,,,,,,,,,,,,,,,,,,,,,,,,,,,,,,,,,,,,,,,,,,,,,,,,,,,,,,,,,
12,5,oi)/sete,1,110598,false,n/a,kai\,2,51951,false,n/a,kte/na,3,60317,κτείς,adjective,false,n/a,masc acc sg,oi(,4,71882,ὁ,article,true,1.0,masc nom/voc pl,pagxru/seon,5,76500,παγχρύσεος,adjective,false,n/a,masc/fem acc sg,neut nom/voc/acc sg,w(s,6,116401,ὡς,conjunction,n/a,false,proclitic indeclform (conj),a)po\,7,12243,ἀπό,preposition,false,n/a,,,",",",",φέρω,verb,fut ind act 2nd pl,καί,conjunction,indeclform (conj),,xai/tan,8,112936,χαίτη,noun,false,n/a,fem acc sg (doric aeolic),pe/chtai,9,80390,πέκω,verb,true,0.5,aor subj mid 3rd sg,liparo\n,10,63487,λιπαρός,adjective,false,n/a,,smasame/na,11,95466,σμάω,verb,false,n/a,,plo/kamon,12,83931,πλόκαμος,noun,false,n/a,masc acc sg,,,indeclform (prep),,,,,,,,,,,,,,,,,,,,,,,,,,,,,,,,,,,,,,,,,,,,,,,,,,,,,,,,,,,,,,,,,,,,,,,,,,,,,,,,,,,,,,,,,,,,,,,,,,,,,,,,,,,,,,,,,,,,,,,,,,,,,,,,,,,,,,,,,,,,,,,,,,,,,,,,,,,,,,,,,,,,,,,,,,,,,,,,,,,,,,,,,,,,,,,,,,,,,,,,,,,,,,,,,,,,,,,,,,,,,,,,,,,,,,,,,,,,,,,,,,,,,,,,,,,,,,,,,,,,,,,,,,,,,,,,,,,,,,,.,,masc acc sg,neut nom/voc/acc sg,,,,,,,,,,,,,,,,,,,,,,,,,,,,,,,,,,,,,masc/fem acc sg,neut nom/voc/acc sg,aor part mid fem nom/voc/acc dual,aor part mid fem nom/voc sg (doric aeolic),,,,,,,,,,,,,,,,,,,,,,,,,,,,,,,,,,,,,,,,,,,,,,
13,5,e)/ciq',1,37075,false,n/a,*)aqanai/a,2,1989,false,n/a,,,,,,,,,,,,,,,,,,,,,,,,,,,,,,,,,,,,,,,,,,,,,ἔξειμι,verb,,Ἀθήνη,proper,,,,,,,,,,,,,,,,,,,,,,,,,,,,,,,,,,,,,,,,,,,fem nom/voc/acc dual (doric),fem nom/voc sg (attic doric aeolic),,,,,,,,,,,,,,,,,,,,,,,,,,,,,,,,,,,,,,,,,,,,,,,,,,,,,,,,,,,,,,,,,,,,,,,,,,,,,,,,,,,,,,,,,,,,,,,,,,,,,,,,,,,,,,,,,,,,,,,,,,,,,,,,,,,,,,,,,,,,,,,,,,,,,,,,,,,,,,,,,,,,,,,,,,,,,,,,,,,,,,,,,,,,,,,,,,,,,,,,,,,,,,,,,,,,,,,,,,,,,,,,,,,,,,,,,,,,,,,,,,,,,,,,,,,,,,,,,,,,,,,,,,,,,,,,,,,,,,,,,,,,,,,,,,,,,,,,,,,,,,,:,,,pres imperat act 2nd pl,pres ind act 2nd pl,pres imperat act 2nd sg,,,,,,,,,,,,,,,,,,,,,,,,,,,,,,,,,,,,,,,,,,,,,,,,,,,,,,,,,,,,,
14,5,pa/ra,1,77763,true,1.0,toi,2,104155,true,1.0,kataqu/mios,3,54034,καταθύμιος,adjective,false,n/a,masc nom sg,i)/la,4,50360,ἴλη,noun,false,n/a,,parqenikai\,5,79585,παρθενική,noun,true,1.0,,,mega/lwn,6,65552,μέγας,adverb,n/a,false,,pai=des,7,76703,παῖς,adjective,false,n/a,,,",",:,παρά,preposition,indeclform (prep),τοι,particle,enclitic indeclform (particle),fem nom/voc pl,*)arestorida=n,8,unknown,,,false,n/a,,,,,,,,,,,,,,,,,,,,,,,,,,,,,,,,,,,,masc/fem nom/voc pl,,,,,,,,,,,,,,,,,,,,,,,,,,,,,,,,,,,,,,,,,,,,,,,,,,,,,,,,,,,,,,,,,,,,,,,,,,,,,,,,,,,,,,,,,,,,,,,,,,,,,,,,,,,,,,,,,,,,,,,,,,,,,,,,,,,,,,,,,,,,,,,,,,,,,,,,,,,,,,,,,,,,,,,,,,,,,,,,,,,,,,,,,,,,,,,,,,,,,,,,,,,,,,,,,,,,,,,,,,,,,,,,,,,,,,,,,,,,,,,,,,,,,,,,,,,,,,,,,,,,,,,,,,,,,,,,,,,,,,,,,,,,,,,,,,,,,,,,,,,,,,,,,,,,,,,,,,,,,,,,,,,fem nom/voc/acc dual,fem nom/voc sg (doric aeolic),fem gen pl,masc/neut gen pl,,,,,,,,,,,,,,,,,,,,,,,,,,,,,,,,,,,,,,,,,,
15,5,w)qa/na,1,unknown,false,n/a,fe/retai,2,110598,false,n/a,de\,3,23596,δέ,particle,false,n/a,indeclform (particle),kai\,4,51951,καί,conjunction,false,n/a,indeclform (conj),a(,5,71882,ὁ,article,false,n/a,,,*diomh/deos,6,27189,Διομήδης,proper,n/a,false,masc gen sg (epic doric ionic aeolic),a)spi/s,7,16400,ἀσπίς,noun,false,n/a,,,",",",",,,,φέρω,verb,pres ind mp 3rd sg,fem nom sg (doric),w(s,8,116401,ὡς,conjunction,false,n/a,proclitic indeclform (conj),e)/qos,9,30811,ἔθος,noun,false,n/a,neut nom/voc/acc sg,*)argei/wn,10,nlsj2615,Ἀργᾶς,proper,false,0.5,masc gen pl (epic),tou=to,11,76062,οὗτος,pronoun,false,n/a,neut nom/voc/acc sg,palaio/teron,12,76765,παλαιός,adjective,false,n/a,,,,fem nom sg,,,,,,,,,,,,,,,,,,,,,,,,,,,,,,,,,,,,,,,,,,,,,,,,,,,,,,,,,,,,,,,,,,,,,,,,,,,,,,,,,,,,,,,,,,,,,,,,,,,,,,,,,,,,,,,,,,,,,,,,,,,,,,,,,,,,,,,,,,,,,,,,,,,,,,,,,,,,,,,,,,,,,,,,,,,,,,,,,,,,,,,,,,,,,,,,,,,,,,,,,,,,,,,,,,,,,,,,,,,,,,,,,,,,,,,,,,,,,,,,,,,,,,,,,,,,,,,,,,,,,,,,,,,,,,,,,,,,,,,:,,,,,,,,,,,,,,,,,,,,,,,,,,,,,,,,,,,,,,adverbial comp,masc acc comp sg,,,,,,,,,neut nom/voc/acc comp sg,,,,,,,,,,,,,,,,,,,,,,,,,,,,,,,,,,,,,,,,,
16,5,*eu)mh/dhs,1,nlsj5130,false,n/a,e)di/dace,2,26412,false,n/a,tei\n,3,97456,σύ,pronoun,false,0.5,dat 2nd sg (doric),kexarisme/nos,4,nlsj43224,χαρίζομαι,verb,true,0.5,perf part mp masc nom sg,i(reu/s,5,50003,ἱερεύς,adjective,false,n/a,,,,,,,,,,,,,,,,,,,,",",:,Εὐμήδης,proper,,διδάσκω,verb,aor ind act 3rd sg,masc nom sg (epic ionic),,,,,,,,,,,,,,,,,,,,,,,,,,,,,,,,,,,,,,,,,,,,,,,,,,,,,,,,,,,,,,,,,,,,,,,,,,,,,,,,,,,,,,,,,,,,,,,,,,,,,,,,,,,,,,,,,,,,,,,,,,,,,,,,,,,,,,,,,,,,,,,,,,,,,,,,,,,,,,,,,,,,,,,,,,,,,,,,,,,,,,,,,,,,,,,,,,,,,,,,,,,,,,,,,,,,,,,,,,,,,,,,,,,,,,,,,,,,,,,,,,,,,,,,,,,,,,,,,,,,,,,,,,,,,,,,,,,,,,,,,,,,,,,,,,,,,,,,,,,,,,,,,,,,,,,,,,,,,,,,,,,,,,,,,,,,,,,,,,,,,,,,,,,,masc acc pl (attic epic doric),masc nom/voc pl (doric aeolic),masc nom sg,,,,,,,,,,,,,,,,,,,,,,,,,,,,,,,,,,,,,,,,,,,,,,,,,,,,,,,,,,,,,
17,5,o(/s,1,75512,false,n/a,poka,2,nlsj67563,false,n/a,bwleuto\n,3,unknown,,,false,n/a,,gnou\s,4,22210,γιγνώσκω,verb,false,n/a,aor part act masc nom/voc sg,e)pi/,5,nlsj126,ἐπί,preposition,false,n/a,,,oi(,6,71882,ὁ,article,1.0,true,masc nom/voc pl,qa/naton,7,47876,θάνατος,adjective,false,n/a,,,",",:,ὅς,pronoun,masc nom sg,ποτέ,particle,doric (enclitic indeclform particle),indeclform (prep),da=mon,8,24436,δῆμος,noun,false,n/a,masc acc sg (doric),e(toima/zonta,9,43273,ἑτοιμάζω,verb,false,n/a,,fuga=i,10,112472,φυγή,noun,false,n/a,fem dat sg (doric aeolic),teo\n,11,103088,τεός,adjective,false,n/a,,i(ro\n,12,50093,ἱερός,adjective,true,0.5,,,,masc acc sg,pres part act neut nom/voc/acc pl,pres part act masc acc sg,,,a)/galma,13,293,ἄγαλμα,noun,false,n/a,neut nom/voc/acc sg,w)/ixet',14,72712,οἴχομαι,verb,n/a,false,,,e)/xwn,15,45996,ἔχω,verb,true,0.33,,,,*krei=on,16,nlsj6624,Κρείων,proper,false,0.5,,,d',17,23596,δέ,particle,false,n/a,indeclform (particle),ei)s,18,31235,εἰς,preposition,false,n/a,proclitic indeclform (prep),o)/ros,19,75306,ὄρος,adjective,false,n/a,,,w)iki/sato,20,unknown,,,false,n/a,,,,,,,,,,,,,,,,,,,,,,,,,,,,,,,,,,,,,,,,,,,,,,,,,,,,,,,,,,,,,,,,,,,,,,,,,,,,,,,,,,,,,,,,,,,,,,,,,,,,,,,,,,,,,,,,,,,,,,,,,,,,,,,,,,,,,,,,,,,,,,,,,,,,,,,,,,,,,,,,,,,,,,,,,,,,,,,,,,,,,,,,,,,,,,,,,,,,,,,,,,,,,,,,,,,imperf ind mp 3rd sg,masc voc sg,neut nom/voc/acc sg,,,,,,,,,,,,pres part act masc nom sg,,,,,,,,,,,,,,,,,,,,masc acc sg (epic ionic),neut nom/voc/acc sg (epic ionic),,,masc acc sg,neut nom/voc/acc sg,,,,,,,,,,,,,,,,,,,,,,,,,,,,,,,,,,,,,,,,,,,,,,
18,5,krei=on,1,59796,true,0.5,o)/ros,2,75306,false,n/a,,,,,,,,,,,,,,,,,,,,,,,,,,,,,,,,,,,,,,,,,,,,,κρείων,noun,masc voc sg,ὄρος,adjective,neut nom/voc/acc sg,,,,,,,,,,,,,,,,,,,,,,,,,,,,,,,,,,,,,,,,,,,,,,,,,,,,,,,,,,,,,,,,,,,,,,,,,,,,,,,,,,,,,,,,,,,,,,,,,,,,,,,,,,,,,,,,,,,,,,,,,,,,,,,,,,,,,,,,,,,,,,,,,,,,,,,,,,,,,,,,,,,,,,,,,,,,,,,,,,,,,,,,,,,,,,,,,,,,,,,,,,,,,,,,,,,,,,,,,,,,,,,,,,,,,,,,,,,,,,,,,,,,,,,,,,,,,,,,,,,,,,,,,,,,,,,,,,,,,,,,,,,,,,,,,,,,,,,,,,,,,,,,,,,,,,,,,,,,,,,,,,,,,,,,,,,,,,,,,,,,,,,,,,:,,,,,,,,,,,,,,,,,,,,,,,,,,,,,,,,,,,,,,,,,,,,,,,,,,,,,,,,,,,,,,,,,,
19,5,se\,1,97456,true,1.0,de\,2,23596,false,n/a,dai=mon,3,23242,δαίμων,adjective,false,n/a,masc/fem voc sg,a)porrw/gessin,4,13645,ἀπορρώξ,noun,false,n/a,masc/fem dat pl (epic aeolic),e)/qhken,5,103922,τίθημι,verb,false,n/a,,,e)n,6,34700,ἐν,preposition,0.5,true,proclitic indeclform (prep),pe/trais,7,82758,πέτρα,noun,false,n/a,,,",",.,σύ,pronoun,,δέ,particle,indeclform (particle),aor ind act 3rd sg,ai(=s,8,75512,ὅς,pronoun,false,n/a,fem dat pl,nu=n,9,71308,νῦν,adverb,false,n/a,enclitic indeclform (adverb),ou)/noma,10,74126,ὄνομα,adjective,false,n/a,neut nom/voc/acc sg (epic ionic),*pallati/des,11,unknown,,,false,n/a,,,,,,,,,,,,fem dat pl,,,,,,,,,,,,,,,,,,,,,,,,,,,,,,,,,,,,,,,,,,,,,,,,,,,,,,,,,,,,,,,,,,,,,,,,,,,,,,,,,,,,,,,,,,,,,,,,,,,,,,,,,,,,,,,,,,,,,,,,,,,,,,,,,,,,,,,,,,,,,,,,,,,,,,,,,,,,,,,,,,,,,,,,,,,,,,,,,,,,,,,,,,,,,,,,,,,,,,,,,,,,,,,,,,,,,,,,,,,,,,,,,,,,,,,,,,,,,,,,,,,,,,,,,,,,,,,,,,,,,,,,,,,,,,,,,,,,,,,,,,,,,,,,,,,,,,,,,,,,,,,,,acc 2nd sg,acc 2nd sg,,,,,,,,,,,,,,,,,,,,,,,,,,,,,,,,,,,,,,,,,,,,,,,,,,,,,,,,,,,,,,
20,5,e)/ciq',1,37075,false,n/a,*)aqanai/a,2,1989,false,n/a,perse/ptoli,3,82658,περσέπολις,noun,true,0.5,masc/fem voc sg,xruseoph/lhc,4,114812,χρυσεοπήληξ,noun,false,n/a,masc/fem nom/voc sg,i(/ppwn,5,50824,ἵππος,noun,false,n/a,,,kai\,6,51951,καί,conjunction,n/a,false,indeclform (conj),sake/wn,7,nlsj97952,σάκας,noun,true,1.0,,,",",.,ἔξειμι,verb,,Ἀθήνη,proper,,masc/fem gen pl,a(dome/na,8,7858,ἁνδάνω,verb,true,0.5,,pata/gwi,9,79990,πάταγος,noun,false,n/a,masc dat sg,,,,,,,,,,,,,,,,,,,,,,,,,fem nom/voc/acc dual (doric),fem nom/voc sg (attic doric aeolic),masc gen pl (epic ionic),,,,,,,,,,,,,,,,,,,,,,,,,,,,,,,,,,,,,,,,,,,,,,,,,,,,,,,,,,,,,,,,,,,,,,,,,,,,,,,,,,,,,,,,,,,,,,,,,,,,,,,,,,,,,,,,,,,,,,,,,,,,,,,,,,,,,,,,,,,,,,,,,,,,,,,,,,,,,,,,,,,,,,,,,,,,,,,,,,,,,,,,,,,,,,,,,,,,,,,,,,,,,,,,,,,,,,,,,,,,,,,,,,,,,,,,,,,,,,,,,,,,,,,,,,,,,,,,,,,,,,,,,,,,,,,,,,,,,,,,,,,,,,,,,,,,,,,,,,,,,,,,,pres imperat act 2nd pl,pres ind act 2nd pl,pres imperat act 2nd sg,,,aor part mid fem nom/voc/acc dual,aor part mid fem nom/voc sg (doric aeolic),,,,,,,,,,,,,,,,,,,,,,,,,,,,,,,,,,,,,,,,,,,,,,,,,,,,,,,,,
21,5,sa/meron,1,93824,false,n/a,u(drofo/roi,2,nlsj108311,false,n/a,mh\,3,67283,μή,conjunction,false,n/a,indeclform (conj),ba/ptete,4,19327,βάπτω,verb,false,n/a,,sa/meron,5,93824,σήμερον,adverb,false,n/a,,,*)/argos,6,nlsj1560,Ἄργος,proper,n/a,false,,pi/net',7,83231,πίνω,verb,false,n/a,pres imperat act 2nd pl,pres ind act 2nd pl,—,",",σήμερον,adverb,doric (indeclform adverb),ὑδροφόρος,adjective,masc/fem nom/voc pl,doric (indeclform adverb),a)po\,8,12243,ἀπό,preposition,false,n/a,indeclform (prep),krana=n,9,59885,κρήνη,noun,false,n/a,fem gen pl (doric aeolic),mhd',10,67299,μηδέ,particle,false,n/a,indeclform (particle),a)po\,11,12243,ἀπό,preposition,false,n/a,indeclform (prep),tw=,12,71882,ὁ,article,true,1.0,masc/neut gen sg (doric aeolic),,,,,,,,potamw=,13,85953,ποταμός,noun,false,n/a,masc gen sg (doric aeolic),sa/meron,14,93824,σήμερον,adverb,n/a,false,,,ai(,15,71882,ὁ,article,false,n/a,,,,dw=lai,16,unknown,,,false,n/a,,,ta\s,17,71882,ὁ,article,false,n/a,fem acc pl,ka/lpidas,18,52862,κάλπις,noun,false,n/a,fem acc pl,h)\,19,46568,ἠέ,conjunction,true,1.0,,,'s,20,31235,εἰς,preposition,false,n/a,proclitic indeclform (prep),*fusa/deian,21,nlsj5608,Φυσάδεια,proper,n/a,false,fem acc sg,h)\,22,46568,ἠέ,conjunction,true,1.0,indeclform (conj),e)s,23,31235,εἰς,preposition,false,n/a,proclitic indeclform (prep),*)amumw/nan,24,nlsj2317,Ἀμυμώνη,proper,false,n/a,fem acc sg (doric aeolic),oi)/sete,25,110598,φέρω,verb,false,n/a,fut ind act 2nd pl,ta\n,26,71882,ὁ,article,false,n/a,,,*danaw=,27,nlsj4526,Δαναός,proper,n/a,false,,,,,,,,,,,,,,,,,,,,,,,,,,,,,,,,,,,,,,,,,,,,,,,,,,,,,,,,,,,,,,,,,,,,,,,,,,,,,,,,,,,,,,,,,,,,,,,,,,,,,,,,,,,,,,,,,,,,,,,,,,,,,,,,,,,,,,,,,,,,,,,,,,,,,,.,,,,doric (indeclform adverb),,indeclform (conj),,,,,,,,fem acc sg (doric aeolic),masc gen sg (doric aeolic),,,fem nom/voc pl,,,,,,,,,,,,,,,,,,,,,,,,,,pres imperat act 2nd pl,pres ind act 2nd pl,neut nom/voc/acc sg,masc nom sg,,imperf ind act 2nd pl (homeric ionic),pres ind mp 3rd sg,imperf ind mp 3rd sg (homeric ionic),imperf ind act 2nd pl (homeric ionic),,,,,,,,,,,,,,,,,,,,,,,,,,,,,,,,,,,,,
22,5,kai\,1,51951,false,n/a,ga\r,2,21618,false,n/a,dh\,3,24295,δή,particle,false,n/a,indeclform (particle),xrusw=i,4,114972,χρυσός,noun,true,1.0,masc dat sg,te,5,102752,τε,particle,false,n/a,,,kai\,6,51951,καί,conjunction,n/a,false,indeclform (conj),a)/nqesin,7,8817,ἄνθος,adjective,false,n/a,,,,,καί,conjunction,indeclform (conj),γάρ,particle,indeclform (particle),enclitic indeclform (particle),u(/data,8,106502,ὕδωρ,noun,false,n/a,neut nom/voc/acc pl,mei/cas,9,nlsj39496,μίγνυμι,verb,false,n/a,aor part act masc nom/voc sg (attic epic ionic),h(cei=,10,46804,ἥκω,verb,false,n/a,,forbai/wn,11,112077,φορβαῖος,adjective,false,n/a,,*)/inaxos,12,50498,Ἴναχος,proper,false,n/a,masc nom sg,,,neut dat pl,,,,,e)c,13,31575,ἐκ,preposition,false,n/a,proclitic indeclform (prep),o)re/wn,14,75306,ὄρος,adjective,0.5,true,,,ta)qa/nai,15,unknown,,,false,n/a,,,,to\,16,71882,ὁ,article,false,n/a,,,loetro\n,17,63928,λουτρόν,noun,false,n/a,neut nom/voc/acc sg (epic),a)/gwn,18,1083,ἄγω,verb,true,0.5,pres part act masc nom sg,kalo/n,19,nlsj61372,καλός,noun,false,n/a,masc acc sg,neut nom/voc/acc sg,,,,,,,,,,,,,,,,,,,,,,,,,,,,,,,,,,,,,,,,,,,,,,,,,,,,,,,,,,,,,,,,,,,,,,,,,,,,,,,,,,,,,,,,,,,,,,,,,,,,,,,,,,,,,,,,,,,,,,,,,,,,,,,,,,,,,,,,,,,,,,,,,,,,,,,,,,,,,,,,,,,,,,,,,,,,,,,,,,,,,,,,,,,,,,,,,,,,,,,,,,,,,,,,,,,,,,,,fut ind mid 2nd sg (doric),fut ind act 3rd sg (doric),neut gen pl (epic doric ionic aeolic),neut nom/voc/acc sg,,,,,,,,,,,,,,,,,,.,,,,,,,,,,,,,,,,,,,fem gen pl,masc/neut gen pl,,,,,,,,,,,,,,,,,,,,,,,,,,,,,,,,,,,,,,,,,,,,,,
23,5,a)lla\,1,4357,false,n/a,*pelasge/,2,80419,false,n/a,fra/zeo,3,112217,φράζω,verb,false,n/a,,mh\,4,67283,μή,conjunction,false,n/a,indeclform (conj),ou)k,5,75730,οὐ,adverb,false,n/a,,,e)qe/lwn,6,30790,ἐθέλω,verb,n/a,false,pres part act masc nom sg,ta\n,7,71882,ὁ,article,false,n/a,,,,,ἀλλά,adverb,indeclform (adverb),Πελασγός,proper,masc voc sg,proclitic indeclform (adverb),basi/leian,8,19539,βασίλεια,adjective,false,n/a,fem acc sg,i)/dhis,9,49824,ἴδη,noun,true,1.0,fem dat pl (epic doric ionic),,,,,,,,,,,,,,,,,,,,,,,,,,,fem acc sg (doric aeolic),,,,,,,,,,,,,,,,,,,,,,,,,,,,,,,,,,,,,,,,,,,,,,,,,,,,,,,,,,,,,,,,,,,,,,,,,,,,,,,,,,,,,,,,,,,,,,,,,,,,,,,,,,,,,,,,,,,,,,,,,,,,,,,,,,,,,,,,,,,,,,,,,,,,,,,,,,,,,,,,,,,,,,,,,,,,,,,,,,,,,,,,,,,,,,,,,,,,,,,,,,,,,,,,,,,,,,,,,,,,,,,,,,,,,,,,,,,,,,,,,,,,,,,,,,,,,,,,,,,,,,,,,,,,,,,,,,,,,,,,,,,,,,,,,,,,,,,,,,,,,,.,pres imperat mp 2nd sg (epic doric ionic aeolic),imperf ind mp 2nd sg (epic doric ionic aeolic),,,,,,,,,,,,,,,,,,,,,,,,,,,,,,,,,,,,,,,,,,,,,,,,,,,,,,,,,,,,,,,,
24,5,o(/s,1,75512,false,n/a,ken,2,6207,false,n/a,i)/dhi,3,49824,ἴδη,noun,true,1.0,fem dat sg (attic epic doric ionic),gumna\n,4,22997,γυμνός,adjective,false,n/a,fem acc sg (doric aeolic),ta\n,5,71882,ὁ,article,false,n/a,,,*palla/da,6,77017,Παλλάς,proper,n/a,false,fem acc sg,ta\n,7,71882,ὁ,article,false,n/a,,,",",.,ὅς,pronoun,masc nom sg,ἄν,particle,epic (enclitic indeclform particle),fem acc sg (doric aeolic),poliou=xon,8,84484,πολιοῦχος,adjective,false,n/a,,tw)=rgos,9,unknown,,,false,n/a,,e)soyei=tai,10,nlsj52637,εἰσοψάομαι,verb,false,n/a,pres ind mp 3rd sg (attic epic ionic),tou=to,11,76062,οὗτος,pronoun,false,n/a,neut nom/voc/acc sg,panusta/tion,12,77706,πανύστατος,adjective,true,0.5,,,,fem acc sg (doric aeolic),,,,,,,,,,,,,,,,,,,,,,,,,,,,,,,,,,,,,,,,,,,,,,,,,,,,,,,,,,,,,,,,,,,,,,,,,,,,,,,,,,,,,,,,,,,,,,,,,,,,,,,,,,,,,,,,,,,,,,,,,,,,,,,,,,,,,,,,,,,,,,,,,,,,,,,,,,,,,,,,,,,,,,,,,,,,,,,,,,,,,,,,,,,,,,,,,,,,,,,,,,,,,,,,,,,,,,,,,,,,,,,,,,,,,,,,,,,,,,,,,,,,,,,,,,,,,,,,,,,,,,,,,,,,,,,,,,,,,,,,,,,,,,,,,,,,,,,,,,,,,,,,,,,,,,masc/fem acc sg,neut nom/voc/acc sg,,,,,,masc acc sg,neut nom/voc/acc sg,,,,,,,,,,,,,,,,,,,,,,,,,,,,,,,,,,,,,,,,,,,,,,,,,,
25,5,po/tni',1,86069,false,n/a,*)aqanai/a,2,1989,false,n/a,tu\,3,97456,σύ,pronoun,false,n/a,,me\n,4,66260,μέν,particle,false,n/a,indeclform (particle),e)/ciqi,5,37075,ἔξειμι,verb,false,n/a,,,,,,,,,,,,,,,,,,,,,,πότνια,noun,,Ἀθήνη,proper,,pres imperat act 2nd sg,,,,,,,,,,,,,,,,,,,,,,,,,,,,,,,,,,,,,,,,,fem nom/voc/acc dual (doric),fem nom/voc sg (attic doric aeolic),,,,,,,,,,,,,,,,,,,,,,,,,,,,,,,,,,,,,,,,,,,,,,,,,,,,,,,,,,,,,,,,,,,,,,,,,,,,,,,,,,,,,,,,,,,,,,,,,,,,,,,,,,,,,,,,,,,,,,,,,,,,,,,,,,,,,,,,,,,,,,,,,,,,,,,,,,,,,,,,,,,,,,,,,,,,,,,,,,,,,,,,,,,,,,,,,,,,,,,,,,,,,,,,,,,,,,,,,,,,,,,,,,,,,,,,,,,,,,,,,,,,,,,,,,,,,,,,,,,,,,,,,,,,,,,,,,,,,,,,,,,,,,,,,,,,,,,,,,,,,,,:,acc 2nd sg (doric),nom 2nd sg (doric aeolic),fem nom/voc sg,fem nom/voc pl,,,,,,,,,,,,,,,,,,,,,,,,,,,,,,,,,,,,,,,,,,,,,,,,,,,,,,,,,,,,,,
26,5,me/sfa,1,66567,false,n/a,d',2,23596,false,n/a,e)gw/,3,30657,ἐγώ,pronoun,false,n/a,masc/fem nom/voc 1st sg,ti,4,104051,τις,pronoun,false,n/a,neut nom/voc/acc sg,tai=sd',5,72010,ὅδε,pronoun,false,n/a,,,e)re/w,6,42358,ἐρέω,verb,0.5,true,,,,,,,,,,,,,μέσφα,adverb,indeclform (adverb),δέ,particle,indeclform (particle),fem dat pl,,,,,,,,,,,,,,,,,,,,,,,,,,,,,,,,,,,,,,,,,,,,,,,,,,,,,,,,,,,,,,,,,,,,,,,,,,,,,,,,,,,,,,,,,,,,,,,,,,,,,,,,,,,,,,,,,,,,,,,,,,,,,,,,,,,,,,,,,,,,,,,,,,,,,,,,,,,,,,,,,,,,,,,,,,,,,,,,,,,,,,,,,,,,,,,,,,,,,,,,,,,,,,,,,,,,,,,,,,,,,,,,,,,,,,,,,,,,,,,,,,,,,,,,,,,,,,,,,,,,,,,,,,,,,,,,,,,,,,,,,,,,,,,,,,,,,,,,,,,,,,,,,,,,,,,,,,,,,,,,,,,,,,,,,,,,,,,,,,,,,,,,,.,,,,,,,,,,,,,,,,,,,,,,,pres ind act 1st sg (epic doric ionic aeolic parad_form),pres subj act 1st sg (epic doric ionic aeolic),,,,,,,,,,,,,,,,,,,,,,,,,,,,,,,,,,,,,,,,,,
27,5,mu=qos,1,69052,false,n/a,d',2,23596,false,n/a,ou)k,3,75730,οὐ,adverb,false,n/a,proclitic indeclform (adverb),e)mo/s,4,34194,ἐμός,adjective,false,n/a,masc nom sg,a)ll',5,4357,ἀλλά,adverb,false,n/a,,,e(te/rwn,6,43206,ἕτερος,adjective,n/a,false,,,,,,,,,,,",",.,μῦθος,noun,masc nom sg,δέ,particle,indeclform (particle),indeclform (adverb),,,,,,,,,,,,,,,,,,,,,,,,,,,,,,,,,,,,,,,,,,,,,,,,,,,,,,,,,,,,,,,,,,,,,,,,,,,,,,,,,,,,,,,,,,,,,,,,,,,,,,,,,,,,,,,,,,,,,,,,,,,,,,,,,,,,,,,,,,,,,,,,,,,,,,,,,,,,,,,,,,,,,,,,,,,,,,,,,,,,,,,,,,,,,,,,,,,,,,,,,,,,,,,,,,,,,,,,,,,,,,,,,,,,,,,,,,,,,,,,,,,,,,,,,,,,,,,,,,,,,,,,,,,,,,,,,,,,,,,,,,,,,,,,,,,,,,,,,,,,,,,,,,,,,,,,,,,,,,,,,,,,,,,,,,,,,,,,,,,,,,,,,,,,,,,,,,,,,,,,,,,,,,,,fem gen pl,masc/neut gen pl,,,,,,,,,,,,,,,,,,,,,,,,,,,,,,,,,,,,,,,,,,
28,5,pai=des,1,76703,false,n/a,*)aqanai/a,2,1989,false,n/a,nu/mfan,3,71282,νύμφη,noun,false,n/a,fem acc sg (doric aeolic),mi/an,4,31236,εἷς,adjective,false,n/a,fem acc sg (attic doric aeolic),e)/n,5,34700,ἐν,preposition,true,0.5,,,poka,6,nlsj67563,ποτέ,particle,n/a,false,doric (enclitic indeclform particle),*qh/bais,7,48603,Θῆβαι,proper,false,n/a,,,",",",",παῖς,adjective,masc/fem nom/voc pl,Ἀθήνη,proper,,proclitic indeclform (prep),poulu/,8,85306,πολύς,adjective,false,n/a,,ti,9,104051,τις,pronoun,false,n/a,neut nom/voc/acc sg,kai\,10,51951,καί,conjunction,false,n/a,indeclform (conj),pe/ri,11,81017,περί,preposition,false,n/a,indeclform (prep),dh\,12,24295,δή,particle,false,n/a,indeclform (particle),fem nom/voc/acc dual (doric),fem nom/voc sg (attic doric aeolic),fem dat pl,,,,,fi/lato,13,110979,φιλέω,verb,false,n/a,aor ind mid 3rd sg (epic),ta=n,14,102286,τᾶν,adjective,1.0,true,,,e(tara=n,15,43071,ἑταίρα,noun,false,n/a,,,,mate/ra,16,67543,μήτηρ,noun,false,n/a,,,*teiresi/ao,17,nlsj10525,Τειρεσίης,proper,false,n/a,masc gen sg (epic doric),kai\,18,51951,καί,conjunction,false,n/a,indeclform (conj),ou)/poka,19,unknown,,,false,n/a,,,xwri\s,20,115213,χωρίς,adverb,false,n/a,indeclform (adverb),e)/gento,21,22209,γίγνομαι,verb,n/a,false,aor ind mp 3rd sg,,,,,,,,,,,,,,,,,,,,,,,,,,,,,,,,,,,,,,,,,,,,,,,,,,,,,,,,,,,,,,,,,,,,,,,,,,,,,,,,,,,,,,,,,,,,,,,,,,,,,,,,,,,,,,,,,,,,,,,,,,,,,,,,,,,,,,,,,,,,,,,,,,,,,,,,,,,,,,,,,,,,,,,,,,,,,,,,,,,,,,,,,,,,,,,,,,,,,,",",:,,,indeclform (indecl),fem acc sg (doric aeolic),,,,,,,,,,,,,fem gen pl (epic doric aeolic),,,,,,,,,,,,,masc voc sg (epic),neut nom/voc/acc sg (epic),,,,,,,,,,,,,,,,,,,,,,,,,,,,,,,,,,,,,,,,,,,,,,,,,,,,,,,,,
29,5,a)lla\,1,4357,false,n/a,kai\,2,51951,false,n/a,a)rxai/wn,3,15842,ἀρχαῖος,adjective,false,n/a,,eu)=t',4,45273,εὖτε,conjunction,false,n/a,indeclform (conj),e)pi\,5,nlsj126,ἐπί,preposition,false,n/a,,,*qespie/wn,6,nlsj9549,Θεσπίευς,proper,0.2,false,,,,,,,,,,,,,ἀλλά,adverb,indeclform (adverb),καί,conjunction,indeclform (conj),indeclform (prep),,,,,,,,,,,,,,,,,,,,,,,,,,,,,,,,,,,,,,,,,,,,,,,,,,,,,,,,,,,,,,,,,,,,,,,,,,,,,,,,,,,,,,,,,,,,,,,,,,,,,,,,,,,,,,,,,,,,,,,,,,,,,,,,,,,,,,,,,,,,,,,,,,,,,,,,,,,,,,,,,,,,,,,,,,,,,,,,,,,,,,,,,,,,,,,,,,,,,,,,,,,,,,,,,,,,,,,,,,,,,,,,,,,,,,,,,,,,,,,,,,,,,,,,,,,,,,,,,,,,,,,,,,,,,,,,,,,,,,,,,,,,,,,,,,,,,,,,,,,,,,,,,,,,,,,,,,,,,,,,,,,,,,,,,,,,,,,,,,,,,,,,,;,fem gen pl,masc/neut gen pl,,,,,,,,,,,,,,,,,,,,,masc gen pl,masc gen pl,,,,,,,,,,,,,,,,,,,,,,,,,,,,,,,,,,,,,,,,,,
30,5,h)\,1,46568,true,1.0,ei)s,2,31235,false,n/a,*(ali/arton,3,nlsj895,Ἁλίαρτος,proper,false,n/a,masc acc sg,e)lau/noi,4,33457,ἐλαύνω,verb,false,n/a,pres opt act 3rd sg,i(/ppws,5,50824,ἵππος,noun,false,n/a,,,*boiwtw=n,6,20256,Βοιωτός,proper,n/a,false,masc gen pl,e)/rga,7,42214,ἔργον,noun,false,n/a,,,",",",",ἠέ,conjunction,indeclform (conj),εἰς,preposition,proclitic indeclform (prep),masc/fem acc pl (doric),dierxome/na,8,26680,διέρχομαι,verb,false,n/a,,h)\',9,46568,ἠέ,conjunction,false,0.5,indeclform (conj),pi\,10,unknown,,,false,n/a,,*korwnei/as,11,nlsj6570,Κορώνεια,proper,false,n/a,,i(/na,12,50492,ἵνα,conjunction,false,n/a,,,,neut nom/voc/acc pl,,,,,oi(,13,29856,ἕ,pronoun,true,1.0,masc/fem dat sg (epic ionic),tequwme/non,14,49461,θυόω,verb,n/a,false,perf part mp masc acc sg,perf part mp neut nom/voc/acc sg,a)/lsos,15,4683,ἄλσος,noun,false,n/a,,,,kai\,16,51951,καί,conjunction,false,n/a,,,bwmoi\,17,21335,βωμός,noun,false,n/a,masc nom/voc pl,potamw=i,18,85953,ποταμός,noun,false,n/a,masc dat sg,kei=nt',19,57039,κέω,verb,true,0.5,,,e)pi\,20,nlsj126,ἐπί,preposition,false,n/a,indeclform (prep),*kourali/wi,21,unknown,,,n/a,false,,,,,,,,,,,,,,,,,,,,,,,,,,,,,,,,,,,,,,,,,,,,,,,,,,,,,,,,,,,,,,,,,,,,,,,,,,,,,,,,,,,,,,,,,,,,,,,,,,,,,,,,,,,,,,,,,,,,,,,,,,,,,,,,,,,,,,,,,,,,,,,,,,,,,,,,,,,,,,,,,,,,,,,,,,,,,,,,,,,,,,,,,,,,,,,,,,,,,,,",",:,,,,indeclform (conj),pres opt mp 3rd pl (epic ionic),,,,,,,,,,,,neut nom/voc/acc sg,,,,,,,,,,,,,pres part mp fem nom/voc/acc dual,pres part mp fem nom/voc sg (doric aeolic),,,,,,indeclform (adverb),indeclform (conj),,,fem acc pl,fem gen sg (attic doric aeolic),,,,,,,,,,,,,,,,,,,,,,,,,,,,,,,,,,,,,,,,,,,,,,
31,5,polla/kis,1,84534,false,n/a,a(,2,71882,false,n/a,dai/mwn,3,23242,δαίμων,adjective,false,n/a,masc/fem nom/voc sg,nin,4,70864,νιν,pronoun,false,n/a,masc/fem/neut acc 3rd sg (doric),e(w=,5,37805,ἑός,adjective,true,1.0,,,e)peba/sato,6,nlsj48276,ἐπιβάζω,verb,n/a,false,aor ind mid 3rd sg,di/frw,7,27618,δίφρος,noun,false,n/a,masc nom/voc/acc dual,masc gen sg (doric aeolic),",",",",πολλάκις,adverb,indeclform (adverb),ὁ,article,fem nom sg (doric),masc/neut gen sg (doric aeolic),ou)d',8,75764,οὐδέ,particle,false,0.33,indeclform (particle),o)/aroi,9,71897,ὄαρος,noun,false,n/a,masc nom/voc pl,numfa=n,10,71282,νύμφη,noun,false,n/a,fem gen pl (doric aeolic),ou)de\,11,75764,οὐδέ,particle,false,0.33,indeclform (particle),xorostasi/ai,12,114470,χοροστασία,noun,false,n/a,,,,,,,,,a(dei=ai,13,46712,ἡδύς,adjective,false,n/a,fem nom/voc pl (doric),tele/qeskon,14,102923,τελέθω,verb,n/a,false,imperf ind act 3rd pl (epic ionic),imperf ind act 1st sg (epic ionic),o(/k',15,75688,ὅτε,conjunction,false,n/a,,,,ou)x,16,75730,οὐ,adverb,false,n/a,,,a(gei=to,17,463,ἁγέομαι,verb,true,0.5,,*xariklw/,18,nlsj10969,Χαρικλώ,proper,false,n/a,fem nom sg,,,,,,,,,,,,,,,,,,,,,,,,,,,,,,,,,,,,,,,,,,,,,,,,,,,,,,,,,,,,,,,,,,,,,,,,,,,,,,,,,,,,,,,,,,,,,,,,,,,,,,,,,,,,,,,,,,,,,,,,,,,,,,,,,,,,,,,,,,,,,,,,,,,,,,,,,,,,,,,,,,,,,,,,,,,,,,,,,,,,,,,,,,,,,,,,,,,,,,,,,,,,,,,,,,,,,,,,,,,,,,,:,,,,,proclitic indeclform (adverb),,,,,,,,,,,,,doric (indeclform conj),,,,,,,,,,,,,,,,,,,,fem nom/voc pl,fem dat sg (attic doric aeolic),,,,,,,,,,,,,,imperf ind mp 3rd sg (attic epic doric aeolic),pres opt mp 3rd sg (epic ionic),imperf ind mp 3rd sg (attic epic),,,,,,,,,,,,,,,,,,,,,,,,,,,,,,,,,,
32,5,a)ll',1,4357,false,n/a,e)/ti,2,43266,false,n/a,kai\,3,51951,καί,conjunction,false,n/a,indeclform (conj),th/nan,4,31951,ἐκεῖνος,pronoun,true,0.5,fem acc sg (doric aeolic),da/krua,5,23292,δάκρυον,noun,false,n/a,neut nom/voc/acc pl,neut nom/voc/acc pl,po/ll',6,85306,πολύς,adjective,n/a,false,,e)/menen,7,66294,μένω,verb,false,n/a,,,",",.,ἀλλά,adverb,indeclform (adverb),ἔτι,adverb,indeclform (adverb),,kai/per,8,52022,καίπερ,particle,false,n/a,indeclform (particle),*)aqanai/ai,9,unknown,,,false,n/a,,kataqu/mion,10,54034,καταθύμιος,adjective,true,1.0,,e)/ssan,11,unknown,,,false,n/a,,e(tai/ran,12,43071,ἑταίρα,noun,false,n/a,fem acc sg (attic doric ionic aeolic),,,imperf ind act 3rd sg,,,,,,,,,,,,,,,,,,,,,,,,,,,,,,,,,,,,,,,,,,,,,,,,,,,,,,,,,,,,,,,,,,,,,,,,,,,,,,,,,,,,,,,,,,,,,,,,,,,,,,,,,,,,,,,,,,,,,,,,,,,,,,,,,,,,,,,,,,,,,,,,,,,,,,,,,,,,,,,,,,,,,,,,,,,,,,,,,,,,,,,,,,,,,,,,,,,,,,,,,,,,,,,,,,,,,,,,,,,,,,,,,,,,,,,,,,,,,,,,,,,,,,,,,,,,,,,,,,,,,,,,,,,,,,,,,,,,,,,,,masc acc sg,neut nom/voc/acc sg,,,,,,,,,,,,,,,,,,,,,,,,,,,,,,,,,,,,,,,,,,,fem nom/voc/acc dual,fem nom/voc sg (doric aeolic),,,,,,,,,neut nom/voc/acc pl,masc voc sg (ionic),fem nom/voc pl,,,,,,,,,,,,,,,,,,,,,,,,,,,,,,,
33,5,dh/,1,24295,false,n/a,poka,2,nlsj67563,false,n/a,ga\r,3,21618,γάρ,particle,false,n/a,indeclform (particle),pe/plwn,4,80926,πέπλος,noun,true,0.5,,lusome/na,5,unknown,,,false,n/a,,,pero/nas,6,82643,περόνη,noun,1.0,true,,i(/ppw,7,50824,ἵππος,noun,false,n/a,masc/fem nom/voc/acc dual,masc/fem gen sg (doric aeolic),,,δή,particle,indeclform (particle),ποτέ,particle,doric (enclitic indeclform particle),,e)pi\,8,nlsj126,ἐπί,preposition,false,n/a,indeclform (prep),kra/nai,9,59885,κρήνη,noun,true,1.0,fem dat sg (doric aeolic),*(elikwni/di,10,nlsj973,Ἑλικωνιάδες,proper,false,n/a,fem dat sg,kala\,11,nlsj61372,καλός,noun,false,n/a,,r(eoi/sai,12,unknown,,,false,n/a,,,,,,,,,lw=nto,13,62167,λάω,verb,false,n/a,imperf ind mp 3rd pl (homeric ionic),,,,,,,,,,,,,,,,,,,,,,,,,,,,,,,,,,,,,,,,,,,,,,,,,,,,,,,,,,,,,,,,,,,,,,,,,,,,,,,,,,,,,,,,,,,,,,,,,,,,,,,,,,,,,,,,,,,,,,,,,,,,,,,,,,,,,,,,,,,,,,,,,,,,,,,,,,,,,,,,,,,,,,,,,,,,,,,,,,,,,,,,,,,,,,,,,,,,,,,,,,,,,,,,,,,,,,,,,,,,,,,,,,,,,,,,,,,,,,,,,,,,,,,,,,,,,,,,,,,,,,,,,,,,,,,,,,,,,,,,,,,,,,,,,,:,,,,,,,,,,,,,,,,,,,neut nom/voc/acc pl,fem nom/voc/acc dual,masc gen pl,neut gen pl,fem acc pl,fem gen sg (doric aeolic),,,,,,,,,,,,fem nom/voc sg (doric aeolic),,,,,,,,,,,,,,,,,,,,,,,,,,,,,,
34,5,mesambrina\,1,66397,false,n/a,d',2,23596,false,n/a,ei)=x',3,37776,ἔοικα,verb,true,0.33,,o)/ros,4,75306,ὄρος,adjective,false,n/a,neut nom/voc/acc sg,a(suxi/a,5,47629,ἡσυχία,noun,false,n/a,fem nom/voc/acc dual (doric),fem nom/voc sg (attic doric aeolic),,,,,,,,,,,,,,,,,,,,μεσημβρινός,adjective,,δέ,particle,indeclform (particle),,,,,,,,,,,,,,,,,,,,,,,,,,,,,,,,,,,,,,,,,,,,,,,,,,,,,,,,,,,,,,,,,,,,,,,,,,,,,,,,,,,,,,,,,,,,,,,,,,,,,,,,,,,,,,,,,,,,,,,,,,,,,,,,,,,,,,,,,,,,,,,,,,,,,,,,,,,,,,,,,,,,,,,,,,,,,,,,,,,,,,,,,,,,,,,,,,,,,,,,,,,,,,,,,,,,,,,,,,,,,,,,,,,,,,,,,,,,,,,,,,,,,,,,,,,,,,,,,,,,,,,,,,,,,,,,,,,,,,,,,,,,,,,,,,,,,,,,,,,,,,,,,,,,,,,,,,,,,,,,,,,,,,,,,,,,,,,,,,,,,,,,,,.,imperf ind act 3rd sg (epic),imperf ind act 3rd sg (epic),neut nom/voc/acc pl (doric),fem nom/voc/acc dual (doric),fem nom/voc sg (doric aeolic),,,,,,,,,,,,,,,,,,,,,,,,,,,,,,,,,,,,,,,,,,,,,,,,,,,,,,,,,,,,,
35,5,a)mfo/terai,1,6174,false,n/a,lw/onto,2,62167,false,n/a,mesambrinai\,3,66397,μεσημβρινός,adjective,false,n/a,fem nom/voc pl (doric),d',4,23596,δέ,particle,false,n/a,indeclform (particle),e)/san,5,31130,εἰμί,verb,false,n/a,,,w(=rai,6,116293,ὥρα,adjective,n/a,false,fem nom/voc pl,polla\,7,85306,πολύς,adjective,false,n/a,fem nom/voc/acc dual,fem nom/voc sg (doric aeolic),",",",",ἀμφότερος,adjective,fem nom/voc pl,λάω,verb,imperf ind mp 3rd pl (epic),imperf ind act 3rd pl (epic ionic),d',8,23596,δέ,particle,false,n/a,indeclform (particle),a(suxi/a,9,47629,ἡσυχία,noun,false,n/a,,th=no,10,31951,ἐκεῖνος,pronoun,true,0.5,neut nom/voc/acc sg (doric),katei=xen,11,55905,κατέχω,verb,false,n/a,imperf ind act 3rd sg,o)/ros,12,75306,ὄρος,adjective,false,n/a,neut nom/voc/acc sg,,,,fem nom/voc/acc dual (doric),fem nom/voc sg (attic doric aeolic),,,,,,,,,,,,,,,,,,,,,,,,,,,,,,,,,,,,,,,,,,,,,,,,,,,,,,,,,,,,,,,,,,,,,,,,,,,,,,,,,,,,,,,,,,,,,,,,,,,,,,,,,,,,,,,,,,,,,,,,,,,,,,,,,,,,,,,,,,,,,,,,,,,,,,,,,,,,,,,,,,,,,,,,,,,,,,,,,,,,,,,,,,,,,,,,,,,,,,,,,,,,,,,,,,,,,,,,,,,,,,,,,,,,,,,,,,,,,,,,,,,,,,,,,,,,,,,,,,,,,,,,,,,,,,,,,,,,,.,,,,,,,,,,,,,,,,,,,,,,,,,,,,,,,,,,,,,,,,,,,,,,,,,,neut nom/voc/acc pl,,,,,,,,,,,,,,,,,,,,,,,,,,,,,,,,,,,,,,,
36,5,*teiresi/as,1,nlsj10525,false,n/a,d',2,23596,false,n/a,e)/ti,3,43266,ἔτι,adverb,false,n/a,indeclform (adverb),mw=nos,4,68641,μόνος,adjective,false,n/a,masc nom sg (doric),a(ma=,5,4845,ἅμα,adverb,false,n/a,,,kusi\n,6,61177,κύων,noun,n/a,false,masc/fem dat pl,a)/rti,7,15618,ἄρτι,adverb,false,n/a,,,,,Τειρεσίης,proper,,δέ,particle,indeclform (particle),doric (indeclform adverb),ge/neia,8,21861,γένειον,noun,false,n/a,neut nom/voc/acc pl,perka/zwn,9,unknown,,,false,n/a,,i(ero\n,10,50093,ἱερός,adjective,true,1.0,,xw=ron,11,115235,χῶρος,noun,false,n/a,masc acc sg,a)nestre/feto,12,7561,ἀναστρέφω,verb,false,n/a,imperf ind mp 3rd sg,,,indeclform (adverb),,,,,,,,,,,,,,,,,,,,,,,,,,,,,,,,,,,,,,,,,,,,,,,,,,,,,,,,,,,,,,,,,,,,,,,,,,,,,,,,,,,,,,,,,,,,,,,,,,,,,,,,,,,,,,,,,,,,,,,,,,,,,,,,,,,,,,,,,,,,,,,,,,,,,,,,,,,,,,,,,,,,,,,,,,,,,,,,,,,,,,,,,,,,,,,,,,,,,,,,,,,,,,,,,,,,,,,,,,,,,,,,,,,,,,,,,,,,,,,,,,,,,,,,,,,,,,,,,,,,,,,,,,,,,,,,,,,,,,,,,masc acc sg,neut nom/voc/acc sg,,,,,,,,,,,,,,,,,,,,:,,,masc acc pl,masc nom sg (attic epic doric aeolic),,,,,,,,,,,,,,,,,,,,,,,,,,,,,,,,,masc/fem acc sg,neut nom/voc/acc sg,,,,,,,,,,,,,,,,,,,,,,,,,,,,
37,5,diya/sas,1,unknown,false,n/a,d',2,23596,false,n/a,a)/fato/n,3,18166,ἄφατος,adjective,false,n/a,,ti,4,104051,τις,pronoun,false,n/a,neut nom/voc/acc sg,poti\,5,88443,πρός,preposition,false,n/a,,,rr(o/on,6,unknown,,,n/a,false,,h)/luqe,7,42827,ἔρχομαι,verb,false,n/a,,,",",:,,,,δέ,particle,indeclform (particle),epic doric (indeclform prep),kra/nas,8,59885,κρήνη,noun,true,1.0,,sxe/tlios,9,101849,σχέτλιος,adjective,false,n/a,masc nom sg,,,,,,,,,,,,,,,,,,,,,,,,,,,aor ind act 3rd sg,,,,,,,,,,,,,,,,,,,,,,,,,,,,,,,,,,,,,,,,,,,,,,,,,,,,,,,,,,,,,,,,,,,,,,,,,,,,,,,,,,,,,,,,,,,,,,,,,,,,,,,,,,,,,,,,,,,,,,,,,,,,,,,,,,,,,,,,,,,,,,,,,,,,,,,,,,,,,,,,,,,,,,,,,,,,,,,,,,,,,,,,,,,,,,,,,,,,,,,,,,,,,,,,,,,,,,,,,,,,,,,,,,,,,,,,,,,,,,,,,,,,,,,,,,,,,,,,,,,,,,,,,,,,,,,,,,,,,,,,,,,,,,,,,,,,,,,,,,,,,,,masc/fem acc sg,neut nom/voc/acc sg,,,,,,fem acc pl (doric),fem gen sg (doric aeolic),,,,,,,,,,,,,,,,,,,,,,,,,,,,,,,,,,,,,,,,,,,,,,,,,,,,,,,,,
38,5,ou)k,1,75730,false,n/a,e)qe/lwn,2,30790,false,n/a,d',3,23596,δέ,particle,false,n/a,indeclform (particle),ei)=de,4,nlsj11198,εἶδον,verb,false,n/a,aor ind act 3rd sg,ta\,5,71882,ὁ,article,true,1.0,neut acc pl,neut nom/voc/acc pl,mh\,6,67283,μή,conjunction,n/a,false,indeclform (conj),qemita/,7,48136,θεμιτός,adverb,false,n/a,neut nom/voc/acc pl,fem nom/voc/acc dual,,,οὐ,adverb,proclitic indeclform (adverb),ἐθέλω,verb,pres part act masc nom sg,,,,,,,,,,,,,,,,,,,,,,,,,,,,,,,,,,,,,,,,,,,,,,,,,,,,,,,,,,,,,,,,,,,,,,,,,,,,,,,,,,,,,,,,,,,,,,,,,,,,,,,,,,,,,,,,,,,,,,,,,,,,,,,,,,,,,,,,,,,,,,,,,,,,,,,,,,,,,,,,,,,,,,,,,,,,,,,,,,,,,,,,,,,,,,,,,,,,,,,,,,,,,,,,,,,,,,,,,,,,,,,,,,,,,,,,,,,,,,,,,,,,,,,,,,,,,,,,,,,,,,,,,,,,,,,,,,,,,,,,,,,,,,,,,,,,,,,,,,,,,,,,,,,,,,,,,,,,,,,,,,,,,,,,,,,,,,,,,,,,,,,,,,:,,,,,,,,,,,,,,,,,fem acc dual,fem nom/voc/acc dual,,,,,,,,,fem nom/voc sg (doric aeolic),,,,,,,,,,,,,,,,,,,,,,,,,,,,,,,,,,,,,,,
39,5,to\n,1,71882,false,n/a,de\,2,23596,false,n/a,xolwsame/na,3,nlsj53245,χολόομαι,verb,true,0.5,,per,4,nlsj84271,πέρ,particle,false,n/a,enclitic indeclform (particle),o(/mws,5,nlsj77248,ὅμως,conjunction,false,0.5,,,prose/fasen,6,90308,πρόσφημι,verb,n/a,false,aor ind act 3rd sg (doric),*)aqa/na,7,1989,Ἀθήνη,proper,false,n/a,fem nom/voc/acc dual (doric),fem nom/voc sg (doric aeolic),",",",",ὁ,article,masc acc sg,δέ,particle,indeclform (particle),indeclform (conj),'ti/s,8,nlsj65910,τίς,pronoun,false,0.5,masc/fem nom sg,se,9,97456,σύ,pronoun,false,n/a,acc 2nd sg,to\n,10,71882,ὁ,article,false,n/a,masc acc sg,o)fqalmw\s,11,76118,ὀφθαλμός,noun,false,n/a,masc acc pl (doric),ou)ke/t',12,75808,οὐκέτι,adverb,false,n/a,indeclform (adverb),,,,,,,,a)poiso/menon,13,14197,ἀποφέρω,verb,false,n/a,,w)=,14,116027,ὦ,interjection,1.0,true,,,*eu)hrei/da,15,unknown,,,false,n/a,,,,xalepa\n,16,112989,χαλεπός,adjective,false,n/a,,,o(do\n,17,nlsj75598,ὁδός,adjective,true,0.5,masc acc sg,a)/gage,18,1083,ἄγω,verb,false,n/a,,dai/mwn',19,23242,δαίμων,adjective,false,n/a,,,,,,,,,,,,,,,,,,,,,,,,,,,,,,,,,,,,,,,,,,,,,,,,,,,,,,,,,,,,,,,,,,,,,,,,,,,,,,,,,,,,,,,,,,,,,,,,,,,,,,,,,,,,,,,,,,,,,,,,,,,,,,,,,,,,,,,,,,,,,,,,,,,,,,,,,,,,,,,,,,,,,,,,,,,,,,,,,,,,,,,,,,,,,,,,,,,,,,,,,,,,,,,,,,,,,,,,",",;',,,indeclform (exclam),fem acc sg (doric aeolic),masc/fem nom/voc sg,,,,,,,,,,,,,,,,,,aor part mp fem nom/voc/acc dual,aor part mp fem nom/voc sg (doric aeolic),,,,,,,,fut part mid masc acc sg,fut part mid neut nom/voc/acc sg,,,,,,,,,,,,,,,,,,,,,,,,,,,,aor imperat act 2nd sg,aor ind act 3rd sg (doric aeolic),aor ind act 3rd sg (homeric ionic),,,,,,,,,,,,,,,,,,,,,,,,,
40,5,a(\,1,75512,true,1.0,me\n,2,66260,false,n/a,e)/fa,3,110639,φημί,verb,false,n/a,imperf ind act 3rd sg (doric),paido\s,4,76703,παῖς,adjective,false,n/a,masc/fem gen sg,d',5,23596,δέ,particle,false,n/a,,,o)/mmata,6,73517,ὄμμα,noun,n/a,false,neut nom/voc/acc pl,nu\c,7,71314,νύξ,adjective,false,n/a,,,",",.,ὅς,pronoun,,μέν,particle,indeclform (particle),indeclform (particle),e)/laben,8,61959,λάπτω,verb,true,0.5,aor ind pass 3rd pl (epic),,,,,,,,,,,,,,,,,,,,,,,,,,,,,,,,,,,fem nom/voc sg,,,,,,,,,,,,,,,,,,,,,,,,,,,,,,,,,,,,,,,,,,,,,,,,,,,,,,,,,,,,,,,,,,,,,,,,,,,,,,,,,,,,,,,,,,,,,,,,,,,,,,,,,,,,,,,,,,,,,,,,,,,,,,,,,,,,,,,,,,,,,,,,,,,,,,,,,,,,,,,,,,,,,,,,,,,,,,,,,,,,,,,,,,,,,,,,,,,,,,,,,,,,,,,,,,,,,,,,,,,,,,,,,,,,,,,,,,,,,,,,,,,,,,,,,,,,,,,,,,,,,,,,,,,,,,,,,,,,,,,,,,,,,,,,,,,,,,,,,,,,,,,,,neut acc pl,neut nom pl,fem acc dual,fem nom dual,fem nom sg (doric aeolic),,,,,,,,,,,,,,,,,,,,,,,,,,,,,,,,,,,,,,,,,,,,,,,,,,,,,,,,,,,
41,5,e(sta/kh,1,51241,false,n/a,d',2,23596,false,n/a,a)/fqoggos,3,18311,ἄφθογγος,adjective,false,n/a,masc/fem nom sg,e)ko/llasan,4,58590,κολλάω,verb,false,n/a,aor ind act 3rd pl (doric aeolic),ga\r,5,21618,γάρ,particle,false,n/a,,,a)ni=ai,6,unknown,,,n/a,false,,gw/nata,7,unknown,,,false,n/a,,,",",.,ἵστημι,verb,,δέ,particle,indeclform (particle),indeclform (particle),kai\,8,51951,καί,conjunction,false,n/a,indeclform (conj),fwna\n,9,112833,φωνή,noun,false,n/a,fem acc sg (doric aeolic),e)/sxen,10,45996,ἔχω,verb,false,n/a,aor ind act 3rd sg,a)mhxani/a,11,5254,ἀμηχανία,noun,false,n/a,,,,,,,,,,,,,,,,,,,,,,,,,,,,,,,,,,,,,,,,,,,,,,,,,,,,,,,,,,,,,,,,,,,,,,,,,,,,,,,,,,,,,,,,,,,,,,,,,,,,,,,,,,,,,,,,,,,,,,,,,,,,,,,,,,,,,,,,,,,,,,,,,,,,,,,,,,,,,,,,,,,,,,,,,,,,,,,,,,,,,,,,,,,,,,,,,,,,,,,,,,,,,,,,,,,,,,,,,,,,,,,,,,,,,,,,,,,,,,,,,,,,,,,,,,,,,,,,,,,,,,,,,,,,,,,,,,,,,,,,,,,,,,,,,,,,,,,,,,,,,,,,,,,,,,,,,,,,,plup ind act 3rd sg (doric aeolic),plup ind act 1st sg (doric),,,,,,,,,,,,,,,fem nom/voc/acc dual,fem nom/voc sg (attic doric aeolic),,,,,,,,,,,,,,,,,,,,,,,,,,,,,,,,,,,,,,,,,,,,,,
42,5,a(,1,71882,false,n/a,nu/mfa,2,71282,false,n/a,d',3,23596,δέ,particle,false,n/a,indeclform (particle),e)bo/ase,4,20195,βοάω,verb,false,n/a,aor ind act 3rd sg (doric aeolic),'ti/,5,nlsj65910,τίς,pronoun,false,0.5,,,moi,6,30657,ἐγώ,pronoun,n/a,false,masc/fem dat 1st sg,to\n,7,71882,ὁ,article,false,n/a,,,,,ὁ,article,fem nom sg (doric),νύμφη,noun,,neut nom/voc/acc sg,kw=ron,8,59151,κόρος,noun,true,0.5,masc acc sg (doric),e)/recas,9,42310,ἐρέσσω,verb,true,0.5,aor ind act 2nd sg (homeric ionic),po/tnia,10,86069,πότνια,noun,false,n/a,fem nom/voc sg,,,,,,,,,,,,,,,,,fem nom/voc/acc dual,fem nom/voc sg (doric aeolic),masc acc sg,,,,,,,,,,,,,,,,,,,,,,,,,,,,,,,,,,,,,,,,,,,,,,,,,,,,,,,,,,,,,,,,,,,,,,,,,,,,,,,,,,,,,,,,,,,,,,,,,,,,,,,,,,,,,,,,,,,,,,,,,,,,,,,,,,,,,,,,,,,,,,,,,,,,,,,,,,,,,,,,,,,,,,,,,,,,,,,,,,,,,,,,,,,,,,,,,,,,,,,,,,,,,,,,,,,,,,,,,,,,,,,,,,,,,,,,,,,,,,,,,,,,,,,,,,,,,,,,,,,,,,,,,,,,,,,,,,,,,,,,,,,,,,,,,,,,,,,,,,,,,,;,,,,,,,,,,,,,,,,,,,,,,,,,,,,,,,,,,,,,,,,,,,,,,,,,,,,,,,,,,,,,,,,,,
43,5,toiau=tai,1,104169,false,n/a,dai/mones,2,23242,false,n/a,e)ste),3,31130,εἰμί,verb,false,n/a,pres ind act 2nd pl,fi/lai,4,nlsj56179,φίλος,adjective,true,1.0,,,,,,,,,,,,,,,,,,,,,,,,,,,,,,τοιοῦτος,adjective,fem nom/voc pl,δαίμων,adjective,masc/fem nom/voc pl,,,,,,,,,,,,,,,,,,,,,,,,,,,,,,,,,,,,,,,,,,,,,,,,,,,,,,,,,,,,,,,,,,,,,,,,,,,,,,,,,,,,,,,,,,,,,,,,,,,,,,,,,,,,,,,,,,,,,,,,,,,,,,,,,,,,,,,,,,,,,,,,,,,,,,,,,,,,,,,,,,,,,,,,,,,,,,,,,,,,,,,,,,,,,,,,,,,,,,,,,,,,,,,,,,,,,,,,,,,,,,,,,,,,,,,,,,,,,,,,,,,,,,,,,,,,,,,,,,,,,,,,,,,,,,,,,,,,,,,,,,,,,,,,,,,,,,,,,,,,,,,,,,,,,,,,,,,,,,,,,,,,,,,,,,,,,,,,,,,,,,,,,,;,,,,,,,,,,,,,,,,,,,,,fem nom/voc pl,fem dat sg (doric aeolic),,,,,,,,,,,,,,,,,,,,,,,,,,,,,,,,,,,,,,,,,,,,
44,5,o)/mmata/,1,73517,false,n/a,moi,2,30657,false,n/a,tw=,3,71882,ὁ,article,true,1.0,masc/neut gen sg (doric aeolic),paido\s,4,76703,παῖς,adjective,false,n/a,masc/fem gen sg,a)fei/leo,5,18107,ἀφαιρέω,verb,false,n/a,,,,,,,,,,,,,,,,,,,,,,ὄμμα,noun,neut nom/voc/acc pl,ἐγώ,pronoun,masc/fem dat 1st sg,aor ind mid 2nd sg (epic doric ionic aeolic),,,,,,,,,,,,,,,,,,,,,,,,,,,,,,,,,,,,,,,,,,,,,,,,,,,,,,,,,,,,,,,,,,,,,,,,,,,,,,,,,,,,,,,,,,,,,,,,,,,,,,,,,,,,,,,,,,,,,,,,,,,,,,,,,,,,,,,,,,,,,,,,,,,,,,,,,,,,,,,,,,,,,,,,,,,,,,,,,,,,,,,,,,,,,,,,,,,,,,,,,,,,,,,,,,,,,,,,,,,,,,,,,,,,,,,,,,,,,,,,,,,,,,,,,,,,,,,,,,,,,,,,,,,,,,,,,,,,,,,,,,,,,,,,,,,,,,,,,,,,,,,,,,,,,,,,,,,,,,,,,,,,,,,,,,,,,,,,,,,,,,,,,.,,,,,,,,,,,,,,,,,,,,,,,,,,,,,,,,,,,,,,,,,,,,,,,,,,,,,,,,,,,,,,,,,,
45,5,te/knon,1,102869,false,n/a,a)/laste,2,3876,false,n/a,ei)=des,3,nlsj11198,εἶδον,verb,false,n/a,aor ind act 2nd sg,*)aqanai/as,4,1989,Ἀθήνη,proper,false,n/a,,sth/qea,5,96698,στῆθος,noun,false,n/a,,,kai\,6,51951,καί,conjunction,n/a,false,indeclform (conj),lago/nas,7,61553,λαγών,noun,false,n/a,,,",",.,τέκνον,noun,neut nom/voc/acc sg,ἄλαστος,adjective,masc/fem voc sg,neut nom/voc/acc pl (epic ionic),a)ll',8,4357,ἀλλά,adverb,false,n/a,indeclform (adverb),ou)k,9,75730,οὐ,adverb,false,n/a,proclitic indeclform (adverb),a)e/lion,10,1669,ἀέλιος,noun,true,0.5,masc acc sg,pa/lin,11,76910,πάλιν,adverb,false,n/a,indeclform (adverb),o)/yeai,12,74735,ὁράω,verb,false,n/a,,,,fem acc pl,,,,,,,,,,,,,,,,,,,,,,,,,,,,,,,,,,,,,,,,,,,,,,,,,,,,,,,,,,,,,,,,,,,,,,,,,,,,,,,,,,,,,,,,,,,,,,,,,,,,,,,,,,,,,,,,,,,,,,,,,,,,,,,,,,,,,,,,,,,,,,,,,,,,,,,,,,,,,,,,,,,,,,,,,,,,,,,,,,,,,,,,,,,,,,,,,,,,,,,,,,,,,,,,,,,,,,,,,,,,,,,,,,,,,,,,,,,,,,,,,,,,,,,,,,,,,,,,,,,,,,,,,,,,,,,,,,,,,,,,,,,,,,,,,,,,,,,,,,,,,,,,,,,,,,,,,,,,,aor subj mid 2nd sg (epic),fut ind mid 2nd sg (epic ionic),,,,,fem acc pl (doric),fem gen sg (attic doric aeolic),,,,,,,,,,,,,,,,,,,,,,,,,,,,,,,,,,,,,,,,,,,,
46,5,w)=,1,116027,true,1.0,e)me\,2,30657,true,1.0,deila/n,3,23690,δειλός,adjective,false,n/a,fem acc sg (doric aeolic),w)=,4,116027,ὦ,interjection,true,1.0,indeclform (exclam),o)/ros,5,75306,ὄρος,adjective,false,n/a,,,w)=,6,116027,ὦ,interjection,1.0,true,indeclform (exclam),*(elikw\n,7,33710,Ἑλικών,proper,false,n/a,,,",",",",ὦ,interjection,indeclform (exclam),ἐγώ,pronoun,masc/fem acc 1st sg,neut nom/voc/acc sg,ou)ke/ti,8,75808,οὐκέτι,adverb,false,n/a,indeclform (adverb),moi,9,30657,ἐγώ,pronoun,false,n/a,masc/fem dat 1st sg,parite/,10,79648,παριτός,adjective,false,n/a,masc voc sg,h)=,11,46571,ἦ,adverb,true,1.0,indeclform (adverb),mega/l',12,65552,μέγας,adverb,false,n/a,,,,masc nom/voc sg,,,,,a)nt',13,9778,ἀντί,preposition,false,n/a,indeclform (prep),o)li/gwn,14,73064,ὀλίγος,adjective,1.0,true,fem gen pl,masc/neut gen pl,e)pra/cao,15,86219,πράσσω,verb,false,n/a,aor ind mid 2nd sg (epic),aor ind mid 2nd sg (epic),,,,,,,,,,,,,,,,,,,,,,,,,,,,,,,,,,,,,,,,,,,,,,,,,,,,,,,,,,,,,,,,,,,,,,,,,,,,,,,,,,,,,,,,,,,,,,,,,,,,,,,,,,,,,,,,,,,,,,,,,,,,,,,,,,,,,,,,,,,,,,,,,,,,,,,,,,,,,,,,,,,,,,,,,,,,,,,,,,,,,,,,,,,,,,,,,,,,,,,,,,,,,,,,,,,,,,,,,,,,,,,,,,,,,,,,,,,,,,,,,,,,,,,,,",",:,,,,,,,,,,,,,,,,,,,,,,,,,,,,,,,,,,,,,neut nom/voc/acc pl,neut voc pl,,,,,,,,,masc voc sg,,,,,,,,,,,,,,,,,fem dat sg (doric aeolic),fem nom/voc pl,fem voc pl,,,,,,,,,,,,,,,,,,,,,,
47,5,do/rkas,1,nlsj36432,true,1.0,o)le/ssas,2,73172,false,n/a,kai\,3,51951,καί,conjunction,false,n/a,indeclform (conj),pro/kas,4,88113,πρόξ,adjective,false,n/a,fem acc pl,ou),5,75730,οὐ,adverb,false,n/a,,,polla\s,6,85306,πολύς,adjective,n/a,false,fem acc pl,fa/ea,7,110284,φάος,adjective,false,n/a,neut nom/voc/acc pl (epic ionic),neut nom/acc pl (epic ionic),,,δόρξ,noun,fem acc pl,ὄλλυμι,verb,aor part act masc nom/voc sg (attic epic ionic),proclitic indeclform (adverb),paido\s,8,76703,παῖς,adjective,false,n/a,masc/fem gen sg,e)/xeis',9,45996,ἔχω,verb,true,0.33,pres ind act 2nd sg,,,,,,,,,,,,,,,,,,,,,,,,,,,,,,,,,,,,,,,,,,,,,,,,,,,,,,,,,,,,,,,,,,,,,,,,,,,,,,,,,,,,,,,,,,,,,,,,,,,,,,,,,,,,,,,,,,,,,,,,,,,,,,,,,,,,,,,,,,,,,,,,,,,,,,,,,,,,,,,,,,,,,,,,,,,,,,,,,,,,,,,,,,,,,,,,,,,,,,,,,,,,,,,,,,,,,,,,,,,,,,,,,,,,,,,,,,,,,,,,,,,,,,,,,,,,,,,,,,,,,,,,,,,,,,,,,,,,,,,,,,,,,,,,,,,,,,,,,,,,,,,,,,,,,,,,,,,,,,,,,,,,,,,,,.',,,,,,,,,,,,,,,,,,,,,,,,,,,,,,,,,,,,,,,,,,,,,,,,,,,,,,,,,,,,,,,,,,
48,5,a(,1,71882,false,n/a,me\n,2,66260,false,n/a,a)mfote/raisi,3,6174,ἀμφότερος,adjective,false,n/a,fem dat pl (epic ionic aeolic),fi/lon,4,nlsj56179,φίλος,adjective,false,n/a,,peri\,5,81017,περί,preposition,false,n/a,,,pai=da,6,76703,παῖς,adjective,n/a,false,masc/fem acc sg,laboi=sa,7,61791,λαμβάνω,verb,false,n/a,,,",",:,ὁ,article,fem nom sg (doric),μέν,particle,indeclform (particle),indeclform (prep),ma/thr,8,67543,μήτηρ,noun,false,n/a,fem nom sg (doric aeolic),me\n,9,66260,μέν,particle,false,n/a,indeclform (particle),goera=n,10,22581,γοερός,adjective,false,n/a,masc/fem gen pl (doric),oi)=ton,11,72702,οἶτος,noun,false,n/a,masc acc sg,a)hdoni/dwn,12,1859,ἀηδονίς,noun,false,n/a,fem gen pl,,,aor part act fem nom/voc sg (doric aeolic),,,,,a)=ge,13,1083,ἄγω,verb,false,n/a,imperf ind act 3rd sg (doric aeolic),baru\,14,19477,βαρύς,adjective,n/a,false,masc voc sg,neut nom/voc/acc sg,klai/oisa,15,57683,κλαίω,verb,false,n/a,,,,qea\,16,47950,θεά,noun,false,n/a,fem nom/voc/acc dual,fem nom/voc sg (attic doric aeolic),d',17,23596,δέ,particle,false,n/a,indeclform (particle),e)le/hsen,18,33511,ἐλεάω,verb,true,0.5,aor ind act 3rd sg (attic ionic),e(tai/ran,19,43071,ἑταίρα,noun,false,n/a,,,kai/,20,51951,καί,conjunction,false,n/a,indeclform (conj),nin,21,70864,νιν,pronoun,n/a,false,masc/fem/neut acc 3rd sg (doric),*)aqanai/a,22,1989,Ἀθήνη,proper,false,n/a,,pro\s,23,88443,πρός,preposition,false,n/a,indeclform (prep),to/d',24,72010,ὅδε,pronoun,false,n/a,neut nom/voc/acc sg,e)/lecen,25,62204,λέγω,verb,true,0.5,aor ind act 3rd sg,e)/pos,26,41858,ἔπος,adjective,false,n/a,,,'di=a,27,27293,δῖος,adjective,n/a,false,fem nom/voc sg (epic),neut nom/voc/acc pl,gu/nai,28,23069,γυνή,noun,false,n/a,fem voc sg,meta\,29,66572,μετά,preposition,false,n/a,indeclform (prep),pa/nta,30,79904,πᾶς,adjective,false,n/a,,baleu=,31,19282,βάλλω,verb,false,n/a,,,pa/lin,32,76910,πάλιν,adverb,false,n/a,indeclform (adverb),o(/ssa,33,75552,ὅσος,adjective,n/a,false,,di',34,24517,διά,preposition,true,1.0,,o)rga/n,35,74767,ὀργή,noun,n/a,false,fem acc sg (doric aeolic),ei)=pas,36,31161,εἶπον,verb,false,n/a,,,,,,,,,,,,,,,,,,,,,,,,,,,,,,,,,,,,,,,,,,,,,,,,,,,,,,,,,,,,,,,,,,,,,,,,,,,,,,,,,,fem acc sg (attic doric ionic aeolic),fem nom/voc/acc dual (doric),fem nom/voc sg (attic doric aeolic),,,,,,neut nom/voc/acc sg,,,,pres part act fem nom/voc sg (doric aeolic),,,,,,,,,,,,,,,,,,,,,,,,,,masc acc sg,neut nom/voc/acc sg,,,,,,,,,,,,,,,,,,,,,,,neut nom/voc/acc pl,masc acc sg,neut nom/voc/acc pl,aor imperat mid 2nd sg (ionic),neut nom/voc/acc pl (epic),fem nom/voc/acc dual (epic),fem nom/voc sg (epic doric aeolic),indeclform (prep),poetic indeclform (prep),aor ind act 2nd sg (epic ionic),aor ind act 2nd sg (epic ionic),,,,,,,,,,,
49,5,e)gw\,1,30657,false,n/a,d',2,23596,false,n/a,ou)/,3,75730,οὐ,adverb,false,n/a,proclitic indeclform (adverb),toi,4,97456,σύ,pronoun,true,1.0,dat 2nd sg (doric),te/knon,5,102869,τέκνον,noun,false,n/a,,,e)/qhk',6,103922,τίθημι,verb,n/a,false,,a)lao/n,7,3865,ἀλαός,adjective,false,n/a,masc/fem acc sg,neut nom/voc/acc sg,,,ἐγώ,pronoun,masc/fem nom/voc 1st sg,δέ,particle,indeclform (particle),neut nom/voc/acc sg,,,,,,,,,,,,,,,,,,,,,,,,,,,,,,,,,,,,,,,,,,,,,,,,,,,,,,,,,,,,,,,,,,,,,,,,,,,,,,,,,,,,,,,,,,,,,,,,,,,,,,,,,,,,,,,,,,,,,,,,,,,,,,,,,,,,,,,,,,,,,,,,,,,,,,,,,,,,,,,,,,,,,,,,,,,,,,,,,,,,,,,,,,,,,,,,,,,,,,,,,,,,,,,,,,,,,,,,,,,,,,,,,,,,,,,,,,,,,,,,,,,,,,,,,,,,,,,,,,,,,,,,,,,,,,,,,,,,,,,,,,,,,,,,,,,,,,,,,,,,,,,,,,,,,,,,,,,,,,,,,,,,,,,,,,,,,,,,,,,,,,,,,.,,,,,,,,,,,,,,,,,,,,,,,aor ind act 1st sg,aor ind act 3rd sg,,,,,,,,,,,,,,,,,,,,,,,,,,,,,,,,,,,,,,,,,,
50,5,ou),1,75730,false,n/a,ga\r,2,21618,false,n/a,*)aqanai/ai,3,unknown,,,false,n/a,,glukero\n,4,22348,γλυκερός,adjective,true,0.5,,pe/lei,5,80522,πέλω,verb,true,0.5,pres ind mp 2nd sg,pres ind act 3rd sg,o)/mmata,6,73517,ὄμμα,noun,n/a,false,neut nom/voc/acc pl,pai/dwn,7,76703,παῖς,adjective,false,n/a,,,,,οὐ,adverb,proclitic indeclform (adverb),γάρ,particle,indeclform (particle),,a(rpa/zein,8,15399,ἁρπάζω,verb,false,n/a,pres inf act (attic epic),,,,,,,,,,,,,,,,,,,,,,,,,,,,,,,,,,,masc/fem gen pl,,,,,,,,,,,,,,,,,,,,,,,,,,,,,,,,,,,,,,,,,,,,,,,,,,,,,,,,,,,,,,,,,,,,,,,,,,,,,,,,,,,,,,,,,,,,,,,,,,,,,,,,,,,,,,,,,,,,,,,,,,,,,,,,,,,,,,,,,,,,,,,,,,,,,,,,,,,,,,,,,,,,,,,,,,,,,,,,,,,,,,,,,,,,,,,,,,,,,,,,,,,,,,,,,,,,,,,,,,,,,,,,,,,,,,,,,,,,,,,,,,,,,,,,,,,,,,,,,,,,,,,,,,,,,,,,,,,,,,,,,,,,,,,,,,,,,,,,,,,,,,:,,,,,,,,,,,,,,,,,,,,,masc acc sg,neut nom/voc/acc sg,,,,,,,,,,,,,,,,,,,,,,,,,,,,,,,,,,,,,,,,,,,,
51,5,*kro/nioi,1,60125,false,n/a,d',2,23596,false,n/a,w(=de,3,116050,ὧδε,adverb,false,n/a,indeclform (adverb),le/gonti,4,62204,λέγω,verb,true,0.33,,no/moi,5,nlsj76838,νόμος,noun,false,n/a,,,,,,,,,,,,,,,,,,,,,,Κρόνιος,proper,masc nom/voc pl,δέ,particle,indeclform (particle),masc nom/voc pl,,,,,,,,,,,,,,,,,,,,,,,,,,,,,,,,,,,,,,,,,,,,,,,,,,,,,,,,,,,,,,,,,,,,,,,,,,,,,,,,,,,,,,,,,,,,,,,,,,,,,,,,,,,,,,,,,,,,,,,,,,,,,,,,,,,,,,,,,,,,,,,,,,,,,,,,,,,,,,,,,,,,,,,,,,,,,,,,,,,,,,,,,,,,,,,,,,,,,,,,,,,,,,,,,,,,,,,,,,,,,,,,,,,,,,,,,,,,,,,,,,,,,,,,,,,,,,,,,,,,,,,,,,,,,,,,,,,,,,,,,,,,,,,,,,,,,,,,,,,,,,,,,,,,,,,,,,,,,,,,,,,,,,,,,,,,,,,,,,,,,,,,,:,,,,,,,,,,,,,,,,,,,,,pres part act masc/neut dat sg,pres ind act 3rd pl (doric),,,,,,,,,,,,,,,,,,,,,,,,,,,,,,,,,,,,,,,,,,,,
52,5,o(/s,1,75512,false,n/a,ke,2,6207,false,n/a,tin',3,104051,τις,pronoun,false,n/a,,a)qana/twn,4,1899,ἀθάνατος,adjective,true,1.0,,o(/ka,5,unknown,,,false,n/a,,,mh\,6,67283,μή,conjunction,n/a,false,indeclform (conj),qeo\s,7,48291,θεός,noun,false,n/a,,,",",",",ὅς,pronoun,masc nom sg,ἄν,particle,epic (enclitic indeclform particle),,au)to\s,8,17907,αὐτός,pronoun,false,n/a,masc nom sg,e(/lhtai,9,2654,αἱρέω,verb,false,n/a,,a)qrh/shi,10,unknown,,,false,n/a,,misqw=,11,68011,μισθός,noun,true,1.0,masc gen sg (doric aeolic),tou=ton,12,76062,οὗτος,pronoun,false,n/a,masc acc sg,,,masc nom sg,aor subj mid 3rd sg,aor subj mid 3rd sg,aor subj mp 3rd sg,,i)dei=n,13,nlsj11198,εἶδον,verb,true,0.5,aor inf act (attic epic doric),mega/lw,14,65552,μέγας,adverb,n/a,false,masc/neut nom/voc/acc dual,masc/neut acc dual,,,,,,,,,,,,,,,,,,,,,,,,,,,,,,,,,,,,,,,,,,,,,,,,,,,,,,,,,,,,,,,,,,,,,,,,,,,,,,,,,,,,,,,,,,,,,,,,,,,,,,,,,,,,,,,,,,,,,,,,,,,,,,,,,,,,,,,,,,,,,,,,,,,,,,,,,,,,,,,,,,,,,,,,,,,,,,,,,,,,,,,,,,,,,,,,,,,,,,,,,,,,,,,,,,,,,,,,,,,,,,,,,,,,,,,,,,,,,,,,,,,,,,,,,,,,,,,,,,",",.,,,,,,,,,,,,,,,,,,,,,,,masc/fem acc sg,neut nom/voc/acc pl,,,,,,,,,,,,,,,,,,,fem gen pl (epic),masc/neut gen pl (epic),,,,masc/fem/neut gen pl,,,,,,,,,,,,,,,,,,,,,,,,,,,,,,dat sg,nom/voc/acc dual,masc/neut gen sg (doric aeolic),masc/neut nom dual,masc/neut voc dual,,,,,,
53,5,di=a,1,27293,false,n/a,gu/nai,2,23069,false,n/a,to\,3,71882,ὁ,article,false,n/a,neut nom/voc/acc sg,me\n,4,66260,μέν,particle,false,n/a,indeclform (particle),ou),5,75730,οὐ,adverb,false,n/a,,,palina/greton,6,76912,παλινάγρετος,adjective,n/a,false,,au)=qi,7,17378,αὖθι,adverb,false,n/a,,,",",:,δῖος,adjective,,γυνή,noun,fem voc sg,proclitic indeclform (adverb),ge/noito,8,22209,γίγνομαι,verb,false,n/a,aor opt mid 3rd sg,e)/rgon,9,42214,ἔργον,noun,true,1.0,neut nom/voc/acc sg,,,,,,,,,,,,,,,,,,,,,,,,,,,indeclform (adverb),,,,,,,,,,,,,,,,,,,,,,,,,,,,,,,,,,,,,,,,,,,,,,,,,,,,,,,,,,,,,,,,,,,,,,,,,,,,,,,,,,,,,,,,,,,,,,,,,,,,,,,,,,,,,,,,,,,,,,,,,,,,,,,,,,,,,,,,,,,,,,,,,,,,,,,,,,,,,,,,,,,,,,,,,,,,,,,,,,,,,,,,,,,,,,,,,,,,,,,,,,,,,,,,,,,,,,,,,,,,,,,,,,,,,,,,,,,,,,,,,,,,,,,,,,,,,,,,,,,,,,,,,,,,,,,,,,,,,,,,,,,,,,,,,,,,,,,,,,,,,,,,,fem nom/voc sg (epic),neut nom/voc/acc pl,neut nom/voc/acc pl,,,,,,,,,,,,,,,,,,masc/fem acc sg,neut nom/voc/acc sg,,,,,,,,,,,,,,,,,,,,,,,,,,,,,,,,,,,,,,,,,,
54,5,e)pei\,1,38466,false,n/a,moira=n,2,68262,true,1.0,w(=d',3,116050,ὧδε,adverb,false,n/a,indeclform (adverb),e)pe/nhse,4,40314,σύνεπινέω,verb,true,0.33,aor ind act 3rd sg,li/na,5,63402,λίνον,adjective,false,n/a,,,a(ni/ka,6,47405,ἡνίκα,adverb,n/a,false,doric (indeclform adverb),to\,7,71882,ὁ,article,false,n/a,,,",",:,ἐπεί,conjunction,indeclform (conj),μοῖρα,adjective,,neut nom/voc/acc pl,pra=to/n,8,nlsj89331,πρᾶτος,adjective,true,0.5,,nin,9,70864,νιν,pronoun,false,n/a,masc/fem/neut acc 3rd sg (doric),e)gei/nao,10,21730,γείνομαι,verb,false,n/a,aor ind mid 2nd sg (epic),,,,,,,,,,,,,,,,,fem gen pl (doric aeolic),fem gen pl (doric ionic aeolic),neut nom/voc/acc sg,,,,,,,,,,,,,,,,,,,,,,,,,,,,,,,,,,,,,,,,,,,,,,,,,,,,,,,,,,,,,,,,,,,,,,,,,,,,,,,,,,,,,,,,,,,,,,,,,,,,,,,,,,,,,,,,,,,,,,,,,,,,,,,,,,,,,,,,,,,,,,,,,,,,,,,,,,,,,,,,,,,,,,,,,,,,,,,,,,,,,,,,,,,,,,,,,,,,,,,,,,,,,,,,,,,,,,,,,,,,,,,,,,,,,,,,,,,,,,,,,,,,,,,,,,,,,,,,,,,,,,,,,,,,,,,,,,,,,,,,,,,,,,,,,,,,,,,,,,,,,,,,,,,,,,masc acc sg,neut nom/voc/acc sg,,,,,,,,,,,,,,,,,,,,,,,,,,,,,,,,,,,,,,,,,,,,,,,,,,,,,,,,,
55,5,nu=n,1,71308,false,n/a,de\,2,23596,false,n/a,komi/zeu,3,58790,κομίζω,verb,false,n/a,,w)=,4,116027,ὦ,interjection,true,1.0,indeclform (exclam),*eu)hrei/da,5,unknown,,,false,n/a,,,te/lqos,6,102999,τέλθος,noun,n/a,false,neut nom/voc/acc sg,o)feilo/menon,7,76079,ὀφείλω,verb,false,n/a,pres part mp masc acc sg,pres part mp neut nom/voc/acc sg,",",",",νῦν,adverb,enclitic indeclform (adverb),δέ,particle,indeclform (particle),,,,,,,,,,,,,,,,,,,,,,,,,,,,,,,,,,,,,,,,,,,,,,,,,,,,,,,,,,,,,,,,,,,,,,,,,,,,,,,,,,,,,,,,,,,,,,,,,,,,,,,,,,,,,,,,,,,,,,,,,,,,,,,,,,,,,,,,,,,,,,,,,,,,,,,,,,,,,,,,,,,,,,,,,,,,,,,,,,,,,,,,,,,,,,,,,,,,,,,,,,,,,,,,,,,,,,,,,,,,,,,,,,,,,,,,,,,,,,,,,,,,,,,,,,,,,,,,,,,,,,,,,,,,,,,,,,,,,,,,,,,,,,,,,,,,,,,,,,,,,,,,,,,,,,,,,,,,,,,,,,,.,,,,,,,,,,,,,,,,,,,,,,,,pres imperat mp 2nd sg (epic doric ionic),imperf ind mp 2nd sg (epic doric ionic),,,,,,,,,,,,,,,,,,,,,,,,,,,,,,,,,,,,,,,,,,,,,,,,,,,,,,,,,,,,,,,,
56,5,po/ssa,1,85912,false,n/a,me\n,2,66260,false,n/a,a(,3,71882,ὁ,article,false,n/a,fem nom sg (doric),*kadmhi\s,4,nlsj5923,Καδμηίς,proper,false,n/a,fem nom sg,e)s,5,31235,εἰς,preposition,false,n/a,,,u(/steron,6,109757,ὕστερος,adjective,1.0,true,,e)/mpura,7,34568,ἔμπυρος,adjective,false,n/a,,,",",",",πόσος,adjective,,μέν,particle,indeclform (particle),proclitic indeclform (prep),kausei=,8,52055,καίω,verb,false,n/a,,po/ssa,9,85912,πόσος,adjective,false,n/a,,d',10,23596,δέ,particle,false,n/a,indeclform (particle),*)aristai=os,11,15074,Ἀρισταῖος,proper,false,n/a,masc nom sg,to\n,12,71882,ὁ,article,false,n/a,masc acc sg,,,neut nom/voc/acc pl,neut nom/voc/acc pl (epic),fem nom/voc/acc dual (epic),fem nom/voc sg (epic doric aeolic),,mo/non,13,68641,μόνος,adjective,false,n/a,,eu)xo/menoi,14,45499,εὔχομαι,verb,n/a,false,,,pai=da,15,76703,παῖς,adjective,false,n/a,,,,to\n,16,71882,ὁ,article,false,n/a,,,a(bata\n,17,unknown,,,false,n/a,,*)aktai/ona,18,unknown,,,false,n/a,,tuflo\n,19,106064,τυφλός,adjective,false,n/a,masc acc sg,neut nom/voc/acc sg,i)de/sqai,20,nlsj11198,εἶδον,verb,false,n/a,aor inf mid,,,,,,,,,,,,,,,,,,,,,,,,,,,,,,,,,,,,,,,,,,,,,,,,,,,,,,,,,,,,,,,,,,,,,,,,,,,,,,,,,,,,,,,,,,,,,,,,,,,,,,,,,,,,,,,,,,,,,,,,,,,,,,,,,,,,,,,,,,,,,,,,,,,,,,,,,,,,,,,,,,,,,,,,,,,,,,,,,,,,,,,,,,,,,,,,,,,,,,,,,,,,,,",",",",,,pres part mp masc nom/voc pl,masc acc sg,,,,,,,,,,,.,,masc/fem acc sg,,,,,,,,neut nom/voc/acc pl (epic),fem nom/voc/acc dual (epic),fem nom/voc sg (epic doric aeolic),,,fut ind mid 2nd sg (doric),fut ind act 3rd sg (doric),masc acc sg,neut nom/voc/acc sg,,,,,,,,,,,,masc acc sg,neut nom/voc/acc sg,,,,,,,,,,,,,,,,,,,,,,,,,,,,,,,,,,,,,,,,,,
57,5,kai\,1,51951,false,n/a,th=nos,2,31951,true,0.5,mega/las,3,65552,μέγας,adverb,false,n/a,,su/ndromos,4,99799,σύνδρομος,adverb,false,n/a,masc/fem nom sg,*)ate/midos,5,unknown,,,false,n/a,,,e)ssei=t',6,unknown,,,n/a,false,,,,,,,,,,,,,καί,conjunction,indeclform (conj),ἐκεῖνος,pronoun,masc nom sg (doric),,,,,,,,,,,,,,,,,,,,,,,,,,,,,,,,,,,,,,,,,,,,,,,,,,,,,,,,,,,,,,,,,,,,,,,,,,,,,,,,,,,,,,,,,,,,,,,,,,,,,,,,,,,,,,,,,,,,,,,,,,,,,,,,,,,,,,,,,,,,,,,,,,,,,,,,,,,,,,,,,,,,,,,,,,,,,,,,,,,,,,,,,,,,,,,,,,,,,,,,,,,,,,,,,,,,,,,,,,,,,,,,,,,,,,,,,,,,,,,,,,,,,,,,,,,,,,,,,,,,,,,,,,,,,,,,,,,,,,,,,,,,,,,,,,,,,,,,,,,,,,,,,,,,,,,,,,,,,,,,,,,,,,,,,,,,,,,,,,,,,,,,,,:,fem acc pl,fem gen sg (doric aeolic),,,,,,,,,,,,,,,,,,,,,,,,,,,,,,,,,,,,,,,,,,,,,,,,,,,,,,,,,,,,,,,,
58,5,a)ll',1,4357,false,n/a,ou)k,2,75730,false,n/a,au)to\n,3,17907,αὐτός,pronoun,false,n/a,masc acc sg,o(/,4,75512,ὅς,pronoun,true,1.0,neut nom/voc/acc sg,te,5,102752,τε,particle,false,n/a,,,dro/mos,6,28433,δρόμος,noun,n/a,false,masc nom sg,ai(/,7,75512,ὅς,pronoun,true,1.0,,,",",:,ἀλλά,adverb,indeclform (adverb),οὐ,adverb,proclitic indeclform (adverb),enclitic indeclform (particle),t',8,102752,τε,particle,true,1.0,enclitic indeclform (particle),e)n,9,34700,ἐν,preposition,true,0.5,proclitic indeclform (prep),o)/ressi,10,75306,ὄρος,adjective,false,n/a,neut dat pl (epic),r(useu=ntai,11,92808,ῥύομαι,verb,true,0.33,fut ind mid 3rd pl (doric),cunai\,12,71810,ξυνός,adjective,false,n/a,fem nom/voc pl,,,fem nom pl,,,,,ta=mos,13,unknown,,,false,n/a,,e(kaboli/ai,14,unknown,,,n/a,false,,,o(p,15,unknown,,,false,n/a,,,,po/ka,16,nlsj67563,ποτέ,particle,true,1.0,,,kou)k,17,75730,οὐ,adverb,false,n/a,proclitic indeclform (adverb),e)qe/lwn,18,30790,ἐθέλω,verb,false,n/a,pres part act masc nom sg,per,19,nlsj84271,πέρ,particle,false,n/a,,,i)/dhi,20,49824,ἴδη,noun,true,1.0,fem dat sg (attic epic doric ionic),xari/enta,21,113379,χαρίεις,adjective,n/a,false,,loetra/,22,63928,λουτρόν,noun,false,n/a,neut nom/voc/acc pl (epic),dai/monos,23,23242,δαίμων,adjective,false,n/a,masc/fem gen sg,,,,,,,,,,,,,,,,,,,,,,,,,,,,,,,,,,,,,,,,,,,,,,,,,,,,,,,,,,,,,,,,,,,,,,,,,,,,,,,,,,,,,,,,,,,,,,,,,,,,,,,,,,,,,,,,,,,,,,,,,,,,,,,,,,,,,,,,,,,,,,,,,,,,,,,,,,,,,,,,,,,,,,,,,,,,,,,,,,,,,,,,,,,doric (enclitic indeclform particle),enclitic indeclform (particle),,,,,,,,,,,,,,,,,,,,,,,,,,,,,,,,,,,,,,,,,,,,,,,,,,,,,,,,,,,,,,,,,,,,,,,,,,,,,,neut nom/voc/acc pl,masc acc sg,,,,
59,5,a)ll',1,4357,false,n/a,au)tai\,2,17907,false,n/a,to\n,3,71882,ὁ,article,false,n/a,masc acc sg,pri\n,4,86371,πρίν,adverb,false,n/a,indeclform (adverb),a)/nakta,5,7094,ἄναξ,noun,false,n/a,,,ku/nes,6,61177,κύων,noun,n/a,false,masc/fem nom/voc pl,touta/ki,7,104438,τουτάκις,adverb,false,n/a,,,,,ἀλλά,adverb,indeclform (adverb),αὐτός,pronoun,fem nom/voc pl,masc acc sg,deipnhseu=nti,8,23744,δειπνέω,verb,false,n/a,,,,,,,,,,,,,,,,,,,,,,,,,,,,,,,,,,,,indeclform (adverb),,,,,,,,,,,,,,,,,,,,,,,,,,,,,,,,,,,,,,,,,,,,,,,,,,,,,,,,,,,,,,,,,,,,,,,,,,,,,,,,,,,,,,,,,,,,,,,,,,,,,,,,,,,,,,,,,,,,,,,,,,,,,,,,,,,,,,,,,,,,,,,,,,,,,,,,,,,,,,,,,,,,,,,,,,,,,,,,,,,,,,,,,,,,,,,,,,,,,,,,,,,,,,,,,,,,,,,,,,,,,,,,,,,,,,,,,,,,,,,,,,,,,,,,,,,,,,,,,,,,,,,,,,,,,,,,,,,,,,,,,,,,,,,,,,,,,,,,,,,,,,:,,,,,,,,fut part act masc/neut dat sg (doric),fut ind act 3rd pl (doric),,,,,,,,,,,,,,,,,,,,,,,,,,,,,,,,,,,,,,,,,,,,,,,,,,,,,,,,,
60,5,ta\,1,71882,true,1.0,d',2,23596,false,n/a,ui(e/os,3,106566,υἱός,noun,false,n/a,masc gen sg (epic ionic),o)ste/a,4,75595,ὀστέον,noun,false,n/a,neut nom/voc/acc pl (attic epic ionic),ma/thr,5,67543,μήτηρ,noun,false,n/a,,,lecei=tai,6,unknown,,,n/a,false,,drumw\s,7,28482,δρυμός,noun,false,n/a,,,,,ὁ,article,,δέ,particle,indeclform (particle),fem nom sg (doric aeolic),pa/ntas,8,79904,πᾶς,adjective,false,n/a,masc acc pl,e)perxome/na,9,38732,ἐπέρχομαι,verb,false,n/a,,,,,,,,,,,,,,,,,,,,,,,,,,,,masc acc pl (doric),pres part mp fem nom/voc/acc dual,pres part mp fem nom/voc sg (doric aeolic),,,,,,,,,,,,,,,,,,,,,,,,,,,,,,,,,,,,,,,,,,,,,,,,,,,,,,,,,,,,,,,,,,,,,,,,,,,,,,,,,,,,,,,,,,,,,,,,,,,,,,,,,,,,,,,,,,,,,,,,,,,,,,,,,,,,,,,,,,,,,,,,,,,,,,,,,,,,,,,,,,,,,,,,,,,,,,,,,,,,,,,,,,,,,,,,,,,,,,,,,,,,,,,,,,,,,,,,,,,,,,,,,,,,,,,,,,,,,,,,,,,,,,,,,,,,,,,,,,,,,,,,,,,,,,,,,,,,,,,,,,,,,,,,,,,,,,,,,,,,:,,,neut acc pl,neut nom/voc/acc pl,fem acc dual,fem nom/voc/acc dual,,,,,,,,,,,,,,,,,,,,,,,,,,,,,,,,,,,,,,,,,,,,,,,,,,,,,,,,,,,,
61,5,o)lbi/stan,1,72908,false,n/a,e)re/ei,2,42648,true,0.2,se,3,97456,σύ,pronoun,false,n/a,acc 2nd sg,kai\,4,51951,καί,conjunction,false,n/a,indeclform (conj),eu)ai/wna,5,43358,εὐαίων,noun,false,n/a,,,gene/sqai,6,22209,γίγνομαι,verb,n/a,false,aor inf mid,e)c,7,31575,ἐκ,preposition,false,n/a,,,",",.,ὄλβιος,adjective,fem acc sg (doric aeolic),ἔρομαι,verb,pres ind mid 2nd sg (epic),masc/fem acc sg,o)re/wn,8,75306,ὄρος,adjective,true,0.5,neut gen pl (epic doric ionic aeolic),a)lao\n,9,3865,ἀλαός,adjective,false,n/a,,pai=d',10,76703,παῖς,adjective,false,n/a,,a)podecame/nan,11,unknown,,,false,n/a,,,,,,,,,,,,proclitic indeclform (prep),masc/fem acc sg,neut nom/voc/acc sg,,,,,,,,,,,,,,,,,,,,,,,,,,,,,,,,,,,,,,,,,,,,,,,,,,,,,,,,,,,,,,,,,,,,,,,,,,,,,,,,,,,,,,,,,,,,,,,,,,,,,,,,,,,,,,,,,,,,,,,,,,,,,,,,,,,,,,,,,,,,,,,,,,,,,,,,,,,,,,,,,,,,,,,,,,,,,,,,,,,,,,,,,,,,,,,,,,,,,,,,,,,,,,,,,,,,,,,,,,,,,,,,,,,,,,,,,,,,,,,,,,,,,,,,,,,,,,,,,,,,,,,,,,,,,,,,,,,,,,,masc/fem acc sg,masc/fem nom/voc/acc dual,,,,,,,,,,,,,,,,,,,,,,,,,,,,,,,,,,,,,,,,,,,,,,,,,,,,,,,,,,,,,,,,,,,,,,,,,,,,,,,,,,,,,,
62,5,w)=,1,116027,true,1.0,e(ta/ra,2,43071,false,n/a,tw=i,3,nlsj65910,τίς,pronoun,true,0.5,dat sg (attic),mh/,4,67283,μή,conjunction,false,n/a,indeclform (conj),ti,5,104051,τις,pronoun,false,n/a,,,minu/reo,6,67905,μινύρομαι,verb,n/a,false,,,,,,,,,,,",",:,ὦ,interjection,indeclform (exclam),ἑταίρα,noun,,neut nom/voc/acc sg,,,,,,,,,,,,,,,,,,,,,,,,,,,,,,,,,,,,,,,,,fem nom/voc/acc dual (epic),fem nom/voc sg (attic epic doric aeolic),,,,,,,,,,,,,,,,,,,,,,,,,,,,,,,,,,,,,,,,,,,,,,,,,,,,,,,,,,,,,,,,,,,,,,,,,,,,,,,,,,,,,,,,,,,,,,,,,,,,,,,,,,,,,,,,,,,,,,,,,,,,,,,,,,,,,,,,,,,,,,,,,,,,,,,,,,,,,,,,,,,,,,,,,,,,,,,,,,,,,,,,,,,,,,,,,,,,,,,,,,,,,,,,,,,,,,,,,,,,,,,,,,,,,,,,,,,,,,,,,,,,,,,,,,,,,,,,,,,,,,,,,,,,,,,,,,,,,,,,,,,,,,,,,,,,,,,,,,,,,,,,,,,,,,,,,,,,,,,,,,,,,,pres imperat mp 2nd sg (epic doric ionic aeolic),imperf ind mp 2nd sg (epic doric ionic aeolic),,,,,,,,,,,,,,,,,,,,,,,,,,,,,,,,,,,,,,,,,,
63,5,tw=ide,1,72010,false,n/a,ga\r,2,21618,false,n/a,a)/lla,3,4490,ἄλλος,adjective,false,n/a,,teu=,4,97456,σύ,pronoun,true,0.33,gen 2nd sg (doric),xa/rin,5,113388,χάρις,noun,false,n/a,indeclform (adverb),indeclform (prep),e)c,6,31575,ἐκ,preposition,n/a,false,proclitic indeclform (prep),e)me/qen,7,30657,ἐγώ,pronoun,true,1.0,,,,,ὅδε,pronoun,masc/neut dat sg,γάρ,particle,indeclform (particle),,polla\,8,85306,πολύς,adjective,false,n/a,,meneu=nti,9,66294,μένω,verb,false,n/a,,ge/ra,10,21964,γέρας,adjective,false,n/a,,,,,,,,,,,,,,,,,,,,masc/fem gen 1st sg (epic),fut part act masc/neut dat sg (epic doric ionic),fut ind act 3rd pl (doric),,,,,,,,,,,,,,,,,,,,,,,,,,,,,,,,,,,,,,,,,,,,,,,,,,,,,,,,,,,,,,,,,,,,,,,,,,,,,,,,,,,,,,,,,,,,,,,,,,,,,,,,,,,,,,,,,,,,,,,,,,,,,,,,,,,,,,,,,,,,,,,,,,,,,,,,,,,,,,,,,,,,,,,,,,,,,,,,,,,,,,,,,,,,,,,,,,,,,,,,,,,,,,,,,,,,,,,,,,,,,,,,,,,,,,,,,,,,,,,,,,,,,,,,,,,,,,,,,,,,,,,,,,,,,,,,,,,,,,,neut nom/voc/acc pl,neut nom/voc/acc dual,,,,,,,,,,,,,,,,,,,,.,neut nom/voc/acc pl,fem nom/voc/acc dual,,,,,,fem nom/voc/acc dual,fem nom/voc sg (doric aeolic),,,,,,,,fem acc sg,,,,,,,,,,,,,,,,,,,,,,,,,,,,,,,,,,,,,,,fem nom/voc sg (doric aeolic),,,,,,,neut nom/voc/acc pl,,,
64,5,ma/ntin,1,64961,false,n/a,e)pei\,2,38466,false,n/a,qhsw=,3,103922,τίθημι,verb,false,n/a,fut ind act 1st sg (doric),nin,4,70864,νιν,pronoun,false,n/a,masc/fem/neut acc 3rd sg (doric),a)oi/dimon,5,11109,ἀοίδιμος,adjective,false,n/a,masc/fem acc sg,neut nom/voc/acc sg,e)ssome/noisin,6,nlsj320,ἔσσομαι,verb,0.5,true,pres part mp masc/neut dat pl (epic ionic aeolic),h)=,7,46571,ἦ,adverb,true,1.0,,,",",",",μάντις,noun,masc acc sg,ἐπεί,conjunction,indeclform (conj),,me/ga,8,65552,μέγας,adverb,false,n/a,neut nom/voc/acc sg,tw=n,9,71882,ὁ,article,false,n/a,,a)/llwn,10,4490,ἄλλος,adjective,false,n/a,,dh/,11,24295,δή,particle,false,n/a,indeclform (particle),ti,12,104051,τις,pronoun,false,n/a,neut nom/voc/acc sg,,,indeclform (adverb),fem gen pl,masc/neut gen pl,,,perisso/teron,13,82190,περισσός,adjective,false,n/a,,gnwsei=tai,14,unknown,,,n/a,false,,,d',15,23596,δέ,particle,false,n/a,,,,o)/rnixas,16,75263,ὄρνις,noun,false,n/a,,,o(\s,17,75512,ὅς,pronoun,false,n/a,masc nom sg,ai)/sios,18,2683,αἶσις,noun,true,1.0,fem gen sg (epic doric ionic aeolic),oi(/,19,29856,ἕ,pronoun,true,0.5,,,te,20,102752,τε,particle,false,n/a,enclitic indeclform (particle),pe/tontai,21,82756,πέτομαι,verb,n/a,false,pres ind mp 3rd pl,h)/liqa,22,46850,ἤλιθα,adverb,false,n/a,indeclform (adverb),kai\,23,51951,καί,conjunction,false,n/a,indeclform (conj),poi/wn,24,84363,ποῖος,adjective,true,1.0,,ou)k,25,75730,οὐ,adverb,false,n/a,proclitic indeclform (adverb),a)gaqai\,26,260,ἀγαθός,adjective,false,n/a,,,pte/ruges,27,91170,πτέρυξ,adjective,n/a,false,,,,,,,,,,,,,,,,,,,,,,,,,,,,,,,,,,,,,,,,,,,,,,,,,,,,,,,,,,,,,,,,,,,,,,,,,,,,,,,,,,,,,,,,,,,,,,,,,,,,,,,,,,,,,,,,,,,,,,,,,,,,,,,,,,,,,,,,,,,,,,,,,,,,,,",",.,neut gen pl,fem gen pl,,masc/fem acc pl (doric),masc/fem dat sg (epic ionic),,,fem gen pl,masc/neut gen pl,,,,fem nom/voc pl,fem nom/voc pl,,,indeclform (particle),,,,,,,,,,,,,,,adverbial comp,masc acc comp sg,,,,,,,,,,,,,,,,,,,,,,,,,,masc gen pl,,,,,,,,,,,,,,,,,,,,,,,,,,,neut nom/voc/acc comp sg,,
65,5,polla\,1,85306,false,n/a,de\,2,23596,false,n/a,*boiwtoi=si,3,20256,Βοιωτός,proper,false,n/a,masc dat pl (epic ionic aeolic),qeopro/pa,4,48278,θεοπρόπος,adjective,false,n/a,neut nom/voc/acc pl,polla\,5,85306,πολύς,adjective,false,n/a,fem nom/voc/acc dual,fem nom/voc sg (doric aeolic),de\,6,23596,δέ,particle,n/a,false,indeclform (particle),*ka/dmwi,7,51638,Κάδμος,proper,false,n/a,,,",",",",πολύς,adjective,,δέ,particle,indeclform (particle),,xrhsei=,8,114553,χράω,verb,false,n/a,,kai\,9,51951,καί,conjunction,false,n/a,indeclform (conj),mega/lois,10,65552,μέγας,adverb,false,n/a,masc/neut dat pl,u(/stera,11,109750,ὕστερον,noun,true,1.0,neut nom/voc/acc pl,*labdaki/dais,12,nlsj6932,Λαβδακίδαι,proper,false,n/a,masc dat pl,,,masc dat sg,,,,,,,,,,,,,,,,,,,,,,,,,,,,,,,,,,,,,,,,,,,,,,,,,,,,,,,,,,,,,,,,,,,,,,,,,,,,,,,,,,,,,,,,,,,,,,,,,,,,,,,,,,,,,,,,,,,,,,,,,,,,,,,,,,,,,,,,,,,,,,,,,,,,,,,,,,,,,,,,,,,,,,,,,,,,,,,,,,,,,,,,,,,,,,,,,,,,,,,,,,,,,,,,,,,,,,,,,,,,,,,,,,,,,,,,,,,,,,,,,,,,,,,,,,,,,,,,,,,,,,,,,,,,,,,,,,,,,,,.,,,,,,,,,,,,,,,,,,,,,,,,,,fem nom/voc/acc dual,fem nom/voc sg (doric aeolic),neut nom/voc/acc pl,,,fut ind mid 2nd sg (doric),fut ind act 3rd sg (doric),,,,,,,,neut nom/voc/acc pl,,,,,,,,,,,,,,,,,,,,,,,,,,,,,,,,,,,,,,,,,,,,,,,,,
66,5,dwsw=,1,26447,false,n/a,kai\,2,51951,false,n/a,me/ga,3,65552,μέγας,adverb,false,n/a,neut nom/voc/acc sg,ba/ktron,4,19160,βάκτρον,noun,false,n/a,neut nom/voc/acc sg,o(/,5,75512,ὅς,pronoun,true,1.0,,,oi(,6,71882,ὁ,article,1.0,true,masc nom/voc pl,po/das,7,86108,πούς,noun,false,n/a,,,",",",",δίδωμι,verb,fut ind act 1st sg (doric),καί,conjunction,indeclform (conj),neut nom/voc/acc sg,e)s,8,31235,εἰς,preposition,false,n/a,proclitic indeclform (prep),de/on,9,24103,δέον,adjective,true,1.0,neut voc sg,a)cei=,10,735,ἄγνυμι,verb,true,0.5,,dwsw=,11,26447,δίδωμι,verb,false,n/a,fut ind act 1st sg (doric),kai\,12,51951,καί,conjunction,false,n/a,indeclform (conj),,,masc acc pl,,,,,bio/tw,13,19986,βίοτος,noun,false,n/a,,te/rma,14,103163,τέρμα,noun,n/a,false,,,poluxro/nion,15,85567,πολυχρόνιος,adjective,false,n/a,masc/fem acc sg,neut nom/voc/acc sg,,,,,,,,,,,,,,,,,,,,,,,,,,,,,,,,,,,,,,,,,,,,,,,,,,,,,,,,,,,,,,,,,,,,,,,,,,,,,,,,,,,,,,,,,,,,,,,,,,,,,,,,,,,,,,,,,,,,,,,,,,,,,,,,,,,,,,,,,,,,,,,,,,,,,,,,,,,,,,,,,,,,,,,,,,,,,,,,,,,,,,,,,,,,,,,,,,,,,,,,,,,,,,,,,,,,,,,,,,,,,,,,,,,,,,,,,,,,,,,,,,,,,,,,,.,,fut ind mid 2nd sg (doric aeolic),fut ind act 3rd sg (doric aeolic),neut nom/voc/acc sg,,,,,,,,,,,,,,,,,,,,,,,,,,,,,masc nom/voc/acc dual,masc gen sg (doric aeolic),,,,,,,,,,,,,,,,,,,,,,,,,,,,,,,,,,,,,,,,,,,,,,,,,,,,,,,
67,5,kai\,1,51951,false,n/a,mo/nos,2,68641,false,n/a,eu)=te,3,45273,εὖτε,conjunction,false,n/a,indeclform (conj),qa/nhi,4,nlsj39949,θνήσκω,verb,false,n/a,,pepnume/nos,5,80929,πέπνυμαι,verb,false,n/a,,,e)n,6,34700,ἐν,preposition,0.5,true,proclitic indeclform (prep),neku/essi,7,70158,νέκυς,noun,false,n/a,,,",",",",καί,conjunction,indeclform (conj),μόνος,adjective,masc nom sg,perf part mp masc nom sg (epic),foitasei=,8,112011,φοιτάζω,verb,false,n/a,,mega/lwi,9,65552,μέγας,adverb,false,n/a,masc/neut dat sg,ti/mios,10,103993,τίμιος,adjective,false,n/a,,*(agesi/lai,11,unknown,,,false,n/a,,,,,,,,,,,,masc dat pl (epic aeolic),,,,,,,,,,,,,,,,,,,,,,,,,,,,,,,,,,,,,,,,,,,,,,,,,,,,,,,,,,,,,,,,,,,,,,,,,,,,,,,,,,,,,,,,,,,,,,,,,,,,,,,,,,,,,,,,,,,,,,,,,,,,,,,,,,,,,,,,,,,,,,,,,,,,,,,,,,,,,,,,,,,,,,,,,,,,,,,,,,,,,,,,,,,,,,,,,,,,,,,,,,,,,,,,,,,,,,,,,,,,,,,,,,,,,,,,,,,,,,,,,,,,,,,,,,,,,,,,,,,,,,,,,,,,,,,,,,,,,,,",",.,masc nom sg,masc/fem nom sg,,,,,,,,,,,,,,,,,,,,,,,,,,,,fut ind mid 2nd sg (doric),fut ind act 3rd sg (doric),,,,,,,,,,,,aor subj mp 2nd sg,aor subj act 3rd sg,,,,,,,,,,,,,,,,,,,,,,,,,,,,,,,,,,,,,,,,,,,,
68,5,w(\s,1,75512,false,0.5,fame/na,2,110639,false,n/a,kate/neuse,3,54611,κατανεύω,verb,false,n/a,aor ind act 3rd sg,,,,,,,,,,,,,,,,,,,,,,,,,,,,,,,,,,,,,ὅς,pronoun,masc acc pl (doric),φημί,verb,,,,,,,,,,,,,,,,,,,,,,,,,,,,,,,,,,,,,,,,,,,pres part mid fem nom/voc/acc dual (epic ionic),pres part mid fem nom/voc sg (epic doric ionic aeolic),,,,,,,,,,,,,,,,,,,,,,,,,,,,,,,,,,,,,,,,,,,,,,,,,,,,,,,,,,,,,,,,,,,,,,,,,,,,,,,,,,,,,,,,,,,,,,,,,,,,,,,,,,,,,,,,,,,,,,,,,,,,,,,,,,,,,,,,,,,,,,,,,,,,,,,,,,,,,,,,,,,,,,,,,,,,,,,,,,,,,,,,,,,,,,,,,,,,,,,,,,,,,,,,,,,,,,,,,,,,,,,,,,,,,,,,,,,,,,,,,,,,,,,,,,,,,,,,,,,,,,,,,,,,,,,,,,,,,,,,,,,,,,,,,,,,,,,,,,,,,,,:,,,,,,,,,,,,,,,,,,,,,,,,,,,,,,,,,,,,,,,,,,,,,,,,,,,,,,,,,,,,,,,,,,
69,5,to\,1,71882,false,n/a,d',2,23596,false,n/a,e)ntele/s,3,36196,ἐντελής,adverb,false,n/a,,w(=i,4,75512,ὅς,pronoun,false,n/a,masc/neut dat sg,k',5,6207,ἄν,particle,false,n/a,,,e)/pi,6,nlsj126,ἐπί,preposition,n/a,false,indeclform (prep),neu/shi,7,70522,νεῦσις,noun,true,1.0,,,",",",",ὁ,article,neut nom/voc/acc sg,δέ,particle,indeclform (particle),epic (enclitic indeclform particle),*palla/s,8,77017,Παλλάς,proper,false,n/a,fem nom sg,e)pei\,9,38466,ἐπεί,conjunction,false,n/a,indeclform (conj),mw/nai,10,unknown,,,false,n/a,,*zeu\s,11,46195,Ζεύς,proper,false,n/a,masc nom sg,to/,12,71882,ὁ,article,false,n/a,neut nom/voc/acc sg,,,fem dat sg (epic),,,,,ge,13,21705,γε,particle,false,n/a,enclitic indeclform (particle),qugate/rwn,14,49266,θυγάτηρ,adjective,n/a,false,,,dw=ken,15,26447,δίδωμι,verb,false,n/a,,,,*)aqanai/ai,16,unknown,,,false,n/a,,,patrw/ia,17,nlsj84135,πατρώιος,adjective,true,0.5,neut nom/voc/acc pl,pa/nta,18,79904,πᾶς,adjective,false,n/a,,fe/resqai,19,110598,φέρω,verb,false,n/a,,,lwtroxo/oi,20,unknown,,,false,n/a,,ma/thr,21,67543,μήτηρ,noun,n/a,false,fem nom sg (doric aeolic),d',22,23596,δέ,particle,false,n/a,indeclform (particle),ou)/tis,23,76059,οὔτις,pronoun,false,n/a,masc/fem nom sg,e)/tikte,24,103942,τίκτω,verb,false,n/a,imperf ind act 3rd sg,qea/n,25,47950,θεά,noun,false,n/a,fem acc sg (attic doric aeolic),a)lla\,26,4357,ἀλλά,adverb,false,n/a,,,*dio\s,27,46195,Ζεύς,proper,n/a,false,,,korufa/,28,59237,κορυφάς,noun,true,0.5,fem voc sg,,,,,,,,,,,,,,,,,,,,,,,,,,,,,,,,,,,,,,,,,,,,,,,,,,,,,,,,,,,,,,,,,,,,,,,,,,,,,,,,,,,,,,,,,,,,,,,,,,,,,,,,,,,,,,,,,,,,,,,,,,,,,,,,,,,,,,,,,,,,",",",",,,fem gen pl,,pres inf mp,,,,,,,,indeclform (adverb),masc gen sg,",",.,aor ind act 3rd sg (homeric ionic),,,,,,masc/fem voc sg,neut nom/voc/acc sg,,,,,,,,,,,,,,,,,,,,,,,,,,,,,,,,,,,,,masc acc sg,neut nom/voc/acc pl,,,,,,,,,,,,,,,,,,,,,,,,,,
70,5,korufa\,1,59237,false,0.5,*dio\s,2,46195,false,n/a,ou)k,3,75730,οὐ,adverb,false,n/a,proclitic indeclform (adverb),e)pineu/ei,4,40307,ἐπινεύω,verb,false,n/a,,yeu/dea,5,115474,ψεῦδις,noun,true,0.5,,,ai,6,unknown,,,n/a,false,,quga/thr,7,49266,θυγάτηρ,adjective,false,n/a,,,,,κορυφάς,noun,fem voc sg,Ζεύς,proper,masc gen sg,masc/fem acc sg,,,,,,,,,,,,,,,,,,,,,,,,,,,,,,,,,,,,,,,,,,,fem nom sg,,,,,,,,,,,,,,,,,,,,,,,,,,,,,,,,,,,,,,,,,,,,,,,,,,,,,,,,,,,,,,,,,,,,,,,,,,,,,,,,,,,,,,,,,,,,,,,,,,,,,,,,,,,,,,,,,,,,,,,,,,,,,,,,,,,,,,,,,,,,,,,,,,,,,,,,,,,,,,,,,,,,,,,,,,,,,,,,,,,,,,,,,,,,,,,,,,,,,,,,,,,,,,,,,,,,,,,,,,,,,,,,,,,,,,,,,,,,,,,,,,,,,,,,,,,,,,,,,,,,,,,,,,,,,,,,,,,,,,,,,,,,,,,,,,,,,,,,,,,,,,.,,,,,,,,,,,,,,,,,,,,,pres ind mp 2nd sg,pres ind act 3rd sg,,,,pres ind mp 2nd sg,,,,,,,,,,,,,,,,,,,,,,,,,,,,,,,,,,,,,,,pres ind act 3rd sg,
71,5,e)/rxet',1,42827,false,n/a,*)aqanai/a,2,1989,false,n/a,nu=n,3,71308,νῦν,adverb,false,n/a,enclitic indeclform (adverb),a)treke/s,4,17183,ἀτρεκής,adjective,false,n/a,,,,,,,,,,,,,,,,,,,,,,,,,,,,,,ἔρχομαι,verb,,Ἀθήνη,proper,,,,,,,,,,,,,,,,,,,,,,,,,,,,,,,,,,,,,,,,,,,fem nom/voc/acc dual (doric),fem nom/voc sg (attic doric aeolic),,,,,,,,,,,,,,,,,,,,,,,,,,,,,,,,,,,,,,,,,,,,,,,,,,,,,,,,,,,,,,,,,,,,,,,,,,,,,,,,,,,,,,,,,,,,,,,,,,,,,,,,,,,,,,,,,,,,,,,,,,,,,,,,,,,,,,,,,,,,,,,,,,,,,,,,,,,,,,,,,,,,,,,,,,,,,,,,,,,,,,,,,,,,,,,,,,,,,,,,,,,,,,,,,,,,,,,,,,,,,,,,,,,,,,,,,,,,,,,,,,,,,,,,,,,,,,,,,,,,,,,,,,,,,,,,,,,,,,,,,,,,,,,,,,,,,,,,,,,,,,,:,,,pres ind mp 3rd sg,imperf ind mp 3rd sg (homeric ionic),,,,,,,,,,,,,,,,,masc/fem voc sg,neut nom/voc/acc sg,,,,,,,,,,,,,,,,,,,,,,,,,,,,,,,,,,,,,,,,,,,,
72,5,a)lla\,1,4357,false,n/a,de/xesqe,2,24289,false,n/a,ta\n,3,71882,ὁ,article,false,n/a,fem acc sg (doric aeolic),qeo/n,4,48291,θεός,noun,false,n/a,masc acc sg,w)=,5,116027,ὦ,interjection,true,1.0,,,kw=rai,6,59098,κόρη,noun,0.5,true,fem nom/voc pl (doric),tw)=rgon,7,unknown,,,false,n/a,,,",",",",ἀλλά,adverb,indeclform (adverb),δέχομαι,verb,,indeclform (exclam),o(/sais,8,75552,ὅσος,adjective,false,n/a,fem dat pl,me/letai,9,66199,μέλω,verb,false,n/a,pres ind mp 3rd sg,su/n,10,99002,σύν,preposition,false,n/a,indeclform (prep),t',11,102752,τε,particle,true,1.0,enclitic indeclform (particle),eu)agori/ai,12,unknown,,,false,n/a,,pres imperat mp 2nd pl,pres ind mp 2nd pl,,,,,,su/n,13,99002,σύν,preposition,false,n/a,indeclform (prep),t',14,102752,τε,particle,1.0,true,,,eu)/gmasi,15,nlsj53942,εὖγμα,noun,true,0.5,,,,su/n,16,99002,σύν,preposition,false,n/a,,,t',17,102752,τε,particle,true,1.0,enclitic indeclform (particle),o)lolugai=s,18,73234,ὀλολυγή,noun,false,n/a,fem dat pl,,,,,,,,,,,,,,,,,,,,,,,,,,,,,,,,,,,,,,,,,,,,,,,,,,,,,,,,,,,,,,,,,,,,,,,,,,,,,,,,,,,,,,,,,,,,,,,,,,,,,,,,,,,,,,,,,,,,,,,,,,,,,,,,,,,,,,,,,,,,,,,,,,,,,,,,,,,,,,,,,,,,,,,,,,,,,,,,,,,,,,,,,,,,,,,,,,,,,,,,,,,,,,,,,,,,,,,,,,,,,,,",",.,,,enclitic indeclform (particle),indeclform (prep),,,,,,,,,,,,,neut dat pl,,,,,,,,,,,,,,,,,,,,,,,,,,,,,,,,,,,,,,,,,,,,,,,,,,,,,,,,,,,,,,,,,,,,,,,imperf ind mp 2nd pl (homeric ionic)
73,5,xai=re,1,112934,false,n/a,qea/,2,47950,false,n/a,ka/deu,3,57073,κήδω,verb,false,n/a,,d',4,23596,δέ,particle,false,n/a,indeclform (particle),*)/argeos,5,nlsj1560,Ἄργος,proper,false,n/a,,,*)inaxi/w,6,unknown,,,n/a,false,,,,,,,,,,,",",.,χαίρω,verb,,θεά,noun,,neut gen sg (epic doric ionic aeolic),,,,,,,,,,,,,,,,,,,,,,,,,,,,,,,,,,,,,,,,,fem nom/voc/acc dual,fem nom/voc sg (attic doric aeolic),,,,,,,,,,,,,,,,,,,,,,,,,,,,,,,,,,,,,,,,,,,,,,,,,,,,,,,,,,,,,,,,,,,,,,,,,,,,,,,,,,,,,,,,,,,,,,,,,,,,,,,,,,,,,,,,,,,,,,,,,,,,,,,,,,,,,,,,,,,,,,,,,,,,,,,,,,,,,,,,,,,,,,,,,,,,,,,,,,,,,,,,,,,,,,,,,,,,,,,,,,,,,,,,,,,,,,,,,,,,,,,,,,,,,,,,,,,,,,,,,,,,,,,,,,,,,,,,,,,,,,,,,,,,,,,,,,,,,,,,,,,,,,,,,,,,,,,,,,,,,,,,pres imperat mp 2nd sg (epic doric ionic),imperf ind mp 2nd sg (epic doric ionic),pres imperat act 2nd sg,imperf ind act 3rd sg (homeric ionic),,,,,,,,,,,,,,,,,,,,,,,,,,,,,,,,,,,,,,,,,,,,,,,,,,,,,,,,,,,,,,
74,5,xai=re,1,112934,false,n/a,kai\,2,51951,false,n/a,e)cela/oisa,3,37095,ἐξελαύνω,verb,false,n/a,fut part act fem nom/voc sg (epic doric aeolic),kai\,4,51951,καί,conjunction,false,n/a,indeclform (conj),e)s,5,31235,εἰς,preposition,false,n/a,,,pa/lin,6,76910,πάλιν,adverb,n/a,false,indeclform (adverb),au)=tis,7,17381,αὖθις,adverb,false,n/a,,,",",",",χαίρω,verb,,καί,conjunction,indeclform (conj),proclitic indeclform (prep),e)la/ssais,8,33457,ἐλαύνω,verb,false,n/a,,i(/ppws,9,50824,ἵππος,noun,false,n/a,masc/fem acc pl (doric),kai\,10,51951,καί,conjunction,false,n/a,indeclform (conj),*danaw=n,11,23411,Δανάη,proper,false,0.33,fem gen pl,kla=ron,12,57881,κλῆρος,adjective,false,n/a,masc acc sg (doric),,,epic ionic (indeclform adverb),,,,,a(/panta,13,11583,ἅπας,adjective,false,n/a,,sa/w,14,93256,σαόω,verb,0.5,true,pres imperat act 2nd sg (doric aeolic),imperf ind act 3rd sg (doric aeolic),,,,,,,,,,,,,,,,,,,,,,,,,,,,,,,,,,,,,,,,,,,,,,,,,,,,,,,,,,,,,,,,,,,,,,,,,,,,,,,,,,,,,,,,,,,,,,,,,,,,,,,,,,,,,,,,,,,,,,,,,,,,,,,,,,,,,,,,,,,,,,,,,,,,,,,,,,,,,,,,,,,,,,,,,,,,,,,,,,,,,,,,,,,,,,,,,,,,,,,,,,,,,,,,,,,,,,,,,,,,,,,,,,,,,,,,,,,,,,,,,,,,,,,,,,,,,,,,,,.,,,,,,,,,,,,,,,,,,,,,,,,,,pres imperat act 2nd sg,imperf ind act 3rd sg (homeric ionic),,,,aor part act masc nom/voc sg (epic doric aeolic),aor opt act 2nd sg (epic),neut nom/voc/acc pl,masc acc sg,,,,,,,,,,,,,,,,,,,,,,,,,,,,,,,,,,,,,,,,,,,,,,,,,,,,,,,

