@_id,@_location,word/0/@_form,word/0/@_id,word/0/lemma/@_id,word/0/lemma/@_entry,word/0/lemma/@_POS,word/0/lemma/@_TreeTagger,word/0/lemma/@_disambiguated,word/0/lemma/analysis/@_morph,word/1/@_form,word/1/@_id,word/1/lemma/@_id,word/1/lemma/@_entry,word/1/lemma/@_POS,word/1/lemma/@_TreeTagger,word/1/lemma/@_disambiguated,word/1/lemma/analysis/@_morph,word/2/@_form,word/2/@_id,word/2/lemma/@_id,word/2/lemma/@_entry,word/2/lemma/@_POS,word/2/lemma/@_disambiguated,word/2/lemma/@_TreeTagger,word/2/lemma/analysis/@_morph,word/3/@_form,word/3/@_id,word/3/lemma/@_id,word/3/lemma/@_entry,word/3/lemma/@_POS,word/3/lemma/@_TreeTagger,word/3/lemma/@_disambiguated,word/3/lemma/analysis/@_morph,word/4/@_form,word/4/@_id,word/4/lemma/@_id,word/4/lemma/@_entry,word/4/lemma/@_POS,word/4/lemma/@_TreeTagger,word/4/lemma/@_disambiguated,word/4/lemma/analysis/@_morph,word/5/@_form,word/5/@_id,word/5/lemma/@_id,word/5/lemma/@_entry,word/5/lemma/@_POS,word/5/lemma/@_disambiguated,word/5/lemma/@_TreeTagger,word/5/lemma/analysis/@_morph,word/6/@_form,word/6/@_id,word/6/lemma/@_id,word/6/lemma/@_TreeTagger,word/6/lemma/@_disambiguated,word/7/@_form,word/7/@_id,word/7/lemma/@_id,word/7/lemma/@_entry,word/7/lemma/@_POS,word/7/lemma/@_TreeTagger,word/7/lemma/@_disambiguated,word/7/lemma/analysis/@_morph,word/8/@_form,word/8/@_id,word/8/lemma/@_id,word/8/lemma/@_entry,word/8/lemma/@_POS,word/8/lemma/@_TreeTagger,word/8/lemma/@_disambiguated,word/8/lemma/analysis/0/@_morph,word/8/lemma/analysis/1/@_morph,word/9/@_form,word/9/@_id,word/9/lemma/@_id,word/9/lemma/@_entry,word/9/lemma/@_POS,word/9/lemma/@_disambiguated,word/9/lemma/@_TreeTagger,word/9/lemma/analysis/@_morph,word/10/@_form,word/10/@_id,word/10/lemma/@_id,word/10/lemma/@_entry,word/10/lemma/@_POS,word/10/lemma/@_TreeTagger,word/10/lemma/@_disambiguated,word/10/lemma/analysis/@_morph,word/11/@_form,word/11/@_id,word/11/lemma/@_id,word/11/lemma/@_entry,word/11/lemma/@_POS,word/11/lemma/@_TreeTagger,word/11/lemma/@_disambiguated,word/11/lemma/analysis/@_morph,word/12/@_form,word/12/@_id,word/12/lemma/@_id,word/12/lemma/@_entry,word/12/lemma/@_POS,word/12/lemma/@_TreeTagger,word/12/lemma/@_disambiguated,word/12/lemma/analysis/@_morph,word/13/@_form,word/13/@_id,word/13/lemma/@_id,word/13/lemma/@_entry,word/13/lemma/@_POS,word/13/lemma/@_TreeTagger,word/13/lemma/@_disambiguated,word/13/lemma/analysis/@_morph,word/14/@_form,word/14/@_id,word/14/lemma/@_id,word/14/lemma/@_entry,word/14/lemma/@_POS,word/14/lemma/@_TreeTagger,word/14/lemma/@_disambiguated,word/14/lemma/analysis/@_morph,word/15/@_form,word/15/@_id,word/15/lemma/@_id,word/15/lemma/@_entry,word/15/lemma/@_POS,word/15/lemma/@_TreeTagger,word/15/lemma/@_disambiguated,word/15/lemma/analysis/@_morph,word/16/@_form,word/16/@_id,word/16/lemma/@_id,word/16/lemma/@_TreeTagger,word/16/lemma/@_disambiguated,word/17/@_form,word/17/@_id,word/17/lemma/@_id,word/17/lemma/@_entry,word/17/lemma/@_POS,word/17/lemma/@_TreeTagger,word/17/lemma/@_disambiguated,word/17/lemma/analysis/@_morph,word/18/@_form,word/18/@_id,word/18/lemma/@_id,word/18/lemma/@_entry,word/18/lemma/@_POS,word/18/lemma/@_TreeTagger,word/18/lemma/@_disambiguated,word/18/lemma/analysis/@_morph,word/19/@_form,word/19/@_id,word/19/lemma/@_id,word/19/lemma/@_TreeTagger,word/19/lemma/@_disambiguated,punct/0/@_mark,punct/1/@_mark,punct/2/@_mark,punct/3/@_mark,punct/4/@_mark,word/4/lemma/analysis/0/@_morph,word/4/lemma/analysis/1/@_morph,word/6/lemma/@_entry,word/6/lemma/@_POS,word/6/lemma/analysis/0/@_morph,word/6/lemma/analysis/1/@_morph,word/6/lemma/analysis/2/@_morph,word/8/lemma/analysis/@_morph,word/0/lemma/analysis/0/@_morph,word/0/lemma/analysis/1/@_morph,word/6/lemma/analysis/@_morph,word/9/lemma/analysis/0/@_morph,word/9/lemma/analysis/1/@_morph,word/15/lemma/analysis/0/@_morph,word/15/lemma/analysis/1/@_morph,word/16/lemma/@_entry,word/16/lemma/@_POS,word/16/lemma/analysis/@_morph,word/19/lemma/@_entry,word/19/lemma/@_POS,word/19/lemma/analysis/0/@_morph,word/19/lemma/analysis/1/@_morph,word/20/@_form,word/20/@_id,word/20/lemma/@_id,word/20/lemma/@_entry,word/20/lemma/@_POS,word/20/lemma/@_TreeTagger,word/20/lemma/@_disambiguated,word/20/lemma/analysis/@_morph,word/21/@_form,word/21/@_id,word/21/lemma/@_id,word/21/lemma/@_entry,word/21/lemma/@_POS,word/21/lemma/@_TreeTagger,word/21/lemma/@_disambiguated,word/21/lemma/analysis/@_morph,word/22/@_form,word/22/@_id,word/22/lemma/@_id,word/22/lemma/@_entry,word/22/lemma/@_POS,word/22/lemma/@_disambiguated,word/22/lemma/@_TreeTagger,word/22/lemma/analysis/@_morph,word/23/@_form,word/23/@_id,word/23/lemma/@_id,word/23/lemma/@_entry,word/23/lemma/@_POS,word/23/lemma/@_TreeTagger,word/23/lemma/@_disambiguated,word/23/lemma/analysis/@_morph,word/24/@_form,word/24/@_id,word/24/lemma/@_id,word/24/lemma/@_entry,word/24/lemma/@_POS,word/24/lemma/@_TreeTagger,word/24/lemma/@_disambiguated,word/24/lemma/analysis/@_morph,word/25/@_form,word/25/@_id,word/25/lemma/@_id,word/25/lemma/@_entry,word/25/lemma/@_POS,word/25/lemma/@_TreeTagger,word/25/lemma/@_disambiguated,word/25/lemma/analysis/@_morph,word/26/@_form,word/26/@_id,word/26/lemma/@_id,word/26/lemma/@_entry,word/26/lemma/@_POS,word/26/lemma/@_TreeTagger,word/26/lemma/@_disambiguated,word/26/lemma/analysis/@_morph,word/27/@_form,word/27/@_id,word/27/lemma/@_id,word/27/lemma/@_TreeTagger,word/27/lemma/@_disambiguated,word/28/@_form,word/28/@_id,word/28/lemma/@_id,word/28/lemma/@_entry,word/28/lemma/@_POS,word/28/lemma/@_TreeTagger,word/28/lemma/@_disambiguated,word/28/lemma/analysis/0/@_morph,word/28/lemma/analysis/1/@_morph,word/28/lemma/analysis/2/@_morph,word/28/lemma/analysis/3/@_morph,word/29/@_form,word/29/@_id,word/29/lemma/@_id,word/29/lemma/@_entry,word/29/lemma/@_POS,word/29/lemma/@_TreeTagger,word/29/lemma/@_disambiguated,word/29/lemma/analysis/0/@_morph,word/29/lemma/analysis/1/@_morph,word/29/lemma/analysis/2/@_morph,word/29/lemma/analysis/3/@_morph,word/30/@_form,word/30/@_id,word/30/lemma/@_id,word/30/lemma/@_entry,word/30/lemma/@_POS,word/30/lemma/@_TreeTagger,word/30/lemma/@_disambiguated,word/30/lemma/analysis/0/@_morph,word/30/lemma/analysis/1/@_morph,word/31/@_form,word/31/@_id,word/31/lemma/@_id,word/31/lemma/@_TreeTagger,word/31/lemma/@_disambiguated,word/32/@_form,word/32/@_id,word/32/lemma/@_id,word/32/lemma/@_entry,word/32/lemma/@_POS,word/32/lemma/@_TreeTagger,word/32/lemma/@_disambiguated,word/32/lemma/analysis/@_morph,word/33/@_form,word/33/@_id,word/33/lemma/@_id,word/33/lemma/@_entry,word/33/lemma/@_POS,word/33/lemma/@_disambiguated,word/33/lemma/@_TreeTagger,word/33/lemma/analysis/0/@_morph,word/33/lemma/analysis/1/@_morph,word/34/@_form,word/34/@_id,word/34/lemma/@_id,word/34/lemma/@_entry,word/34/lemma/@_POS,word/34/lemma/@_TreeTagger,word/34/lemma/@_disambiguated,word/34/lemma/analysis/@_morph,word/35/@_form,word/35/@_id,word/35/lemma/@_id,word/35/lemma/@_entry,word/35/lemma/@_POS,word/35/lemma/@_TreeTagger,word/35/lemma/@_disambiguated,word/35/lemma/analysis/@_morph,word/36/@_form,word/36/@_id,word/36/lemma/@_id,word/36/lemma/@_entry,word/36/lemma/@_POS,word/36/lemma/@_TreeTagger,word/36/lemma/@_disambiguated,word/36/lemma/analysis/0/@_morph,word/36/lemma/analysis/1/@_morph,word/37/@_form,word/37/@_id,word/37/lemma/@_id,word/37/lemma/@_entry,word/37/lemma/@_POS,word/37/lemma/@_TreeTagger,word/37/lemma/@_disambiguated,word/37/lemma/analysis/@_morph,word/38/@_form,word/38/@_id,word/38/lemma/@_id,word/38/lemma/@_entry,word/38/lemma/@_POS,word/38/lemma/@_disambiguated,word/38/lemma/@_TreeTagger,word/38/lemma/analysis/@_morph,word/39/@_form,word/39/@_id,word/39/lemma/@_id,word/39/lemma/@_entry,word/39/lemma/@_POS,word/39/lemma/@_TreeTagger,word/39/lemma/@_disambiguated,word/39/lemma/analysis/@_morph,word/40/@_form,word/40/@_id,word/40/lemma/@_id,word/40/lemma/@_entry,word/40/lemma/@_POS,word/40/lemma/@_TreeTagger,word/40/lemma/@_disambiguated,word/40/lemma/analysis/@_morph,word/41/@_form,word/41/@_id,word/41/lemma/@_id,word/41/lemma/@_entry,word/41/lemma/@_POS,word/41/lemma/@_disambiguated,word/41/lemma/@_TreeTagger,word/41/lemma/analysis/@_morph,word/42/@_form,word/42/@_id,word/42/lemma/@_id,word/42/lemma/@_entry,word/42/lemma/@_POS,word/42/lemma/@_TreeTagger,word/42/lemma/@_disambiguated,word/42/lemma/analysis/@_morph,word/43/@_form,word/43/@_id,word/43/lemma/@_id,word/43/lemma/@_entry,word/43/lemma/@_POS,word/43/lemma/@_TreeTagger,word/43/lemma/@_disambiguated,word/43/lemma/analysis/@_morph,word/44/@_form,word/44/@_id,word/44/lemma/@_id,word/44/lemma/@_entry,word/44/lemma/@_POS,word/44/lemma/@_TreeTagger,word/44/lemma/@_disambiguated,word/44/lemma/analysis/@_morph,word/45/@_form,word/45/@_id,word/45/lemma/@_id,word/45/lemma/@_entry,word/45/lemma/@_POS,word/45/lemma/@_TreeTagger,word/45/lemma/@_disambiguated,word/45/lemma/analysis/@_morph,word/46/@_form,word/46/@_id,word/46/lemma/@_id,word/46/lemma/@_entry,word/46/lemma/@_POS,word/46/lemma/@_TreeTagger,word/46/lemma/@_disambiguated,word/46/lemma/analysis/@_morph,word/47/@_form,word/47/@_id,word/47/lemma/@_id,word/47/lemma/@_entry,word/47/lemma/@_POS,word/47/lemma/@_TreeTagger,word/47/lemma/@_disambiguated,word/47/lemma/analysis/@_morph,word/48/@_form,word/48/@_id,word/48/lemma/@_id,word/48/lemma/@_entry,word/48/lemma/@_POS,word/48/lemma/@_TreeTagger,word/48/lemma/@_disambiguated,word/48/lemma/analysis/0/@_morph,word/48/lemma/analysis/1/@_morph,word/49/@_form,word/49/@_id,word/49/lemma/@_id,word/49/lemma/@_entry,word/49/lemma/@_POS,word/49/lemma/@_TreeTagger,word/49/lemma/@_disambiguated,word/49/lemma/analysis/@_morph,word/50/@_form,word/50/@_id,word/50/lemma/@_id,word/50/lemma/@_entry,word/50/lemma/@_POS,word/50/lemma/@_TreeTagger,word/50/lemma/@_disambiguated,word/50/lemma/analysis/@_morph,word/51/@_form,word/51/@_id,word/51/lemma/@_id,word/51/lemma/@_entry,word/51/lemma/@_POS,word/51/lemma/@_TreeTagger,word/51/lemma/@_disambiguated,word/51/lemma/analysis/@_morph,word/52/@_form,word/52/@_id,word/52/lemma/@_id,word/52/lemma/@_entry,word/52/lemma/@_POS,word/52/lemma/@_TreeTagger,word/52/lemma/@_disambiguated,word/52/lemma/analysis/0/@_morph,word/52/lemma/analysis/1/@_morph,punct/5/@_mark,punct/6/@_mark,punct/@_mark,word/12/lemma/analysis/0/@_morph,word/12/lemma/analysis/1/@_morph,word/17/lemma/analysis/0/@_morph,word/17/lemma/analysis/1/@_morph,word/18/lemma/analysis/0/@_morph,word/18/lemma/analysis/1/@_morph,word/18/lemma/analysis/2/@_morph,word/19/lemma/analysis/@_morph,word/27/lemma/@_entry,word/27/lemma/@_POS,word/27/lemma/analysis/@_morph,word/28/lemma/analysis/@_morph,word/29/lemma/analysis/@_morph,word/30/lemma/analysis/@_morph,word/31/lemma/@_entry,word/31/lemma/@_POS,word/31/lemma/analysis/@_morph,word/35/lemma/analysis/0/@_morph,word/35/lemma/analysis/1/@_morph,word/36/lemma/analysis/@_morph,word/2/lemma/analysis/0/@_morph,word/2/lemma/analysis/1/@_morph,word/5/lemma/analysis/0/@_morph,word/5/lemma/analysis/1/@_morph,word/10/lemma/analysis/0/@_morph,word/10/lemma/analysis/1/@_morph,word/0/lemma/analysis/2/@_morph,word/0/lemma/analysis/3/@_morph,word/0/lemma/analysis/4/@_morph,word/13/lemma/analysis/0/@_morph,word/13/lemma/analysis/1/@_morph,word/14/lemma/analysis/0/@_morph,word/14/lemma/analysis/1/@_morph,word/4/lemma/analysis/2/@_morph,word/3/lemma/analysis/0/@_morph,word/3/lemma/analysis/1/@_morph,word/5/lemma/analysis/2/@_morph,word/5/lemma/analysis/3/@_morph,word/1/lemma/analysis/0/@_morph,word/1/lemma/analysis/1/@_morph,word/24/lemma/analysis/0/@_morph,word/24/lemma/analysis/1/@_morph,word/11/lemma/analysis/0/@_morph,word/11/lemma/analysis/1/@_morph,word/3/lemma/analysis/2/@_morph,word/10/lemma/analysis/2/@_morph,word/10/lemma/analysis/3/@_morph,word/2/lemma/analysis/2/@_morph,word/2/lemma/analysis/3/@_morph,word/2/lemma/analysis/4/@_morph,word/7/lemma/analysis/0/@_morph,word/7/lemma/analysis/1/@_morph,word/1/lemma/analysis/2/@_morph,word/1/lemma/analysis/3/@_morph,word/7/lemma/analysis/2/@_morph,word/20/lemma/analysis/0/@_morph,word/20/lemma/analysis/1/@_morph,word/20/lemma/analysis/2/@_morph,word/22/lemma/analysis/0/@_morph,word/22/lemma/analysis/1/@_morph,word/25/lemma/analysis/0/@_morph,word/25/lemma/analysis/1/@_morph,word/8/lemma/analysis/2/@_morph,word/3/lemma/analysis/3/@_morph
1,1,*zhno\s,1,46195,Ζεύς,proper,false,n/a,masc gen sg,e)/oi,2,31130,εἰμί,verb,false,n/a,pres opt act 3rd sg (epic ionic),ti/,3,nlsj65910,τίς,pronoun,0.5,true,neut nom/voc/acc sg,ken,4,6207,ἄν,particle,false,n/a,epic (enclitic indeclform particle),a)/llo,5,4490,ἄλλος,adjective,false,n/a,neut nom/voc/acc sg,para\,6,77763,παρά,preposition,1.0,true,indeclform (prep),spondh=isin,7,unknown,false,n/a,a)ei/dein,8,1587,ἀείδω,verb,false,n/a,pres inf act (attic epic ionic),lw/ion,9,nlsj71656,λωίων,adjective,false,n/a,masc/fem voc comp sg,neut nom/voc/acc comp sg,h)\,10,46568,ἠέ,conjunction,1.0,true,indeclform (conj),qeo\n,11,48291,θεός,noun,false,n/a,masc acc sg,au)to/n,12,17907,αὐτός,pronoun,false,n/a,masc acc sg,a)ei\,13,1564,ἀεί,adverb,false,n/a,indeclform (adverb),me/gan,14,65552,μέγας,adverb,false,n/a,masc acc sg,ai)e\n,15,1564,ἀεί,adverb,false,n/a,poetic indeclform (adverb),a)/nakta,16,7094,ἄναξ,noun,false,n/a,masc acc sg,*phlago/nwn,17,unknown,false,n/a,e)lath=ra,18,33438,ἐλατήρ,noun,false,n/a,masc acc sg,dikaspo/lon,19,26913,δικασπόλος,noun,false,n/a,masc acc sg,ou)rani/dhisi,20,unknown,false,n/a,",",",",",",",",;,,,,,,,,,,,,,,,,,,,,,,,,,,,,,,,,,,,,,,,,,,,,,,,,,,,,,,,,,,,,,,,,,,,,,,,,,,,,,,,,,,,,,,,,,,,,,,,,,,,,,,,,,,,,,,,,,,,,,,,,,,,,,,,,,,,,,,,,,,,,,,,,,,,,,,,,,,,,,,,,,,,,,,,,,,,,,,,,,,,,,,,,,,,,,,,,,,,,,,,,,,,,,,,,,,,,,,,,,,,,,,,,,,,,,,,,,,,,,,,,,,,,,,,,,,,,,,,,,,,,,,,,,,,,,,,,,,,,,,,,,,,,,,,,,,,,,,,,,,,,,,,,,,,,,,,,,,,,,,,,,,,,,,,,,,,,,,,,,,,,,,,,,,,,,,,,,,,,,,
2,1,pw=s,1,92010,πῶς,adverb,true,0.5,indeclform (interrog),kai/,2,51951,καί,conjunction,false,n/a,indeclform (conj),min,3,67878,μιν,pronoun,n/a,false,masc/fem/neut acc 3rd sg (epic ionic),*diktai=on,4,27001,Δικταῖος,proper,false,n/a,masc acc sg,a)ei/somen,5,1587,ἀείδω,verb,false,n/a,,h)e\,6,46568,ἠέ,conjunction,0.5,true,epic (indeclform conj),*lukai=on,7,64067,false,n/a,,,,,,,,,,,,,,,,,,,,,,,,,,,,,,,,,,,,,,,,,,,,,,,,,,,,,,,,,,,,,,,,,,,,,,,,,,,,,,,,,,,,,,,,,,,,,,,,,,,,",",;,,,,aor subj act 1st pl (epic ionic),fut ind act 1st pl (epic doric ionic aeolic),Λυκαῖος,proper,masc acc sg,neut nom/voc/acc sg,masc acc sg,,,,,,,,,,,,,,,,,,,,,,,,,,,,,,,,,,,,,,,,,,,,,,,,,,,,,,,,,,,,,,,,,,,,,,,,,,,,,,,,,,,,,,,,,,,,,,,,,,,,,,,,,,,,,,,,,,,,,,,,,,,,,,,,,,,,,,,,,,,,,,,,,,,,,,,,,,,,,,,,,,,,,,,,,,,,,,,,,,,,,,,,,,,,,,,,,,,,,,,,,,,,,,,,,,,,,,,,,,,,,,,,,,,,,,,,,,,,,,,,,,,,,,,,,,,,,,,,,,,,,,,,,,,,,,,,,,,,,,,,,,,,,,,,,,,,,,,,,,,,,,,,,,,,,,,,,,,,,,,,,,,,,,,,,,,,,,,,,,,,,,,,,,,,,,,
3,1,e)n,1,34700,ἐν,preposition,true,0.5,proclitic indeclform (prep),doih=i,2,unknown,,,false,n/a,,ma/la,3,64757,μάλα,adverb,1.0,true,indeclform (adverb),qumo/s,4,49415,θυμός,noun,false,n/a,masc nom sg,e)pei\,5,38466,ἐπεί,conjunction,false,n/a,indeclform (conj),ge/nos,6,21920,γένος,noun,n/a,false,neut nom/voc/acc sg,a)mfh/riston,7,5702,false,n/a,,,,,,,,,,,,,,,,,,,,,,,,,,,,,,,,,,,,,,,,,,,,,,,,,,,,,,,,,,,,,,,,,,,,,,,,,,,,,,,,,,,,,,,,,,,,,,,,,,,,",",.,,,,,,ἀμφήριστος,adjective,masc/fem acc sg,neut nom/voc/acc sg,,,,,,,,,,,,,,,,,,,,,,,,,,,,,,,,,,,,,,,,,,,,,,,,,,,,,,,,,,,,,,,,,,,,,,,,,,,,,,,,,,,,,,,,,,,,,,,,,,,,,,,,,,,,,,,,,,,,,,,,,,,,,,,,,,,,,,,,,,,,,,,,,,,,,,,,,,,,,,,,,,,,,,,,,,,,,,,,,,,,,,,,,,,,,,,,,,,,,,,,,,,,,,,,,,,,,,,,,,,,,,,,,,,,,,,,,,,,,,,,,,,,,,,,,,,,,,,,,,,,,,,,,,,,,,,,,,,,,,,,,,,,,,,,,,,,,,,,,,,,,,,,,,,,,,,,,,,,,,,,,,,,,,,,,,,,,,,,,,,,,,,,,,,,,,,,
4,1,*zeu=,1,46195,Ζεύς,proper,false,n/a,masc voc sg,de\,2,23596,δέ,particle,false,n/a,indeclform (particle),me\n,3,66260,μέν,particle,n/a,false,indeclform (particle),*)idai/oisin,4,49807,Ἰδαῖος,proper,false,n/a,masc/neut dat pl (epic ionic aeolic),e)n,5,34700,ἐν,preposition,true,0.5,proclitic indeclform (prep),ou)/resi/,6,75306,ὄρος,adjective,n/a,false,neut dat pl (epic ionic),fasi,7,110639,false,n/a,gene/sqai,8,22209,γίγνομαι,verb,false,n/a,aor inf mid,*zeu=,9,46195,Ζεύς,proper,false,n/a,,,de\,10,23596,δέ,particle,n/a,false,indeclform (particle),d',11,23596,δέ,particle,false,n/a,indeclform (particle),e)n,12,34700,ἐν,preposition,true,0.5,proclitic indeclform (prep),*)arkadi/hi,13,unknown,,,false,n/a,,,,,,,,,,,,,,,,,,,,,,,,,,,,,,,,,,,,,,,,,,,,,,,,,,,,",",:,,,,,,φημί,verb,pres ind act 3rd pl,pres ind act 3rd sg (doric),,masc voc sg,,,,,,,,,,,,,,,,,,,,,,,,,,,,,,,,,,,,,,,,,,,,,,,,,,,,,,,,,,,,,,,,,,,,,,,,,,,,,,,,,,,,,,,,,,,,,,,,,,,,,,,,,,,,,,,,,,,,,,,,,,,,,,,,,,,,,,,,,,,,,,,,,,,,,,,,,,,,,,,,,,,,,,,,,,,,,,,,,,,,,,,,,,,,,,,,,,,,,,,,,,,,,,,,,,,,,,,,,,,,,,,,,,,,,,,,,,,,,,,,,,,,,,,,,,,,,,,,,,,,,,,,,,,,,,,,,,,,,,,,,,,,,,,,,,,,,,,,,,,,,,,,,,,,,,,,,,,,,,,,,,,,,,,,,,,,,,,,,,,,,,,,,,,,,,
5,1,po/teroi,1,85982,πότερος,adjective,false,n/a,masc nom/voc pl,pa/ter,2,80011,πατήρ,noun,false,n/a,masc voc sg,e)yeu/santo,3,115586,ψεύδω,verb,n/a,false,aor ind mid 3rd pl,,,,,,,,,,,,,,,,,,,,,,,,,,,,,,,,,,,,,,,,,,,,,,,,,,,,,,,,,,,,,,,,,,,,,,,,,,,,,,,,,,,,,,,,,,,,,,,,,,,,,,,,,,,,,,,,,,,,,,,,,,,,,,,,,",",",",;,,,,,,,,,,,,,,,,,,,,,,,,,,,,,,,,,,,,,,,,,,,,,,,,,,,,,,,,,,,,,,,,,,,,,,,,,,,,,,,,,,,,,,,,,,,,,,,,,,,,,,,,,,,,,,,,,,,,,,,,,,,,,,,,,,,,,,,,,,,,,,,,,,,,,,,,,,,,,,,,,,,,,,,,,,,,,,,,,,,,,,,,,,,,,,,,,,,,,,,,,,,,,,,,,,,,,,,,,,,,,,,,,,,,,,,,,,,,,,,,,,,,,,,,,,,,,,,,,,,,,,,,,,,,,,,,,,,,,,,,,,,,,,,,,,,,,,,,,,,,,,,,,,,,,,,,,,,,,,,,,,,,,,,,,,,,,,,,,,,,,,,,,,,,,,,,,,,,,,,,
6,1,*krh=tes,1,59906,Κρής,proper,false,n/a,,a)ei\,2,1564,ἀεί,adverb,false,n/a,indeclform (adverb),yeu=stai,3,115595,ψεύστης,noun,n/a,false,masc nom/voc pl,kai\,4,51951,καί,conjunction,false,n/a,indeclform (conj),ga\r,5,21618,γάρ,particle,false,n/a,indeclform (particle),ta/fon,6,102652,τάφος,noun,1.0,true,masc acc sg,w)=,7,116027,true,1.0,a)/na,8,7094,ἄναξ,noun,true,0.5,masc voc sg,sei=o,9,97456,σύ,pronoun,true,1.0,,,*krh=tes,10,59906,Κρής,proper,n/a,false,,e)tekth/nanto,11,102898,τεκταίνομαι,verb,false,n/a,aor ind mid 3rd pl,,,,,,,,,,,,,,,,,,,,,,,,,,,,,,,,,,,,,,,,,,,,,,,,,,,,,,,,,,,,,,,,,,,",",",",:,,,,,ὦ,interjection,,,,gen 2nd sg (epic),masc nom/voc pl,masc nom pl,indeclform (exclam),masc nom/voc pl,masc nom pl,,,,,,,,,,,,,,,,,,,,,,,,,,,,,,,,,,,,,,,,,,,,,,,,,,,,,,,,,,,,,,,,,,,,,,,,,,,,,,,,,,,,,,,,,,,,,,,,,,,,,,,,,,,,,,,,,,,,,,,,,,,,,,,,,,,,,,,,,,,,,,,,,,,,,,,,,,,,,,,,,,,,,,,,,,,,,,,,,,,,,,,,,,,,,,,,,,,,,,,,,,,,,,,,,,,,,,,,,,,,,,,,,,,,,,,,,,,,,,,,,,,,,,,,,,,,,,,,,,,,,,,,,,,,,,,,,,,,,,,,,,,,,,,,,,,,,,,,,,,,,,,,,,,,,,,,,,,,,,,,,,,,,,,,,,,,,,,,,,,,,,,,,
7,1,su\,1,97456,σύ,pronoun,false,n/a,nom 2nd sg,d',2,23596,δέ,particle,false,n/a,indeclform (particle),ou),3,75730,οὐ,adverb,n/a,false,proclitic indeclform (adverb),qa/nes,4,nlsj39949,θνήσκω,verb,false,n/a,aor ind act 2nd sg (homeric ionic),e)ssi\,5,31130,εἰμί,verb,false,n/a,pres ind act 2nd sg (epic doric aeolic),ga\r,6,21618,γάρ,particle,n/a,false,indeclform (particle),ai)ei/,7,1564,false,n/a,,,,,,,,,,,,,,,,,,,,,,,,,,,,,,,,,,,,,,,,,,,,,,,,,,,,,,,,,,,,,,,,,,,,,,,,,,,,,,,,,,,,,,,,,,,,,,,,,,,,",",.,,,,,,ἀεί,adverb,,,,,,,epic (indeclform adverb),,,,,,,,,,,,,,,,,,,,,,,,,,,,,,,,,,,,,,,,,,,,,,,,,,,,,,,,,,,,,,,,,,,,,,,,,,,,,,,,,,,,,,,,,,,,,,,,,,,,,,,,,,,,,,,,,,,,,,,,,,,,,,,,,,,,,,,,,,,,,,,,,,,,,,,,,,,,,,,,,,,,,,,,,,,,,,,,,,,,,,,,,,,,,,,,,,,,,,,,,,,,,,,,,,,,,,,,,,,,,,,,,,,,,,,,,,,,,,,,,,,,,,,,,,,,,,,,,,,,,,,,,,,,,,,,,,,,,,,,,,,,,,,,,,,,,,,,,,,,,,,,,,,,,,,,,,,,,,,,,,,,,,,,,,,,,,,,,,,,,,,,,,,
8,1,e)n,1,34700,ἐν,preposition,true,0.5,proclitic indeclform (prep),de/,2,23596,δέ,particle,false,n/a,indeclform (particle),se,3,97456,σύ,pronoun,n/a,false,acc 2nd sg,*parrasi/hi,4,unknown,,,false,n/a,,*(rei/h,5,unknown,,,false,n/a,,te/ken,6,103942,τίκτω,verb,n/a,false,aor ind act 3rd sg (homeric ionic),h(=xi,7,47681,false,n/a,ma/lista,8,nlsj71743,μάλιστα,adverb,false,n/a,indeclform (adverb),e)/sken,9,31130,εἰμί,verb,false,n/a,,,o)/ros,10,75306,ὄρος,adjective,n/a,false,neut nom/voc/acc sg,qa/mnoisi,11,47856,θάμνος,noun,false,n/a,masc dat pl (epic ionic aeolic),periskepe/s,12,unknown,,,false,n/a,,e)/nqen,13,35570,ἔνθεν,adverb,true,1.0,indeclform (adverb),o(,14,71882,ὁ,article,false,n/a,masc nom sg,xw=ros,15,115235,χῶρος,noun,false,n/a,masc nom sg,i(ero/s,16,50093,ἱερός,adjective,false,n/a,,ou)de/,17,75764,false,0.33,ti/,18,nlsj65910,τίς,pronoun,true,0.5,neut nom/voc/acc sg,min,19,67878,μιν,pronoun,false,n/a,masc/fem/neut acc 3rd sg (epic ionic),kexrhme/non,20,114553,false,n/a,",",(,",",",",),,,ἧχι,adverb,,,,imperf ind act 3rd sg (epic ionic),,,epic (indeclform adverb),,,masc nom sg,masc/fem nom sg,οὐδέ,particle,indeclform (particle),χράω,verb,perf part mp masc acc sg,perf part mp neut nom/voc/acc sg,*ei)leiqui/hs,21,31049,Εἰλείθυια,proper,false,n/a,fem gen sg (epic ionic),e(rpeto\n,22,42659,ἑρπετόν,noun,false,n/a,neut nom/voc/acc sg,ou)de\,23,75764,οὐδέ,particle,0.33,false,indeclform (particle),gunh\,24,23069,γυνή,noun,false,n/a,fem nom sg,e)pimi/sgetai,25,40226,ἐπιμίγνυμι,verb,false,n/a,pres ind mp 3rd sg,a)lla/,26,4357,ἀλλά,adverb,false,n/a,indeclform (adverb),e(,27,29856,ἕ,pronoun,false,n/a,masc/fem acc sg (epic),*(rei/hs,28,unknown,false,n/a,w)gu/gion,29,116048,Ὠγύγιος,proper,false,n/a,masc acc sg,neut nom/voc/acc sg,masc/fem acc sg,neut nom/voc/acc sg,kale/ousi,30,52571,καλέω,verb,false,n/a,fut part act masc/neut dat pl (attic epic doric ionic),fut ind act 3rd pl (attic epic doric ionic),pres part act masc/neut dat pl (epic doric ionic),pres ind act 3rd pl (epic doric ionic),lexw/ion,31,nlsj70619,λεχώιος,adjective,false,n/a,masc/fem acc sg,neut nom/voc/acc sg,*)apidanh=es),32,unknown,false,n/a,e)/nqa,33,35541,ἔνθα,adverb,false,n/a,indeclform (adverb),s',34,97456,σύ,pronoun,1.0,true,acc 2nd sg,acc 2nd sg,e)pei\,35,38466,ἐπεί,conjunction,false,n/a,indeclform (conj),mh/thr,36,67543,μήτηρ,noun,false,n/a,fem nom sg,mega/lwn,37,65552,μέγας,adverb,false,n/a,fem gen pl,masc/neut gen pl,a)peqh/kato,38,14048,ἀποτίθημι,verb,false,n/a,aor ind mid 3rd sg,ko/lpwn,39,58718,κόλπος,noun,1.0,true,masc gen pl,au)ti/ka,40,17595,αὐτίκα,adverb,false,n/a,indeclform (adverb),di/zhto,41,26745,δίζημαι,verb,false,n/a,imperf ind mp 3rd sg (homeric ionic),r(o/on,42,92697,ῥόον,noun,0.5,true,neut nom/voc/acc sg,u(/datos,43,106502,ὕδωρ,noun,false,n/a,neut gen sg,w(=i,44,75512,ὅς,pronoun,false,n/a,masc/neut dat sg,ke,45,6207,ἄν,particle,false,n/a,epic (enclitic indeclform particle),to/koio,46,104221,τόκος,noun,false,n/a,masc gen sg (epic),lu/mata,47,64135,λῦμα,noun,false,n/a,neut nom/voc/acc pl,xutlw/saito,48,115116,χυτλόω,verb,false,n/a,aor opt mid 3rd sg,teo\n,49,103088,τεός,adjective,false,n/a,masc acc sg,neut nom/voc/acc sg,d',50,23596,δέ,particle,false,n/a,indeclform (particle),e)ni\,51,34700,ἐν,preposition,false,n/a,proclitic poetic indeclform (prep),xrw=ta,52,115067,χρώς,noun,false,n/a,masc acc sg,loe/ssai,53,63937,λούω,verb,false,n/a,aor inf act (epic),aor opt act 3rd sg (epic),",",.,,,,,,,,,,,,,,,,,,,,,,,,,,,,,,,,,,,,,,,,,,,,,,,,,,,,,,,,,,,,,,,,,
9,1,*la/dwn,1,nlsj6896,Λάδων,proper,false,n/a,masc nom/voc sg,a)ll',2,4357,ἀλλά,adverb,false,n/a,indeclform (adverb),ou)/pw,3,75907,οὔπω,adverb,n/a,false,indeclform (adverb),me/gas,4,65552,μέγας,adverb,false,n/a,masc nom sg,e)/rreen,5,42710,ἔρρω,verb,true,0.5,pres inf act (epic ionic),ou)d',6,75764,οὐδέ,particle,0.33,false,indeclform (particle),*)eru/manqos,7,nlsj3297,false,n/a,leuko/tatos,8,nlsj33192,λευκός,adjective,false,n/a,masc nom superl sg,potamw=n,9,85953,ποταμός,noun,false,n/a,,,e)/ti,10,43266,ἔτι,adverb,n/a,false,indeclform (adverb),d',11,23596,δέ,particle,false,n/a,indeclform (particle),a)/broxos,12,202,ἄβροχος,adjective,false,n/a,masc/fem nom sg,h)=en,13,31130,εἰμί,verb,false,n/a,imperf ind act 3rd sg (epic),a(/pasa,14,11583,ἅπας,adjective,false,n/a,fem nom/voc sg (attic epic ionic),*)arkadi/h,15,15158,Ἀρκαδία,proper,true,0.5,fem nom/voc sg (epic ionic),,,,,,,,,,,,,,,,,,,,,,,,,,,,,,,,,,,",",",",:,,,,,Ἐρύμανθος,proper,,,,masc gen pl,,,masc nom sg,,,,,,,,,,,,,,,,,,,,,,,,,,,,,,,,,,,,,,,,,,,,,,,,,,,,,,,,,,,,,,,,,,,,,,,,,,,,,,,,,,,,,,,,,,,,,,,,,,,,,,,,,,,,,,,,,,,,,,,,,,,,,,,,,,,,,,,,,,,,,,,,,,,,,,,,,,,,,,,,,,,,,,,,,,,,,,,,,,,,,,,,,,,,,,,,,,,,,,,,,,,,,,,,,,,,,,,,,,,,,,,,,,,,,,,,,,,,,,,,,,,,,,,,,,,,,,,,,,,,,,,,,,,,,,,,,,,,,,,,,,,,,,,,,,,,,,,,,,,,,,,,,,,,,,,,,,,,,,,,,,,,,,,,,,,,,,,,,,,,,,,,,,,
10,1,me/llen,1,66173,μέλλω,verb,false,n/a,,de\,2,23596,δέ,particle,false,n/a,indeclform (particle),ma/l',3,64757,μάλα,adverb,1.0,true,indeclform (adverb),eu)/udros,4,45377,εὔυδρος,adjective,false,n/a,masc/fem nom sg,kale/esqai,5,52571,καλέω,verb,false,n/a,,au)=tis,6,17381,αὖθις,adverb,n/a,false,epic ionic (indeclform adverb),,,,,,,,,,,,,,,,,,,,,,,,,,,,,,,,,,,,,,,,,,,,,,,,,,,,,,,,,,,,,,,,,,,,,,,,,,,,,,,,,,,,,,,,,,,,,,,,,,,,,,,,,,,,,,fut inf mid (attic epic ionic),pres inf mp (epic ionic),,,,,,,pres inf act (epic doric),imperf ind act 3rd sg (homeric ionic),,,,,,,,,,,,,,,,,,,,,,,,,,,,,,,,,,,,,,,,,,,,,,,,,,,,,,,,,,,,,,,,,,,,,,,,,,,,,,,,,,,,,,,,,,,,,,,,,,,,,,,,,,,,,,,,,,,,,,,,,,,,,,,,,,,,,,,,,,,,,,,,,,,,,,,,,,,,,,,,,,,,,,,,,,,,,,,,,,,,,,,,,,,,,,,,,,,,,,,,,,,,,,,,,,,,,,,,,,,,,,,,,,,,,,,,,,,,,,,,,,,,,,,,,,,,,,,,,,,,,,,,,,,,,,,,,,,,,,,,,,,,:,,,,,,,,,,,,,,,,,,,,,,,,,,,,,,,,,,,,,,,,,,,,,,,,,,,,,,,,,,,,,,,,
11,1,e)pei\,1,38466,ἐπεί,conjunction,false,n/a,indeclform (conj),thmo/sde,2,103853,τημόσδε,adverb,false,n/a,indeclform (adverb),*(re/h,3,unknown,,,n/a,false,,o(/t',4,75688,ὅτε,conjunction,true,1.0,indeclform (conj),e)lu/sato,5,33923,ἐλύω,verb,true,0.5,aor ind mid 3rd sg (homeric ionic),mi/trhn,6,68129,μίτρα,noun,n/a,false,fem acc sg (epic ionic),h)=,7,46571,true,1.0,polla\s,8,85306,πολύς,adjective,false,n/a,fem acc pl,e)fu/perqe,9,45862,ἐφύπερθε,adverb,false,n/a,,,sarwni/das,10,93399,σαρωνίς,noun,n/a,false,fem acc pl,u(gro\s,11,106263,ὑγρός,adjective,false,n/a,masc nom sg,*)ia/wn,12,nlsj1676,Ἴης,proper,true,0.33,masc gen pl (epic aeolic),h)/eiren,13,1640,ἀείρω,verb,false,n/a,,polla\s,14,85306,πολύς,adjective,false,n/a,fem acc pl,de\,15,23596,δέ,particle,false,n/a,indeclform (particle),*me/las,16,nlsj7566,Μέλας,proper,false,0.5,,w)/kxhsen,17,72881,true,0.5,a(ma/cas,18,4906,ἄμαξα,noun,false,n/a,,polla\,19,85306,πολύς,adjective,false,n/a,,de\,20,23596,false,n/a,",",",",",",",",",",,,ἦ,adverb,,,,indeclform (adverb),,,indeclform (adverb),,,masc nom sg,masc nom/voc sg,ὀκχέω,verb,aor ind act 3rd sg,δέ,particle,,,*kari/wnos,21,53352,Καρίων,proper,false,n/a,masc gen sg,a)/nw,22,10923,ἄνω,adverb,true,1.0,indeclform (adverb),dierou=,23,26671,διερός,adjective,1.0,true,masc/neut gen sg,per,24,nlsj84271,πέρ,particle,false,n/a,enclitic indeclform (particle),e)o/ntos,25,31130,εἰμί,verb,false,n/a,pres part act masc/neut gen sg (epic doric ionic),i)luou\s,26,50401,ἰλυός,adjective,false,n/a,masc acc pl,e)ba/lonto,27,19282,βάλλω,verb,false,n/a,aor ind mid 3rd pl,kinw/peta,28,57501,false,n/a,ni/sseto,29,70874,νίσσομαι,verb,false,n/a,,,,,d',30,23596,δέ,particle,false,n/a,,,,,a)nh/r,31,8665,ἀνήρ,noun,false,n/a,,,pezo\s,32,80306,false,n/a,u(pe\r,33,107183,ὑπέρ,preposition,false,n/a,indeclform (prep),*kra=qi/n,34,unknown,,,n/a,false,,,te,35,102752,τε,particle,false,n/a,enclitic indeclform (particle),polu/stio/n,36,85366,πολύστιος,adjective,false,n/a,,te,37,102752,τε,particle,false,n/a,,,*metw/phn,38,nlsj7607,Μετώπη,proper,false,n/a,fem acc sg (attic epic ionic),diyale/os,39,27728,διψαλέος,adjective,n/a,false,masc nom sg,,,,,,,,,,,,,,,,,,,,,,,,,,,,,,,,,,,,,,,,,,,,,,,,,,,,,,,,,,,,,,,,,,,,,,,,,,,,,,,,,,,,,,,,,,,,,,,,,,,,,,,,,,,,,,,,,,,:,,,aor ind act 3rd sg (attic epic ionic),imperf ind act 3rd sg (attic epic ionic),fem acc pl (attic),fem gen sg (attic doric aeolic),fem nom/voc/acc dual,fem nom/voc sg (doric aeolic),neut nom/voc/acc pl,indeclform (particle),κινώπετον,noun,neut nom/voc/acc pl,imperf ind mp 3rd sg (homeric ionic),indeclform (particle),masc nom sg,πεζός,adjective,masc nom sg,masc/fem acc sg,neut nom/voc/acc sg,enclitic indeclform (particle),,,,,,,,,,,,,,,,,,,,,,,,,,,,,,,,,,,,,,,,,,,,
12,1,to\,1,71882,ὁ,article,false,n/a,neut nom/voc/acc sg,de\,2,23596,δέ,particle,false,n/a,indeclform (particle),pollo\n,3,85306,πολύς,adjective,n/a,false,,u(/dwr,4,106502,ὕδωρ,noun,false,n/a,neut nom/voc/acc sg,u(po\,5,108092,ὑπό,preposition,false,n/a,indeclform (prep),possi\n,6,86108,πούς,noun,n/a,false,masc dat pl (epic),e)/keito,7,56393,false,n/a,,,,,,,,,,,,,,,,,,,,,,,,,,,,,,,,,,,,,,,,,,,,,,,,,,,,,,,,,,,,,,,,,,,,,,,,,,,,,,,,,,,,,,,,,,,,,,,,,,,,,,,,,,,κεῖμαι,verb,,,,,,,imperf ind mp 3rd sg,,,,,,,,,,,,,,,,,,,,,,,,,,,,,,,,,,,,,,,,,,,,,,,,,,,,,,,,,,,,,,,,,,,,,,,,,,,,,,,,,,,,,,,,,,,,,,,,,,,,,,,,,,,,,,,,,,,,,,,,,,,,,,,,,,,,,,,,,,,,,,,,,,,,,,,,,,,,,,,,,,,,,,,,,,,,,,,,,,,,,,,,,,,,,,,,,,,,,,,,,,,,,,,,,,,,,,,,,,,,,,,,,,,,,,,,,,,,,,,,,,,,,,,,,,,,,,,,,,,,,,,,,,,,,,,,,,,,,,,,,,,.,,,,,,,,,,,,,,,,,,,,,masc acc sg (ionic),neut nom/voc/acc sg (ionic),,,,,,,,,,,,,,,,,,,,,,,,,,,,,,,,,,,,,,,,,,
13,1,kai/,1,51951,καί,conjunction,false,n/a,indeclform (conj),r(',2,14639,ἄρα,particle,false,n/a,epic (enclitic indeclform particle),u(p',3,108092,ὑπό,preposition,n/a,false,,a)mhxani/hs,4,5254,ἀμηχανία,noun,false,n/a,fem gen sg (epic ionic),sxome/nh,5,45996,ἔχω,verb,false,n/a,aor part mid fem nom/voc sg (attic epic ionic),fa/to,6,110639,φημί,verb,n/a,false,,po/tnia,7,86069,false,n/a,*(rei/h,8,unknown,,,false,n/a,,'*gai=a,9,21401,γαῖα,noun,false,n/a,,,fi/lh,10,nlsj56179,φίλος,adjective,1.0,true,fem nom/voc sg (attic epic ionic),te/ke,11,103942,τίκτω,verb,false,n/a,,kai\,12,51951,καί,conjunction,false,n/a,indeclform (conj),su/,13,97456,σύ,pronoun,false,n/a,nom 2nd sg,,,,,,,,,,,,,,,,,,,,,,,,,,,,,,,,,,,,,,,,,,,,,,,,,,,,,,,,,,πότνια,noun,,,,fem nom/voc sg,,,fem nom/voc sg,,,,,,,,,,,,,,,,,,,,,,,,,,,,,,,,,,,,,,,,,,,,,,,,,,,,,,,,,,,,,,,,,,,,,,,,,,,,,,,,,,,,,,,,,,,,,,,,,,,,,,,,,,,,,,,,,,,,,,,,,,,,,,,,,,,,,,,,,,,,,,,,,,,,,,,,,,,,,,,,,,,,,,,,,,,,,,,,,,,,,,,,,,,,,,,,,,,,,,,,,,,,,,,,,,,,,,,,,,,,,,,,,,,,,,,,,,,,,,,,,,,,,,,,,,,,,,,,,,,,,,,,,,,,,,,,,,,,,,,,,,,:,,,,,,,,,,,,,,,,,,,,,indeclform (prep),epic (poetic indeclform prep),imperf ind mp 3rd sg (epic),aor ind mid 3rd sg (epic),aor imperat act 2nd sg,aor ind act 3rd sg (homeric ionic),,,,,,,,,,,,,,,,,,,,,,,,,,,,,,,,,,,,,,
14,1,teai\,1,103088,τεός,adjective,false,n/a,fem nom/voc pl,d',2,23596,δέ,particle,false,n/a,indeclform (particle),w)di=nes,3,116059,ὠδίς,adjective,n/a,false,fem nom/voc pl,e)lafrai/',4,33486,ἐλαφρός,adjective,false,n/a,fem nom/voc pl,,,,,,,,,,,,,,,,,,,,,,,,,,,,,,,,,,,,,,,,,,,,,,,,,,,,,,,,,,,,,,,,,,,,,,,,,,,,,,,,,,,,,,,,,,,,,,,,,,,,,,,,,,,,,,,,,,,,,,,,,,,,,,,,,,,,,,,,,,,,,,,,,,,,,,,,,,,,,,,,,,,,,,,,,,,,,,,,,,,,,,,,,,,,,,,,,,,,,,,,,,,,,,,,,,,,,,,,,,,,,,,,,,,,,,,,,,,,,,,,,,,,,,,,,,,,,,,,,,,,,,,,,,,,,,,,,,,,,,,,,,,,,,,,,,,,,,,,,,,,,,,,,,,,,,,,,,,,,,,,,,,,,,,,,,,,,,,,,,,,,,,,,,,,,,,,,,,,,,,,,,,,,,,,,,,,,,,,,,,,,,,,,,,,,,,,,,,,,,,,,,,,,,,,,,,,,,,,,,,.',,,,,,,,,,,,,,,,,,,,,,,,,,,,,,,,,,,,,,,,,,,,,,,,,,,,,,,,,,,,,,,,
15,1,ei)=pe,1,31161,εἶπον,verb,true,1.0,,kai\,2,51951,καί,conjunction,false,n/a,indeclform (conj),a)ntanu/sasa,3,7602,ἀνατανύω,verb,0.33,true,aor part act fem nom/voc sg (attic epic ionic),qeh\,4,47950,θεά,noun,false,n/a,fem nom/voc sg (epic ionic),me/gan,5,65552,μέγας,adverb,false,n/a,masc acc sg,u(yo/qi,6,110007,ὑψόθι,adverb,n/a,false,indeclform (adverb),ph=xun,7,83030,false,n/a,plh=cen,8,83869,πλήσσω,verb,false,n/a,aor ind act 3rd sg (homeric ionic),o)/ros,9,75306,ὄρος,adjective,false,n/a,,,skh/ptrwi,10,94808,σκῆπτρον,noun,n/a,false,neut dat sg,,,,,,,,,,,,,,,,,,,,,,,,,,,,,,,,,,,,,,,,,,,,,,,,,,,,,,,,,,,,,,,,,,,,,,,,,,,,,,,,,,πῆχυς,noun,,,,neut nom/voc/acc sg,aor ind act 3rd sg (epic ionic),aor imperat act 2nd sg,masc acc sg,,,,,,,,,,,,,,,,,,,,,,,,,,,,,,,,,,,,,,,,,,,,,,,,,,,,,,,,,,,,,,,,,,,,,,,,,,,,,,,,,,,,,,,,,,,,,,,,,,,,,,,,,,,,,,,,,,,,,,,,,,,,,,,,,,,,,,,,,,,,,,,,,,,,,,,,,,,,,,,,,,,,,,,,,,,,,,,,,,,,,,,,,,,,,,,,,,,,,,,,,,,,,,,,,,,,,,,,,,,,,,,,,,,,,,,,,,,,,,,,,,,,,,,,,,,,,,,,,,,,,,,,,,,,,,,,,,,,,,,,,,,:,,,,,,,,,,,,,,,,,,,,,,,,,,,aor ind act 3rd sg,aor ind act 3rd sg (epic ionic),aor ind act 3rd sg (homeric ionic),,,,,,,,,,,,,,,,,,,,,,,,,,,,,,,,,,,
16,1,to\,1,71882,ὁ,article,false,n/a,neut nom/voc/acc sg,de/,2,23596,δέ,particle,false,n/a,indeclform (particle),oi(,3,29856,ἕ,pronoun,1.0,true,masc/fem dat sg (epic ionic),di/xa,4,27629,δίχα,adverb,true,1.0,indeclform (adverb),poulu\,5,85306,πολύς,adjective,false,n/a,,die/sth,6,nlsj33345,διίστημι,verb,n/a,false,,e)k,7,31575,false,n/a,d',8,23596,δέ,particle,false,n/a,indeclform (particle),e)/xeen,9,45996,ἔχω,verb,true,0.33,,,me/ga,10,65552,μέγας,adverb,n/a,false,neut nom/voc/acc sg,xeu=ma,11,113862,χεῦμα,noun,false,n/a,neut nom/voc/acc sg,,,,,,,,,,,,,,,,,,,,,,,,,,,,,,,,,,,,,,,,,,,,,,,,,,,,,,,,,,,,,,,,,,,",",:,,,,masc voc sg (epic),neut nom/voc/acc sg (epic),ἐκ,preposition,,,,pres inf act (epic ionic),,,proclitic indeclform (prep),,,,,,,,,,,,,,,,,,,,,,,,,,,,,,,,,,,,,,,,,,,,,,,,,,,,,,,,,,,,,,,,,,,,,,,,,,,,,,,,,,,,,,,,,,,,,,,,,,,,,,,,,,,,,,,,,,,,,,,,,,,,,,,,,,,,,,,,,,,,,,,,,,,,,,,,,,,,,,,,,,,,,,,,,,,,,,,,,,,,,,,,,,,,,,,,,,,,,,,,,,,,,,,,,,,,,,,,,,,,,,,,,,,,,,,,,,,,,,,,,,,,,,,,,,,,,,,,,,,,,,,,,,,,,,,,,,,,,,,,,,,,,,,,,,,,,,,,,,,,,,,,,,plup ind act 1st sg,aor ind act 3rd sg,,,,,,,,,,,,,,,,,,,,,,,,,,,,,,,,,,,,,,,,
17,1,to/qi,1,104154,τόθι,adverb,false,n/a,indeclform (adverb),xro/a,2,115067,χρώς,noun,true,1.0,masc acc sg (epic ionic),faidru/nasa,3,110094,φαιδρύνω,verb,n/a,false,aor part act fem nom/voc sg (attic epic ionic),w)=na,4,7094,ἄναξ,noun,true,0.5,masc voc sg,teo\n,5,103088,τεός,adjective,false,n/a,,spei/rwse,6,95835,σπειρόω,verb,n/a,false,aor ind act 3rd sg (homeric ionic),*ne/dhi,7,unknown,false,n/a,de/,8,23596,δέ,particle,false,n/a,indeclform (particle),se,9,97456,σύ,pronoun,false,n/a,,,dw=ke,10,26447,δίδωμι,verb,n/a,false,aor ind act 3rd sg (homeric ionic),komi/zein,11,58790,κομίζω,verb,false,n/a,pres inf act (attic epic),keuqmo\n,12,56971,κευθμός,noun,false,n/a,masc acc sg,e)/sw,13,43060,ἔσω,adjective,false,n/a,indeclform (prep),*krhtai=on,14,nlsj6646,Κρηταῖος,proper,false,n/a,,i(/na,15,50492,ἵνα,conjunction,false,n/a,,kru/fa,16,60257,κρύφα,adverb,false,n/a,indeclform (adverb),paideu/oio,17,76586,false,n/a,presbuta/thi,18,unknown,,,false,n/a,,*numfe/wn,19,nlsj8286,Νύμφης,proper,false,n/a,masc gen pl (epic doric ionic),ai(/,20,75512,true,1.0,",",",",",",",",.,masc acc sg,neut nom/voc/acc sg,,,,,,acc 2nd sg,,,,,,,,παιδεύω,verb,pres opt mp 2nd sg,ὅς,pronoun,,,min,21,67878,μιν,pronoun,false,n/a,masc/fem/neut acc 3rd sg (epic ionic),to/te,22,104429,τότε,adverb,false,n/a,indeclform (adverb),maiw/santo,23,64566,μαιόομαι,verb,n/a,false,aor ind mp 3rd pl (homeric ionic),prwti/sth,24,90936,πρώτιστος,adjective,false,n/a,fem nom/voc sg (attic epic ionic),geneh\,25,21830,γενεά,noun,false,n/a,fem nom/voc sg (epic ionic),meta/,26,66572,μετά,preposition,false,n/a,indeclform (prep),ge,27,21705,γε,particle,false,n/a,enclitic indeclform (particle),*stu/ga,28,97397,false,n/a,te,29,102752,τε,particle,false,n/a,,,,,*filu/rhn,30,nlsj5493,Φιλύρη,proper,false,n/a,,,,,te,31,102752,τε,particle,false,n/a,,,,,,,,,,,,,,,,,,,,,,,,,,,,,,,,,,,,,,,,,,,,,,,,,,,,,,,,,,,,,,,,,,,,,,,,,,,,,,,,,,,,,,,,,,,,,,,,,,,,,,,,,,,,,,,,,,,,,,,,,,,,,,,,,,,,,,,,,,,,,,,,,,,,,,,,,,,,,,,,,,,,,,,,,,,,,,,,,,,,,,,,,,,,,,fem nom pl,Στύξ,proper,fem acc sg,enclitic indeclform (particle),fem acc sg (epic ionic),enclitic indeclform (particle),,,,,,,,,,,,,,,,masc/fem acc sg,neut nom/voc/acc sg,indeclform (adverb),indeclform (conj),,,,,,,,,,,,,,,,,,,,,,,,,,,,,,,
18,1,ou)d',1,75764,οὐδέ,particle,false,0.33,indeclform (particle),a(li/hn,2,nlsj11209,ἁλίη,noun,true,1.0,fem acc sg (epic ionic),a)pe/teise,3,14064,ἀποτίνω,verb,n/a,false,aor ind act 3rd sg,qeh\,4,47950,θεά,noun,false,n/a,fem nom/voc sg (epic ionic),xa/rin,5,113388,χάρις,noun,false,n/a,,a)lla\,6,4357,ἀλλά,adverb,n/a,false,indeclform (adverb),to\,7,71882,false,n/a,xeu=ma,8,113862,χεῦμα,noun,false,n/a,neut nom/voc/acc sg,kei=no,9,31951,ἐκεῖνος,pronoun,false,n/a,,,*ne/dhn,10,nlsj8123,Νέδη,proper,n/a,false,fem acc sg (attic epic doric ionic),o)no/mhne,11,74129,ὀνομαίνω,verb,false,n/a,aor ind act 3rd sg (epic ionic),,,,,,,,,,,,,,,,,,,,,,,,,,,,,,,,,,,,,,,,,,,,,,,,,,,,,,,,,,,,,,,,,,,",",:,,,,indeclform (adverb),indeclform (prep),ὁ,article,,,,neut nom/voc/acc sg,,,neut nom/voc/acc sg,,,,,,,,,,,,,,,,,,,,,,,,,,,,,,,,,,,,,,,,,,,,,,,,,,,,,,,,,,,,,,,,,,,,,,,,,,,,,,,,,,,,,,,,,,,,,,,,,,,,,,,,,,,,,,,,,,,,,,,,,,,,,,,,,,,,,,,,,,,,,,,,,,,,,,,,,,,,,,,,,,,,,,,,,,,,,,,,,,,,,,,,,,,,,,,,,,,,,,,,,,,,,,,,,,,,,,,,,,,,,,,,,,,,,,,,,,,,,,,,,,,,,,,,,,,,,,,,,,,,,,,,,,,,,,,,,,,,,,,,,,,,,,,,,,,,,,,,,,,,,,,,,,,,,,,,,,,,,fem acc sg,,,,,,,,,,,,,,,,,,,,,,,,,,,,,,
19,1,to\,1,71882,ὁ,article,false,n/a,neut nom/voc/acc sg,me/n,2,66260,μέν,particle,false,n/a,indeclform (particle),poqi,3,nlsj87671,ποθι,adverb,n/a,false,enclitic indeclform (adverb),poulu\,4,85306,πολύς,adjective,false,n/a,,kat',5,53647,κατά,preposition,false,n/a,indeclform (prep),au)to/,6,17907,αὐτός,pronoun,n/a,false,neut nom/voc/acc sg,*kaukw/nwn,7,nlsj6125,true,0.5,ptoli/eqron,8,91225,πτολίεθρον,adjective,false,n/a,neut nom/voc/acc sg,d,9,unknown,,,false,n/a,,,*le/preion,10,unknown,,,n/a,false,,pefa/tistai,11,110422,φατίζω,verb,false,n/a,perf ind mp 3rd sg,sumfe/retai,12,98894,συμφέρω,verb,false,n/a,pres ind mp 3rd sg,*nhrh=i,13,70729,Νηρεύς,proper,false,n/a,masc dat sg (epic ionic),palaio/taton,14,76765,παλαιός,adjective,false,n/a,,de/,15,23596,δέ,particle,false,n/a,indeclform (particle),min,16,67878,μιν,pronoun,false,n/a,masc/fem/neut acc 3rd sg (epic ionic),u(/dwr,17,106502,false,n/a,ui(wnoi\,18,106571,υἱωνός,noun,false,n/a,masc nom/voc pl,pi/nousi,19,83231,πίνω,verb,false,n/a,,*lukaoni/hs,20,64071,false,n/a,",",",",",",.,,,,Καύκων,proper,,,,,,,masc gen pl,,,,,ὕδωρ,noun,neut nom/voc/acc sg,Λυκαονία,proper,,,a)/rktoio,21,15198,ἄρκτος,noun,false,n/a,fem gen sg (epic),,,,,,,,,,,,,,,,,,,,,,,,,,,,,,,,,,,,,,,,,,,,,,,,,,,,,,,,,,,,,,,,,,,,,,,,,,,,,,,,,,,,,,,,,,,,,,,,,,,,,,,,,,,,,,,,,,,,,,,,,,,,,,,,,,,,,,,,,,,,,,,,,,,,,,,,,,,,,,,,,,,,,,,,,,,,,,,,,,,,,,,,,,,,,,,,,,,,,,,,,,,,,,,,,,,,,,,,,,,,,,,,,,,,,,,,,,,,,,,,,,,,,,,,,,,,,,,,,,,,,,,,,,,,,pres part act masc/neut dat pl (attic epic doric ionic),pres ind act 3rd pl (attic epic doric ionic),,fem gen sg (epic ionic),,,,,,,,,,,,,,,,,,,,,,masc acc superl sg,neut nom/voc/acc superl sg,,,,masc voc sg (epic),neut nom/voc/acc sg (epic),,,,,,,,,,,,,,,,,,,,,,,,,,,,
20,1,eu)=te,1,45273,εὖτε,conjunction,false,n/a,indeclform (conj),*qena\s,2,unknown,,,false,n/a,,a)pe/leipen,3,13039,ἀπολείπω,verb,n/a,false,imperf ind act 3rd sg,e)pi\,4,nlsj126,ἐπί,preposition,false,n/a,indeclform (prep),*knwsoi=o,5,nlsj6445,Κνωσσός,proper,false,n/a,fem gen sg (epic),fe/rousa,6,110598,φέρω,verb,n/a,false,pres part act fem nom/voc sg (attic epic doric ionic),*zeu=,7,46195,false,n/a,pa/ter,8,80011,πατήρ,noun,false,n/a,masc voc sg,h(,9,71882,ὁ,article,false,n/a,,,*nu/mfh,10,nlsj8286,Νύμφης,proper,n/a,false,masc voc sg (doric),se,11,97456,σύ,pronoun,false,n/a,acc 2nd sg,*qenai\,12,unknown,,,false,n/a,,d',13,23596,δέ,particle,false,n/a,indeclform (particle),e)/san,14,31130,εἰμί,verb,false,n/a,imperf ind act 3rd pl (epic ionic),e)ggu/qi,15,30024,ἐγγύθι,adverb,false,n/a,indeclform (adverb),*knwsou=),16,unknown,,,false,n/a,,touta/ki,17,104438,false,n/a,toi,18,104155,τοι,particle,true,1.0,enclitic indeclform (particle),pe/se,19,83253,πίπτω,verb,false,n/a,,dai=mon,20,23242,false,n/a,(,),:,,,,,Ζεύς,proper,,,,fem nom/voc sg,,,masc voc sg,,,,,τουτάκις,adverb,indeclform (adverb),δαίμων,adjective,,,a)/p',21,12243,ἀπό,preposition,true,1.0,indeclform (prep),o)mfalo/s,22,73959,ὀμφαλός,noun,false,n/a,masc nom sg,,,,,,,,,,,,,,,,,,,,,,,,,,,,,,,,,,,,,,,,,,,,,,,,,,,,,,,,,,,,,,,,,,,,,,,,,,,,,,,,,,,,,,,,,,,,,,,,,,,,,,,,,,,,,,,,,,,,,,,,,,,,,,,,,,,,,,,,,,,,,,,,,,,,,,,,,,,,,,,,,,,,,,,,,,,,,,,,,,,,,,,,,,,,,,,,,,,,,,,,,,,,,,,,,,,,,,,,,,,,,,,,,,,,,,,,,,,,,,,,,,,,,,,,,,,,,,,,,,,,,aor imperat act 2nd sg,aor ind act 3rd sg (homeric ionic),,masc/fem voc sg,,,,,,,,,,,,,,,,,,,,,,,,,,,,,,,,,,,,,,,,,,,,,,,,,,,,,,,,
21,1,e)/nqen,1,35570,ἔνθεν,adverb,true,1.0,indeclform (adverb),e)kei=no,2,31951,ἐκεῖνος,pronoun,false,n/a,neut nom/voc/acc sg,o)mfa/lion,3,73952,ὀμφάλιον,noun,1.0,true,neut nom/voc/acc sg,mete/peita,4,67117,μετέπειμι,verb,false,n/a,indeclform (adverb),pe/don,5,80257,πέδον,noun,false,n/a,neut nom/voc/acc sg,kale/ousi,6,52571,καλέω,verb,n/a,false,,*ku/dwnes,7,nlsj6731,true,0.5,,,,,,,,,,,,,,,,,,,,,,,,,,,,,,,,,,,,,,,,,,,,,,,,,,,,,,,,,,,,,,,,,,,,,,,,,,,,,,,,,,,,,,,,,,,,,,,,,,,,,,,,,,,Κύδων,proper,,,,,,,masc nom/voc pl,,,,,,,,,,,,,,,,,,,,,,,,,,,,,,,,,,,,,,,,,,,,,,,,,,,,,,,,,,,,,,,,,,,,,,,,,,,,,,,,,,,,,,,,,,,,,,,,,,,,,,,,,,,,,,,,,,,,,,,,,,,,,,,,,,,,,,,,,,,,,,,,,,,,,,,,,,,,,,,,,,,,,,,,,,,,,,,,,,,,,,,,,,,,,,,,,,,,,,,,,,,,,,,,,,,,,,,,,,,,,,,,,,,,,,,,,,,,,,,,,,,,,,,,,,,,,,,,,,,,,,,,,,,,,,,,,,,,,,,,,,,.,,,,,,,,,,,,,,,,,,,,,,,fut part act masc/neut dat pl (attic epic doric ionic),fut ind act 3rd pl (attic epic doric ionic),,,,,,,,,,,,,pres part act masc/neut dat pl (epic doric ionic),pres ind act 3rd pl (epic doric ionic),,,,,,,,,,,,,,,,,,,,,,,,,,
22,1,*zeu=,1,46195,Ζεύς,proper,false,n/a,masc voc sg,se\,2,97456,σύ,pronoun,true,1.0,,de\,3,23596,δέ,particle,n/a,false,indeclform (particle),*kurba/ntwn,4,61023,Κύρβας,proper,false,n/a,masc gen pl,e(ta/rai,5,43071,ἑταίρα,noun,false,n/a,,prosephxu/nanto,6,89950,προσπηχύνομαι,verb,0.5,true,aor ind mp 3rd pl,*diktai=ai,7,unknown,false,n/a,*meli/ai,8,nlsj7672,Μελίη,proper,false,n/a,fem dat sg (attic doric aeolic),de\,9,23596,δέ,particle,false,n/a,,,d',10,23596,δέ,particle,n/a,false,indeclform (particle),e)koi/misen,11,58373,κοιμίζω,verb,false,n/a,aor ind act 3rd sg,*)adrh/steia,12,1478,Ἀδράστεια,proper,false,n/a,fem nom/voc sg (epic ionic),li/knwi,13,unknown,,,false,n/a,,e)ni\,14,34700,ἐν,preposition,false,n/a,proclitic poetic indeclform (prep),xruse/wi,15,114816,χρύσεος,adjective,false,n/a,masc/neut dat sg (epic),su\,16,97456,σύ,pronoun,false,n/a,nom 2nd sg,d',17,23596,false,n/a,e)qh/sao,18,unknown,,,false,n/a,,pi/ona,19,83385,πίων,adjective,false,n/a,masc/fem acc sg,mazo/n,20,65174,false,n/a,",",",",",",.,,fem nom/voc pl (epic),fem dat sg (attic epic doric aeolic),,,,,,indeclform (particle),,,,,,,,δέ,particle,indeclform (particle),μαστός,noun,,,ai)go\s,21,2577,αἴξ,adjective,false,n/a,masc/fem gen sg,*)amalqei/hs,22,nlsj2197,Ἀμαλθεία,proper,false,n/a,fem gen sg (epic ionic),e)pi\,23,nlsj126,ἐπί,preposition,n/a,false,indeclform (prep),de\,24,23596,δέ,particle,false,n/a,indeclform (particle),gluku\,25,22389,γλυκύς,adjective,false,n/a,,khri/on,26,57192,κηρίον,noun,false,n/a,neut nom/voc/acc sg,e)/brws,27,19926,βιβρώσκω,verb,true,1.0,aor ind act 2nd sg,,,,,,,,,,,,,,,,,,,,,,,,,,,,,,,,,,,,,,,,,,,,,,,,,,,,,,,,,,,,,,,,,,,,,,,,,,,,,,,,,,,,,,,,,,,,,,,,,,,,,,,,,,,,,,,,,,,,,,,,,,,,,,,,,,,,,,,,,,,,,,,,,,,,,,,,,,,,,,,,,,,,,,,,,,,,,,,,,,,,,,,,,,,,,,,,,,,,,,,,,,,,,,,,,,,,,,,,,,,,,,,,masc acc sg (epic ionic),,,,,,,,,,,,,,,,,,,,,,,,,,,,,,,acc 2nd sg,acc 2nd sg,masc voc sg,neut nom/voc/acc sg,,,,,,,,,,,,,,,,,,,,,,
23,1,ge/nto,1,21926,γέντο,verb,true,0.5,aor ind mid 3rd sg (epic),ga\r,2,21618,γάρ,particle,false,n/a,indeclform (particle),e)capinai=a,3,36849,ἐξαπίναιος,adjective,n/a,false,neut nom/voc/acc pl,*panakri/dos,4,unknown,,,false,n/a,,e)/rga,5,42214,ἔργον,noun,false,n/a,neut nom/voc/acc pl,meli/sshs,6,66048,μέλισσα,noun,n/a,false,fem gen sg (attic epic ionic),*)idai/ois,7,49807,false,n/a,e)n,8,34700,ἐν,preposition,true,0.5,proclitic indeclform (prep),o)/ressi,9,75306,ὄρος,adjective,false,n/a,,,ta/,10,nlsj65910,τίς,pronoun,1.0,true,neut nom/voc/acc pl,te,11,102752,τε,particle,false,n/a,enclitic indeclform (particle),klei/ousi,12,57835,κλέω,verb,true,0.33,,*pa/nakra,13,unknown,,,false,n/a,,,,,,,,,,,,,,,,,,,,,,,,,,,,,,,,,,,,,,,,,,,,,,,,,,,,",",.,,,,,,Ἰδαῖος,proper,,,,neut dat pl (epic),,,masc/neut dat pl,,,,,,,,,,,,,,,,,,,,,,,,,,,,,,,,,,,,,,,,,,,,,,,,,,,,,,,,,,,,,,,,,,,,,,,,,,,,,,,,,,,,,,,,,,,,,,,,,,,,,,,,,,,,,,,,,,,,,,,,,,,,,,,,,,,,,,,,,,,,,,,,,,,,,,,,,,,,,,,,,,,,,,,,,,,,,,,,,,,,,,,,,,,,,,,,,,,,,,,,,,,,,,,,,,,,,,,,,,,,,,,,,,,,,,,,,,,,,,,,,,,,,,,,,,,,,,,,,,,,,,,,,,,,,,,,,,,,,,,,,,,,,,,,,,,,,,,,,,,,,,,,,,,,,,,,,,,,,,,,,,,,,,pres part act masc/neut dat pl (attic epic doric ionic),pres ind act 3rd pl (attic epic doric ionic),,,,,,,,,,,,,,,,,,,,
24,1,ou)=la,1,75851,οὖλον,noun,true,1.0,neut nom/voc/acc pl,de\,2,23596,δέ,particle,false,n/a,indeclform (particle),*kou/rhte/s,3,59456,κούρητες,noun,n/a,false,masc nom/voc pl,se,4,97456,σύ,pronoun,false,n/a,acc 2nd sg,peri\,5,81017,περί,preposition,false,n/a,indeclform (prep),pru/lin,6,90832,πρύλις,adjective,n/a,false,fem acc sg,w)rxh/santo,7,75475,true,0.5,teu/xea,8,103678,τεῦχος,noun,false,n/a,neut nom/voc/acc pl (epic ionic),peplh/gontes,9,unknown,,,false,n/a,,,i(/na,10,50492,ἵνα,conjunction,n/a,false,,*kro/nos,11,60131,Κρόνος,proper,false,n/a,masc nom sg,ou)/asin,12,76028,οὖς,noun,false,n/a,neut dat pl (epic),h)xh/n,13,47674,ἠχή,noun,false,n/a,fem acc sg (attic epic ionic),a)spi/dos,14,16400,ἀσπίς,noun,false,n/a,fem gen sg,ei)sai/+oi,15,nlsj186,εἰσαίω,verb,false,n/a,pres opt act 3rd sg,kai\,16,51951,καί,conjunction,false,n/a,indeclform (conj),mh/,17,67283,false,n/a,seo,18,97456,σύ,pronoun,false,n/a,gen 2nd sg (epic),kouri/zontos,19,59464,κουρίζω,verb,false,n/a,pres part act masc/neut gen sg,,,,,,",",.,,,,,,ὀρχέομαι,verb,,,,,,,aor ind mp 3rd pl,indeclform (adverb),indeclform (conj),,,μή,conjunction,indeclform (conj),,,,,,,,,,,,,,,,,,,,,,,,,,,,,,,,,,,,,,,,,,,,,,,,,,,,,,,,,,,,,,,,,,,,,,,,,,,,,,,,,,,,,,,,,,,,,,,,,,,,,,,,,,,,,,,,,,,,,,,,,,,,,,,,,,,,,,,,,,,,,,,,,,,,,,,,,,,,,,,,,,,,,,,,,,,,,,,,,,,,,,,,,,,,,,,,,,,,,,,,,,,,,,,,,,,,,,,,,,,,,,,,,,,,,,,,,,,,,,,,,,,,,,,,,,,,,,,,,,,,,,,,,,,,,,,,,,,,,,,,,,,,,,,,,,,,,,,,,,,,,,,,,,,,,,,,,,,,,,,,,,,,,,,,,,,,,,,,,,,,
25,1,kala\,1,nlsj61372,καλός,noun,false,n/a,,me\n,2,66260,μέν,particle,false,n/a,indeclform (particle),h)e/ceu,3,1703,ἀέξω,verb,n/a,false,imperf ind mp 2nd sg (attic epic doric ionic),kala\,4,nlsj61372,καλός,noun,false,n/a,,d',5,23596,δέ,particle,false,n/a,indeclform (particle),e)/trafes,6,104690,τρέφω,verb,n/a,false,,ou)ra/nie,7,75926,false,n/a,*zeu=,8,46195,Ζεύς,proper,false,n/a,masc voc sg,o)cu\,9,74378,ὀξύς,adjective,false,n/a,masc voc sg,neut nom/voc/acc sg,d',10,23596,δέ,particle,n/a,false,indeclform (particle),a)nh/bhsas,11,8593,ἀνηβάω,verb,false,n/a,,taxinoi\,12,102674,ταχινός,adjective,false,n/a,masc nom/voc pl,de/,13,23596,δέ,particle,false,n/a,indeclform (particle),toi,14,97456,σύ,pronoun,true,1.0,dat 2nd sg (doric),h)=lqon,15,42827,ἔρχομαι,verb,false,n/a,,i)/ouloi,16,50625,ἴουλος,adjective,false,n/a,masc nom/voc pl,,,,,,,,,,,,,,,,,,,,,,,,,,,",",",",",",.,,,,οὐράνιος,adjective,masc voc sg,masc/fem voc sg,,,neut nom/voc/acc pl,fem nom/voc/acc dual,,,,,,,,,,,,,,,,,,,,,,,,,,,,,,,,,,,,,,,,,,,,,,,,,,,,,,,,,,,,,,,,,,,,,,,,,,,,,,,,,,,,,,,,,,,,,,,,,,,,,,,,,,,,,,,,,,,,,,,,,,,,,,,,,,,,,,,,,,,,,,,,,,,,,,,,,,,,,,,,,,,,,,,,,,,,,,,,,,,,,,,,,,,,,,,,,,,,,,,,,,,,,,,,,,,,,,,,,,,,,,,,,,,,,,,,,,,,,,,,,,,,,,,,,,,,,,,,,,,,,,,,,,,,,,,,,,,,,,,,,,,,,,,,,,,,,,,,,,,,,,,,,,,aor ind act 2nd sg,imperf ind act 2nd sg (doric),aor ind act 2nd sg (attic doric ionic aeolic),aor ind act 2nd sg (attic ionic),fem nom/voc sg (doric aeolic),,,,,aor ind act 3rd pl,aor ind act 1st sg,,neut nom/voc/acc pl,fem nom/voc/acc dual,,,,,,,,,fem nom/voc sg (doric aeolic),aor ind act 2nd sg (attic doric ionic aeolic),aor ind act 2nd sg (attic ionic),,,,,,,,,,,,,,,,,
26,1,a)ll',1,4357,ἀλλά,adverb,false,n/a,indeclform (adverb),e)/ti,2,43266,ἔτι,adverb,false,n/a,indeclform (adverb),paidno\s,3,76604,παιδνός,adjective,n/a,false,,e)w\n,4,31130,εἰμί,verb,false,n/a,pres part act masc nom sg (epic doric ionic),e)fra/ssao,5,112217,φράζω,verb,false,n/a,aor ind mid 2nd sg (epic),pa/nta,6,79904,πᾶς,adjective,n/a,false,,te/leia,7,102930,false,n/a,,,,,,,,,,,,,,,,,,,,,,,,,,,,,,,,,,,,,,,,,,,,,,,,,,,,,,,,,,,,,,,,,,,,,,,,,,,,,,,,,,,,,,,,,,,,,,,,,,,,,,,,,,,τέλειος,adjective,,,,,,,neut nom/voc/acc pl,,,,,,,,,,,,,,,,,,,,,,,,,,,,,,,,,,,,,,,,,,,,,,,,,,,,,,,,,,,,,,,,,,,,,,,,,,,,,,,,,,,,,,,,,,,,,,,,,,,,,,,,,,,,,,,,,,,,,,,,,,,,,,,,,,,,,,,,,,,,,,,,,,,,,,,,,,,,,,,,,,,,,,,,,,,,,,,,,,,,,,,,,,,,,,,,,,,,,,,,,,,,,,,,,,,,,,,,,,,,,,,,,,,,,,,,,,,,,,,,,,,,,,,,,,,,,,,,,,,,,,,,,,,,,,,,,,,,,,,,,,,:,,,,,,,,,,,,,,,,,,,,,masc nom sg,masc/fem nom sg,masc acc sg,neut nom/voc/acc pl,,,,,,,,,,,,,,,,,,,,,,,,,,,,,,,,,,,,,,,,
27,1,tw=i,1,nlsj65910,τίς,pronoun,true,0.5,dat sg (attic),toi,2,104155,τοι,particle,true,1.0,enclitic indeclform (particle),kai\,3,51951,καί,conjunction,n/a,false,indeclform (conj),gnwtoi\,4,22546,γνωτός,adjective,false,n/a,,proterhgene/es,5,90499,προτερηγενής,adjective,false,n/a,masc/fem nom/voc pl (epic ionic),per,6,nlsj84271,πέρ,particle,n/a,false,enclitic indeclform (particle),e)o/ntes,7,31130,false,n/a,ou)rano\n,8,75954,οὐρανός,noun,false,n/a,masc acc sg,ou)k,9,75730,οὐ,adverb,false,n/a,,,e)me/ghran,10,65334,μεγαίρω,verb,n/a,false,aor ind act 3rd pl (epic),e)/xein,11,45996,ἔχω,verb,false,n/a,pres inf act (attic epic),e)pidai/sion,12,39100,ἐπιδαίσιος,adjective,false,n/a,,oi)=kon,13,72357,οἶκος,noun,false,n/a,masc acc sg,,,,,,,,,,,,,,,,,,,,,,,,,,,,,,,,,,,,,,,,,,,,,,,,,,,,,,,,,,εἰμί,verb,,,,proclitic indeclform (adverb),,,pres part act masc nom/voc pl (epic doric ionic),,,,,,,,,,,,,,,,,,,,,,,,,,,,,,,,,,,,,,,,,,,,,,,,,,,,,,,,,,,,,,,,,,,,,,,,,,,,,,,,,,,,,,,,,,,,,,,,,,,,,,,,,,,,,,,,,,,,,,,,,,,,,,,,,,,,,,,,,,,,,,,,,,,,,,,,,,,,,,,,,,,,,,,,,,,,,,,,,,,,,,,,,,,,,,,,,,,,,,,,,,,,,,,,,,,,,,,,,,,,,,,,,,,,,,,,,,,,,,,,,,,,,,,,,,,,,,,,,,,,,,,,,,,,,,,,,,,,,,,,,,,.,,,,,,,,,,,,,,,,,,,,,,,,,,,,,,,,,,,masc nom/voc pl,masc/fem nom/voc pl,,,,,,,masc/fem acc sg,neut nom/voc/acc sg,fem nom/voc pl,,,,,,,,,,,,,,,,,,,
28,1,dhnaioi\,1,24480,δηναιός,adjective,false,n/a,masc nom/voc pl,d',2,23596,δέ,particle,false,n/a,indeclform (particle),ou),3,75730,οὐ,adverb,n/a,false,proclitic indeclform (adverb),pa/mpan,4,77102,πάμπαν,adverb,false,n/a,indeclform (adverb),a)lhqe/es,5,4076,ἀληθής,adjective,false,n/a,masc/fem nom/voc pl (epic ionic),h)=san,6,31130,εἰμί,verb,n/a,false,imperf ind act 3rd pl,a)oidoi/,7,11106,false,n/a,,,,,,,,,,,,,,,,,,,,,,,,,,,,,,,,,,,,,,,,,,,,,,,,,,,,,,,,,,,,,,,,,,,,,,,,,,,,,,,,,,,,,,,,,,,,,,,,,,,,,,,,,,,ἀοιδός,noun,,,,,,,masc nom/voc pl,,,,,,,,,,,,,,,,,,,,,,,,,,,,,,,,,,,,,,,,,,,,,,,,,,,,,,,,,,,,,,,,,,,,,,,,,,,,,,,,,,,,,,,,,,,,,,,,,,,,,,,,,,,,,,,,,,,,,,,,,,,,,,,,,,,,,,,,,,,,,,,,,,,,,,,,,,,,,,,,,,,,,,,,,,,,,,,,,,,,,,,,,,,,,,,,,,,,,,,,,,,,,,,,,,,,,,,,,,,,,,,,,,,,,,,,,,,,,,,,,,,,,,,,,,,,,,,,,,,,,,,,,,,,,,,,,,,,,,,,,,,:,,,,,,,,,,,,,,,,,,,,,,,,,,,,,,,,,,,,,,,,,,,,,,,,,,,,,,,,,,,,,,,,
29,1,fa/nto,1,110639,φημί,verb,false,n/a,aor ind mid 3rd pl (epic),pa/lon,2,77039,πάλος,adjective,true,1.0,masc acc sg,*kroni/dhisi,3,unknown,,,n/a,false,,dia/trixa,4,26125,διάτριχα,adverb,false,n/a,indeclform (adverb),dw/mata,5,29773,δῶμα,noun,false,n/a,neut nom/voc/acc pl,nei=mai,6,70188,νέμω,verb,n/a,false,,,,,,,,,,,,,,,,,,,,,,,,,,,,,,,,,,,,,,,,,,,,,,,,,,,,,,,,,,,,,,,,,,,,,,,,,,,,,,,,,,,,,,,,,,,,,,,,,,,,,,,,,,,,,,,,,,,,,,,,,,,,,,,,,,,,,,,,,,,,,,,,,,,,,,,,,,,,,,,,,,,,,,,,,,,,,,,,,,,,,,,,,,,,,,,,,,,,,,,,,,,,,,,,,,,,,,,,,,,,,,,,,,,,,,,,,,,,,,,,,,,,,,,,,,,,,,,,,,,,,,,,,,,,,,,,,,,,,,,,,,,,,,,,,,,,,,,,,,,,,,,,,,,,,,,,,,,,,,,,,,,,,,,,,,,,,,,,,,,,,,,,,,,,,,,,,,,,,,,,,,,,,,,,,,,,,,,,,,,,,,,,,,,,,,,,,,,,,,,,,,,,:,,,,,,,,,,,,,,,,,,,,,,,aor imperat mid 2nd sg,aor inf act,,,,,,,,,,,,,,,,,,,,,,,,,,,,,,,,,,,,,,,,
30,1,ti/s,1,nlsj65910,τίς,pronoun,true,0.5,masc/fem nom sg,de/,2,23596,δέ,particle,false,n/a,indeclform (particle),k',3,6207,ἄν,particle,n/a,false,epic (enclitic indeclform particle),e)p',4,nlsj126,ἐπί,preposition,false,n/a,indeclform (prep),ou)lu/mpwi,5,unknown,,,false,n/a,,te,6,102752,τε,particle,n/a,false,enclitic indeclform (particle),kai\,7,51951,false,n/a,a)/idi,8,unknown,,,false,n/a,,klh=ron,9,57881,κλῆρος,adjective,false,n/a,,,e)ru/ssai,10,42818,ἐρύω,verb,n/a,false,,ds,11,unknown,,,false,n/a,,ma/la,12,64757,μάλα,adverb,true,1.0,indeclform (adverb),mh\,13,67283,μή,conjunction,false,n/a,indeclform (conj),neni/hlos,14,70193,νενίηλος,adjective,false,n/a,masc/fem nom sg,,,,,,,,,,,,,,,,,,,,,,,,,,,,,,,,,,,,,,,,,,,",",;,,,,,,καί,conjunction,,,,masc acc sg,,,indeclform (conj),aor inf act (epic),aor opt act 3rd sg (epic),,,,,,,,,,,,,,,,,,,,,,,,,,,,,,,,,,,,,,,,,,,,,,,,,,,,,,,,,,,,,,,,,,,,,,,,,,,,,,,,,,,,,,,,,,,,,,,,,,,,,,,,,,,,,,,,,,,,,,,,,,,,,,,,,,,,,,,,,,,,,,,,,,,,,,,,,,,,,,,,,,,,,,,,,,,,,,,,,,,,,,,,,,,,,,,,,,,,,,,,,,,,,,,,,,,,,,,,,,,,,,,,,,,,,,,,,,,,,,,,,,,,,,,,,,,,,,,,,,,,,,,,,,,,,,,,,,,,,,,,,,,,,,,,,,,,,,,,,,,,,,,,,,,,,,,,,,,,,,,,,,,,,,,,,,,,,,,,,,,,,,,,,
31,1,e)p',1,nlsj126,ἐπί,preposition,false,n/a,indeclform (prep),i)sai/hi,2,unknown,,,false,n/a,,ga\r,3,21618,γάρ,particle,n/a,false,indeclform (particle),e)/oike,4,37776,ἔοικα,verb,false,n/a,,ph/lasqai,5,77030,πάλλω,verb,false,n/a,aor inf mid,,,,,,,,,,,,,,,,,,,,,,,,,,,,,,,,,,,,,,,,,,,,,,,,,,,,,,,,,,,,,,,,,,,,,,,,,,,,,,,,,,,,,,,,,,,,,,,,,,,,,,,,,,,,,,,,,,,,,,,,,,,,,,,,,,,,,,,,,,,,,,,,,,,,,,,,,,,,,,,,,,,,,,,,,,,,,,,,,,,,,,,,,,,,,,,,,,,,,,,,,,,,,,,,,,,,,,,,,,,,,,,,,,,,,,,,,,,,,,,,,,,,,,,,,,,,,,,,,,,,,,,,,,,,,,,,,,,,,,,,,,,,,,,,,,,,,,,,,,,,,,,,,,,,,,,,,,,,,,,,,,,,,,,,,,,,,,,,,,,,,,,,,,,,,,,,,,,,,,,,,,,,,,,,,,,,,,,,,,,,,,,,,,,,,,,,,,,,,,,,,,,,,,,,,,,:,,,,,,,,,,,,,,,,,,,,,,,,,,,,,,,,,,,perf imperat act 2nd sg,perf ind act 3rd sg,,,,,,,,,,,,,,,,,,,,,,,,,,,,
32,1,ta\,1,71882,ὁ,article,true,1.0,,de\,2,23596,δέ,particle,false,n/a,indeclform (particle),to/sson,3,104416,τόσος,adjective,n/a,false,,o(/son,4,75552,ὅσος,adjective,false,n/a,,dia\,5,24517,διά,preposition,false,n/a,indeclform (prep),plei=ston,6,83665,πλεῖστος,adjective,n/a,false,,e)/xousi,7,45996,false,n/a,,,,,,,,,,,,,,,,,,,,,,,,,,,,,,,,,,,,,,,,,,,,,,,,,,,,,,,,,,,,,,,,,,,,,,,,,,,,,,,,,,,,,,,,,,,,,,,,,,,,,,,,,,,ἔχω,verb,pres part act masc/neut dat pl (attic epic doric ionic),pres ind act 3rd pl (attic epic doric ionic),,,neut acc pl,neut nom/voc/acc pl,,,,,,,,,,,,,,,,,,,,,,,,,,,,,,,,,,,,,,,,,,,,,,,,,,,,,,,,,,,,,,,,,,,,,,,,,,,,,,,,,,,,,,,,,,,,,,,,,,,,,,,,,,,,,,,,,,,,,,,,,,,,,,,,,,,,,,,,,,,,,,,,,,,,,,,,,,,,,,,,,,,,,,,,,,,,,,,,,,,,,,,,,,,,,,,,,,,,,,,,,,,,,,,,,,,,,,,,,,,,,,,,,,,,,,,,,,,,,,,,,,,,,,,,,,,,,,,,,,,,,,,,,,,,,,,,,,,,,,,,,,,,.,,,,,,,,,,,,,,,,,,,,,masc acc sg,neut nom/voc/acc sg,masc acc sg,neut nom/voc/acc sg,,,fem acc dual,fem nom/voc/acc dual,,,,,,,masc acc sg,neut nom/voc/acc sg,,,,,,,,,,,,,,,,,,,,,,,,,,,,
33,1,yeudoi/mhn,1,115586,ψεύδω,verb,false,n/a,pres opt mp 1st sg,a)i/ontos,2,29883,ἀίω,verb,false,n/a,pres part act masc/neut gen sg,a(/,3,75512,ὅς,pronoun,1.0,true,,ken,4,6207,ἄν,particle,false,n/a,epic (enclitic indeclform particle),pepi/qoien,5,80327,πείθω,verb,false,n/a,aor opt act 3rd pl (epic),a)kouh/n,6,3261,ἀκοή,noun,0.5,true,fem acc sg (attic epic ionic),,,,,,,,,,,,,,,,,,,,,,,,,,,,,,,,,,,,,,,,,,,,,,,,,,,,,,,,,,,,,,,,,,,,,,,,,,,,,,,,,,,,,,,,,,,,,,,,,,,,,,,,,,,,,,,,,,,,,,,,,,,,,,,,,,,,,,,,,,,,,,,,,,,,,,,,,,,,,,,,,,,,,,,,,,,,,,,,,,,,,,,,,,,,,,,,,,,,,,,,,,,,,,,,,,,,,,,,,,,,,,,,,,,,,,,,,,,,,,,,,,,,,,,,,,,,,,,,,,,,,,,,,,,,,,,,,,,,,,,,,,,,,,,,,,,,,,,,,,,,,,,,,,,,,,,,,,,,,,,,,,,,,,,,,,,,,,,,,,,,,,,,,,,,,,,,,,,,,,,,,,,,,,,,,,,,,,,,,,,,,,,,,,,,,,,,,,,,,,,,,,,.,,,,,,,,,,,,,,,,,,,,,neut acc pl,neut nom pl,,,,,,,,,,,,,,,,,,,,,,,,,,fem acc dual,fem nom dual,fem nom sg (doric aeolic),,,,,,,,,,,,,,
34,1,ou)/,1,75730,οὐ,adverb,false,n/a,proclitic indeclform (adverb),se,2,97456,σύ,pronoun,false,n/a,acc 2nd sg,qew=n,3,nlsj96033,θέα,noun,0.33,true,fem gen pl,e)ssh=na,4,unknown,,,false,n/a,,pa/loi,5,77039,πάλος,adjective,true,1.0,masc nom/voc pl,qe/san,6,unknown,,,n/a,false,,e)/rga,7,42214,false,n/a,de\,8,23596,δέ,particle,false,n/a,indeclform (particle),xeirw=n,9,113560,χείρ,noun,true,1.0,,,sh/,10,95610,σός,adjective,n/a,false,fem nom/voc sg (attic epic ionic),te,11,102752,τε,particle,false,n/a,enclitic indeclform (particle),bi/h,12,19870,βία,adjective,true,1.0,fem nom/voc sg (epic ionic),to/,13,71882,ὁ,article,false,n/a,neut nom/voc/acc sg,te,14,102752,τε,particle,false,n/a,enclitic indeclform (particle),ka/rtos,15,nlsj61513,κάρτος,noun,false,n/a,neut nom/voc/acc sg,o(\,16,75512,ὅς,pronoun,true,1.0,neut nom/voc/acc sg,kai\,17,51951,false,n/a,pe/las,18,80415,πέλας,adverb,true,1.0,indeclform (adverb),ei(/sao,19,50158,ἵζω,verb,false,n/a,,di/frou,20,27618,false,n/a,",",",",",",.,,,,ἔργον,noun,,,,fem gen pl,,,neut nom/voc/acc pl,,,,,καί,conjunction,indeclform (conj),δίφρος,noun,,,,,,,,,,,,,,,,,,,,,,,,,,,,,,,,,,,,,,,,,,,,,,,,,,,,,,,,,,,,,,,,,,,,,,,,,,,,,,,,,,,,,,,,,,,,,,,,,,,,,,,,,,,,,,,,,,,,,,,,,,,,,,,,,,,,,,,,,,,,,,,,,,,,,,,,,,,,,,,,,,,,,,,,,,,,,,,,,,,,,,,,,,,,,,,,,,,,,,,,,,,,,,,,,,,,,,,,,,,,,,,,,,,,,,,,,,,,,,,,,,,,,,,,,,,,,,,,,,,,,,,,,,,,,,,,,,,,,,,aor ind mid 2nd sg (epic),aor ind mid 2nd sg (epic),,masc gen sg,,,,,,,,,,,,,,,,,,,,,,,,,,,,,,,,,,,,,,,,,,,,,,,,,,,,,,,,
35,1,qh/kao,1,103922,τίθημι,verb,false,n/a,aor ind mid 2nd sg (epic),d',2,23596,δέ,particle,false,n/a,indeclform (particle),oi)wnw=n,3,72734,οἰωνός,noun,n/a,false,masc gen pl,me/g',4,65552,μέγας,adverb,false,n/a,neut nom/voc/acc sg,u(pei/roxon,5,107775,ὑπέροχος,adjective,false,n/a,,a)ggeliw/thn,6,394,ἀγγελιώτης,noun,n/a,false,masc acc sg (attic epic ionic),sw=n,7,95610,true,1.0,tera/wn,8,103102,τέρας,noun,false,n/a,neut gen pl (epic ionic),,,,,,,,,,,,,,,,,,,,,,,,,,,,,,,,,,,,,,,,,,,,,,,,,,,,,,,,,,,,,,,,,,,,,,,,,,,,,,,,,,,,,,,,,,,,,,,,,masc/fem acc sg (epic ionic),neut nom/voc/acc sg (epic ionic),σός,adjective,fem gen pl,masc/neut gen pl,,,,,,,,,,,,,,,,,,,,,,,,,,,,,,,,,,,,,,,,,,,,,,,,,,,,,,,,,,,,,,,,,,,,,,,,,,,,,,,,,,,,,,,,,,,,,,,,,,,,,,,,,,,,,,,,,,,,,,,,,,,,,,,,,,,,,,,,,,,,,,,,,,,,,,,,,,,,,,,,,,,,,,,,,,,,,,,,,,,,,,,,,,,,,,,,,,,,,,,,,,,,,,,,,,,,,,,,,,,,,,,,,,,,,,,,,,,,,,,,,,,,,,,,,,,,,,,,,,,,,,,,,,,,,,,,,,,,,,,,,,,,,,,,:,,,,,,,,,,,,,,,,,,,,,,,,,,,,,,,,,,,,,,,,,,,,,,,,,,,,,,,,,,,,,,,,
36,1,a(/,1,75512,ὅς,pronoun,true,1.0,,t',2,102752,τε,particle,true,1.0,enclitic indeclform (particle),e)moi=si,3,34194,ἐμός,adjective,1.0,true,masc/neut dat pl (epic ionic aeolic),fi/lois,4,nlsj56179,φίλος,adjective,false,n/a,masc/neut dat pl,e)nde/cia,5,35150,ἐνδέξιος,adjective,false,n/a,neut nom/voc/acc pl,fai/nois,6,110114,φαίνω,verb,n/a,false,pres opt act 2nd sg,,,,,,,,,,,,,,,,,,,,,,,,,,,,,,,,,,,,,,,,,,,,,,,,,,,,,,,,,,,,,,,,,,,,,,,,,,,,,,,,,,,,,,,,,,,,,,,,,,,,,,,,,,,,,,,,,,,,,,neut acc pl,neut nom pl,,,,,,,,,,,,,,,,,,,,,,,,,,,,,,,,,,,,,,,,,,,,,,,,,,,,,,,,,,,,,,,,,,,,,,,,,,,,,,,,,,,,,,,,,,,,,,,,,,,,,,,,,,,,,,,,,,,,,,,,,,,,,,,,,,,,,,,,,,,,,,,,,,,,,,,,,,,,,,,,,,,,,,,,,,,,,,,,,,,,,,,,,,,,,,,,,,,,,,,,,,,,,,,,,,,,,,,,,,,,,,,,,,,,,,,,,,,,,,,,,,,,,,,,,,,,,,,,,,,,,,,,,,,,,,,,,,,,,,,,,,,,.,,,,,,,,,,,,,,,,,,,,,,,,,,,fem acc dual,fem nom dual,fem nom sg (doric aeolic),,,,,,,,,,,,,,,,,,,,,,,,,,,,,,,,,,,
37,1,ei(/leo,1,2654,αἱρέω,verb,false,n/a,aor ind mid 2nd sg (epic doric ionic aeolic),d',2,23596,δέ,particle,false,n/a,indeclform (particle),ai)zhw=n,3,2288,αἰζηός,noun,n/a,false,masc/fem/neut gen pl,o(/,4,75512,ὅς,pronoun,true,1.0,neut nom/voc/acc sg,ti,5,104051,τις,pronoun,false,n/a,neut nom/voc/acc sg,fe/rtaton,6,110593,φέρτατος,adjective,n/a,false,,,,,,,,,,,,,,,,,,,,,,,,,,,,,,,,,,,,,,,,,,,,,,,,,,,,,,,,,,,,,,,,,,,,,,,,,,,,,,,,,,,,,,,,,,,,,,,,,,,,,,,,,,,,,,,,,,,,,,,,,,,,,,,,,,,,,,,,,,,,,,,,,,,,,,,,,,,,,,,,,,,,,,,,,,,,,,,,,,,,,,,,,,,,,,,,,,,,,,,,,,,,,,,,,,,,,,,,,,,,,,,,,,,,,,,,,,,,,,,,,,,,,,,,,,,,,,,,,,,,,,,,,,,,,,,,,,,,,,,,,,,,,,,,,,,,,,,,,,,,,,,,,,,,,,,,,,,,,,,,,,,,,,,,,,,,,,,,,,,,,,,,,,,,,,,,,,,,,,,,,,,,,,,,,,,,,,,,,,,,,,,,,,,,,,,,,,,,,,,,,,,,:,,,,,,,,,,,,,,,,,,,,,,,masc acc sg,neut nom/voc/acc sg,,,,,,,,,,,,,,,,,,,,,,,,,,,,,,,,,,,,,,,,
38,1,ou),1,75730,οὐ,adverb,false,n/a,proclitic indeclform (adverb),su/,2,97456,σύ,pronoun,false,n/a,nom 2nd sg,ge,3,21705,γε,particle,n/a,false,enclitic indeclform (particle),nhw=n,4,69714,ναός,noun,true,0.5,masc gen pl (epic ionic),e)mpera/mous,5,34291,ἐμπέραμος,adjective,false,n/a,masc/fem acc pl,ou)k,6,75730,οὐ,adverb,n/a,false,proclitic indeclform (adverb),a)/ndra,7,8665,false,n/a,sake/spalon,8,93068,σακέσπαλος,adjective,false,n/a,,ou),9,75730,οὐ,adverb,false,n/a,,,me\n,10,66260,μέν,particle,n/a,false,indeclform (particle),a)oido/n,11,11106,ἀοιδός,noun,false,n/a,masc acc sg,,,,,,,,,,,,,,,,,,,,,,,,,,,,,,,,,,,,,,,,,,,,,,,,,,,,,,,,,,,,,,,,,,,",",",",:,,,,,ἀνήρ,noun,,,,proclitic indeclform (adverb),,,masc acc sg,,,,,,,,,,,,,,,,,,,,,,,,,,,,,,,,,,,,,,,,,,,,,,,,,,,,,,,,,,,,,,,,,,,,,,,,,,,,,,,,,,,,,,,,,,,,,,,,,,,,,,,,,,,,,,,,,,,,,,,,,,,,,,,,,,,,,,,,,,,,,,,,,,,,,,,,,,,,,,,,,,,,,,,,,,,,,,,,,,,,,,,,,,,,,,,,,,,,,,,,,,,,,,,,,,,,,,,,,,,,,,,,,,,,,,,,,,,,,,,,,,,,,,,,,,,,,,,,,,,,,,,,,,,,,,,,,,,,,,,,,,,,,,,,,,,,,,,,,,,,,,,,,,,,,,,,,,,,,,,,,,,,,,,,,,,,,,masc/fem acc sg,neut nom/voc/acc sg,,,,,,,,,,,,
39,1,a)lla\,1,4357,ἀλλά,adverb,false,n/a,indeclform (adverb),ta\,2,71882,ὁ,article,true,1.0,,me\n,3,66260,μέν,particle,n/a,false,indeclform (particle),maka/ressin,4,64581,μάκαρ,noun,false,n/a,masc/fem dat pl (epic aeolic),o)li/zosin,5,73064,ὀλίγος,adjective,false,n/a,dat comp pl,au)=qi,6,17378,αὖθι,adverb,n/a,false,indeclform (adverb),parh=kas,7,79615,false,n/a,a)/lla,8,4490,ἄλλος,adjective,false,n/a,,me/lein,9,66199,μέλω,verb,false,n/a,,,e(te/roisi,10,43206,ἕτερος,adjective,n/a,false,masc/neut dat pl (epic ionic aeolic),su\,11,97456,σύ,pronoun,false,n/a,nom 2nd sg,d',12,23596,δέ,particle,false,n/a,indeclform (particle),e)ce/leo,13,36571,ἐξαιρέω,verb,false,n/a,,ptolia/rxous,14,unknown,,,false,n/a,,au)tou/s,15,17907,αὐτός,pronoun,false,n/a,masc acc pl,w(=n,16,75512,ὅς,pronoun,false,n/a,,u(po\,17,108092,false,n/a,xei=ra,18,113560,χείρ,noun,false,n/a,fem acc sg,gewmo/ros,19,22122,γημόρος,noun,false,n/a,masc nom sg (attic),w(=n,20,75512,false,n/a,",",",",",",",",",",,,παρίημι,verb,,,,pres inf act (attic epic),,,aor ind act 2nd sg,,,fem gen pl,masc/neut gen pl,ὑπό,preposition,indeclform (prep),ὅς,pronoun,fem gen pl,masc/neut gen pl,i)/dris,21,49926,ἴδρις,adjective,false,n/a,,ai)xmh=s,22,2801,αἰχμή,noun,true,1.0,fem gen sg (attic epic ionic),w(=n,23,75512,ὅς,pronoun,n/a,false,,e)re/ths,24,42316,ἐρέτης,noun,false,n/a,masc nom sg,w(=n,25,75512,ὅς,pronoun,false,n/a,,pa/nta,26,79904,πᾶς,adjective,false,n/a,,,,,,,,,,,,,,,,,,,,,,,,,,,,,,,,,,,,,,,,,,,,,,,,,,,,,,,,,,,,,,,,,,,,,,,,,,,,,,,,,,,,,,,,,,,,,,,,,,,,,,,,,,,,,,,,,,,,,,,,,,,,,,,,,,,,,,,,,,,,,,,,,,,,,,,,,,,,,,,,,,,,,,,,,,,,,,,,,,,,,,,,,,,,,,,,,,,,,,,,,,,,,,,,,,,,,,,,,,,,,,,:,,,aor imperat mid 2nd sg (epic doric ionic aeolic),aor ind mid 2nd sg (epic doric ionic aeolic),,,,,,,,,,,,,,,,,,,,,,,,,,,,,,,,,,,,,neut acc pl,neut nom/voc/acc pl,fem gen pl,masc/neut gen pl,,,,,,,,,neut nom/voc/acc pl,fem nom/voc/acc dual,fem acc dual,fem nom/voc/acc dual,fem nom/voc sg (doric aeolic),acc pl (epic doric ionic aeolic),nom sg,neut nom sg,fem gen pl,masc/neut gen pl,masc acc sg,neut nom/voc/acc pl,,
40,1,ti/,1,nlsj65910,τίς,pronoun,true,0.5,neut nom/voc/acc sg,d',2,23596,δέ,particle,false,n/a,indeclform (particle),ou),3,75730,οὐ,adverb,n/a,false,proclitic indeclform (adverb),krate/ontos,4,59708,κρατέω,verb,false,n/a,pres part act masc/neut gen sg (epic doric ionic aeolic),u(p',5,108092,ὑπό,preposition,false,n/a,,i)sxu/n,6,51366,ἰσχύς,noun,n/a,false,fem acc sg,,,,,,,,,,,,,,,,,,,,,,,,,,,,,,,,,,,,,,,,,,,,,,,,,,,,,,,,,,,,,,,,,,,,,,,,,,,,,,,,,,,,,,,,,,,,,,,,,,,,,,,,,,,,,,indeclform (prep),epic (poetic indeclform prep),,,,,,,,,,,,,,,,,,,,,,,,,,,,,,,,,,,,,,,,,,,,,,,,,,,,,,,,,,,,,,,,,,,,,,,,,,,,,,,,,,,,,,,,,,,,,,,,,,,,,,,,,,,,,,,,,,,,,,,,,,,,,,,,,,,,,,,,,,,,,,,,,,,,,,,,,,,,,,,,,,,,,,,,,,,,,,,,,,,,,,,,,,,,,,,,,,,,,,,,,,,,,,,,,,,,,,,,,,,,,,,,,,,,,,,,,,,,,,,,,,,,,,,,,,,,,,,,,,,,,,,,,,,,,,,,,,,,,,,,,,,,,,,,,,,,;,,,,,,,,,,,,,,,,,,,,,,,,,,,,,,,,,,,,,,,,,,,,,,,,,,,,,,,,,,,,,,,,
41,1,au)ti/ka,1,17595,αὐτίκα,adverb,false,n/a,indeclform (adverb),xalkh=as,2,113067,χαλκεύς,adjective,false,n/a,,me\n,3,66260,μέν,particle,n/a,false,indeclform (particle),u(dei/omen,4,unknown,,,false,n/a,,*(hfai/stoio,5,47665,Ἥφαιστος,proper,false,n/a,masc gen sg (epic),teuxhsta\s,6,103675,τευχηστήρ,noun,0.5,true,,d',7,23596,false,n/a,*)/arhos,8,14990,Ἄρης,proper,false,0.5,,e)pakth=ras,9,37942,ἐπακτήρ,noun,false,n/a,,,de\,10,23596,δέ,particle,n/a,false,indeclform (particle),*xitw/nhs,11,nlsj11025,Χιτώνη,proper,false,n/a,fem gen sg (attic epic ionic),*)arte/midos,12,15597,Ἄρτεμις,proper,false,n/a,fem gen sg,*foi/bou,13,nlsj5526,Φοῖβος,proper,false,n/a,masc gen sg,de\,14,23596,δέ,particle,false,n/a,indeclform (particle),lu/rhs,15,64165,λύρα,adjective,false,n/a,fem gen sg (epic ionic),eu)=,16,43309,εὖ,adverb,false,n/a,indeclform (adverb),ei)do/tas,17,72202,false,n/a,oi)/mous,18,72433,οἶμος,noun,false,n/a,masc/fem acc pl,,,,,,,,,,,,,,",",",",",",:,,,,δέ,particle,,,,masc acc pl,,,indeclform (particle),,,,,οἶδα,verb,perf part act masc acc pl,,,,,,,,,,,,,,,,,,,,,,,,,,,,,,,,,,,,,,,,,,,,,,,,,,,,,,,,,,,,,,,,,,,,,,,,,,,,,,,,,,,,,,,,,,,,,,,,,,,,,,,,,,,,,,,,,,,,,,,,,,,,,,,,,,,,,,,,,,,,,,,,,,,,,,,,,,,,,,,,,,,,,,,,,,,,,,,,,,,,,,,,,,,,,,,,,,,,,,,,,,,,,,,,,,,,,,,,,,,,,,,,,,,,,,,,,,,,,,,,,,,,,,,,,,,,,,,,,,,,,,,,,,,,,,,,,,,,,,,,,,,,,,,,,,,,,,,,,,,masc acc pl,masc nom sg (epic doric aeolic),,,,,,,,,,,,,,,masc/fem acc pl (epic ionic),masc acc pl (epic ionic),,,,,,,,,,,masc gen sg (epic),masc gen sg (epic),,,,,,,,,,,,
42,1,e)k,1,31575,ἐκ,preposition,false,n/a,proclitic indeclform (prep),de\,2,23596,δέ,particle,false,n/a,indeclform (particle),*dio\s,3,46195,Ζεύς,proper,n/a,false,masc gen sg,basilh=es,4,19546,βασιλεύς,noun,false,n/a,,e)pi\,5,nlsj126,ἐπί,preposition,false,n/a,indeclform (prep),xqono\s,6,113963,χθών,noun,n/a,false,fem gen sg,ou)de\n,7,75765,false,n/a,a)na/ktwn,8,7094,ἄναξ,noun,false,n/a,masc gen pl,qeio/teron,9,48051,θεῖος,adjective,false,n/a,adverbial comp,masc acc comp sg,,,,,,,,,,,,,,,,,,,,,,,,,,,,,,,,,,,,,,,,,,,,,,,,,,,,,,,,,,,,,,,,,,,,,,,,,,,,,,,,,,,,,,,,,,οὐδείς,pronoun,,,,,,,neut nom/voc/acc sg,,,,,,,,,,,,,,,,,,,,,,,,,,,,,,,,,,,,,,,,,,,,,,,,,,,,,,,,,,,,,,,,,,,,,,,,,,,,,,,,,,,,,,,,,,,,,,,,,,,,,,,,,,,,,,,,,,,,,,,,,,,,,,,,,,,,,,,,,,,,,,,,,,,,,,,,,,,,,,,,,,,,,,,,,,,,,,,,,,,,,,,,,,,,,,,,,,,,,,,,,,,,,,,,,,,,,,,,,,,,,,,,,,,,,,,,,,,,,,,,,,,,,,,,,,,,,,,,,,,,,,,,,,,,,,,,,,,,,,,,,,,:,,,,,,,,,,,,,,,,,,,,,,,,,,,,,,,,,,,masc nom pl (attic epic ionic),masc nom/voc pl (epic ionic),,,,,,,,,,,,,,,,,,,,,,,,,,,neut nom/voc/acc comp sg,
43,1,tw=i,1,nlsj65910,τίς,pronoun,true,0.5,dat sg (attic),kai/,2,51951,καί,conjunction,false,n/a,indeclform (conj),sfe,3,101628,σφεῖς,pronoun,n/a,false,masc/fem acc pl,teh\n,4,103088,τεός,adjective,false,n/a,fem acc sg (epic ionic),e)kri/nao,5,60003,κρίνω,verb,false,n/a,aor ind mid 2nd sg (epic),la/cin,6,61899,λάξις,noun,n/a,false,fem acc sg,,,,,,,,,,,,,,,,,,,,,,,,,,,,,,,,,,,,,,,,,,,,,,,,,,,,,,,,,,,,,,,,,,,,,,,,,,,,,,,,,,,,,,,,,,,,,,,,,,,,,,,,,,,,,,,,,,,,,,,,,,,,,,,,,,,,,,,,,,,,,,,,,,,,,,,,,,,,,,,,,,,,,,,,,,,,,,,,,,,,,,,,,,,,,,,,,,,,,,,,,,,,,,,,,,,,,,,,,,,,,,,,,,,,,,,,,,,,,,,,,,,,,,,,,,,,,,,,,,,,,,,,,,,,,,,,,,,,,,,,,,,,,,,,,,,,,,,,,,,,,,,,,,,,,,,,,,,,,,,,,,,,,,,,,,,,,,,,,,,,,,,,,,,,,,,,,,,,,,,,,,,,,,,,,,,,,,,,,,,,,,,,,,,,,,,,,,,,,,,,,,,.,,,,,,,,,,,,,,,,,,,,,,,,,,,,,,,,,,,,,,,,,,,,,,,,,,,,,,,,,,,,,,,,
44,1,dw=kas,1,26447,δίδωμι,verb,false,n/a,aor ind act 2nd sg (homeric ionic),de\,2,23596,δέ,particle,false,n/a,indeclform (particle),ptoli/eqra,3,91225,πτολίεθρον,adjective,n/a,false,neut nom/voc/acc pl,fulasse/men,4,112559,φυλάσσω,verb,true,0.5,pres inf act (epic),i(/zeo,5,50158,ἵζω,verb,false,n/a,,d',6,23596,δέ,particle,n/a,false,indeclform (particle),au)to\s,7,17907,false,n/a,a)/krhis',8,3630,ἄκρος,adjective,true,1.0,fem dat pl (epic ionic),e)n,9,34700,ἐν,preposition,true,0.5,,,poli/essin,10,84494,πόλις,adjective,n/a,false,fem dat pl (epic doric ionic aeolic),e)po/yios,11,41910,ἔποψις,noun,true,1.0,fem gen sg (epic doric ionic aeolic),oi(/,12,29856,ἕ,pronoun,true,0.5,masc/fem dat sg (epic ionic),te,13,102752,τε,particle,false,n/a,enclitic indeclform (particle),di/khisi,14,26943,δίκη,adjective,true,1.0,fem dat pl (epic ionic),lao\n,15,61925,λαός,noun,false,n/a,masc acc sg,u(po\,16,108092,ὑπό,preposition,false,n/a,indeclform (prep),skolih=is',17,unknown,false,n/a,oi(/,18,29856,ἕ,pronoun,true,0.5,masc/fem dat sg (epic ionic),t',19,102752,τε,particle,true,1.0,enclitic indeclform (particle),e)/mpalin,20,34219,false,n/a,",",",",:,,,imperf ind mp 2nd sg (epic doric ionic aeolic),pres imperat mp 2nd sg (epic doric ionic aeolic),αὐτός,pronoun,,,,proclitic indeclform (prep),,,masc nom sg,,,,,,,,ἔμπαλιν,adverb,,,i)qu/nousin,21,50208,ἰθύνω,verb,false,n/a,,,,,,,,,,,,,,,,,,,,,,,,,,,,,,,,,,,,,,,,,,,,,,,,,,,,,,,,,,,,,,,,,,,,,,,,,,,,,,,,,,,,,,,,,,,,,,,,,,,,,,,,,,,,,,,,,,,,,,,,,,,,,,,,,,,,,,,,,,,,,,,,,,,,,,,,,,,,,,,,,,,,,,,,,,,,,,,,,,,,,,,,,,,,,,,,,,,,,,,,,,,,,,,,,,,,,,,,,,,,,,,,,,,,,,,,,,,,,,,,,,,,,,,,,,,,,,,,,,,,,,,,,,,,,,,,,indeclform (adverb),,,,,,,,,,,,,,,,,,,,,,,,,,imperf ind mp 2nd sg (epic doric ionic aeolic),,,,,,,,,,,,,,,,,,,,,,aor subj act 3rd pl (epic ionic),pres part act masc/neut dat pl (attic epic doric ionic),pres ind act 3rd pl (attic epic doric ionic),,,,,,
45,1,e)n,1,34700,ἐν,preposition,true,0.5,proclitic indeclform (prep),de\,2,23596,δέ,particle,false,n/a,indeclform (particle),r(uhfeni/hn,3,92775,ῥυηφενίη,noun,n/a,false,fem acc sg (epic ionic),e)/bale/s,4,19282,βάλλω,verb,false,n/a,aor ind act 2nd sg,sfisin,5,101628,σφεῖς,pronoun,false,n/a,masc/fem dat pl,e)n,6,34700,ἐν,preposition,0.5,true,proclitic indeclform (prep),d',7,23596,false,n/a,a(/lis,8,4268,ἅλις,adverb,false,n/a,indeclform (adverb),o)/lbon,9,72920,ὄλβος,noun,false,n/a,,,,,,,,,,,,,,,,,,,,,,,,,,,,,,,,,,,,,,,,,,,,,,,,,,,,,,,,,,,,,,,,,,,,,,,,,,,,,,,,,,,,,",",:,,,,,,δέ,particle,,,,masc acc sg,,,indeclform (particle),,,,,,,,,,,,,,,,,,,,,,,,,,,,,,,,,,,,,,,,,,,,,,,,,,,,,,,,,,,,,,,,,,,,,,,,,,,,,,,,,,,,,,,,,,,,,,,,,,,,,,,,,,,,,,,,,,,,,,,,,,,,,,,,,,,,,,,,,,,,,,,,,,,,,,,,,,,,,,,,,,,,,,,,,,,,,,,,,,,,,,,,,,,,,,,,,,,,,,,,,,,,,,,,,,,,,,,,,,,,,,,,,,,,,,,,,,,,,,,,,,,,,,,,,,,,,,,,,,,,,,,,,,,,,,,,,,,,,,,,,,,,,,,,,,,,,,,,,,,,,,,,,,,,,,,,,,,,,,,,,,,,,,,,,,,,,,,,,,,,,,,,,,,
46,1,pa=si,1,79904,πᾶς,adjective,true,1.0,masc/neut dat pl (attic epic ionic),me/n,2,66260,μέν,particle,false,n/a,indeclform (particle),ou),3,75730,οὐ,adverb,n/a,false,proclitic indeclform (adverb),ma/la,4,64757,μάλα,adverb,true,1.0,indeclform (adverb),d',5,23596,δέ,particle,false,n/a,indeclform (particle),i)=son,6,51148,ἴσος,adjective,n/a,false,,,,,,,,,,,,,,,,,,,,,,,,,,,,,,,,,,,,,,,,,,,,,,,,,,,,,,,,,,,,,,,,,,,,,,,,,,,,,,,,,,,,,,,,,,,,,,,,,,,,,,,,,,",",.,,,,,,,,,,,,,,,,,,,,,,,,,,,,,,,,,,,,,,,,,,,,,,,,,,,,,,,,,,,,,,,,,,,,,,,,,,,,,,,,,,,,,,,,,,,,,,,,,,,,,,,,,,,,,,,,,,,,,,,,,,,,,,,,,,,,,,,,,,,,,,,,,,,,,,,,,,,,,,,,,,,,,,,,,,,,,,,,,,,,,,,,,,,,,,,,,,,,,,,,,,,,,,,,,,,,,,,,,,,,,,,,,,,,,,,,,,,,,,,,,,,,,,,,,,,,,,,,,,,,,,,,,,,,,,,,,,,,,,,,,,,,,,,,,,,,,,,,,,,,,,,,,,,,,,,,,,,,,,,,masc acc sg (epic),neut nom/voc/acc sg (epic),,,,,,,,,,,,,,,,,,,,,,,,,,,,,,,,,,,,,,,,
47,1,e)/oike,1,37776,ἔοικα,verb,false,n/a,,de\,2,23596,δέ,particle,false,n/a,indeclform (particle),tekmh/rasqai,3,102841,τεκμαίρομαι,verb,n/a,false,aor inf mid,h(mete/rwi,4,47030,ἡμέτερος,adjective,false,n/a,masc/neut dat sg,mede/onti,5,65580,μεδέων,verb,false,n/a,pres part act masc/neut dat sg,,,,,,,,,,,,,,,,,,,,,,,,,,,,,,,,,,,,,,,,,,,,,,,,,,,,,,,,,,,,,,,,,,,,,,,,,,,,,,,,,,,,,,,,,,,,,,,,,,,,,,,,,,,,,,,,,,,,,,,,,,,,,,perf imperat act 2nd sg,perf ind act 3rd sg,,,,,,,,,,,,,,,,,,,,,,,,,,,,,,,,,,,,,,,,,,,,,,,,,,,,,,,,,,,,,,,,,,,,,,,,,,,,,,,,,,,,,,,,,,,,,,,,,,,,,,,,,,,,,,,,,,,,,,,,,,,,,,,,,,,,,,,,,,,,,,,,,,,,,,,,,,,,,,,,,,,,,,,,,,,,,,,,,,,,,,,,,,,,,,,,,,,,,,,,,,,,,,,,,,,,,,,,,,,,,,,,,,,,,,,,,,,,,,,,,,,,,,,,,,,,,,,,,,,,,,,,,,,,,,,,,,,,,,,,,,,,:,,,,,,,,,,,,,,,,,,,,,,,,,,,,,,,,,,,,,,,,,,,,,,,,,,,,,,,,,,,,,,,,
48,1,peripro\,1,82003,περιπρό,adverb,false,n/a,indeclform (adverb),ga\r,2,21618,γάρ,particle,false,n/a,indeclform (particle),eu)ru\,3,45036,εὐρύς,adjective,n/a,false,,be/bhken,4,19123,βαίνω,verb,false,n/a,,,,,,,,,,,,,,,,,,,,,,,,,,,,,,,,,,,,,,,,,,,,,,,,,,,,,,,,,,,,,,,,,,,,,,,,,,,,,,,,,,,,,,,,,,,,,,,,,,,,,,,,,,,,,,,,,,,,,,,,,,,,,,,,,,,,,,,,,,,,,,,,,,,,,,,,,,,,,,,,,,,,,,,,,,,,,,,,,,,,,,,,,,,,,,,,,,,,,,,,,,,,,,,,,,,,,,,,,,,,,,,,,,,,,,,,,,,,,,,,,,,,,,,,,,,,,,,,,,,,,,,,,,,,,,,,,,,,,,,,,,,,,,,,,,,,,,,,,,,,,,,,,,,,,,,,,,,,,,,,,,,,,,,,,,,,,,,,,,,,,,,,,,,,,,,,,,,,,,,,,,,,,,,,,,,,,,,,,,,,,,,,,,,,,,,,,,,,,,,,,,,,,,,,,,,,,,,,,,,,.,,,,,,,,,,,,,,,,,,,,,neut acc sg,masc voc sg,,,,,,,,,,,,,perf ind act 3rd sg,plup ind act 3rd pl (epic doric aeolic),,,,,,,,,,,,neut nom/voc/acc sg,,,,,,,,,,,,,,,,
49,1,e(spe/rios,1,nlsj38717,ἑσπέριος,adjective,false,n/a,,kei=no/s,2,31951,ἐκεῖνος,pronoun,false,0.5,masc nom sg,ge,3,21705,γε,particle,n/a,false,enclitic indeclform (particle),telei=,4,103005,τέλλω,verb,true,0.5,,ta/,5,nlsj65910,τίς,pronoun,true,1.0,neut nom/voc/acc pl,ken,6,6207,ἄν,particle,n/a,false,epic (enclitic indeclform particle),h)=ri,7,47547,true,1.0,noh/shi,8,70918,νόησις,adjective,true,1.0,fem dat sg (epic),,,,,,,,,,,,,,,,,,,,,,,,,,,,,,,,,,,,,,,,,,,,,,,,,,,,,,,,,,,,,,,,,,,,,,,,,,,,,,,,,,,,,,,,,,,,,,,,,,,ἦρι,adverb,,,,,masc nom sg,masc/fem nom sg,epic (indeclform adverb),,,,,,,,,,,,,,,,,,,,,,,,,,,,,,,,,,,,,,,,,,,,,,,,,,,,,,,,,,,,,,,,,,,,,,,,,,,,,,,,,,,,,,,,,,,,,,,,,,,,,,,,,,,,,,,,,,,,,,,,,,,,,,,,,,,,,,,,,,,,,,,,,,,,,,,,,,,,,,,,,,,,,,,,,,,,,,,,,,,,,,,,,,,,,,,,,,,,,,,,,,,,,,,,,,,,,,,,,,,,,,,,,,,,,,,,,,,,,,,,,,,,,,,,,,,,,,,,,,,,,,,,,,,,,,,,,,,,,,,,,,,:,,,,,,,,,,,,,,,,,,,,,,,,,,,,,,,,,,,fut ind mid 2nd sg (attic epic doric ionic),fut ind act 3rd sg (attic epic doric ionic),,,,,,,,,,,,,,,,,,,,,,,,,,,,
50,1,e(spe/rios,1,nlsj38717,ἑσπέριος,adjective,false,n/a,,ta\,2,71882,ὁ,article,true,1.0,,me/gista,3,65552,μέγας,adverb,n/a,false,neut nom/voc/acc pl,ta\,4,71882,ὁ,article,true,1.0,,mei/ona,5,65761,μείων,adverb,false,n/a,,d',6,23596,δέ,particle,n/a,false,indeclform (particle),eu)=te,7,45273,false,n/a,noh/shi,8,70918,νόησις,adjective,true,1.0,fem dat sg (epic),,,,,,,,,,,,,,,,,,,,,,,,,,,,,,,,,,,,,,,,,,,,,,,,,,,,,,,,,,,,,,,,,,,,,,,,,,,,,,,,,,,,,,,,,,,,",",",",.,,,neut nom/voc/acc comp pl,masc/fem acc comp sg,εὖτε,conjunction,,,,,masc nom sg,masc/fem nom sg,indeclform (conj),,,,,,,,,,,,,,,,,,,,,,,,,,,,,,,,,,,,,,,,,,,,,,,,,,,,,,,,,,,,,,,,,,,,,,,,,,,,,,,,,,,,,,,,,,,,,,,,,,,,,,,,,,,,,,,,,,,,,,,,,,,,,,,,,,,,,,,,,,,,,,,,,,,,,,,,,,,,,,,,,,,,,,,,,,,,,,,,,,,,,,,,,,,,,,,,,,,,,,,,,,,,,,,,,,,,,,,,,,,,,,,,,,,,,,,,,,,,,,,,,,,,,,,,,,,,,,,,,,,,,,,,,,,,,,,,,,,,,,,,,,,,,,,,,,,,,,,,,,,,,,,,,,,,,,,,,,,,,,neut acc pl,neut nom/voc/acc pl,,,neut acc pl,neut nom/voc/acc pl,,,,,fem acc dual,,,,,,,,fem acc dual,fem nom/voc/acc dual,,,,,,,,,,fem nom/voc/acc dual
51,1,oi(\,1,29856,ἕ,pronoun,true,0.5,masc/fem dat sg (epic ionic),de\,2,23596,δέ,particle,false,n/a,indeclform (particle),ta\,3,71882,ὁ,article,1.0,true,,me\n,4,66260,μέν,particle,false,n/a,indeclform (particle),pleiw=ni,5,nlsj87335,πλειών,adjective,false,n/a,masc dat sg,ta\,6,71882,ὁ,article,1.0,true,,d',7,23596,false,n/a,ou)x,8,75730,οὐ,adverb,false,n/a,proclitic indeclform (adverb),e(ni/,9,31236,εἷς,adjective,false,n/a,,,tw=n,10,71882,ὁ,article,n/a,false,,d',11,23596,δέ,particle,false,n/a,indeclform (particle),a)po\,12,12243,ἀπό,preposition,false,n/a,indeclform (prep),pa/mpan,13,77102,πάμπαν,adverb,false,n/a,indeclform (adverb),au)to\s,14,17907,αὐτός,pronoun,false,n/a,masc nom sg,a)/nhn,15,8591,ἄνη,noun,true,1.0,fem acc sg (attic epic ionic),e)ko/lousas,16,58707,κολούω,verb,false,n/a,aor ind act 2nd sg,e)ne/klassas,17,nlsj18951,false,n/a,de\,18,23596,δέ,particle,false,n/a,indeclform (particle),menoinh/n,19,66286,μενοινή,noun,false,n/a,fem acc sg (attic epic ionic),,,,,,",",",",",",.,,,,δέ,particle,,,,masc/neut dat sg,,,indeclform (particle),fem gen pl,masc/neut gen pl,,,ἐκλάζω,verb,aor ind act 2nd sg (homeric ionic),,,,,,,,,,,,,,,,,,,,,,,,,,,,,,,,,,,,,,,,,,,,,,,,,,,,,,,,,,,,,,,,,,,,,,,,,,,,,,,,,,,,,,,,,,,,,,,,,,,,,,,,,,,,,,,,,,,,,,,,,,,,,,,,,,,,,,,,,,,,,,,,,,,,,,,,,,,,,,,,,,,,,,,,,,,,,,,,,,,,,,,,,,,,,,,,,,,,,,,,,,,,,,,,,,,,,,,,,,,,,,,,,,,,,,,,,,,,,,,,,,,,,,,,,,,,,,,,,,,,,,,,,,,,,,,,,,,,,,,,,,,,,,,,,,,,,,,,,neut acc pl,neut nom/voc/acc pl,neut acc pl,neut nom/voc/acc pl,,,,,,,,,,,,,fem acc dual,fem nom/voc/acc dual,,,,,,,,,,fem acc dual,fem nom/voc/acc dual,,,,,,,,,,,,,,,
52,1,xai=re,1,112934,χαίρω,verb,false,n/a,,me/ga,2,65552,μέγας,adverb,false,n/a,neut nom/voc/acc sg,*kroni/dh,3,60123,Κρονίδης,proper,n/a,false,masc voc sg,panupe/rtate,4,77702,πανυπέρτατος,adjective,false,n/a,masc voc sg,dw=tor,5,29853,δώτωρ,noun,false,n/a,masc voc sg,e)a/wn,6,nlsj38303,ἐύς,adjective,n/a,false,gen pl,dw=tor,7,29853,false,n/a,a)phmoni/hs,8,12067,ἀπημονία,noun,false,n/a,fem gen sg (epic ionic),,,,,,,,,,,,,,,,,,,,,,,,,,,,,,,,,,,,,,,,,,,,,,,,,,,,,,,,,,,,,,,,,,,,,,,,,,,,,,,,,,,,,,,,,,,,",",",",.,,,,,δώτωρ,noun,,,,,pres imperat act 2nd sg,imperf ind act 3rd sg (homeric ionic),masc voc sg,,,,,,,,,,,,,,,,,,,,,,,,,,,,,,,,,,,,,,,,,,,,,,,,,,,,,,,,,,,,,,,,,,,,,,,,,,,,,,,,,,,,,,,,,,,,,,,,,,,,,,,,,,,,,,,,,,,,,,,,,,,,,,,,,,,,,,,,,,,,,,,,,,,,,,,,,,,,,,,,,,,,,,,,,,,,,,,,,,,,,,,,,,,,,,,,,,,,,,,,,,,,,,,,,,,,,,,,,,,,,,,,,,,,,,,,,,,,,,,,,,,,,,,,,,,,,,,,,,,,,,,,,,,,,,,,,,,,,,,,,,,,,,,,,,,,,,,,,,,,,,,,,,,,,,,,,,,,,,,,,,,,,,,,,,,,,,,,,,,,,,,,,,,
53,1,tea\,1,103088,τεός,adjective,false,n/a,,d',2,23596,δέ,particle,false,n/a,indeclform (particle),e)/rgmata,3,42198,ἔργμα,noun,n/a,false,neut nom/voc/acc pl,ti/s,4,nlsj65910,τίς,pronoun,true,0.5,masc/fem nom sg,ken,5,6207,ἄν,particle,false,n/a,epic (enclitic indeclform particle),a)ei/doi,6,1587,ἀείδω,verb,n/a,false,pres opt act 3rd sg (epic ionic),,,,,,,,,,,,,,,,,,,,,,,,,,,,,,,,,,,,,,,,,,,,,,,,,,,,,,,,,,,,,,,,,,,,,,,,,,,,,,,,,,,,,,,,,,,,,,,,,,,,,,,,,,,,,,,,,,,,,,neut nom/voc/acc pl,fem nom/voc/acc dual,,,,,,,,,,,,,,,,,,,,,,,,,,,,,,,,,,,,,,,,,,,,,,,,,,,,,,,,,,,,,,,,,,,,,,,,,,,,,,,,,,,,,,,,,,,,,,,,,,,,,,,,,,,,,,,,,,,,,,,,,,,,,,,,,,,,,,,,,,,,,,,,,,,,,,,,,,,,,,,,,,,,,,,,,,,,,,,,,,,,,,,,,,,,,,,,,,,,,,,,,,,,,,,,,,,,,,,,,,,,,,,,,,,,,,,,,,,,,,,,,,,,,,,,,,,,,,,,,,,,,,,,,,,,,,,,,,,,,,,,,,,,;,,,,,,,,,,,,,,,,,,,,,,,,,,,fem nom/voc sg (attic doric aeolic),,,,,,,,,,,,,,,,,,,,,,,,,,,,,,,,,,,,,
54,1,ou),1,75730,οὐ,adverb,false,n/a,proclitic indeclform (adverb),ge/net',2,22209,γίγνομαι,verb,true,1.0,aor ind mid 3rd sg (homeric ionic),ou)k,3,75730,οὐ,adverb,n/a,false,proclitic indeclform (adverb),e)/stai,4,31130,εἰμί,verb,false,n/a,fut ind mid 3rd sg,,,,,,,,,,,,,,,,,,,,,,,,,,,,,,,,,,,,,,,,,,,,,,,,,,,,,,,,,,,,,,,,,,,,,,,,,,,,,,,,,,,,,,,,,,,,,,,,,,,,,,,,,,,,,,,,,,,,,,,,,",",:,,,,,,,,,,,,,,,,,,,,,,,,,,,,,,,,,,,,,,,,,,,,,,,,,,,,,,,,,,,,,,,,,,,,,,,,,,,,,,,,,,,,,,,,,,,,,,,,,,,,,,,,,,,,,,,,,,,,,,,,,,,,,,,,,,,,,,,,,,,,,,,,,,,,,,,,,,,,,,,,,,,,,,,,,,,,,,,,,,,,,,,,,,,,,,,,,,,,,,,,,,,,,,,,,,,,,,,,,,,,,,,,,,,,,,,,,,,,,,,,,,,,,,,,,,,,,,,,,,,,,,,,,,,,,,,,,,,,,,,,,,,,,,,,,,,,,,,,,,,,,,,,,,,,,,,,,,,,,,,,,,,,,,,,,,,,,,,,,,,,,,,,,,,,,,,,,,,,,,,,,
55,1,ti/s,1,nlsj65910,τίς,pronoun,true,0.5,masc/fem nom sg,kai\,2,51951,καί,conjunction,false,n/a,indeclform (conj),*dio\s,3,46195,Ζεύς,proper,n/a,false,masc gen sg,e)/rgmat',4,42198,ἔργμα,noun,false,n/a,,a)ei/sei,5,1587,ἀείδω,verb,false,n/a,,,,,,,,,,,,,,,,,,,,,,,,,,,,,,,,,,,,,,,,,,,,,,,,,,,,,,,,,,,,,,,,,,,,,,,,,,,,,,,,,,,,,,,,,,,,,,,,,,,,,,,,,,,,,,,,,,,,,,,aor subj act 3rd sg (epic ionic),fut ind act 3rd sg (epic doric ionic aeolic),,,,,,,,,,,,,,,,,,,,,,,,,,,,,,,,,,,,,,,,,,,,,,,,,,,,,,,,,,,,,,,,,,,,,,,,,,,,,,,,,,,,,,,,,,,,,,,,,,,,,,,,,,,,,,,,,,,,,,,,,,,,,,,,,,,,,,,,,,,,,,,,,,,,,,,,,,,,,,,,,,,,,,,,,,,,,,,,,,,,,,,,,,,,,,,,,,,,,,,,,,,,,,,,,,,,,,,,,,,,,,,,,,,,,,,,,,,,,,,,,,,,,,,,,,,,,,,,,,,,,,,,,,,,,,,,,,,,,,,,,,,,,,,,,,,,;,,,,,,,,,,,,,,,,,,,,,,,,,,,,,,,,,,fut ind mid 2nd sg (epic doric ionic aeolic),neut nom/voc/acc pl,neut dat sg,,,,,,,,,neut nom/voc/acc dual,,,,,,,,,,,,,,,,,,,
56,1,xai=re,1,112934,χαίρω,verb,false,n/a,,pa/ter,2,80011,πατήρ,noun,false,n/a,masc voc sg,xai=r',3,112934,χαίρω,verb,n/a,false,,au)=qi,4,17378,αὖθι,adverb,false,n/a,indeclform (adverb),,,,,,,,,,,,,,,,,,,,,,,,,,,,,,,,,,,,,,,,,,,,,,,,,,,,,,,,,,,,,,,,,,,,,,,,,,,,,,,,,,,,,,,,,,,,,,,,,,,,,,,,,,,,,,,,,,,,,,,,,",",:,,,,,,,,,,,,pres imperat act 2nd sg,imperf ind act 3rd sg (homeric ionic),,,,,,,,,,,,,,,,,,,,,,,,,,,,,,,,,,,,,,,,,,,,,,,,,,,,,,,,,,,,,,,,,,,,,,,,,,,,,,,,,,,,,,,,,,,,,,,,,,,,,,,,,,,,,,,,,,,,,,,,,,,,,,,,,,,,,,,,,,,,,,,,,,,,,,,,,,,,,,,,,,,,,,,,,,,,,,,,,,,,,,,,,,,,,,,,,,,,,,,,,,,,,,,,,,,,,,,,,,,,,,,,,,,,,,,,,,,,,,,,,,,,,,,,,,,,,,,,,,,,,,,,,,,,,,,,,,,,,,,,,,,,,,,,,,,,,,,,,,,,,,,,,pres imperat act 2nd sg,imperf ind act 3rd sg (homeric ionic),,,,,,,,,,,,,,,,,,,,,,,,,,,,,,,,,,,,,,,,,,
57,1,di/dou,1,26414,δίδημι,verb,true,0.5,pres imperat mp 2nd sg,d',2,23596,δέ,particle,false,n/a,indeclform (particle),a)reth/n,3,nlsj14967,ἀρετή,noun,n/a,false,fem acc sg (attic epic ionic),t',4,102752,τε,particle,true,1.0,enclitic indeclform (particle),a)/feno/s,5,18208,ἄφενος,noun,false,n/a,neut nom/voc/acc sg,te,6,102752,τε,particle,n/a,false,enclitic indeclform (particle),,,,,,,,,,,,,,,,,,,,,,,,,,,,,,,,,,,,,,,,,,,,,,,,,,,,,,,,,,,,,,,,,,,,,,,,,,,,,,,,,,,,,,,,,,,,,,,,,,,,,,,,,,,,,,,,,,,,,,,,,,,,,,,,,,,,,,,,,,,,,,,,,,,,,,,,,,,,,,,,,,,,,,,,,,,,,,,,,,,,,,,,,,,,,,,,,,,,,,,,,,,,,,,,,,,,,,,,,,,,,,,,,,,,,,,,,,,,,,,,,,,,,,,,,,,,,,,,,,,,,,,,,,,,,,,,,,,,,,,,,,,,,,,,,,,,,,,,,,,,,,,,,,,,,,,,,,,,,,,,,,,,,,,,,,,,,,,,,,,,,,,,,,,,,,,,,,,,,,,,,,,,,,,,,,,,,,,,,,,,,,,,,,,,,,,,,,,,,,,,,,,.,,,,,,,,,,,,,,,,,,,,,,,,,,,,,,,,,,,,,,,,,,,,,,,,,,,,,,,,,,,,,,,,
58,1,ou)/t',1,76050,οὔτε,adverb,false,0.33,indeclform (adverb),a)reth=s,2,nlsj14967,ἀρετή,noun,true,1.0,fem gen sg (attic epic ionic),a)/ter,3,17016,ἄτερ,preposition,n/a,false,indeclform (prep),o)/lbos,4,72920,ὄλβος,noun,false,n/a,masc nom sg,e)pi/statai,5,45794,ἐφίστημι,verb,true,0.5,pres ind mp 3rd sg (ionic),a)/ndras,6,8665,ἀνήρ,noun,n/a,false,masc acc pl,a)e/cein,7,1703,false,n/a,ou)/t',8,76050,οὔτε,adverb,false,0.33,indeclform (adverb),a)reth\,9,nlsj14967,ἀρετή,noun,false,n/a,,,a)fe/noio,10,unknown,,,n/a,false,,,,,,,,,,,,,,,,,,,,,,,,,,,,,,,,,,,,,,,,,,,,,,,,,,,,,,,,,,,,,,,,,,,,,,,,,,,,,,,,,,,ἀέξω,verb,,,,fem nom/voc sg (attic epic ionic),,,pres inf act (attic epic),,,,,,,,,,,,,,,,,,,,,,,,,,,,,,,,,,,,,,,,,,,,,,,,,,,,,,,,,,,,,,,,,,,,,,,,,,,,,,,,,,,,,,,,,,,,,,,,,,,,,,,,,,,,,,,,,,,,,,,,,,,,,,,,,,,,,,,,,,,,,,,,,,,,,,,,,,,,,,,,,,,,,,,,,,,,,,,,,,,,,,,,,,,,,,,,,,,,,,,,,,,,,,,,,,,,,,,,,,,,,,,,,,,,,,,,,,,,,,,,,,,,,,,,,,,,,,,,,,,,,,,,,,,,,,,,,,,,,,,,,,,:,,,,,,,,,,,,,,,,,,,,,,,,,,,,,,,,,,,,,,,,,,,,,,,,,,,,,,,,,,,,,,,,
59,1,di/dou,1,26414,δίδημι,verb,true,0.5,pres imperat mp 2nd sg,d',2,23596,δέ,particle,false,n/a,indeclform (particle),a)reth/n,3,nlsj14967,ἀρετή,noun,n/a,false,fem acc sg (attic epic ionic),te,4,102752,τε,particle,false,n/a,enclitic indeclform (particle),kai\,5,51951,καί,conjunction,false,n/a,indeclform (conj),o)/lbon,6,72920,ὄλβος,noun,n/a,false,masc acc sg,,,,,,,,,,,,,,,,,,,,,,,,,,,,,,,,,,,,,,,,,,,,,,,,,,,,,,,,,,,,,,,,,,,,,,,,,,,,,,,,,,,,,,,,,,,,,,,,,,,,,,,,,,,,,,,,,,,,,,,,,,,,,,,,,,,,,,,,,,,,,,,,,,,,,,,,,,,,,,,,,,,,,,,,,,,,,,,,,,,,,,,,,,,,,,,,,,,,,,,,,,,,,,,,,,,,,,,,,,,,,,,,,,,,,,,,,,,,,,,,,,,,,,,,,,,,,,,,,,,,,,,,,,,,,,,,,,,,,,,,,,,,,,,,,,,,,,,,,,,,,,,,,,,,,,,,,,,,,,,,,,,,,,,,,,,,,,,,,,,,,,,,,,,,,,,,,,,,,,,,,,,,,,,,,,,,,,,,,,,,,,,,,,,,,,,,,,,,,,,,,,,.,,,,,,,,,,,,,,,,,,,,,,,,,,,,,,,,,,,,,,,,,,,,,,,,,,,,,,,,,,,,,,,,

