@_id,@_location,word/0/@_form,word/0/@_id,word/0/lemma/@_id,word/0/lemma/@_entry,word/0/lemma/@_POS,word/0/lemma/@_TreeTagger,word/0/lemma/@_disambiguated,word/0/lemma/analysis/@_morph,word/1/@_form,word/1/@_id,word/1/lemma/@_id,word/1/lemma/@_entry,word/1/lemma/@_POS,word/1/lemma/@_TreeTagger,word/1/lemma/@_disambiguated,word/1/lemma/analysis/@_morph,word/2/@_form,word/2/@_id,word/2/lemma/@_id,word/2/lemma/@_entry,word/2/lemma/@_POS,word/2/lemma/@_TreeTagger,word/2/lemma/@_disambiguated,word/2/lemma/analysis/@_morph,word/3/@_form,word/3/@_id,word/3/lemma/@_id,word/3/lemma/@_entry,word/3/lemma/@_POS,word/3/lemma/@_TreeTagger,word/3/lemma/@_disambiguated,word/3/lemma/analysis/0/@_morph,word/3/lemma/analysis/1/@_morph,word/4/@_form,word/4/@_id,word/4/lemma/@_id,word/4/lemma/@_entry,word/4/lemma/@_POS,word/4/lemma/@_TreeTagger,word/4/lemma/@_disambiguated,word/4/lemma/analysis/@_morph,word/5/@_form,word/5/@_id,word/5/lemma/@_id,word/5/lemma/@_entry,word/5/lemma/@_POS,word/5/lemma/@_TreeTagger,word/5/lemma/@_disambiguated,word/5/lemma/analysis/@_morph,word/6/@_form,word/6/@_id,word/6/lemma/@_id,word/6/lemma/@_entry,word/6/lemma/@_POS,word/6/lemma/@_TreeTagger,word/6/lemma/@_disambiguated,word/6/lemma/analysis/@_morph,word/7/@_form,word/7/@_id,word/7/lemma/@_id,word/7/lemma/@_entry,word/7/lemma/@_POS,word/7/lemma/@_TreeTagger,word/7/lemma/@_disambiguated,word/7/lemma/analysis/@_morph,word/8/@_form,word/8/@_id,word/8/lemma/@_id,word/8/lemma/@_entry,word/8/lemma/@_POS,word/8/lemma/@_TreeTagger,word/8/lemma/@_disambiguated,word/8/lemma/analysis/@_morph,word/9/@_form,word/9/@_id,word/9/lemma/@_id,word/9/lemma/@_entry,word/9/lemma/@_POS,word/9/lemma/@_disambiguated,word/9/lemma/@_TreeTagger,word/9/lemma/analysis/@_morph,word/10/@_form,word/10/@_id,word/10/lemma/@_id,word/10/lemma/@_entry,word/10/lemma/@_POS,word/10/lemma/@_TreeTagger,word/10/lemma/@_disambiguated,word/10/lemma/analysis/@_morph,word/11/@_form,word/11/@_id,word/11/lemma/@_id,word/11/lemma/@_entry,word/11/lemma/@_POS,word/11/lemma/@_TreeTagger,word/11/lemma/@_disambiguated,word/11/lemma/analysis/@_morph,word/12/@_form,word/12/@_id,word/12/lemma/@_id,word/12/lemma/@_entry,word/12/lemma/@_POS,word/12/lemma/@_TreeTagger,word/12/lemma/@_disambiguated,word/12/lemma/analysis/@_morph,punct/0/@_mark,punct/1/@_mark,punct/2/@_mark,word/2/lemma/analysis/0/@_morph,word/2/lemma/analysis/1/@_morph,word/3/lemma/analysis/2/@_morph,punct/@_mark,word/4/lemma/analysis/0/@_morph,word/4/lemma/analysis/1/@_morph,word/5/lemma/analysis/0/@_morph,word/5/lemma/analysis/1/@_morph,word/11/lemma/analysis/0/@_morph,word/11/lemma/analysis/1/@_morph,word/11/lemma/analysis/2/@_morph,word/13/@_form,word/13/@_id,word/13/lemma/@_id,word/13/lemma/@_entry,word/13/lemma/@_POS,word/13/lemma/@_TreeTagger,word/13/lemma/@_disambiguated,word/13/lemma/analysis/@_morph,word/14/@_form,word/14/@_id,word/14/lemma/@_id,word/14/lemma/@_entry,word/14/lemma/@_POS,word/14/lemma/@_TreeTagger,word/14/lemma/@_disambiguated,word/14/lemma/analysis/@_morph,word/15/@_form,word/15/@_id,word/15/lemma/@_id,word/15/lemma/@_entry,word/15/lemma/@_POS,word/15/lemma/@_TreeTagger,word/15/lemma/@_disambiguated,word/15/lemma/analysis/@_morph,word/16/@_form,word/16/@_id,word/16/lemma/@_id,word/16/lemma/@_entry,word/16/lemma/@_POS,word/16/lemma/@_TreeTagger,word/16/lemma/@_disambiguated,word/16/lemma/analysis/@_morph,word/17/@_form,word/17/@_id,word/17/lemma/@_id,word/17/lemma/@_entry,word/17/lemma/@_POS,word/17/lemma/@_TreeTagger,word/17/lemma/@_disambiguated,word/17/lemma/analysis/@_morph,word/18/@_form,word/18/@_id,word/18/lemma/@_id,word/18/lemma/@_entry,word/18/lemma/@_POS,word/18/lemma/@_disambiguated,word/18/lemma/@_TreeTagger,word/18/lemma/analysis/@_morph,word/19/@_form,word/19/@_id,word/19/lemma/@_id,word/19/lemma/@_entry,word/19/lemma/@_POS,word/19/lemma/@_TreeTagger,word/19/lemma/@_disambiguated,word/19/lemma/analysis/@_morph,word/20/@_form,word/20/@_id,word/20/lemma/@_id,word/20/lemma/@_entry,word/20/lemma/@_POS,word/20/lemma/@_TreeTagger,word/20/lemma/@_disambiguated,word/20/lemma/analysis/0/@_morph,word/20/lemma/analysis/1/@_morph,word/21/@_form,word/21/@_id,word/21/lemma/@_id,word/21/lemma/@_entry,word/21/lemma/@_POS,word/21/lemma/@_TreeTagger,word/21/lemma/@_disambiguated,word/21/lemma/analysis/0/@_morph,word/21/lemma/analysis/1/@_morph,word/21/lemma/analysis/2/@_morph,word/21/lemma/analysis/3/@_morph,word/22/@_form,word/22/@_id,word/22/lemma/@_id,word/22/lemma/@_entry,word/22/lemma/@_POS,word/22/lemma/@_disambiguated,word/22/lemma/@_TreeTagger,word/22/lemma/analysis/@_morph,word/23/@_form,word/23/@_id,word/23/lemma/@_id,word/23/lemma/@_entry,word/23/lemma/@_POS,word/23/lemma/@_disambiguated,word/23/lemma/@_TreeTagger,word/23/lemma/analysis/@_morph,word/24/@_form,word/24/@_id,word/24/lemma/@_id,word/24/lemma/@_entry,word/24/lemma/@_POS,word/24/lemma/@_TreeTagger,word/24/lemma/@_disambiguated,word/24/lemma/analysis/@_morph,word/25/@_form,word/25/@_id,word/25/lemma/@_id,word/25/lemma/@_entry,word/25/lemma/@_POS,word/25/lemma/@_TreeTagger,word/25/lemma/@_disambiguated,word/25/lemma/analysis/0/@_morph,word/25/lemma/analysis/1/@_morph,word/26/@_form,word/26/@_id,word/26/lemma/@_id,word/26/lemma/@_entry,word/26/lemma/@_POS,word/26/lemma/@_disambiguated,word/26/lemma/@_TreeTagger,word/26/lemma/analysis/@_morph,word/27/@_form,word/27/@_id,word/27/lemma/@_id,word/27/lemma/@_entry,word/27/lemma/@_POS,word/27/lemma/@_TreeTagger,word/27/lemma/@_disambiguated,word/27/lemma/analysis/@_morph,word/28/@_form,word/28/@_id,word/28/lemma/@_id,word/28/lemma/@_entry,word/28/lemma/@_POS,word/28/lemma/@_disambiguated,word/28/lemma/@_TreeTagger,word/28/lemma/analysis/@_morph,word/29/@_form,word/29/@_id,word/29/lemma/@_id,word/29/lemma/@_entry,word/29/lemma/@_POS,word/29/lemma/@_disambiguated,word/29/lemma/@_TreeTagger,word/29/lemma/analysis/@_morph,word/30/@_form,word/30/@_id,word/30/lemma/@_id,word/30/lemma/@_entry,word/30/lemma/@_POS,word/30/lemma/@_disambiguated,word/30/lemma/@_TreeTagger,word/30/lemma/analysis/@_morph,word/31/@_form,word/31/@_id,word/31/lemma/@_id,word/31/lemma/@_entry,word/31/lemma/@_POS,word/31/lemma/@_TreeTagger,word/31/lemma/@_disambiguated,word/31/lemma/analysis/@_morph,word/32/@_form,word/32/@_id,word/32/lemma/@_id,word/32/lemma/@_entry,word/32/lemma/@_POS,word/32/lemma/@_TreeTagger,word/32/lemma/@_disambiguated,word/32/lemma/analysis/0/@_morph,word/32/lemma/analysis/1/@_morph,word/33/@_form,word/33/@_id,word/33/lemma/@_id,word/33/lemma/@_entry,word/33/lemma/@_POS,word/33/lemma/@_TreeTagger,word/33/lemma/@_disambiguated,word/33/lemma/analysis/0/@_morph,word/33/lemma/analysis/1/@_morph,word/33/lemma/analysis/2/@_morph,word/34/@_form,word/34/@_id,word/34/lemma/@_id,word/34/lemma/@_entry,word/34/lemma/@_POS,word/34/lemma/@_disambiguated,word/34/lemma/@_TreeTagger,word/34/lemma/analysis/@_morph,word/35/@_form,word/35/@_id,word/35/lemma/@_id,word/35/lemma/@_entry,word/35/lemma/@_POS,word/35/lemma/@_TreeTagger,word/35/lemma/@_disambiguated,word/35/lemma/analysis/0/@_morph,word/35/lemma/analysis/1/@_morph,word/35/lemma/analysis/2/@_morph,word/35/lemma/analysis/3/@_morph,word/36/@_form,word/36/@_id,word/36/lemma/@_id,word/36/lemma/@_entry,word/36/lemma/@_POS,word/36/lemma/@_TreeTagger,word/36/lemma/@_disambiguated,word/36/lemma/analysis/0/@_morph,word/36/lemma/analysis/1/@_morph,word/37/@_form,word/37/@_id,word/37/lemma/@_id,word/37/lemma/@_entry,word/37/lemma/@_POS,word/37/lemma/@_disambiguated,word/37/lemma/@_TreeTagger,word/37/lemma/analysis/@_morph,word/38/@_form,word/38/@_id,word/38/lemma/@_id,word/38/lemma/@_entry,word/38/lemma/@_POS,word/38/lemma/@_TreeTagger,word/38/lemma/@_disambiguated,word/38/lemma/analysis/0/@_morph,word/38/lemma/analysis/1/@_morph,punct/3/@_mark,punct/4/@_mark,word/3/lemma/analysis/@_morph,word/6/lemma/analysis/0/@_morph,word/6/lemma/analysis/1/@_morph,word/7/lemma/analysis/0/@_morph,word/7/lemma/analysis/1/@_morph,word/12/lemma/analysis/0/@_morph,word/12/lemma/analysis/1/@_morph,word/12/lemma/analysis/2/@_morph,word/12/lemma/analysis/3/@_morph,word/15/lemma/analysis/0/@_morph,word/15/lemma/analysis/1/@_morph,word/20/lemma/analysis/@_morph,word/23/lemma/analysis/0/@_morph,word/23/lemma/analysis/1/@_morph,word/25/lemma/analysis/@_morph,word/26/lemma/analysis/0/@_morph,word/26/lemma/analysis/1/@_morph,word/26/lemma/analysis/2/@_morph,word/26/lemma/analysis/3/@_morph,word/0/lemma/analysis/0/@_morph,word/0/lemma/analysis/1/@_morph,word/5/lemma/analysis/2/@_morph,word/5/lemma/analysis/3/@_morph,word/8/lemma/analysis/0/@_morph,word/8/lemma/analysis/1/@_morph,word/15/lemma/analysis/2/@_morph,word/15/lemma/analysis/3/@_morph,word/17/lemma/analysis/0/@_morph,word/17/lemma/analysis/1/@_morph,word/6/lemma/analysis/2/@_morph,word/6/lemma/analysis/3/@_morph,word/9/lemma/analysis/0/@_morph,word/9/lemma/analysis/1/@_morph,word/8/lemma/analysis/2/@_morph,word/8/lemma/analysis/3/@_morph,word/9/lemma/analysis/2/@_morph,word/13/lemma/analysis/0/@_morph,word/13/lemma/analysis/1/@_morph,word/21/lemma/analysis/@_morph,word/24/lemma/analysis/0/@_morph,word/24/lemma/analysis/1/@_morph,word/27/lemma/analysis/0/@_morph,word/27/lemma/analysis/1/@_morph,word/28/lemma/analysis/0/@_morph,word/28/lemma/analysis/1/@_morph,word/33/lemma/analysis/@_morph,word/35/lemma/analysis/@_morph,punct/5/@_mark,word/1/lemma/analysis/0/@_morph,word/1/lemma/analysis/1/@_morph,word/4/@_lacuna,word/10/lemma/analysis/0/@_morph,word/10/lemma/analysis/1/@_morph,word/10/lemma/analysis/2/@_morph,word/19/lemma/analysis/0/@_morph,word/19/lemma/analysis/1/@_morph,word/17/lemma/analysis/2/@_morph,word/18/lemma/analysis/0/@_morph,word/18/lemma/analysis/1/@_morph,word/2/lemma/analysis/2/@_morph,word/2/lemma/analysis/3/@_morph,word/2/lemma/analysis/4/@_morph,word/9/@_lacuna,word/14/lemma/analysis/0/@_morph,word/14/lemma/analysis/1/@_morph,word/14/lemma/analysis/2/@_morph,word/14/lemma/analysis/3/@_morph,word/29/lemma/analysis/0/@_morph,word/29/lemma/analysis/1/@_morph,word/29/lemma/analysis/2/@_morph,word/32/lemma/analysis/@_morph,word/36/lemma/analysis/@_morph,word/38/lemma/analysis/@_morph,word/39/@_form,word/39/@_id,word/39/lemma/@_id,word/39/lemma/@_entry,word/39/lemma/@_POS,word/39/lemma/@_TreeTagger,word/39/lemma/@_disambiguated,word/39/lemma/analysis/0/@_morph,word/39/lemma/analysis/1/@_morph,word/40/@_form,word/40/@_id,word/40/lemma/@_id,word/40/lemma/@_entry,word/40/lemma/@_POS,word/40/lemma/@_TreeTagger,word/40/lemma/@_disambiguated,word/40/lemma/analysis/@_morph,word/41/@_form,word/41/@_id,word/41/lemma/@_id,word/41/lemma/@_entry,word/41/lemma/@_POS,word/41/lemma/@_disambiguated,word/41/lemma/@_TreeTagger,word/41/lemma/analysis/@_morph,word/42/@_form,word/42/@_id,word/42/lemma/@_id,word/42/lemma/@_entry,word/42/lemma/@_POS,word/42/lemma/@_disambiguated,word/42/lemma/@_TreeTagger,word/42/lemma/analysis/@_morph,word/43/@_form,word/43/@_id,word/43/lemma/@_id,word/43/lemma/@_entry,word/43/lemma/@_POS,word/43/lemma/@_TreeTagger,word/43/lemma/@_disambiguated,word/43/lemma/analysis/@_morph,word/44/@_form,word/44/@_id,word/44/lemma/@_id,word/44/lemma/@_entry,word/44/lemma/@_POS,word/44/lemma/@_TreeTagger,word/44/lemma/@_disambiguated,word/44/lemma/analysis/@_morph,word/45/@_form,word/45/@_id,word/45/lemma/@_id,word/45/lemma/@_entry,word/45/lemma/@_POS,word/45/lemma/@_TreeTagger,word/45/lemma/@_disambiguated,word/45/lemma/analysis/@_morph,word/16/lemma/analysis/0/@_morph,word/16/lemma/analysis/1/@_morph,word/16/lemma/analysis/2/@_morph,word/16/lemma/analysis/3/@_morph,word/11/lemma/analysis/3/@_morph,word/18/lemma/analysis/2/@_morph,word/17/lemma/analysis/3/@_morph,word/37/lemma/analysis/0/@_morph,word/37/lemma/analysis/1/@_morph,word/39/lemma/analysis/2/@_morph,word/39/lemma/analysis/3/@_morph,word/39/lemma/analysis/4/@_morph,word/41/lemma/analysis/0/@_morph,word/41/lemma/analysis/1/@_morph,word/41/lemma/analysis/2/@_morph,word/41/lemma/analysis/3/@_morph,word/43/lemma/analysis/0/@_morph,word/43/lemma/analysis/1/@_morph,word/43/lemma/analysis/2/@_morph,word/43/lemma/analysis/3/@_morph,word/43/lemma/analysis/4/@_morph,word/43/lemma/analysis/5/@_morph,word/0/lemma/analysis/2/@_morph,word/38/lemma/analysis/2/@_morph,word/39/lemma/analysis/@_morph,word/40/lemma/analysis/0/@_morph,word/40/lemma/analysis/1/@_morph
1,1,*(hsuxi/an,1,47629,ἡσυχία,noun,false,n/a,fem acc sg (attic doric aeolic),me\n,2,66260,μέν,particle,false,n/a,indeclform (particle),lo/gois,3,63772,λόγος,noun,false,n/a,masc dat pl,e)pith/deue,4,41345,ἐπιτηδεύω,verb,false,n/a,pres imperat act 2nd sg,imperf ind act 3rd sg (homeric ionic),h(suxi/an,5,47629,ἡσυχία,noun,false,n/a,fem acc sg (attic doric aeolic),de\,6,23596,δέ,particle,false,n/a,indeclform (particle),e)/rgois,7,42214,ἔργον,noun,false,n/a,neut dat pl,w(sau/tws,8,116408,ὡσαύτως,adverb,false,n/a,indeclform (adverb),de\,9,23596,δέ,particle,false,n/a,indeclform (particle),e)n,10,34700,ἐν,preposition,0.5,true,proclitic indeclform (prep),glw/tth|,11,22425,γλῶσσα,noun,false,n/a,fem dat sg (attic epic ionic),kai\,12,51951,καί,conjunction,false,n/a,indeclform (conj),badi/smati,13,18984,βάδισμα,noun,false,n/a,neut dat sg,",",",",:,,,,,,,,,,,,,,,,,,,,,,,,,,,,,,,,,,,,,,,,,,,,,,,,,,,,,,,,,,,,,,,,,,,,,,,,,,,,,,,,,,,,,,,,,,,,,,,,,,,,,,,,,,,,,,,,,,,,,,,,,,,,,,,,,,,,,,,,,,,,,,,,,,,,,,,,,,,,,,,,,,,,,,,,,,,,,,,,,,,,,,,,,,,,,,,,,,,,,,,,,,,,,,,,,,,,,,,,,,,,,,,,,,,,,,,,,,,,,,,,,,,,,,,,,,,,,,,,,,,,,,,,,,,,,,,,,,,,,,,,,,,,,,,,,,,,,,,,,,,,,,,,,,,,,,,,,,,,,,,,,,,,,,,,,,,,,,,,,,,,,,,,,,,,,,,,,,,,,,,,,,,,,,,,,,,,,,,,,,,,,,,,,,,,,,,
2,1,sfodro/thta,1,101714,σφοδρότης,noun,false,n/a,fem acc sg,de\,2,23596,δέ,particle,false,n/a,indeclform (particle),a)po/feuge,3,14198,ἀποφεύγω,verb,false,n/a,,propeth=,4,88299,προπετής,adverb,false,n/a,neut nom/voc/acc pl (attic epic doric),masc/fem/neut nom/voc/acc dual (doric aeolic),,,,,,,,,,,,,,,,,,,,,,,,,,,,,,,,,,,,,,,,,,,,,,,,,,,,,,,,,,,,,,,,,,,,,,,,,,,,pres imperat act 2nd sg,imperf ind act 3rd sg (homeric ionic),masc/fem acc sg (attic epic doric),:,,,,,,,,,,,,,,,,,,,,,,,,,,,,,,,,,,,,,,,,,,,,,,,,,,,,,,,,,,,,,,,,,,,,,,,,,,,,,,,,,,,,,,,,,,,,,,,,,,,,,,,,,,,,,,,,,,,,,,,,,,,,,,,,,,,,,,,,,,,,,,,,,,,,,,,,,,,,,,,,,,,,,,,,,,,,,,,,,,,,,,,,,,,,,,,,,,,,,,,,,,,,,,,,,,,,,,,,,,,,,,,,,,,,,,,,,,,,,,,,,,,,,,,,,,,,,,,,,,,,,,,,,,,,,,,,,,,,,,,,,,,,,,,,,,,,,,,,,,,,,,,,,,,,,,,,,,,,,,,,,,,,,,,,,,,,,,,,,,,,,,,,,,,,,,,,,,,,,,,,,,,,,,,,,,,,,,,,,,,,,,,,,,,
3,1,ou(/tws,1,76063,οὕτως,adverb,false,n/a,indeclform (adverb),ga\r,2,21618,γάρ,particle,false,n/a,indeclform (particle),o(,3,71882,ὁ,article,false,n/a,masc nom sg,nou=s,4,71023,νόος,adjective,false,n/a,masc acc pl (attic),masc nom sg (attic epic),diamenei=,5,25249,διαμένω,verb,false,n/a,,be/baios,6,19719,βέβαιος,adjective,false,n/a,,kai\,7,51951,καί,conjunction,false,n/a,indeclform (conj),ou)x,8,75730,οὐ,adverb,false,n/a,proclitic indeclform (adverb),u(po\,9,108092,ὑπό,preposition,false,n/a,indeclform (prep),th=s,10,71882,ὁ,article,n/a,false,fem gen sg (attic epic ionic),sfodro/thtos,11,101714,σφοδρότης,noun,false,n/a,fem gen sg,taraxw/dhs,12,102436,ταραχώδης,adverb,false,n/a,,geno/menos,13,22209,γίγνομαι,verb,false,n/a,aor part mid masc nom sg,",",",",",",,,,,fut ind mid 2nd sg (attic epic doric ionic),fut ind act 3rd sg (attic epic doric ionic),masc nom sg,masc/fem nom sg,masc/fem acc pl (attic epic doric),masc/fem nom/voc pl (doric aeolic),masc/fem nom sg,a)sqenh\s,14,16171,ἀσθενής,adjective,false,n/a,masc/fem nom sg,e)/stai,15,31130,εἰμί,verb,false,n/a,fut ind mid 3rd sg,kai\,16,51951,καί,conjunction,false,n/a,indeclform (conj),braxu\s,17,20885,βραχύς,adjective,false,n/a,masc nom sg,peri\,18,81017,περί,preposition,false,n/a,indeclform (prep),fro/nhsin,19,112356,φρόνησις,noun,0.5,true,fem acc sg,kai\,20,51951,καί,conjunction,false,n/a,indeclform (conj),skoteino\n,21,95190,σκοτεινός,adjective,false,n/a,masc acc sg,neut nom/voc/acc sg,o(rw=n,22,74735,ὁράω,verb,false,n/a,pres part act masc voc sg (epic),pres part act neut nom/voc/acc sg (epic),pres part act masc nom sg (attic epic ionic),pres part act masc nom sg (attic epic doric ionic),ou)de\,23,75764,οὐδέ,particle,0.33,false,indeclform (particle),h(tthqh/setai,24,47614,ἡσσάομαι,verb,0.5,true,fut ind mp 3rd sg (attic),me\n,25,66260,μέν,particle,false,n/a,indeclform (particle),gastrimargi/as,26,21661,γαστριμαργία,noun,false,n/a,fem acc pl,fem gen sg (attic doric aeolic),h(tthqh/setai,27,47614,ἡσσάομαι,verb,0.5,true,fut ind mp 3rd sg (attic),de\,28,23596,δέ,particle,false,n/a,indeclform (particle),e)pize/ontos,29,39359,ἐπιζάω,verb,0.5,true,pres part act masc/neut gen sg (epic doric ionic aeolic),qumou=,30,49415,θυμός,noun,1.0,true,masc gen sg,h(tthqh/setai,31,47614,ἡσσάομαι,verb,0.5,true,fut ind mp 3rd sg (attic),de\,32,23596,δέ,particle,false,n/a,indeclform (particle),tw=n,33,71882,ὁ,article,false,n/a,fem gen pl,masc/neut gen pl,a)/llwn,34,4490,ἄλλος,adjective,false,n/a,neut gen pl,fem gen pl,masc gen pl,paqw=n,35,76530,πάθος,adjective,1.0,true,neut gen pl (attic epic doric),e(/toimon,36,43287,ἑτοῖμος,adjective,false,n/a,masc acc sg (attic),neut nom/voc/acc sg (attic),masc/fem acc sg (attic),neut nom/voc/acc sg (attic),au)toi=s,37,17907,αὐτός,pronoun,false,n/a,neut dat pl,masc dat pl,a(/rpagma,38,15396,ἅρπαγμα,noun,0.5,true,neut nom/voc/acc sg,prokei/menos,39,87771,πρόκειμαι,verb,false,n/a,perf part mp masc nom sg,pres part mp masc nom sg,",",.,,,,,,,,,,,,,,,,,,,,,,,,,,,,,,,,,,,,,,,,,,,,,,,,,,,,,,,,,,,,,,,,,,,,,,,,,,,,,,,,,,,,,,,,,,,,,,,,,,,,,,,,,,,,,,,,,,,,,,,,,,,,,,,,,,,,,,,,,,,,,,,,,,,,,,,,,,,,,
4,1,to\n,1,71882,ὁ,article,false,n/a,masc acc sg,ga\r,2,21618,γάρ,particle,false,n/a,indeclform (particle),nou=n,3,71023,νόος,adjective,true,1.0,masc acc sg (attic),dei=,4,nlsj32160,δέομαι,verb,true,0.25,,,tw=n,5,71882,ὁ,article,false,n/a,,paqw=n,6,76530,πάθος,adjective,true,1.0,neut gen pl (attic epic doric),e)pikratei=n,7,39866,ἐπικρατέω,verb,false,n/a,,u(yhlo\n,8,109918,ὑψηλός,adjective,false,n/a,,e)pi\,9,nlsj126,ἐπί,preposition,false,n/a,indeclform (prep),h(su/xou,10,47637,ἥσυχος,adjective,n/a,false,masc/fem/neut gen sg,qro/nou,11,49203,θρόνον,noun,true,0.5,neut gen sg,kaqh/menon,12,51800,κάθημαι,verb,false,n/a,,a)forw=nta,13,18445,ἀφοράω,verb,false,n/a,,,,,,,,.,fem gen pl,masc/neut gen pl,,,perf part mid masc acc sg,perf part mid neut nom/voc/acc sg,,pro\s,14,88443,πρός,preposition,false,n/a,indeclform (prep),qeo/n,15,48291,θεός,noun,false,n/a,masc acc sg,,,,,,,,,,,,,,,,,,,,,,,,,,,,,,,,,,,,,,,,,,,,,,,,,,,,,,,,,,,,,,,,,,,,,,,,,,,,,,,,,,,,,,,,,,,,,,,,,,,,,,,,,,,,,,,,,,,,,,,,,,,,,,,,,,,,,,,,,,,,,,,,,,,,,,,,,,,,,,,,,,,,,,,,,,,,,,,,,,,,,,,,,,,,,,,,,,,,,,,,,,,,,,,,pres ind mp 2nd sg (attic epic doric ionic),pres inf act (attic epic doric),pres inf act (attic epic doric),masc acc sg,neut nom/voc/acc sg,pres part act neut nom/voc/acc pl,pres part act masc acc sg,pres part act neut nom/voc/acc pl (epic),pres part act masc acc sg (epic),,,,,,,,,,,,,,,,,,,,,,,,,,,,,,,,,,,,,,,,,,,,,,,,,,,,,,,,,,,,,,,,,,,,,,,,,,,,,,,,,,,,,,,,,,,,,,,,,,,,,,,,,,,,,,,,,,,,,,,,,,,,,,,,,,,,,,,,,,,,,,,,,,,,
5,1,mhde\n,1,67302,μηδείς,pronoun,false,n/a,neut nom/voc/acc sg,o)cuxoli/as,2,unknown,,,false,n/a,,a)na/pleos,3,7218,ἀνάπλεος,adjective,false,n/a,masc nom sg,e)/so,4,unknown,,,false,n/a,,,peri\,5,81017,περί,preposition,false,n/a,indeclform (prep),o)rga/s,6,74761,ὀργάς,noun,true,0.5,fem nom sg,mhde\,7,67299,μηδέ,particle,false,n/a,indeclform (particle),nwqro\s,8,71373,νωθρός,adjective,false,n/a,masc nom sg,e)n,9,34700,ἐν,preposition,true,0.5,proclitic indeclform (prep),lo/gois,10,63772,λόγος,noun,n/a,false,masc dat pl,mhde\,11,67299,μηδέ,particle,false,n/a,indeclform (particle),e)n,12,34700,ἐν,preposition,true,0.5,proclitic indeclform (prep),badi/smasin,13,18984,βάδισμα,noun,false,n/a,neut dat pl,",",",",",",,,,,,,,,,,,o)/knou,14,72769,ὄκνος,noun,false,n/a,masc gen sg,peplhrwme/nos,15,83834,πληρόω,verb,false,n/a,perf part mp masc nom sg,i(/na,16,50492,ἵνα,conjunction,false,n/a,,soi,17,97456,σύ,pronoun,false,n/a,dat 2nd sg,r(uqmo\s,18,92783,ῥυθμός,noun,false,n/a,masc nom sg,a)gaqo\s,19,260,ἀγαθός,adjective,n/a,false,masc nom sg,th\n,20,71882,ὁ,article,false,n/a,fem acc sg (attic epic ionic),h(suxi/an,21,47629,ἡσυχία,noun,false,n/a,,,kosmh=|,22,59295,κοσμέω,verb,false,n/a,pres subj mp 2nd sg,pres ind mp 2nd sg,pres subj act 3rd sg,,kai\,23,51951,καί,conjunction,n/a,false,indeclform (conj),qeiw=de/s,24,48059,θειώδης,adverb,n/a,false,,ti,25,104051,τις,pronoun,false,n/a,neut nom/voc/acc sg,kai\,26,51951,καί,conjunction,false,n/a,,,i(ero\n,27,50093,ἱερός,adjective,1.0,true,,to\,28,71882,ὁ,article,false,n/a,neut nom/voc/acc sg,sxh=ma,29,101851,σχῆμα,noun,n/a,false,neut nom/voc/acc sg,fai/nhtai,30,110114,φαίνω,verb,n/a,false,pres subj mp 3rd sg,,,,,,,,,,,,,,,,,,,,,,,,,,,,,,,,,,,,,,,,,,,,,,,,,,,,,,,,,,,,,,,,,,,,,,,,,,,,,,,,,.,,,,,,,,,,,indeclform (adverb),indeclform (conj),fem acc sg (attic doric aeolic),masc/fem voc sg,neut nom/voc/acc sg,indeclform (conj),masc acc sg,neut nom/voc/acc sg,masc/fem acc sg,neut nom/voc/acc sg,,,,,,,,,,,,,,,,,,,,,,,,,,,,,,,,,,,,,,,,,,,,,,,,,,,,,,,,,,,,,,,,,,,,,,,,,,,,,,,,,,,,,,,,,,,,,,,,,,,,,,,,,,,,,,,,,,,,,,,,,,,,,,,,,,,,,,,,,,
6,1,fula/ttou,1,112559,φυλάσσω,verb,false,n/a,,de\,2,23596,δέ,particle,false,n/a,indeclform (particle),kai\,3,51951,καί,conjunction,false,n/a,indeclform (conj),th=s,4,71882,ὁ,article,false,n/a,,,u(perhfani/as,5,107546,ὑπερηφανία,noun,false,n/a,,ta\,6,71882,ὁ,article,true,1.0,,su/mbola,7,98312,σύμβολον,noun,false,n/a,neut nom/voc/acc pl,sxh=ma,8,101851,σχῆμα,noun,false,n/a,neut nom/voc/acc sg,u(yauxenou=n,9,109893,ὑψαυχενέω,verb,false,n/a,,kai\,10,51951,καί,conjunction,n/a,false,indeclform (conj),kefalh\n,11,56991,κεφαλή,noun,false,n/a,fem acc sg (attic epic ionic),e)chrme/nhn,12,36575,ἐξαίρω,verb,false,n/a,perf part mp fem acc sg (attic epic ionic),kai\,13,51951,καί,conjunction,false,n/a,indeclform (conj),",",.,,,,,,fem acc pl,fem gen sg (attic doric aeolic),neut acc pl,neut nom/voc/acc pl,,,,bh=ma,14,19841,βῆμα,noun,false,n/a,neut nom/voc/acc sg,podw=n,15,86108,πούς,noun,true,1.0,masc gen pl,a(bro\n,16,184,ἁβρός,adjective,false,n/a,,kai\,17,51951,καί,conjunction,false,n/a,indeclform (conj),mete/wron,18,67156,μετέωρος,adjective,false,n/a,,,,,,,,,,,,,,,,,,,,,,,,,,,,,,,,,,,,,,,,,,,,,,,,,,,,,,,,,,,,,,,,,,,,,,,,,,,,,,,,,,,,,,,,,,,,,,,,,,,,,,,,,,,,,,,,,,,,,,,,,,,,,,,,,,,,,,,,,,,,,,,,,,,,,,,,,,,,,,,,,,,,,,,,,,,,,,,,,,,,,,,,,fem gen sg (attic epic ionic),,,,,,,,,masc acc sg,neut nom/voc/acc sg,,,,,,,,,pres imperat mp 2nd sg (attic epic doric),imperf ind mp 2nd sg (attic epic doric),fem acc dual,fem nom/voc/acc dual,pres part act masc voc sg (attic epic doric),pres part act neut nom/voc/acc sg (attic epic doric),masc/fem acc sg,neut nom/voc/acc sg,masc/fem acc sg,neut nom/voc/acc sg,,,,,,,,,,,,,,,,,,,,,,,,,,,,,,,,,,,,,,,,,,,,,,,,,,,,,,,,,,,,,,,,,,,,,,,,,,,,,,,,,,,,,,,,,,,,,,,,,,,,,,,,,,,,,,,,,,,,,,,,,,,,,,,,
7,1,*)/hpia/,1,47493,ἤπιος,adjective,false,n/a,,soi,2,97456,σύ,pronoun,false,n/a,dat 2nd sg,pro\s,3,88443,πρός,preposition,false,n/a,indeclform (prep),tou\s,4,71882,ὁ,article,false,n/a,,,a)pantw=ntas,5,11411,ἀπαντάω,verb,false,n/a,,e)/stw,6,31130,εἰμί,verb,true,0.5,pres imperat act 3rd sg,ta\,7,71882,ὁ,article,true,1.0,,r(h/mata,8,92329,ῥῆμα,noun,false,n/a,neut nom/voc/acc pl,kai\,9,51951,καί,conjunction,false,n/a,indeclform (conj),proshgori/ai,10,89361,προσηγορία,noun,n/a,false,,glukei=ai,11,22389,γλυκύς,adjective,false,n/a,fem nom/voc pl,,,,,,,,,,,,,,,,,",",:,,,,,,pres part act masc acc pl,pres part act masc acc pl,,,,,,,,,,,,,,,,,,,,,,,,,,,,,,,,,,,,,,,,,,,,,,,,,,,,,,,,,,,,,,,,,,,,,,,,,,,,,,,,,,,,,,,,,,,,,,,,,,,,,,,,,,,,,,,,,,,,,,,,,,,,,,,,,,,,,,,,,,,,,,,,,,,,,,,,,,,,,,,,,,,,,,,,,,,,,,,,,,,,,,,,,,,,,,,,,,,,,,,,,,,,,,,,,,,,,,,,,,,,,,,,,,,,,masc acc pl,neut acc pl,neut nom/voc/acc pl,,,,,,,,,,,,,,,,,neut nom/voc/acc pl,neut nom/voc/acc pl,,,,,,,,,fem acc dual,fem nom/voc/acc dual,fem nom/voc pl,fem dat sg (attic doric aeolic),,,,,,,,,,,,,,,,,,,,,,,,,,,,,,,,,,,,,,,,,,,,,,,,,,,,,,,,,,,,,,,,,,,,,,,,,,,,,,,,,,,,,,,,,,,,,,,,,,,,,,,,,,,,,,,,,,,,,,,,,,,,
8,1,ai)dw\s,1,2271,αἰδώς,adjective,false,n/a,fem nom sg,de\,2,23596,δέ,particle,false,n/a,indeclform (particle),pro\s,3,88443,πρός,preposition,false,n/a,indeclform (prep),gunai=kas,4,23069,γυνή,noun,false,n/a,,,kai\,5,51951,καί,conjunction,false,n/a,indeclform (conj),ble/mma,6,20084,βλέμμα,noun,false,n/a,neut nom/voc/acc sg,tetramme/non,7,104685,τρέπω,verb,false,n/a,,ei)s,8,31235,εἰς,preposition,false,n/a,proclitic indeclform (prep),gh=n,9,22100,γῆ,noun,true,1.0,fem acc sg (attic epic ionic),,,,,,,,,,,,,,,,,,,,,,,,,,,,,,,,,,,,,,,.,,,,,,,,,,,,,,,,,,,,,,,,,,,,,,,,,,,,,,,,,,,,,,,,,,,,,,,,,,,,,,,,,,,,,,,,,,,,,,,,,,,,,,,,,,,,,,,,,,,,,,,,,,,,,,,,,,,,,,,,,,,,,,,,,,,,,,,,,,,,,,,,,,,,,,,,,,,,,,,,,,,,,,,,,,,,,,,,,,,,,,,,,,,,,,,,,,,,,,,,,,,,,,,,,,,,,,,,,,,,,,,,,,,,,,,fem acc pl,perf part mp masc acc sg,perf part mp neut nom/voc/acc sg,,,,,,,,,,,,,,,,,,,,,,,,,,,,,,,,,,,,,,,,,,,,,,,,,,,,,,,,,,,,,,,,,,,,,,,,,,,,,,,,,,,,,,,,,,,,,,,,,,,,,,,,,,,,,,,,,,,,,,,,,,,,,,,,,,,,,,,,,,,,,,,,,,,,,,,,,,
9,1,la/lei,1,61771,λαλέω,verb,false,n/a,,de\,2,23596,δέ,particle,false,n/a,indeclform (particle),perieskemme/nws,3,81334,περιεσκεμμένως,adverb,false,n/a,indeclform (adverb),a(/panta,4,11583,ἅπας,adjective,false,n/a,neut nom/voc/acc pl,masc acc sg,kai\,5,51951,καί,conjunction,false,n/a,indeclform (conj),th=|,6,71882,ὁ,article,true,1.0,fem dat sg (attic epic ionic),fwnh=|,7,112833,φωνή,noun,true,1.0,fem dat sg (attic epic ionic),to\,8,71882,ὁ,article,false,n/a,neut nom/voc/acc sg,xrh/simon,9,114651,χρήσιμος,adjective,false,n/a,,a)podi/dou,10,12485,ἀποδίδωμι,verb,n/a,false,,th=|,11,71882,ὁ,article,true,1.0,fem dat sg (attic epic ionic),xrei/a|,12,114558,χρεία,noun,false,n/a,fem dat sg (attic doric aeolic),tw=n,13,71882,ὁ,article,false,n/a,,",",",",",",,,,,,,,,,,,a)kouo/ntwn,14,3398,ἀκούω,verb,false,n/a,,to\,15,71882,ὁ,article,false,n/a,neut nom/voc/acc sg,fqe/gma,16,110666,φθέγμα,adjective,false,n/a,neut nom/voc/acc sg,metrw=n,17,67225,μετρέω,verb,false,n/a,pres part act masc nom sg (attic epic doric),a)/xri,18,18790,ἄχρι,adverb,false,n/a,indeclform (adverb),a)\n,19,6207,ἄν,particle,1.0,true,indeclform (particle),kai\,20,51951,καί,conjunction,false,n/a,indeclform (conj),e)ca/kouston,21,36619,ἐξάκουστος,adjective,false,n/a,masc/fem acc sg,neut nom/voc/acc sg,h)=|,22,31130,εἰμί,verb,false,n/a,,,,,kai\,23,51951,καί,conjunction,n/a,false,indeclform (conj),mh/te,24,67541,μήτε,particle,n/a,false,indeclform (particle),diafeu=gon,25,26199,διαφεύγω,verb,false,n/a,,th\n,26,71882,ὁ,article,false,n/a,,,a)koh\n,27,3261,ἀκοή,noun,n/a,false,fem acc sg (attic epic ionic),tw=n,28,71882,ὁ,article,false,n/a,,paro/ntwn,29,79223,πάρειμι,verb,n/a,false,,u(po\,30,108092,ὑπό,preposition,n/a,false,indeclform (prep),smikro/thtos,31,67778,μικρότης,noun,n/a,false,fem gen sg,mh/te,32,67541,μήτε,particle,false,n/a,indeclform (particle),u(perba/llon,33,107315,ὑπερβάλλω,verb,false,n/a,pres part act masc voc sg,pres part act neut nom/voc/acc sg,mei/zoni,34,65552,μέγας,adverb,false,n/a,,,,th=|,35,71882,ὁ,article,1.0,true,fem dat sg (attic epic ionic),kraugh=|,36,59760,κραυγή,noun,true,1.0,,,,,,,,,,,,,,,,,,,,,,,,,,,,,,,",",",",,,,,,fem gen pl,masc/neut gen pl,,,,,,,,fem acc sg (attic epic ionic),,,,,pres imperat act 2nd sg (attic epic),imperf ind act 3rd sg (attic epic),,,masc acc sg,neut nom/voc/acc sg,,,,,,,pres imperat act 2nd sg,imperf ind act 3rd sg (homeric ionic),masc/fem acc sg,neut nom/voc/acc sg,imperf ind act 3rd sg (epic),pres part act masc/neut gen pl,pres imperat act 3rd pl,pres subj act 3rd sg,pres part act masc voc sg,pres part act neut nom/voc/acc sg,fem gen pl,masc/neut gen pl,pres imperat act 3rd pl (attic),pres part act masc/neut gen pl,dat comp sg,fem dat sg (attic epic ionic),.,,,,,,,,,,,,,,,,,,,,,,,,,,,,,,,,,,,,,,,,,,,,,,,,,,,,,,,,,,,,,,,,,,,,,,,,,,,,,,,,,,,,,,,,,,,,,,,,,,,,,,,,,,,,,
10,1,fula/ttou,1,112559,φυλάσσω,verb,false,n/a,,de\,2,23596,δέ,particle,false,n/a,indeclform (particle),o(/pws,3,74713,ὅπως,conjunction,false,n/a,indeclform (conj),mhde/n,4,67302,μηδείς,pronoun,false,n/a,,,pote,5,nlsj67563,ποτέ,particle,false,n/a,enclitic indeclform (particle),lalh/sh|s,6,61771,λαλέω,verb,false,n/a,aor subj act 2nd sg,o(\,7,75512,ὅς,pronoun,true,1.0,neut nom/voc/acc sg,mh\,8,67283,μή,conjunction,false,n/a,indeclform (conj),proeske/yw,9,89584,προσκέπτομαι,verb,false,n/a,aor ind mp 2nd sg,kai\,10,51951,καί,conjunction,n/a,false,indeclform (conj),proeno/hsas,11,nlsj91107,προνοοῦμαι,verb,false,n/a,aor ind act 2nd sg,,,,,,,,,,,,,,,,,,,,,,,:,,,,,,,,,,,,,,,,,,,,,,,,,,,,,,,,,,,,,,,,,,,,,,,,,,,,,,,,,,,,,,,,,,,,,,,,,,,,,,,,,,,,,,,,,,,,,,,,,,,,,,,,,,,,,,,,,,,,,,,,,,,,,,,,,,,,,,,,,,,,,,,,,,,,,,,,,,,,,,,,,,,,,,,,,,,,,,,,,,,,,,,,,,,,,,,,,,,,,,,,,,,,,,,,,,,,,,,,,,,,,,,,,,,,,,,neut nom/voc/acc sg,,,,,,,,,,,,,,,,,,,pres imperat mp 2nd sg (attic epic doric),imperf ind mp 2nd sg (attic epic doric),,,,,,,,,,,,,,,,,,,,,,,,,,,,,,,,,,,,,,,,,,,,,,,,,,,,,,,,,,,,,,,,,,,,,,,,,,,,,,,,,,,,,,,,,,,,,,,,,,,,,,,,,,,,,,,,,,,,,,,,,,,,,,,,,,,,,,,,
11,1,mhde\,1,67299,μηδέ,particle,false,n/a,indeclform (particle),proxei/rws,2,90753,πρόχειρος,adjective,false,n/a,,kai\,3,51951,καί,conjunction,false,n/a,indeclform (conj),metacu\,4,66838,μεταξύ,adverb,false,n/a,,,tw=n,5,71882,ὁ,article,false,n/a,,tou=,6,71882,ὁ,article,true,1.0,masc/neut gen sg,e(te/rou,7,43206,ἕτερος,adjective,false,n/a,masc/neut gen sg,lo/gwn,8,63772,λόγος,noun,true,1.0,masc gen pl,u(po/balle,9,108103,ὑποβάλλω,verb,false,n/a,,tou\s,10,71882,ὁ,article,n/a,false,masc acc pl,sautou=,11,nlsj98267,σαυτοῦ,pronoun,false,n/a,,dei=,12,nlsj32160,δέομαι,verb,true,0.25,pres ind mp 2nd sg (attic epic doric ionic),ga\r,13,21618,γάρ,particle,false,n/a,indeclform (particle),",",:,,,,,,fem gen pl,masc/neut gen pl,,,,,,a)na\,14,6213,ἀνά,preposition,false,n/a,indeclform (prep),me/ros,15,66342,μέρος,noun,false,n/a,neut nom/voc/acc sg,a)kou/ein,16,3398,ἀκούω,verb,false,n/a,pres inf act (attic epic),kai\,17,51951,καί,conjunction,false,n/a,indeclform (conj),diale/gesqai,18,25120,διαλέγω,verb,false,n/a,pres inf mp,xro/nw|,19,114753,χρόνος,noun,n/a,false,masc dat sg,meri/zonta,20,66306,μερίζω,verb,false,n/a,,lo/gon,21,63772,λόγος,noun,false,n/a,,,kai\,22,51951,καί,conjunction,false,n/a,,,,,siwph/n,23,94474,σιωπή,noun,n/a,false,fem acc sg (attic epic ionic),,,,,,,,,,,,,,,,,,,,,,,,,,,,,,,,,,,,,,,,,,,,,,,,,,,,,,,,,,,,,,,,,,,,,,,,,,,,,,,,,,,,,,,,,,,,,,,,,,,,,,,,,,,,,,,,,,,,,,,,,,,,,,,,,,,,,,,,,,,,indeclform (adverb),,,,,,,,,,,masc acc sg,,,,,,,,,,,,pres imperat act 2nd sg,imperf ind act 3rd sg (homeric ionic),,,,,,,,,,,,,,indeclform (conj),,,,,,,,,,adverbial,masc/fem acc pl (doric),true,masc/neut gen sg,neut gen sg,masc gen sg,pres part act neut nom/voc/acc pl,pres part act masc acc sg,,,,,,,,,,,,,,,,,,,,,,,,,,,,,,,,,,,,,,,,,,,,,,,,,,,,,,,,,,,,,,,,,,,,,,,,,,,,,,,,,,,,,,,,,,,,,,,,,,,,,
12,1,ma/nqane,1,64914,μανθάνω,verb,false,n/a,,de\,2,23596,δέ,particle,false,n/a,indeclform (particle),a)sme/nws,3,16330,ἄσμενος,adjective,false,n/a,,kai\,4,51951,καί,conjunction,false,n/a,,,a)fqo/nws,5,18314,ἄφθονος,adjective,false,n/a,,di/daske,6,26412,διδάσκω,verb,false,n/a,,mhde\,7,67299,μηδέ,particle,false,n/a,indeclform (particle),u(po\,8,108092,ὑπό,preposition,false,n/a,indeclform (prep),fqo/nou,9,110745,φθόνος,noun,false,n/a,masc gen sg,pote\,10,86083,ποτός,adjective,1.0,true,masc voc sg,sofi/an,11,95641,σοφία,noun,false,n/a,fem acc sg (attic doric aeolic),a)pokru/ptou,12,12965,ἀποκρύπτω,verb,false,n/a,,pro\s,13,88443,πρός,preposition,false,n/a,indeclform (prep),",",",",",",adverbial,masc acc pl (doric),,,adverbial,masc/fem acc pl (doric),pres imperat act 2nd sg,imperf ind act 3rd sg (homeric ionic),pres imperat mp 2nd sg (attic epic doric),imperf ind mp 2nd sg (attic epic doric),,tou\s,14,71882,ὁ,article,false,n/a,masc acc pl,e(te/rous,15,43206,ἕτερος,adjective,false,n/a,masc acc pl,mhde\,16,67299,μηδέ,particle,false,n/a,indeclform (particle),maqh/sews,17,64517,μάθησις,noun,false,n/a,fem gen sg (attic),a)fi/staso,18,18390,ἀφίστημι,verb,false,n/a,,di),19,24517,διά,preposition,1.0,true,,ai)dw=,20,2268,αἰδώ,noun,true,1.0,,,,,,,,,,,,,,,,,,,,,,,,,,,,,,,,,,,,,,,,,,,,,,,,,,,,,,,,,,,,,,,,,,,,,,,,,,,,,,,,,,,,,,,,,,,,,,,,,,,,,,,,,,,,,,,,,,,,,,,,,,,,,,,,,,,,,,,,,,,,,,,,,,,,,,,,,,,,,,,,,,,,,,,.,,indeclform (conj),,,,,,,,,,,,,,,,,,,pres imperat act 2nd sg,imperf ind act 3rd sg (homeric ionic),,,,,,,imperf ind mp 2nd sg,pres imperat mp 2nd sg,,,,,,,,,,,,,,,,,,,,,,,,,,fem nom/voc/acc dual (doric aeolic),fem acc sg,imperf ind mp 2nd sg (homeric ionic),indeclform (prep),poetic indeclform (prep),,,,,,,,,,,,,,,,,,,,,,,,,,,,,,,,,,,,,,,,,,,,,,,,,,,,,,,,,,,,,,,,,,,,,,,,,,,,,,,,,,,,,,,,,,,,,,,,,,
13,1,u(/peike,1,107031,ὑπείκω,verb,false,n/a,,presbute/rois,2,86305,πρέσβυς,noun,false,n/a,masc/neut dat pl,i)/sa,3,51148,ἴσος,adjective,false,n/a,,patra/sin,4,80011,πατήρ,noun,false,n/a,masc dat pl,masc dat pl,,,,,,,,,,,,,,,,,,,,,,,,,,,,,,,,,,,,,,,,,,,,,,,,,,,,,,,,,,,,,,,,,,,,,,,,,,,,neut nom/voc/acc pl,fem nom/voc/acc dual,,:,,,,,,,,,,,,,,,,,,,,,,,,,,,,,,,,,,,,,,,,,,,,,,,,,,,,,,,,,,,,,,,,,,,,,,,,,,,,,,,,,,,,,,,,,,,,,,,,,,,,,,,,,,,,,,,,,,,,,,,,,,,,,,,,,,,,,,,,,,,,,,,,,,,,,,,,,,,,,,,,,,,,,,,,,,,,,,,,,,,,,,,,,,,,,,,,,,,,,,,,,,,,,,,,,,,,,,,,,,,,,,,,,,,,,,,,,,,,,,,,,,,,,,,,,,pres imperat act 2nd sg,imperf ind act 3rd sg (homeric ionic),,,,,,,,,,,,,,,,,,,,,,,,,,,,,,,,,,,,,,,fem nom/voc sg (doric aeolic),fem nom/voc/acc dual (epic),fem nom/voc sg (epic doric aeolic),,,,,,,,,,,,,,,,,,,,,,,,,,,,,,,,,,,,,,,,,,,,,,,,,,,,,,,,,,,,,,,,,,,,,,,,,,,,,,,,,,,,,,,,,,,,,,,
14,1,ti/ma,1,103972,τιμάω,verb,false,n/a,,qera/pontas,2,48395,θεράπων,noun,false,n/a,masc acc pl,qeou=,3,48291,θεός,noun,true,1.0,masc gen sg,,,,,,,,,,,,,,,,,,,,,,,,,,,,,,,,,,,,,,,,,,,,,,,,,,,,,,,,,,,,,,,,,,,,,,,,,,,,,,,,,,,,,,,,:,,,,,,,,,,,,,,,,,,,,,,,,,,,,,,,,,,,,,,,,,,,,,,,,,,,,,,,,,,,,,,,,,,,,,,,,,,,,,,,,,,,,,,,,,,,,,,,,,,,,,,,,,,,,,,,,,,,,,,,,,,,,,,,,,,,,,,,,,,,,,,,,,,,,,,,,,,,,,,,,,,,,,,,,,,,,,,,,,,,,,,,,,,,,,,,,,,,,,,,,,,,,,,,,,,,,,,,,,,,,,,,,,,,,,,,,,,,,,,,,,,,,,,,,,,pres imperat act 2nd sg,imperf ind act 3rd sg (homeric ionic),,,,,,,,,,,,,,,,,,,,,,,,,,,,,,,,,,,,,,,,,,,,,,,,,,,,,,,,,,,,,,,,,,,,,,,,,,,,,,,,,,,,,,,,,,,,,,,,,,,,,,,,,,,,,,,,,,,,,,,,,,,,,,,,,,,,,,,,
15,1,ka/tarxe,1,55086,κατάρχω,verb,false,n/a,,sofi/as,2,95641,σοφία,noun,false,n/a,,kai\,3,51951,καί,conjunction,false,n/a,indeclform (conj),a)reth=s,4,nlsj14967,ἀρετή,noun,true,1.0,,,,,,,,,,,,,,,,,,,,,,,,,,,,,,,,,,,,,,,,,,,,,,,,,,,,,,,,,,,,,,,,,,,,,,,,,,,,,,,,,.,,,,,,,,,,,,,,,,,,,,,,,,,,,,,,,,,,,,,,,,,,,,,,,,,,,,,,,,,,,,,,,,,,,,,,,,,,,,,,,,,,,,,,,,,,,,,,,,,,,,,,,,,,,,,,,,,,,,,,,,,,,,,,,,,,,,,,,,,,,,,,,,,,,,,,,,,,,,,,,,,,,,,,,,,,,,,,,,,,,,,,,,,,,,,,,,,,,,,,,,,,,,,,,,,,,,,,,,,,,,,,,,,,,,,,,fem gen sg (attic epic ionic),,,,,,,,,,,,,,,,,,,pres imperat act 2nd sg,imperf ind act 3rd sg (homeric ionic),,,,,,,,,,,,,,,,,,,,,,,,,,,,fem acc pl,fem gen sg (attic doric aeolic),,,,,,,,,,,,,,,,,,,,,,,,,,,,,,,,,,,,,,,,,,,,,,,,,,,,,,,,,,,,,,,,,,,,,,,,,,,,,,,,,,,,,,,,,,,,,,,,,,,,,,,,,,,
16,1,mhde\,1,67299,μηδέ,particle,false,n/a,indeclform (particle),e)ristiko\s,2,42538,ἐριστικός,adjective,false,n/a,masc nom sg,e)/so,3,unknown,,,false,n/a,,pro\s,4,88443,πρός,preposition,false,n/a,,,tou\s,5,71882,ὁ,article,false,n/a,masc acc pl,fi/lous,6,111462,φῖλος,noun,true,1.0,neut gen sg (attic epic doric),mhde\,7,67299,μηδέ,particle,false,n/a,indeclform (particle),xleuasth\s,8,114134,χλευαστής,noun,false,n/a,masc nom sg,kat',9,53647,κατά,preposition,false,n/a,indeclform (prep),au)tw=n,10,17907,αὐτός,pronoun,n/a,false,,kai\,11,51951,καί,conjunction,false,n/a,indeclform (conj),gelwtopoio/s,12,21815,γελωτοποιός,adjective,false,n/a,masc/fem nom sg,,,,,,,,,",",:,,,,,,,,,,,,,,,,,,,,,,,,,,,,,,,,,,,,,,,,,,,,,,,,,,,,,,,,,,,,,,,,,,,,,,,,,,,,,,,,,,,,,,,,,,,,,,,,,,,,,,,,,,,,,,,,,,,,,,,,,,,,,,,,,,,,,,,,,,,,,,,,,,,,,,,,,,,,,,,,,,,,,,,,,,,,,,,,,,,,,,,,,,,,,,,,,,,,,,,,,,,,,,,,,,,,,,,,,,,,,,,,,,,,,,,,,,,,indeclform (prep),,,,,,,,,,,,,,,,,,,,,,,,,,,,,,,neut gen pl,fem gen pl,,,masc gen pl,,,,,,,,,,,,,,,,,,,,,,,,,,,,,,,,,,,,,,,,,,,,,,,,,,,,,,,,,,,,,,,,,,,,,,,,,,,,,,,,,,,,,,,,,,,,,,,,,,,,,,,,,,,,,,,,,,,,,,,,,
17,1,yeu=dos,1,115563,ψεῦδος,noun,false,n/a,neut nom/voc/acc sg,de\,2,23596,δέ,particle,false,n/a,indeclform (particle),kai\,3,51951,καί,conjunction,false,n/a,indeclform (conj),do/lon,4,27945,δόλος,noun,false,n/a,,,kai\,5,51951,καί,conjunction,false,n/a,indeclform (conj),u(/brin,6,106177,ὕβρις,noun,false,n/a,fem acc sg,i)sxurw=s,7,51358,ἰσχυρός,adjective,true,1.0,adverbial,parai/tou,8,unknown,,,false,n/a,,,,,,,,,,,,,,,,,,,,,,,,,,,,,,,,,,,,,,,,,,,,,,,,:,,,,,,,,,,,,,,,,,,,,,,,,,,,,,,,,,,,,,,,,,,,,,,,,,,,,,,,,,,,,,,,,,,,,,,,,,,,,,,,,,,,,,,,,,,,,,,,,,,,,,,,,,,,,,,,,,,,,,,,,,,,,,,,,,,,,,,,,,,,,,,,,,,,,,,,,,,,,,,,,,,,,,,,,,,,,,,,,,,,,,,,,,,,,,,,,,,,,,,,,,,,,,,,,,,,,,,,,,,,,,,,,,,,,,,,masc acc sg,,,,,,,,,,,,,,,,,,,,,,,,,,,,,,,,,,,,,,,,,,,,,,,,,,,,,,,,,,,,,,,,,,,,,,,,,,,,,,,,,,,,,,,,,,,,,,,,,,,,,,,,,,,,,,,,,,,,,,,,,,,,,,,,,,,,,,,,,,,,,,,,,,,,,,,,,,,,
18,1,su\n,1,99002,σύν,preposition,false,n/a,indeclform (prep),eu)fhmi/a|,2,45405,εὐφημία,noun,false,n/a,,de\,3,23596,δέ,particle,false,n/a,indeclform (particle),fe/re,4,110598,φέρω,verb,false,n/a,pres imperat act 2nd sg,imperf ind act 3rd sg (homeric ionic),kai\,5,51951,καί,conjunction,false,n/a,indeclform (conj),to\n,6,71882,ὁ,article,false,n/a,masc acc sg,u(perh/fanon,7,107547,ὑπερήφανος,adjective,false,n/a,,kai\,8,51951,καί,conjunction,false,n/a,indeclform (conj),u(bristh\n,9,106184,ὑβριστής,noun,false,n/a,masc acc sg (attic epic ionic),w(s,10,116401,ὡς,conjunction,n/a,false,proclitic indeclform (conj),pra=|o/s,11,86187,πρᾶος,adjective,false,n/a,masc/fem nom sg,te,12,102752,τε,particle,false,n/a,enclitic indeclform (particle),kai\,13,51951,καί,conjunction,false,n/a,indeclform (conj),,,,,,,.,,,,,,,,megalo/yuxos,14,65529,μεγαλόψυχος,adjective,false,n/a,masc/fem nom sg,a)nh/r,15,8665,ἀνήρ,noun,false,n/a,masc nom sg,,,,,,,,,,,,,,,,,,,,,,,,,,,,,,,,,,,,,,,,,,,,,,,,,,,,,,,,,,,,,,,,,,,,,,,,,,,,,,,,,,,,,,,,,,,,,,,,,,,,,,,,,,,,,,,,,,,,,,,,,,,,,,,,,,,,,,,,,,,,,,,,,,,,,,,,,,,,,,,,,,,,,,,,,,,,,,,,,,,,,,,,,,,,,,,,,,,,,,,,,,,,,,,,,masc/fem acc sg,neut nom/voc/acc sg,,,,,,,,,,,,,,,,,,,,,,,,,,,,,,,,,,,,,,,,,,,,,,fem nom/voc pl,fem dat sg (attic doric aeolic),,,,,,,,,,,,,true,,,,,,,,,,,,,,,,,,,,,,,,,,,,,,,,,,,,,,,,,,,,,,,,,,,,,,,,,,,,,,,,,,,,,,,,,,,,,,,,,,,,,,,,,,,,,,
19,1,*kei/sqw,1,57039,κέω,verb,true,0.5,pres imperat mp 3rd sg (attic epic),de/,2,23596,δέ,particle,false,n/a,indeclform (particle),soi,3,97456,σύ,pronoun,false,n/a,dat 2nd sg,pa/nta,4,79904,πᾶς,adjective,false,n/a,masc acc sg,neut nom/voc/acc pl,ei)s,5,31235,εἰς,preposition,false,n/a,proclitic indeclform (prep),qeo\n,6,48291,θεός,noun,false,n/a,masc acc sg,kai\,7,51951,καί,conjunction,false,n/a,indeclform (conj),e)/rga,8,42214,ἔργον,noun,false,n/a,neut nom/voc/acc pl,kai\,9,51951,καί,conjunction,false,n/a,indeclform (conj),lo/goi,10,63772,λόγος,noun,n/a,false,masc nom/voc pl,kai\,11,51951,καί,conjunction,false,n/a,indeclform (conj),pa/nta,12,79904,πᾶς,adjective,false,n/a,,a)na/fere,13,7724,ἀναφέρω,verb,false,n/a,,",",",",",",,,,,,,,,masc acc sg,neut nom/voc/acc pl,,*xristw=|,14,114725,χριστός,adjective,false,n/a,,ta\,15,71882,ὁ,article,true,1.0,,sautou=,16,nlsj98267,σαυτοῦ,pronoun,false,n/a,,kai\,17,51951,καί,conjunction,false,n/a,indeclform (conj),puknw=s,18,91439,πυκνός,adjective,true,1.0,adverbial,e)pi\,19,nlsj126,ἐπί,preposition,n/a,false,indeclform (prep),qeo\n,20,48291,θεός,noun,false,n/a,masc acc sg,tre/pe,21,104685,τρέπω,verb,false,n/a,pres imperat act 2nd sg,imperf ind act 3rd sg (homeric ionic),th\n,22,71882,ὁ,article,false,n/a,,,,,yuxh/n,23,115887,ψυχή,noun,n/a,false,fem acc sg (attic epic ionic),kai\,24,51951,καί,conjunction,n/a,false,indeclform (conj),to\,25,71882,ὁ,article,false,n/a,neut nom/voc/acc sg,no/hma,26,70911,νόημα,noun,false,n/a,,,e)pe/reide,27,38720,ἐπερείδω,verb,n/a,false,,th=|,28,71882,ὁ,article,true,1.0,fem dat sg (attic epic ionic),*xristou=,29,114725,χριστός,adjective,n/a,false,,duna/mei,30,28569,δύναμις,adjective,n/a,false,,w(/sper,31,116416,ὥσπερ,adverb,n/a,false,indeclform (adverb),e)n,32,34700,ἐν,preposition,true,0.5,proclitic indeclform (prep),lime/ni,33,63300,λιμήν,noun,false,n/a,,,tini\,34,104051,τις,pronoun,false,n/a,,,,tw=|,35,71882,ὁ,article,1.0,true,masc/neut dat sg,qei/w|,36,48052,θεῖος,noun,true,1.0,,,,,fwti\,37,110284,φάος,adjective,true,0.5,,,tou=,38,71882,ὁ,article,1.0,true,masc/neut gen sg,swth=ros,39,102095,σωτήρ,noun,false,n/a,,,.,,,,,,,pres imperat act 2nd sg,imperf ind act 3rd sg (homeric ionic),,,masc/neut gen sg,neut gen sg,,,,neut nom/voc/acc sg,pres imperat act 2nd sg,imperf ind act 3rd sg (homeric ionic),,,,,,,,,masc gen sg,,,,,,,,,,,masc/neut dat sg,masc dat sg,fem acc sg (attic epic ionic),,,,,masc/neut gen sg,masc gen sg,dat sg,masc dat sg,,,,,,,,,,,,,,,,,neut acc pl,neut nom/voc/acc pl,fem acc dual,fem nom/voc/acc dual,fem nom/voc/acc dual (attic epic),fem dat sg (epic),fem dat sg (attic ionic),masc dat sg,neut dat sg (attic),masc gen sg,a)napauo/menon,40,7159,ἀναπαύω,verb,false,n/a,pres part mp masc acc sg,pres part mp neut nom/voc/acc sg,a)po\,41,12243,ἀπό,preposition,false,n/a,indeclform (prep),pa/shs,42,79904,πᾶς,adjective,1.0,true,fem gen sg (attic epic ionic),lalia=s,43,61780,λαλιά,noun,0.5,true,fem gen sg (attic doric aeolic),te,44,102752,τε,particle,false,n/a,enclitic indeclform (particle),kai\,45,51951,καί,conjunction,false,n/a,indeclform (conj),pra/cews,46,86184,πρᾶξις,adjective,false,n/a,fem gen sg (attic),,,,,,,,,,,,,,,,,,,,,,,,,,,
20,1,kai\,1,51951,καί,conjunction,false,n/a,indeclform (conj),meq',2,66572,μετά,preposition,true,1.0,,h(me/ran,3,46966,ἡμέρα,noun,true,1.0,fem acc sg (attic doric ionic aeolic),polla/kis,4,84534,πολλάκις,adverb,false,n/a,,,me\n,5,66260,μέν,particle,false,n/a,indeclform (particle),a)nqrw/pois,6,8909,ἄνθρωπος,noun,false,n/a,masc dat pl,koi/nou,7,58440,κοινόω,verb,false,n/a,,th\n,8,71882,ὁ,article,false,n/a,fem acc sg (attic epic ionic),seautou=,9,nlsj98267,σαυτοῦ,pronoun,false,n/a,,fro/nhsin,10,112356,φρόνησις,noun,0.5,true,fem acc sg,qew=|,11,48291,θεός,noun,true,1.0,masc dat sg,de\,12,23596,δέ,particle,false,n/a,indeclform (particle),e)pi\,13,nlsj126,ἐπί,preposition,false,n/a,indeclform (prep),",",:,,,,,,,,,,,,,plei=ston,14,83665,πλεῖστος,adjective,false,n/a,,e)n,15,34700,ἐν,preposition,true,0.5,proclitic indeclform (prep),nukti\,16,71314,νύξ,adjective,false,n/a,fem dat sg,o(moi/ws,17,73672,ὅμοιος,adjective,true,0.5,,kai\,18,51951,καί,conjunction,false,n/a,indeclform (conj),e)n,19,34700,ἐν,preposition,0.5,true,proclitic indeclform (prep),h(me/ra|,20,46966,ἡμέρα,noun,true,1.0,,,,,,,,,,,,,,,,,,,,,,,,,,,,,,,,,,,,,,,,,,,,,,,,,,,,,,,,,,,,,,,,,,,,,,,,,,,,,,,,,,,,,,,,,,,,,,,,,,,,,,,,,,,,,,,,,,,,,,,,,,,,,,,,,,,,,,,,,,,,,,,,,,,,,,,,,,,,,,,,,,,,,,,,,indeclform (adverb),pres imperat act 2nd sg,imperf ind act 3rd sg (homeric ionic),,,,,,,,,,,,,,,,,,,,,masc/neut gen sg,neut gen sg,,,,,,,,,masc gen sg,,,masc acc sg,neut nom/voc/acc sg,,,,,,,,,,,indeclform (prep),poetic indeclform (prep),,,,,fem nom/voc pl (ionic),fem dat sg (attic doric ionic aeolic),,,,,,,,,,,,,,,,,,,,,,,,,,,,,,,,,,,,,,,,,,,,,,,,,,,,,,,,,,,,,,,,,,,,,,,,,,,adverbial (attic epic ionic),masc acc pl (attic epic doric ionic),adverbial,masc/fem acc pl (doric),,,,,,,,,,,,,,,,,,,,,,,
21,1,mh\,1,67283,μή,conjunction,false,n/a,indeclform (conj),ga\r,2,21618,γάρ,particle,false,n/a,indeclform (particle),u(/pnos,3,108081,ὕπνος,noun,false,n/a,masc nom sg,se,4,97456,σύ,pronoun,false,n/a,,,e)pikratei/tw,5,39866,ἐπικρατέω,verb,false,n/a,,polu\s,6,85306,πολύς,adjective,false,n/a,masc nom sg (attic epic),tw=n,7,71882,ὁ,article,false,n/a,,pro\s,8,88443,πρός,preposition,false,n/a,indeclform (prep),qeo\n,9,48291,θεός,noun,false,n/a,masc acc sg,eu)xw=n,10,45503,εὖχος,noun,0.5,true,neut gen pl (attic epic doric),te,11,102752,τε,particle,false,n/a,enclitic indeclform (particle),kai\,12,51951,καί,conjunction,false,n/a,indeclform (conj),u(/mnwn,13,106733,ὕμνος,noun,false,n/a,masc gen pl,,,,,,,:,pres imperat act 3rd sg (attic epic),pres imperat act 3rd sg (attic epic),,,,,,,,,,,,,,,,,,,,,,,,,,,,,,,,,,,,,,,,,,,,,,,,,,,,,,,,,,,,,,,,,,,,,,,,,,,,,,,,,,,,,,,,,,,,,,,,,,,,,,,,,,,,,,,,,,,,,,,,,,,,,,,,,,,,,,,,,,,,,,,,,,,,,,,,,,,,,,,,,,,,,,,,,,,,,,,,,,,,,,,,,,,,,,,,,,,,,,,,,,,,,,,,,,,,,,,,,,,,,,,,,,,,,acc 2nd sg,fem gen pl,masc/neut gen pl,,,,,,,,,,,,,,,,,,,,,,,,,,,,,,,,,,,,,,,,,,,,,,,,,,,,,,,,,,,,,,,,,,,,,,,,,,,,,,,,,,,,,,,,,,,,,,,,,,,,,,,,,,,,,,,,,,,,,,,,,,,,,,,,,,,,,,,,,,,,,,,,,,,,,,,,,,
22,1,qana/tw|,1,47876,θάνατος,adjective,false,n/a,masc dat sg,ga\r,2,21618,γάρ,particle,false,n/a,indeclform (particle),o(,3,71882,ὁ,article,false,n/a,masc nom sg,makro\s,4,64703,μακρός,adjective,false,n/a,,,u(/pnos,5,108081,ὕπνος,noun,false,n/a,masc nom sg,e)fa/millos,6,45596,ἐφάμιλλος,adjective,false,n/a,masc/fem nom sg,,,,,,,,,,,,,,,,,,,,,,,,,,,,,,,,,,,,,,,,,,,,,,,,,,,,,,,,,,,,,,,.,,,,,,,,,,,,,,,,,,,,,,,,,,,,,,,,,,,,,,,,,,,,,,,,,,,,,,,,,,,,,,,,,,,,,,,,,,,,,,,,,,,,,,,,,,,,,,,,,,,,,,,,,,,,,,,,,,,,,,,,,,,,,,,,,,,,,,,,,,,,,,,,,,,,,,,,,,,,,,,,,,,,,,,,,,,,,,,,,,,,,,,,,,,,,,,,,,,,,,,,,,,,,,,,,,,,,,,,,,,,,,,,,,,,,,,masc nom sg,,,,,,,,,,,,,,,,,,,,,,,,,,,,,,,,,,,,,,,,,,,,,,,,,,,,,,,,,,,,,,,,,,,,,,,,,,,,,,,,,,,,,,,,,,,,,,,,,,,,,,,,,,,,,,,,,,,,,,,,,,,,,,,,,,,,,,,,,,,,,,,,,,,,,,,,,,,,
23,1,me/toxos,1,67224,μέτοχος,adjective,false,n/a,masc/fem nom sg,*xristou=,2,114725,χριστός,adjective,false,n/a,,a)ei\,3,1564,ἀεί,adverb,false,n/a,indeclform (adverb),kaqi/staso,4,51849,καθίστημι,verb,false,n/a,imperf ind mp 2nd sg,pres imperat mp 2nd sg,tou=,5,71882,ὁ,article,true,1.0,masc/neut gen sg,th\n,6,71882,ὁ,article,false,n/a,fem acc sg (attic epic ionic),qei/an,7,48051,θεῖος,adjective,true,1.0,fem acc sg (attic doric aeolic),au)gh\n,8,17325,αὐγή,noun,false,n/a,fem acc sg (attic epic ionic),katala/mpontos,9,54349,καταλάμπω,verb,false,n/a,pres part act masc/neut gen sg,e)c,10,31575,ἐκ,preposition,n/a,false,proclitic indeclform (prep),ou)ranou=,11,75954,οὐρανός,noun,true,1.0,masc gen sg,,,,,,,,,,,,,,,,,,,,,,imperf ind mp 2nd sg (homeric ionic),:,,,,,,,,,,,,,,,,,,,,,,,,,,,,,,,,,,,,,,,,,,,,,,,,,,,,,,,,,,,,,,,,,,,,,,,,,,,,,,,,,,,,,,,,,,,,,,,,,,,,,,,,,,,,,,,,,,,,,,,,,,,,,,,,,,,,,,,,,,,,,,,,,,,,,,,,,,,,,,,,,,,,,,,,,,,,,,,,,,,,,,,,,,,,,,,,,,,,,,,,,,,,,,,,,,,,,,,,,,,,,,,,,,,,,,,,,,,,,,,,,,,,,,,,,,,,,,,,,,,,,,,,,,,,,,,,,,,,,,,masc/neut gen sg,masc gen sg,true,,,,,,,,,,,,,,,,,,,,,,,,,,,,,,,,,,,,,,,,,,,,,,,,,,,,,,,,,,,,,,,,,,,,,,,,,,,,,,,,,,,,,,,,,,,,,,,,,,,,,,,,,,
24,1,eu)frosu/nh,1,45442,εὐφροσύνη,noun,true,1.0,fem nom/voc sg (attic epic ionic),ga\r,2,21618,γάρ,particle,false,n/a,indeclform (particle),e)/stw,3,31130,εἰμί,verb,true,0.5,pres imperat act 3rd sg,soi,4,97456,σύ,pronoun,false,n/a,,,dihnekh\s,5,26786,διηνεκής,adverb,false,n/a,masc/fem nom sg (epic ionic),kai\,6,51951,καί,conjunction,false,n/a,indeclform (conj),a)/paustos,7,11655,ἄπαυστος,adjective,false,n/a,masc/fem nom sg,o(,8,71882,ὁ,article,false,n/a,masc nom sg,*xristo/s,9,114725,χριστός,adjective,false,n/a,,,,,,,,,,,,,,,,,,,,,,,,,,,,,,,,,,,,,,,,.,,,,,,,,,,,,,,,,,,,,,,,,,,,,,,,,,,,,,,,,,,,,,,,,,,,,,,,,,,,,,,,,,,,,,,,,,,,,,,,,,,,,,,,,,,,,,,,,,,,,,,,,,,,,,,,,,,,,,,,,,,,,,,,,,,,,,,,,,,,,,,,,,,,,,,,,,,,,,,,,,,,,,,,,,,,,,,,,,,,,,,,,,,,,,,,,,,,,,,,,,,,,,,,,,,,,,,,,,,,,,,,,,,,,,,,dat 2nd sg,,,,,,,,,,,,,,,,,,,,,,,masc nom sg,masc nom sg,,,,,,,,,,,,,,,,,,,,,,,,,,,,,,,,,,,,,,,,,,,,,,,,,,,,,,,,,,,,,,,,,,,,,,,,,,,,,,,,,,,,,,,,,,,,,,,,,,,,,,,,,,,,,,,,,,,,,,,,,,,,,,,,,,,,
25,1,*mhde\,1,67299,μηδέ,particle,false,n/a,indeclform (particle),lu=e,2,64316,λύω,verb,false,n/a,,to\n,3,71882,ὁ,article,false,n/a,masc acc sg,th=s,4,71882,ὁ,article,false,n/a,,,yuxh=s,5,115887,ψυχή,noun,true,1.0,fem gen sg (attic epic ionic),to/non,6,104274,τόνος,noun,false,n/a,masc acc sg,e)n,7,34700,ἐν,preposition,true,0.5,proclitic indeclform (prep),eu)wxi/a|,8,45575,εὐωχία,noun,false,n/a,,kai\,9,51951,καί,conjunction,false,n/a,indeclform (conj),potw=n,10,nlsj87668,πότης,noun,0.33,true,masc gen pl,a)ne/sei,11,8513,ἄνεσις,adjective,false,n/a,,i(kano\n,12,50236,ἱκανός,adjective,false,n/a,,de\,13,23596,δέ,particle,false,n/a,indeclform (particle),",",.,,,,,,,,,,masc acc sg,neut nom/voc/acc sg,,h(gou=,14,463,ἁγέομαι,verb,true,0.5,imperf ind mp 2nd sg (attic epic ionic),tw=|,15,71882,ὁ,article,true,1.0,masc/neut dat sg,sw/mati,16,102000,σῶμα,adjective,false,n/a,neut dat sg,to\,17,71882,ὁ,article,false,n/a,neut nom/voc/acc sg,xreiw=des,18,114565,χρειώδης,adverb,false,n/a,,,,,,,,,,,,,,,,,,,,,,,,,,,,,,,,,,,,,,,,,,,,,,,,,,,,,,,,,,,,,,,,,,,,,,,,,,,,,,,,,,,,,,,,,,,,,,,,,,,,,,,,,,,,,,,,,,,,,,,,,,,,,,,,,,,,,,,,,,,,,,,,,,,,,,,,,,,,,,,,,,,,,,,,,,,,,,,,,,,,,,,,,fem gen sg (attic epic ionic),,,fem nom/voc pl,fem dat sg (attic doric aeolic),,,,,,,,,,,,,,,,,,,,,,,masc/fem voc sg,neut nom/voc/acc sg,,,,,,,,,,,,,,,,,,,,pres imperat act 2nd sg,imperf ind act 3rd sg (homeric ionic),,fem nom/voc/acc dual (attic epic),fem dat sg (epic),fem dat sg (attic ionic),,,,,,,,,,,,,,,,,,,,,,,,,,,,,,,,,,,,,,,,,,,,,,,,,,,,,,,,,,,,,,,,,,,,,,,,,,,,,,,,,,,,,,,,,,,,,,,,,,,,,,,
26,1,kai\,1,51951,καί,conjunction,false,n/a,indeclform (conj),mh\,2,67283,μή,conjunction,false,n/a,indeclform (conj),pro/sqen,3,89405,πρόσθεν,adverb,false,n/a,indeclform (adverb),e)pei/gou,4,38467,ἐπείγω,verb,false,n/a,pres imperat mp 2nd sg (attic epic doric),imperf ind mp 2nd sg (attic epic doric),pro\s,5,88443,πρός,preposition,false,n/a,indeclform (prep),trofa\s,6,105550,τροφή,noun,false,n/a,fem acc pl,pri\n,7,86371,πρίν,adverb,false,n/a,indeclform (adverb),h)\,8,46568,ἠέ,conjunction,true,1.0,indeclform (conj),kai\,9,51951,καί,conjunction,false,n/a,indeclform (conj),dei/pnou,10,23762,δεῖπνον,noun,0.5,true,neut gen sg,parh=|,11,79223,πάρειμι,verb,true,0.33,pres subj act 3rd sg,kairo/s,12,52035,καιρός,noun,false,n/a,masc nom sg,,,,,,,,,,,,,,,:,,,,,,,,,,,,,,,,,,,,,,,,,,,,,,,,,,,,,,,,,,,,,,,,,,,,,,,,,,,,,,,,,,,,,,,,,,,,,,,,,,,,,,,,,,,,,,,,,,,,,,,,,,,,,,,,,,,,,,,,,,,,,,,,,,,,,,,,,,,,,,,,,,,,,,,,,,,,,,,,,,,,,,,,,,,,,,,,,,,,,,,,,,,,,,,,,,,,,,,,,,,,,,,,,,,,,,,,,,,,,,,,,,,,,,,,,,,,,,,,,,,,,,,,,,,,,,,,,,,,,,,,,,,,,,,,,,,,,,,,,,,,,,,,,,,,,,,,,,,,,,,,,,,,,,,,,,,,,,,,,,,,,,,,,,,,,,,,,,,,,,,,,,,,,,,,,,,,,,,,,,,,,,,,,,,,,,,,,,,,,,,,,,,
27,1,a)/rtos,1,15763,ἄρτος,noun,false,n/a,masc nom sg,de\,2,23596,δέ,particle,false,n/a,indeclform (particle),e)/stw,3,31130,εἰμί,verb,true,0.5,pres imperat act 3rd sg,soi,4,97456,σύ,pronoun,false,n/a,,,to\,5,71882,ὁ,article,false,n/a,neut nom/voc/acc sg,dei=pnon,6,23762,δεῖπνον,noun,true,0.5,neut nom/voc/acc sg,kai\,7,51951,καί,conjunction,false,n/a,indeclform (conj),po/ai,8,84094,πόα,noun,false,n/a,,gh=s,9,22100,γῆ,noun,true,1.0,fem gen sg (attic epic ionic),prose/stwsan,10,88971,πρόσειμι,verb,n/a,false,pres imperat act 3rd pl,kai\,11,51951,καί,conjunction,false,n/a,indeclform (conj),ta\,12,71882,ὁ,article,true,1.0,,e)k,13,31575,ἐκ,preposition,false,n/a,proclitic indeclform (prep),",",:,,,,,,,,,,neut acc pl,neut nom/voc/acc pl,fem acc dual,de/ndrwn,14,24044,δένδρον,adjective,true,1.0,neut gen pl,w(rai=a,15,116302,ὡραῖος,adjective,false,n/a,neut nom/voc/acc pl,,,,,,,,,,,,,,,,,,,,,,,,,,,,,,,,,,,,,,,,,,,,,,,,,,,,,,,,,,,,,,,,,,,,,,,,,,,,,,,,,,,,,,,,,,,,,,,,,,,,,,,,,,,,,,,,,,,,,,,,,,,,,,,,,,,,,,,,,,,,,,,,,,,,,,,,,,,,,,,,,,,,,,,,,,,,,,,,,,,,,,,,,,,,,,,,,,,,,,,,,,,,,,,,dat 2nd sg,,,fem nom/voc pl,fem dat sg (doric aeolic),,,,,,,,,,,,,,,,,,,,,,,,,,,,,,,,,,,,,,,,,,,,,,,,,,,,,,,,,,,,,,,,,,,,,,,,,,,,,,,,,,,,,,,,,,,,,,,,,,,,,,,,,,,,,,,,,,,,,,,,,,,,,,,,,,fem nom/voc/acc dual,,,,,,,,,,,,,,,,,,,,,,
28,1,i)/qi,1,nlsj177,εἶμι,verb,false,n/a,pres imperat act 2nd sg,de\,2,23596,δέ,particle,false,n/a,indeclform (particle),e)pi\,3,nlsj126,ἐπί,preposition,false,n/a,indeclform (prep),th\n,4,71882,ὁ,article,false,n/a,,,trofh\n,5,105550,τροφή,noun,false,n/a,fem acc sg (attic epic ionic),eu)staqw=s,6,45159,εὐσταθής,adverb,false,n/a,adverbial (attic epic doric),kai\,7,51951,καί,conjunction,false,n/a,indeclform (conj),mh\,8,67283,μή,conjunction,false,n/a,indeclform (conj),lussw/dh,9,64252,λυσσώδης,adjective,false,n/a,,gastrimargi/an,10,21661,γαστριμαργία,noun,n/a,false,fem acc sg (attic doric aeolic),e)pifai/nwn,11,41481,ἐπιφαίνω,verb,false,n/a,pres part act masc nom sg,,,,,,,,,,,,,,,,,,,,,,,:,,,,,,,,,,,,,,,,,,,,,,,,,,,,,,,,,,,,,,,,,,,,,,,,,,,,,,,,,,,,,,,,,,,,,,,,,,,,,,,,,,,,,,,,,,,,,,,,,,,,,,,,,,,,,,,,,,,,,,,,,,,,,,,,,,,,,,,,,,,,,,,,,,,,,,,,,,,,,,,,,,,,,,,,,,,,,,,,,,,,,,,,,,,,,,,,,,,,,,,,,,,,,,,,,,,,,,,,,,,,,,,,,,,,,,,fem acc sg (attic epic ionic),,,,,,,,,,,,,,,,,,,,,,,neut nom/voc/acc pl (attic epic doric),masc/fem/neut nom/voc/acc dual (doric aeolic),,,,,,,,,masc/fem acc sg (attic epic doric),,,,,,,,,,,,,,,,,,,,,,,,,,,,,,,,,,,,,,,,,,,,,,,,,,,,,,,,,,,,,,,,,,,,,,,,,,,,,,,,,,,,,,,,,,,,,,,,,,,,,,,,,,,,,,,,,,,,,,,,,,,
29,1,mhde\,1,67299,μηδέ,particle,false,n/a,indeclform (particle),sarkobo/ros,2,93345,σαρκοβόρος,adjective,false,n/a,masc/fem nom sg,mhde\,3,67299,μηδέ,particle,false,n/a,indeclform (particle),fi/loinos,4,111195,φίλοινος,adjective,false,n/a,,,e)/so,5,unknown,,,false,n/a,,o(po/te,6,74626,ὁπότε,adverb,false,n/a,indeclform (adverb),mh\,7,67283,μή,conjunction,false,n/a,indeclform (conj),no/sos,8,71065,νόσος,noun,false,n/a,fem nom sg,tis,9,104051,τις,pronoun,false,n/a,masc/fem nom sg,i)/asin,10,nlsj177,εἶμι,verb,1.0,true,pres ind act 3rd pl,e)pi\,11,nlsj126,ἐπί,preposition,false,n/a,indeclform (prep),tau/thn,12,76062,οὗτος,pronoun,false,n/a,fem acc sg (attic epic ionic),a)/goi,13,1083,ἄγω,verb,false,n/a,pres opt act 3rd sg,",",.,,,,,,,,,,,,,,,,,,,,,,,,,,,,,,,,,,,,,,,,,,,,,,,,,,,,,,,,,,,,,,,,,,,,,,,,,,,,,,,,,,,,,,,,,,,,,,,,,,,,,,,,,,,,,,,,,,,,,,,,,,,,,,,,,,,,,,,,,,,,,,,,,,,,,,,,,,,,,,,,,,,,,,,,,,,,,,,,,,,,,,,,,,,,,,,,,,,,,,,,,,,,,,,,,,,,,,,,,,,,,,,,,,,,,,,,,,,,masc/fem nom sg,,,,,,,,,,,,,,,,,,,,,,,,,,,,,,,,,,,,,,,,,,,,,,,,,,,,,,,,,,,,,,,,,,,,,,,,,,,,,,,,,,,,,,,,,,,,,,,,,,,,,,,,,,,,,,,,,,,,,,,,,,,,,,,,,,,,,,,,,,,,,,,,,,,,,,,,,,,,
30,1,a)ll',1,4357,ἀλλά,adverb,false,n/a,indeclform (adverb),a)nti\,2,9778,ἀντί,preposition,false,n/a,indeclform (prep),tw=n,3,71882,ὁ,article,false,n/a,,e)n,4,34700,ἐν,preposition,true,0.5,,,tou/tois,5,76062,οὗτος,pronoun,false,n/a,masc/neut dat pl,h(donw=n,6,nlsj59172,ἡδονά,noun,true,0.5,fem gen pl,ta\s,7,71882,ὁ,article,false,n/a,fem acc pl,e)n,8,34700,ἐν,preposition,true,0.5,proclitic indeclform (prep),lo/gois,9,63772,λόγος,noun,false,n/a,masc dat pl,qei/ois,10,48052,θεῖος,noun,1.0,true,masc dat pl,kai\,11,51951,καί,conjunction,false,n/a,indeclform (conj),u(/mnois,12,106733,ὕμνος,noun,false,n/a,masc dat pl,eu)frosu/nas,13,45442,εὐφροσύνη,noun,true,1.0,,",",.,,fem gen pl,masc/neut gen pl,,,,,,,,,,ai(rou=,14,2654,αἱρέω,verb,false,n/a,,th=|,15,71882,ὁ,article,true,1.0,fem dat sg (attic epic ionic),para\,16,77763,παρά,preposition,true,1.0,indeclform (prep),qeou=,17,48291,θεός,noun,true,1.0,masc gen sg,soi,18,97456,σύ,pronoun,false,n/a,dat 2nd sg,xorhgoume/nas,19,114424,χορηγέω,verb,n/a,false,,sofi/a|,20,95641,σοφία,noun,false,n/a,,ou)ra/nio/s,21,75926,οὐράνιος,adjective,false,n/a,masc nom sg,masc/fem nom sg,te,22,102752,τε,particle,false,n/a,,,,,a)ei/,23,1564,ἀεί,adverb,n/a,false,indeclform (adverb),se,24,97456,σύ,pronoun,n/a,false,acc 2nd sg,fronti\s,25,112368,φροντίς,noun,false,n/a,fem nom sg,a)nage/tw,26,6396,ἀνάγω,verb,false,n/a,,,pro\s,27,88443,πρός,preposition,n/a,false,indeclform (prep),ou)rano/n,28,75954,οὐρανός,noun,false,n/a,masc acc sg,,,,,,,,,,,,,,,,,,,,,,,,,,,,,,,,,,,,,,,,,,,,,,,,,,,,,,,,,,,,,,,,,,,,,,,,,,,,,,,,,,,,,,,,,,,,,,,,,,,proclitic indeclform (prep),,,,,fem acc pl,fem gen sg (doric aeolic),,,,,,,,pres imperat act 3rd sg,,,,,,,,,,,,,,,,,,,,,,pres imperat mp 2nd sg (attic),imperf ind mp 2nd sg (attic),enclitic indeclform (particle),,,,,,,,,,,,,,,,fem nom/voc pl,fem dat sg (attic doric aeolic),,pres part mp fem acc pl (attic epic doric),pres part mp fem gen sg (doric),,,,,,,,,,,,,,,,,,,,,,,,,,,,,,,,,,,,,,,,,,,,,,,,,,,,,,,,,,,,,,,,,,,,,,,,,,,,,,,,,,,,,,,,,,,,,,,,,,
31,1,*kai\,1,51951,καί,conjunction,false,n/a,indeclform (conj),ta\s,2,71882,ὁ,article,false,n/a,fem acc pl,polla\s,3,85306,πολύς,adjective,false,n/a,fem acc pl,peri\,4,81017,περί,preposition,false,n/a,,,sw/matos,5,102000,σῶμα,adjective,false,n/a,neut gen sg,a)ni/ei,6,9014,ἀνίημι,verb,false,n/a,,meri/mnas,7,66309,μέριμνα,noun,true,1.0,,teqarshkw\s,8,47897,θαρσέω,verb,false,n/a,perf part act masc nom/voc sg,e)lpi/si,9,33903,ἐλπίς,noun,false,n/a,fem dat pl,tai=s,10,71882,ὁ,article,n/a,false,fem dat pl,pro\s,11,88443,πρός,preposition,false,n/a,indeclform (prep),qeo/n,12,48291,θεός,noun,false,n/a,masc acc sg,o(/ti,13,75598,ὅστις,pronoun,false,0.33,neut nom/acc sg,",",.,,,,,,,,pres imperat act 2nd sg,pres imperat act 2nd sg,,,,soi/,14,97456,σύ,pronoun,true,1.0,,ge,15,21705,γε,particle,false,n/a,enclitic indeclform (particle),ta\,16,71882,ὁ,article,true,1.0,,a)nagkai=a,17,6330,ἀναγκαῖος,adjective,true,1.0,,pare/cei,18,78514,παραξέω,verb,true,0.33,imperf ind act 3rd sg (attic epic),diarkh=,19,25709,διαρκής,adverb,n/a,false,,trofh/n,20,105550,τροφή,noun,false,n/a,fem acc sg (attic epic ionic),te,21,102752,τε,particle,false,n/a,,,th\n,22,71882,ὁ,article,false,n/a,,,,,ei)s,23,31235,εἰς,preposition,n/a,false,proclitic indeclform (prep),zwh\n,24,46425,ζωή,noun,1.0,true,fem acc sg (attic epic doric ionic),kai\,25,51951,καί,conjunction,false,n/a,indeclform (conj),ka/lumma,26,52881,κάλυμμα,noun,false,n/a,,,sw/matos,27,102000,σῶμα,adjective,n/a,false,neut gen sg,kai\,28,51951,καί,conjunction,false,n/a,indeclform (conj),xeimerinou=,29,113545,χειμερινός,adjective,n/a,false,masc/neut gen sg,yu/xous,30,115925,ψῦχος,noun,1.0,true,neut gen sg (attic epic doric),a)lechth/ria,31,4005,ἀλεξητήριος,adjective,n/a,false,neut nom/voc/acc pl,,,,,,,,,,,,,,,,,,,,,,,,,,,,,,,,,,,,,,,,,,,,,,,,,,,,,,,,,,,,,,,,,,,,,,,,,,,indeclform (prep),fem acc pl,fem gen sg (doric aeolic),,,,,,,neut acc pl,neut nom/voc/acc pl,enclitic indeclform (particle),,,neut nom/voc/acc sg,,,,,,,imperf ind act 3rd sg (attic epic),imperf ind act 3rd sg (attic epic),,,fem acc dual,fem nom/voc/acc dual,,,,,,,,,,dat 2nd sg,dat 2nd sg,fem acc sg (attic epic ionic),,,,,,,,,,,,,,,,,,,neut nom/voc/acc pl (attic epic doric),masc/fem/neut nom/voc/acc dual (doric aeolic),,,,,,,,,,,,,,,,,,,,,,,,,,,,,,,,,,,,,,,,,,,,,,,,,,,,,,,,,,,,,,,,,,,,,,,,neut nom/voc/acc pl,neut nom/voc/acc pl,,,,masc/fem acc sg (attic epic doric),,,,,,,,,,,,,,,,,,,,,
32,1,tou=,1,71882,ὁ,article,true,1.0,masc/neut gen sg,ga\r,2,21618,γάρ,particle,false,n/a,indeclform (particle),dh\,3,24295,δή,particle,false,n/a,indeclform (particle),sou=,4,97456,σύ,pronoun,true,1.0,,,basile/ws,5,19546,βασιλεύς,noun,false,n/a,,gh=,6,22100,γῆ,noun,true,1.0,fem nom/voc sg (attic epic ionic),te,7,102752,τε,particle,false,n/a,enclitic indeclform (particle),a(/pasa,8,11583,ἅπας,adjective,false,n/a,fem nom/voc sg (attic epic ionic),kai\,9,51951,καί,conjunction,false,n/a,indeclform (conj),o(/sa,10,75552,ὅσος,adjective,n/a,false,,e)kfu/etai,11,33241,ἐκφύω,verb,false,n/a,pres ind mp 3rd sg,,,,,,,,,,,,,,,,,,,,,,,:,masc gen sg (ionic),masc nom sg (epic ionic),,,,,,,,,,,,,,,,,,,,,,,,,,,,,,,,,,,,,,,,,,,,,,,,,,,,,,,,,,,,,,,,,,,,,,,,,,,,,,,,,,,,,,,,,,,,,,,,,,,,,,,,,,,,,,,,,,,,,,,,,,,,,,,,,,,,,,,,,,,,,,,,,,,,,,,,,,,,,,,,,,,,,,,,,,,,,,,,,,,,,,,,,,,,,,,,,,,,,,,,,,,,,,,,,,,,,,,,,,,,,,,,,,,,,gen 2nd sg,,,,,,,,,,,,,,,,,,,,,,,,,,,,,,,neut nom/voc/acc pl,fem nom/voc/acc dual,,,fem nom/voc sg (doric aeolic),,,,,,,,,,,,,,,,,,,,,,,,,,,,,,,,,,,,,,,,,,,,,,,,,,,,,,,,,,,,,,,,,,,,,,,,,,,,,,,,,,,,,,,,,,,,,,,,,,,,,,,,,,,,,,,,,,,,,,,,,
33,1,w(s,1,116401,ὡς,conjunction,false,n/a,proclitic indeclform (conj),me/lh,2,65975,μέλη,noun,true,0.5,fem nom/voc sg (attic epic ionic),de\,3,23596,δέ,particle,false,n/a,indeclform (particle),au(tou=,4,29881,ἑαυτοῦ,pronoun,false,n/a,neut gen sg,masc gen sg,tw=n,5,71882,ὁ,article,false,n/a,,au(tou=,6,29881,ἑαυτοῦ,pronoun,false,n/a,,qerapo/ntwn,7,48395,θεράπων,noun,false,n/a,masc gen pl,u(perballo/ntws,8,107314,ὑπερβαλλόντως,adverb,false,n/a,indeclform (adverb),perie/pei,9,81318,περιέπω,verb,false,n/a,,kaqa/per,10,51647,καθά,adverb,n/a,false,indeclform (adverb),i(era\,11,49955,ἱερά,noun,true,0.33,,kai\,12,51951,καί,conjunction,false,n/a,indeclform (conj),naou\s,13,69714,ναός,noun,false,n/a,masc acc pl,,,,,,,.,fem gen pl,masc/neut gen pl,neut gen sg,masc gen sg,,,,au(tou=,14,29881,ἑαυτοῦ,pronoun,false,n/a,,,,,,,,,,,,,,,,,,,,,,,,,,,,,,,,,,,,,,,,,,,,,,,,,,,,,,,,,,,,,,,,,,,,,,,,,,,,,,,,,,,,,,,,,,,,,,,,,,,,,,,,,,,,,,,,,,,,,,,,,,,,,,,,,,,,,,,,,,,,,,,,,,,,,,,,,,,,,,,,,,,,,,,,,,,,,,,,,,,,,,,,,,,,,,,,,,,,,,,,,,,,,,,,,,,,,,,,,,,,,,,,,,,,,,,,,,,,,,,,pres ind act 3rd sg (epic),pres ind mp 2nd sg,,,,,,,,,,,,neut gen sg,masc gen sg,,,,,,,,,,,,,,fem nom/voc/acc dual,fem nom/voc sg (attic doric aeolic),,,,,,,,,,,,,,,,,,,,,,,,,,,,,,,,,,,,,,,,,,,,,,,,,,,,,,,,,,,,,,,,,,,,,,,,,,,,,,,,,,,,,,,,,,,,,,,,,,,,,,,,
34,1,dia\,1,24517,διά,preposition,false,n/a,indeclform (prep),dh\,2,24295,δή,particle,false,n/a,indeclform (particle),tou=to,3,76062,οὗτος,pronoun,false,n/a,neut nom/voc/acc sg,mhde\,4,67299,μηδέ,particle,false,n/a,,,no/sous,5,71065,νόσος,noun,false,n/a,fem acc pl,u(perballou/sas,6,107315,ὑπερβάλλω,verb,false,n/a,,de/diqi,7,nlsj32167,δείδω,verb,false,n/a,perf imperat act 2nd sg,mhde\,8,67299,μηδέ,particle,false,n/a,indeclform (particle),gh/rws,9,nlsj58406,γῆρας,noun,false,n/a,neut gen sg,e)/fodon,10,45812,ἔφοδος,noun,0.5,true,masc acc sg,xro/nw|,11,114753,χρόνος,noun,false,n/a,masc dat sg,prosdokwme/nou,12,88917,προσδοκάω,verb,false,n/a,,,,,,,,,,,,,,,,:,,,pres part act fem acc pl (attic epic doric ionic),pres part act fem gen sg (doric),pres part mp masc/neut gen sg,pres part mp masc/neut gen sg,,,,,,,,,,,,,,,,,,,,,,,,,,,,,,,,,,,,,,,,,,,,,,,,,,,,,,,,,,,,,,,,,,,,,,,,,,,,,,,,,,,,,,,,,,,,,,,,,,,,,,,,,,,,,,,,,,,,,,,,,,,,,,,,,,,,,,,,,,,,,,,,,,,,,,,,,,,,,,,,,,,,,,,,,,,,,,,,,,,,,,,,,,,,,,,,,,,,,,,,,,,,,,,,,,,,,,,,,,,,,,,,,indeclform (particle),,,,,,,,,,,,,,,,,,,,,,,,,,,,,,,,,,,,,,,,,,,,,,,,,,,,,,,,,,,,,,,,,,,,,,,,,,,,,,,,,,,,,,,,,,,,,,,,,,,,,,,,,,,,,,,,,,,,,,,,,,,,,,,,,,,,,,,,,,,,,,,,,,,,,,,,,,,,
35,1,pau/setai,1,80140,παύω,verb,false,n/a,,ga\r,2,21618,γάρ,particle,false,n/a,indeclform (particle),kai\,3,51951,καί,conjunction,false,n/a,indeclform (conj),no/sos,4,71065,νόσος,noun,false,n/a,,,o(/tan,5,75687,ὅταν,conjunction,false,n/a,indeclform (conj),o(loyu/xw|,6,73338,ὁλόψυχος,adjective,false,n/a,masc/fem/neut dat sg,proqe/sei,7,87511,πρόθεσις,noun,false,n/a,,poiw=men,8,84234,ποιέω,verb,true,0.5,pres subj act 1st pl (attic epic doric),ta\s,9,71882,ὁ,article,false,n/a,fem acc pl,au)tou=,10,17907,αὐτός,pronoun,1.0,true,,e)ntola/s,11,36263,ἐντολή,noun,false,n/a,fem acc pl,,,,,,,,,,,,,,,,,",",.,,,,,,,,,,,,,,,,,,,,,,,,,,,,,,,,,,,,,,,,,,,,,,,,,,,,,,,,,,,,,,,,,,,,,,,,,,,,,,,,,,,,,,,,,,,,,,,,,,,,,,,,,,,,,,,,,,,,,,,,,,,,,,,,,,,,,,,,,,,,,,,,,,,,,,,,,,,,,,,,,,,,,,,,,,,,,,,,,,,,,,,,,,,,,,,,,,,,,,,,,,,,,,,,,,,,,,,,,,,,,,,,,,,,,,,,,,,,fem nom sg,fem nom/voc/acc dual (attic epic),fem dat sg (epic),,,,,,,,,,,,,,,,,aor subj mid 3rd sg (epic),fut ind mid 3rd sg,,,,,,,,,fem dat sg (attic ionic),,neut gen sg,masc gen sg,,,,,,,,,,,,,,,,,,,,,,,,,,,,,,,,,,,,,,,,,,,,,,,,,,,,,,,,,,,,,,,,,,,,,,,,,,,,,,,,,,,,,,,,,,,,,,,,,,,,,,,,,,,,,,,,,,,,,,,,,,,,
36,1,*tau=ta,1,76062,οὗτος,pronoun,false,n/a,neut nom/voc/acc pl,ei)dw\s,2,72202,οἶδα,verb,true,1.0,perf part act masc nom/voc sg,kai\,3,51951,καί,conjunction,false,n/a,indeclform (conj),pro\s,4,88443,πρός,preposition,false,n/a,,,no/sous,5,71065,νόσος,noun,false,n/a,fem acc pl,i)sxura\n,6,51358,ἰσχυρός,adjective,false,n/a,fem acc sg (attic doric aeolic),kataskeu/aze,7,55139,κατασκευάζω,verb,false,n/a,,th\n,8,71882,ὁ,article,false,n/a,fem acc sg (attic epic ionic),yuxh/n,9,115887,ψυχή,noun,false,n/a,fem acc sg (attic epic ionic),eu)qa/rshson,10,43951,εὐθαρσέω,verb,n/a,false,aor imperat act 2nd sg,w(/sper,11,116416,ὥσπερ,adverb,false,n/a,indeclform (adverb),tis,12,104051,τις,pronoun,false,n/a,masc/fem nom sg,a)nh\r,13,8665,ἀνήρ,noun,false,n/a,masc nom sg,",",.,,,,,,,,,,,,,e)n,14,34700,ἐν,preposition,true,0.5,proclitic indeclform (prep),stadi/ois,15,96160,στάδιον,noun,true,1.0,,a)/ristos,16,15133,ἄριστος,adjective,false,n/a,masc nom sg,a)tre/ptw|,17,17197,ἄτρεπτος,adjective,false,n/a,masc/fem/neut dat sg,th=|,18,71882,ὁ,article,true,1.0,fem dat sg (attic epic ionic),duna/mei,19,28569,δύναμις,adjective,n/a,false,,tou\s,20,71882,ὁ,article,false,n/a,masc acc pl,po/nous,21,85665,πόνος,noun,false,n/a,,,u(fi/stasqai,22,109865,ὑφίστημι,verb,false,n/a,,,,,,,,,,,,,,,,,,,,,,,,,,,,,,,,,,,,,,,,,,,,,,,,,,,,,,,,,,,,,,,,,,,,,,,,,,,,,,,,,,,,,,,,,,,,,,,,,,,,,,,,,,,,,,,,,,,,,,,,,,,,,,,,,,,,,,,,,,,,,,,,,,,,,,,,indeclform (prep),pres imperat act 2nd sg,pres imperat act 2nd sg,,,,,,,,,masc acc pl,,,,,,,,,,,,,,,,,,imperf ind act 3rd sg (homeric ionic),imperf ind act 3rd sg (homeric ionic),,,,,,,,pres inf mp,,,,,,,,,,,,,,,,,,,fem nom/voc/acc dual (attic epic),fem dat sg (epic),,,,,masc dat pl,neut dat pl,,,,,,,,,,,,,,,,,,,,,,,,,,,,,,,,,,,,,,,,,,,,,,,,,,,,,,,,,,,,,,,,,,,,,,,fem dat sg (attic ionic),,,,,,,,,,,,,,,,,,,,,
37,1,mhde\,1,67299,μηδέ,particle,false,n/a,indeclform (particle),u(po\,2,108092,ὑπό,preposition,false,n/a,indeclform (prep),lu/phs,3,64152,λύπη,noun,true,1.0,fem gen sg (attic epic ionic),pa/nu,4,77699,πάνυ,adverb,false,n/a,,,pie/zou,5,83057,πιέζω,verb,false,n/a,,th\n,6,71882,ὁ,article,false,n/a,fem acc sg (attic epic ionic),yuxh/n,7,115887,ψυχή,noun,false,n/a,fem acc sg (attic epic ionic),ei)/te,8,31565,εἴτε,adverb,false,n/a,indeclform (adverb),no/sos,9,71065,νόσος,noun,false,n/a,fem nom sg,e)pikeime/nh,10,39661,ἐπίκειμαι,verb,n/a,false,,baru/nei,11,19452,βαρύνω,verb,false,n/a,,ei)/te,12,31565,εἴτε,adverb,false,n/a,indeclform (adverb),a)/llo,13,4490,ἄλλος,adjective,false,n/a,neut nom/voc/acc sg,",",",",",",,,,,pres imperat mp 2nd sg (attic epic doric),imperf ind mp 2nd sg (attic epic doric),,,,,,ti,14,104051,τις,pronoun,false,n/a,neut nom/voc/acc sg,sumpi/ptei,15,98707,συμπίτνω,verb,false,n/a,,dusxere/s,16,29630,δυσχερής,adverb,false,n/a,,a)lla\,17,4357,ἀλλά,adverb,false,n/a,indeclform (adverb),gennai/ws,18,21899,γενναῖος,adjective,false,n/a,,a)nqi/sta,19,8775,ἀνθίστημι,verb,0.5,true,,toi=s,20,71882,ὁ,article,false,n/a,masc/neut dat pl,po/nois,21,85665,πόνος,noun,false,n/a,,,to\,22,71882,ὁ,article,false,n/a,,,,,no/hma,23,70911,νόημα,noun,n/a,false,neut nom/voc/acc sg,xa/ritas,24,113388,χάρις,noun,n/a,false,fem acc pl,a)na/gwn,25,6396,ἀνάγω,verb,false,n/a,pres part act masc nom sg,qew=|,26,48291,θεός,noun,true,1.0,,,kai\,27,51951,καί,conjunction,n/a,false,indeclform (conj),e)n,28,34700,ἐν,preposition,true,0.5,proclitic indeclform (prep),me/sois,29,66494,μέσος,adjective,n/a,false,masc/neut dat pl,toi=s,30,71882,ὁ,article,n/a,false,masc/neut dat pl,e)pipo/nois,31,40599,ἐπίπονος,adjective,n/a,false,masc/fem/neut dat pl,pra/gmasi,32,86112,πρᾶγμα,noun,false,n/a,neut dat pl,a(/te,33,16986,ἅτε,adverb,false,n/a,,,dh\,34,24295,δή,particle,false,n/a,,,,sofw/tera/,35,95661,σοφός,adjective,n/a,false,neut nom/voc/acc comp pl,te,36,102752,τε,particle,false,n/a,,,,,a)nqrw/pwn,37,8909,ἄνθρωπος,noun,false,n/a,,,fronou=nti,38,112350,φρονέω,verb,n/a,false,,kai\,39,51951,καί,conjunction,false,n/a,,,.,,indeclform (adverb),,,,,,,,,masc/fem voc sg,neut nom/voc/acc sg,masc dat pl,,,masc dat sg,,,,,,,,,,,,,adverbial,masc acc pl (doric),,,perf part mp fem nom/voc sg (attic epic ionic),pres part mp fem nom/voc sg (attic epic ionic),,,,,,neut nom/voc/acc sg,,,,,,,indeclform (particle),enclitic indeclform (particle),,,,,aor subj act 3rd sg (epic),pres ind mp 2nd sg,pres ind act 3rd sg,,,adverbial,imperf ind act 3rd sg (doric aeolic),pres imperat mp 2nd sg (doric aeolic),,,,,pres ind mp 2nd sg,pres ind act 3rd sg,,,,,,indeclform (adverb),masc gen pl,indeclform (conj),a(/per,40,75512,ὅς,pronoun,true,1.0,neut acc pl,neut nom pl,ou),41,75730,οὐ,adverb,false,n/a,proclitic indeclform (adverb),dunato\n,42,28588,δυνατός,adjective,n/a,false,,ou)de\,43,75764,οὐδέ,particle,0.33,false,indeclform (particle),r(a/|dion,44,92077,ῥᾴδιος,adjective,true,1.0,,a)nqrw/pois,45,8909,ἄνθρωπος,noun,false,n/a,masc dat pl,eu(rei=n,46,44964,εὑρίσκω,verb,false,n/a,aor inf act (attic epic doric),,,,,,,masc/fem acc pl (doric),pres part act masc/neut dat sg (attic epic doric),pres ind act 3rd pl (doric),fem acc dual,fem nom dual,fem nom sg (doric aeolic),masc acc sg,neut nom/voc/acc sg,masc/fem acc sg,neut nom/voc/acc sg,masc acc sg,neut nom/voc/acc sg,masc/fem acc sg (attic),neut nom/voc/acc sg (attic),masc/fem voc comp sg,neut nom/voc/acc comp sg,,,,,
38,1,e)le/ei,1,nlsj39429,ἔλεος,noun,true,1.0,,de\,2,23596,δέ,particle,false,n/a,indeclform (particle),kakoume/nous,3,52444,κακόω,verb,false,n/a,pres part mp masc acc pl,kai\,4,51951,καί,conjunction,false,n/a,,,th\n,5,71882,ὁ,article,false,n/a,fem acc sg (attic epic ionic),para\,6,77763,παρά,preposition,true,1.0,indeclform (prep),tou=,7,71882,ὁ,article,true,1.0,masc/neut gen sg,qeou=,8,48291,θεός,noun,true,1.0,masc gen sg,boh/qeian,9,20212,βοήθεια,noun,false,n/a,fem acc sg,e)p',10,nlsj126,ἐπί,preposition,n/a,false,indeclform (prep),a)nqrw/pois,11,8909,ἄνθρωπος,noun,false,n/a,masc dat pl,ai)tou=,12,2754,αἰτέω,verb,false,n/a,,,,,,,,,,",",:,,,,,,,,,,pres imperat mp 2nd sg (attic),imperf ind mp 2nd sg (attic),,,,,,,,,,,,,,,,,,,,,,,,,,,,,,,,,,,,,,,,,,,,,,,,,,,,,,,,,,,,,,,,,,,,,,,,,,,,,,,,,,,,,,,,,,,,,,,,,,,,,,,,,,,,,,,,,,,,,,,,,,,,,,,,,,,,,,,,,,,,,,,,,,,,,,,,,,,,,,,,,,,,,,,,,,,,,,,,,,,,,,,,,,,,,,,,,,,,,,,,,,,,,,,,,,,,,,,,,,,,,,,,,indeclform (conj),,,,,,,,,,,,,,,,,,,neut nom/voc/acc dual (attic epic),neut dat sg (epic ionic),,,,,,,,,,,,,,,,,,,,,,,,,,,,,,,,,,,,,,,,,,,,,,,,,,,,,,,,,,,,,,,,,,,,,,,,,,,,,,,,,,,,,,,,,,,,,,,,,,,,,,,,,,,,,,,,,,,,,,,,,,,,,,,,,,,,neut dat sg,,,,
39,1,e)pineu/sei,1,40305,ἐπίνευσις,noun,true,1.0,,ga\r,2,21618,γάρ,particle,false,n/a,indeclform (particle),ai)tou=nti,3,2754,αἰτέω,verb,false,n/a,,tw=|,4,71882,ὁ,article,true,1.0,,,fi/lw|,5,nlsj56179,φίλος,adjective,false,n/a,masc/neut dat sg,th\n,6,71882,ὁ,article,false,n/a,fem acc sg (attic epic ionic),xa/rin,7,113388,χάρις,noun,false,n/a,,kai\,8,51951,καί,conjunction,false,n/a,indeclform (conj),toi=s,9,71882,ὁ,article,false,n/a,masc/neut dat pl,kakoume/nois,10,52444,κακόω,verb,n/a,false,pres part mp masc/neut dat pl,e)pikouri/an,11,39847,ἐπικουρία,noun,false,n/a,fem acc sg (attic doric aeolic),pare/cei,12,78514,παραξέω,verb,true,0.33,imperf ind act 3rd sg (attic epic),th\n,13,71882,ὁ,article,false,n/a,fem acc sg (attic epic ionic),",",",",",",pres part act masc/neut dat sg (attic epic doric),pres ind act 3rd pl (doric),,,,,,,,,,au(tou=,14,29881,ἑαυτοῦ,pronoun,false,n/a,,du/namin,15,28569,δύναμις,adjective,false,n/a,fem acc sg,gnw/rimon,16,22523,γνώριμος,adjective,false,n/a,,a)nqrw/pois,17,8909,ἄνθρωπος,noun,false,n/a,masc dat pl,kaqista/nai,18,51849,καθίστημι,verb,false,n/a,pres inf act,boulo/menos,19,20621,βούλομαι,verb,n/a,false,pres part mp masc nom sg,w(s,20,116401,ὡς,conjunction,false,n/a,proclitic indeclform (conj),a)\n,21,6207,ἄν,particle,true,1.0,,,ei)s,22,31235,εἰς,preposition,false,n/a,,,,,e)pi/gnwsin,23,39065,ἐπίγνωσις,noun,n/a,false,fem acc sg,e)lqo/ntes,24,42827,ἔρχομαι,verb,n/a,false,aor part act masc nom/voc pl,e)pi\,25,nlsj126,ἐπί,preposition,false,n/a,indeclform (prep),qeo\n,26,48291,θεός,noun,false,n/a,,,a)ni/wsin,27,8108,ἄνειμι,verb,0.33,true,pres subj act 3rd pl,kai\,28,51951,καί,conjunction,false,n/a,indeclform (conj),th=s,29,71882,ὁ,article,n/a,false,fem gen sg (attic epic ionic),ai)wni/ou,30,2817,αἰώνιος,adjective,n/a,false,,makario/thtos,31,64587,μακαριότης,noun,n/a,false,fem gen sg,a)polau/swsin,32,13028,ἀπολαύω,verb,false,n/a,aor subj act 3rd pl,e)peida\n,33,38469,ἐπειδάν,conjunction,false,n/a,,,o(,34,71882,ὁ,article,false,n/a,,,,tou=,35,71882,ὁ,article,1.0,true,masc/neut gen sg,qeou=,36,48291,θεός,noun,true,1.0,,,,,ui(o\s,37,106566,υἱός,noun,false,n/a,,,parage/nhtai,38,77847,παραγίγνομαι,verb,n/a,false,aor subj mid 3rd sg,a)gaqa\,39,260,ἀγαθός,adjective,false,n/a,neut nom/voc/acc pl,fem nom/voc/acc dual,",",.,masc/neut dat sg,indeclform (adverb),indeclform (prep),,,,,,,masc acc sg,neut nom/voc/acc sg,indeclform (particle),,,masc acc sg,,,,,fem nom/voc/acc dual (attic epic),fem dat sg (epic),,,,,masc/fem acc sg,neut nom/voc/acc sg,,,fem acc sg,,,,,,,neut gen sg,masc gen sg,proclitic indeclform (prep),,,,,,,masc nom sg,masc gen sg,,,,,,,,,,,,,,,,,,,,,masc/neut gen sg,masc/fem/neut gen sg,,indeclform (conj),masc nom sg,,toi=s,40,71882,ὁ,article,false,n/a,,,i)di/ois,41,49875,ἴδιος,adjective,true,1.0,,a)pokaqistw=n,42,nlsj24655,ἀποκαθιστάω,verb,n/a,false,,,,,,,,,,,,,,,,,,,,,,,,,,,,,,,,,,,,,,,,,,,,,,pres part act masc voc sg,pres part act neut nom/voc/acc sg,pres part act masc nom sg (attic epic ionic),pres part act masc nom sg (attic epic doric ionic),,,,,,,fem dat sg (attic ionic),fem nom/voc sg (doric aeolic),masc/neut dat pl,masc/neut dat pl,masc/fem/neut dat pl

