@_id,@_location,word/0/@_form,word/0/@_id,word/0/lemma/@_id,word/0/lemma/@_entry,word/0/lemma/@_POS,word/0/lemma/@_TreeTagger,word/0/lemma/@_disambiguated,word/0/lemma/analysis/@_morph,word/1/@_form,word/1/@_id,word/1/lemma/@_id,word/1/lemma/@_TreeTagger,word/1/lemma/@_disambiguated,word/2/@_form,word/2/@_id,word/2/lemma/@_id,word/2/lemma/@_entry,word/2/lemma/@_POS,word/2/lemma/@_TreeTagger,word/2/lemma/@_disambiguated,word/2/lemma/analysis/@_morph,word/3/@_form,word/3/@_id,word/3/lemma/@_id,word/3/lemma/@_entry,word/3/lemma/@_POS,word/3/lemma/@_TreeTagger,word/3/lemma/@_disambiguated,word/3/lemma/analysis/@_morph,word/4/@_form,word/4/@_id,word/4/lemma/@_id,word/4/lemma/@_entry,word/4/lemma/@_POS,word/4/lemma/@_TreeTagger,word/4/lemma/@_disambiguated,word/4/lemma/analysis/@_morph,word/5/@_form,word/5/@_id,word/5/lemma/@_id,word/5/lemma/@_entry,word/5/lemma/@_POS,word/5/lemma/@_TreeTagger,word/5/lemma/@_disambiguated,word/5/lemma/analysis/@_morph,word/6/@_form,word/6/@_id,word/6/lemma/@_id,word/6/lemma/@_entry,word/6/lemma/@_POS,word/6/lemma/@_TreeTagger,word/6/lemma/@_disambiguated,word/6/lemma/analysis/0/@_morph,word/6/lemma/analysis/1/@_morph,word/6/lemma/analysis/2/@_morph,word/7/@_form,word/7/@_id,word/7/lemma/@_id,word/7/lemma/@_entry,word/7/lemma/@_POS,word/7/lemma/@_TreeTagger,word/7/lemma/@_disambiguated,word/7/lemma/analysis/@_morph,word/8/@_form,word/8/@_id,word/8/lemma/@_id,word/8/lemma/@_entry,word/8/lemma/@_POS,word/8/lemma/@_TreeTagger,word/8/lemma/@_disambiguated,word/8/lemma/analysis/0/@_morph,word/8/lemma/analysis/1/@_morph,word/9/@_form,word/9/@_id,word/9/lemma/@_id,word/9/lemma/@_entry,word/9/lemma/@_POS,word/9/lemma/@_TreeTagger,word/9/lemma/@_disambiguated,word/9/lemma/analysis/0/@_morph,word/9/lemma/analysis/1/@_morph,word/10/@_form,word/10/@_id,word/10/lemma/@_id,word/10/lemma/@_entry,word/10/lemma/@_POS,word/10/lemma/@_TreeTagger,word/10/lemma/@_disambiguated,word/10/lemma/analysis/@_morph,word/11/@_form,word/11/@_id,word/11/lemma/@_id,word/11/lemma/@_entry,word/11/lemma/@_POS,word/11/lemma/@_TreeTagger,word/11/lemma/@_disambiguated,word/11/lemma/analysis/0/@_morph,word/11/lemma/analysis/1/@_morph,word/12/@_form,word/12/@_id,word/12/lemma/@_id,word/12/lemma/@_entry,word/12/lemma/@_POS,word/12/lemma/@_TreeTagger,word/12/lemma/@_disambiguated,word/12/lemma/analysis/@_morph,word/13/@_form,word/13/@_id,word/13/lemma/@_id,word/13/lemma/@_entry,word/13/lemma/@_POS,word/13/lemma/@_TreeTagger,word/13/lemma/@_disambiguated,word/13/lemma/analysis/0/@_morph,word/13/lemma/analysis/1/@_morph,word/14/@_form,word/14/@_id,word/14/lemma/@_id,word/14/lemma/@_entry,word/14/lemma/@_POS,word/14/lemma/@_TreeTagger,word/14/lemma/@_disambiguated,word/14/lemma/analysis/0/@_morph,word/14/lemma/analysis/1/@_morph,punct/@_mark,word/1/lemma/@_entry,word/1/lemma/@_POS,word/1/lemma/analysis/@_morph,word/5/lemma/analysis/0/@_morph,word/5/lemma/analysis/1/@_morph,word/6/lemma/analysis/@_morph,word/8/lemma/analysis/@_morph,word/9/lemma/analysis/@_morph,word/10/lemma/analysis/0/@_morph,word/10/lemma/analysis/1/@_morph,word/11/lemma/analysis/@_morph,word/13/lemma/analysis/@_morph,word/14/lemma/analysis/@_morph,word/15/@_form,word/15/@_id,word/15/lemma/@_id,word/15/lemma/@_entry,word/15/lemma/@_POS,word/15/lemma/@_TreeTagger,word/15/lemma/@_disambiguated,word/15/lemma/analysis/@_morph,word/16/@_form,word/16/@_id,word/16/lemma/@_id,word/16/lemma/@_entry,word/16/lemma/@_POS,word/16/lemma/@_TreeTagger,word/16/lemma/@_disambiguated,word/16/lemma/analysis/0/@_morph,word/16/lemma/analysis/1/@_morph,word/16/lemma/analysis/2/@_morph,word/16/lemma/analysis/3/@_morph,word/17/@_form,word/17/@_id,word/17/lemma/@_id,word/17/lemma/@_entry,word/17/lemma/@_POS,word/17/lemma/@_TreeTagger,word/17/lemma/@_disambiguated,word/17/lemma/analysis/@_morph,word/18/@_form,word/18/@_id,word/18/lemma/@_id,word/18/lemma/@_entry,word/18/lemma/@_POS,word/18/lemma/@_TreeTagger,word/18/lemma/@_disambiguated,word/18/lemma/analysis/0/@_morph,word/18/lemma/analysis/1/@_morph,word/19/@_form,word/19/@_id,word/19/lemma/@_id,word/19/lemma/@_entry,word/19/lemma/@_POS,word/19/lemma/@_TreeTagger,word/19/lemma/@_disambiguated,word/19/lemma/analysis/@_morph,word/20/@_form,word/20/@_id,word/20/lemma/@_id,word/20/lemma/@_entry,word/20/lemma/@_POS,word/20/lemma/@_TreeTagger,word/20/lemma/@_disambiguated,word/20/lemma/analysis/@_morph,word/21/@_form,word/21/@_id,word/21/lemma/@_id,word/21/lemma/@_entry,word/21/lemma/@_POS,word/21/lemma/@_TreeTagger,word/21/lemma/@_disambiguated,word/21/lemma/analysis/0/@_morph,word/21/lemma/analysis/1/@_morph,word/22/@_form,word/22/@_id,word/22/lemma/@_id,word/22/lemma/@_entry,word/22/lemma/@_POS,word/22/lemma/@_TreeTagger,word/22/lemma/@_disambiguated,word/22/lemma/analysis/@_morph,word/23/@_form,word/23/@_id,word/23/lemma/@_id,word/23/lemma/@_entry,word/23/lemma/@_POS,word/23/lemma/@_TreeTagger,word/23/lemma/@_disambiguated,word/23/lemma/analysis/@_morph,word/24/@_form,word/24/@_id,word/24/lemma/@_id,word/24/lemma/@_entry,word/24/lemma/@_POS,word/24/lemma/@_TreeTagger,word/24/lemma/@_disambiguated,word/24/lemma/analysis/@_morph,word/25/@_form,word/25/@_id,word/25/lemma/@_id,word/25/lemma/@_entry,word/25/lemma/@_POS,word/25/lemma/@_TreeTagger,word/25/lemma/@_disambiguated,word/25/lemma/analysis/@_morph,word/26/@_form,word/26/@_id,word/26/lemma/@_id,word/26/lemma/@_entry,word/26/lemma/@_POS,word/26/lemma/@_TreeTagger,word/26/lemma/@_disambiguated,word/26/lemma/analysis/0/@_morph,word/26/lemma/analysis/1/@_morph,word/27/@_form,word/27/@_id,word/27/lemma/@_id,word/27/lemma/@_entry,word/27/lemma/@_POS,word/27/lemma/@_TreeTagger,word/27/lemma/@_disambiguated,word/27/lemma/analysis/0/@_morph,word/27/lemma/analysis/1/@_morph,word/28/@_form,word/28/@_id,word/28/lemma/@_id,word/28/lemma/@_entry,word/28/lemma/@_POS,word/28/lemma/@_TreeTagger,word/28/lemma/@_disambiguated,word/28/lemma/analysis/@_morph,word/29/@_form,word/29/@_id,word/29/lemma/@_id,word/29/lemma/@_entry,word/29/lemma/@_POS,word/29/lemma/@_TreeTagger,word/29/lemma/@_disambiguated,word/29/lemma/analysis/@_morph,word/30/@_form,word/30/@_id,word/30/lemma/@_id,word/30/lemma/@_entry,word/30/lemma/@_POS,word/30/lemma/@_TreeTagger,word/30/lemma/@_disambiguated,word/30/lemma/analysis/@_morph,word/31/@_form,word/31/@_id,word/31/lemma/@_id,word/31/lemma/@_entry,word/31/lemma/@_POS,word/31/lemma/@_TreeTagger,word/31/lemma/@_disambiguated,word/31/lemma/analysis/@_morph,word/32/@_form,word/32/@_id,word/32/lemma/@_id,word/32/lemma/@_entry,word/32/lemma/@_POS,word/32/lemma/@_TreeTagger,word/32/lemma/@_disambiguated,word/32/lemma/analysis/@_morph,word/33/@_form,word/33/@_id,word/33/lemma/@_id,word/33/lemma/@_entry,word/33/lemma/@_POS,word/33/lemma/@_TreeTagger,word/33/lemma/@_disambiguated,word/33/lemma/analysis/@_morph,word/34/@_form,word/34/@_id,word/34/lemma/@_id,word/34/lemma/@_entry,word/34/lemma/@_POS,word/34/lemma/@_TreeTagger,word/34/lemma/@_disambiguated,word/34/lemma/analysis/@_morph,word/35/@_form,word/35/@_id,word/35/lemma/@_id,word/35/lemma/@_entry,word/35/lemma/@_POS,word/35/lemma/@_TreeTagger,word/35/lemma/@_disambiguated,word/35/lemma/analysis/0/@_morph,word/35/lemma/analysis/1/@_morph,word/36/@_form,word/36/@_id,word/36/lemma/@_id,word/36/lemma/@_entry,word/36/lemma/@_POS,word/36/lemma/@_TreeTagger,word/36/lemma/@_disambiguated,word/36/lemma/analysis/@_morph,word/37/@_form,word/37/@_id,word/37/lemma/@_id,word/37/lemma/@_entry,word/37/lemma/@_POS,word/37/lemma/@_TreeTagger,word/37/lemma/@_disambiguated,word/37/lemma/analysis/@_morph,word/38/@_form,word/38/@_id,word/38/lemma/@_id,word/38/lemma/@_entry,word/38/lemma/@_POS,word/38/lemma/@_TreeTagger,word/38/lemma/@_disambiguated,word/38/lemma/analysis/@_morph,word/39/@_form,word/39/@_id,word/39/lemma/@_id,word/39/lemma/@_entry,word/39/lemma/@_POS,word/39/lemma/@_TreeTagger,word/39/lemma/@_disambiguated,word/39/lemma/analysis/0/@_morph,word/39/lemma/analysis/1/@_morph,word/40/@_form,word/40/@_id,word/40/lemma/@_id,word/40/lemma/@_entry,word/40/lemma/@_POS,word/40/lemma/@_TreeTagger,word/40/lemma/@_disambiguated,word/40/lemma/analysis/@_morph,word/41/@_form,word/41/@_id,word/41/lemma/@_id,word/41/lemma/@_entry,word/41/lemma/@_POS,word/41/lemma/@_TreeTagger,word/41/lemma/@_disambiguated,word/41/lemma/analysis/@_morph,word/42/@_form,word/42/@_id,word/42/lemma/@_id,word/42/lemma/@_entry,word/42/lemma/@_POS,word/42/lemma/@_TreeTagger,word/42/lemma/@_disambiguated,word/42/lemma/analysis/@_morph,word/43/@_form,word/43/@_id,word/43/lemma/@_id,word/43/lemma/@_entry,word/43/lemma/@_POS,word/43/lemma/@_TreeTagger,word/43/lemma/@_disambiguated,word/43/lemma/analysis/@_morph,word/44/@_form,word/44/@_id,word/44/lemma/@_id,word/44/lemma/@_entry,word/44/lemma/@_POS,word/44/lemma/@_disambiguated,word/44/lemma/@_TreeTagger,word/44/lemma/analysis/0/@_morph,word/44/lemma/analysis/1/@_morph,word/44/lemma/analysis/2/@_morph,word/44/lemma/analysis/3/@_morph,word/45/@_form,word/45/@_id,word/45/lemma/@_id,word/45/lemma/@_entry,word/45/lemma/@_POS,word/45/lemma/@_TreeTagger,word/45/lemma/@_disambiguated,word/45/lemma/analysis/@_morph,word/46/@_form,word/46/@_id,word/46/lemma/@_id,word/46/lemma/@_entry,word/46/lemma/@_POS,word/46/lemma/@_TreeTagger,word/46/lemma/@_disambiguated,word/46/lemma/analysis/@_morph,word/47/@_form,word/47/@_id,word/47/lemma/@_id,word/47/lemma/@_entry,word/47/lemma/@_POS,word/47/lemma/@_TreeTagger,word/47/lemma/@_disambiguated,word/47/lemma/analysis/@_morph,punct/0/@_mark,punct/1/@_mark,punct/2/@_mark,punct/3/@_mark,punct/4/@_mark,punct/5/@_mark,word/12/lemma/analysis/0/@_morph,word/12/lemma/analysis/1/@_morph,word/15/lemma/analysis/0/@_morph,word/15/lemma/analysis/1/@_morph,word/16/lemma/analysis/@_morph,word/3/lemma/analysis/0/@_morph,word/3/lemma/analysis/1/@_morph,word/3/lemma/analysis/2/@_morph,word/3/lemma/analysis/3/@_morph,word/2/lemma/analysis/0/@_morph,word/2/lemma/analysis/1/@_morph,word/2/lemma/analysis/2/@_morph,word/2/lemma/analysis/3/@_morph,word/7/lemma/analysis/0/@_morph,word/7/lemma/analysis/1/@_morph,word/7/lemma/analysis/2/@_morph,word/7/lemma/analysis/3/@_morph,word/18/lemma/analysis/@_morph,word/21/lemma/analysis/@_morph,word/22/lemma/analysis/0/@_morph,word/22/lemma/analysis/1/@_morph,word/22/lemma/analysis/2/@_morph,word/22/lemma/analysis/3/@_morph,word/23/lemma/analysis/0/@_morph,word/23/lemma/analysis/1/@_morph,word/26/lemma/analysis/2/@_morph,word/20/lemma/analysis/0/@_morph,word/20/lemma/analysis/1/@_morph,word/0/lemma/analysis/0/@_morph,word/0/lemma/analysis/1/@_morph,word/4/lemma/analysis/0/@_morph,word/4/lemma/analysis/1/@_morph,word/4/lemma/analysis/2/@_morph,word/4/lemma/analysis/3/@_morph,word/19/lemma/analysis/0/@_morph,word/19/lemma/analysis/1/@_morph,word/24/lemma/analysis/0/@_morph,word/24/lemma/analysis/1/@_morph,word/24/lemma/analysis/2/@_morph,word/25/lemma/analysis/0/@_morph,word/25/lemma/analysis/1/@_morph,word/26/lemma/analysis/@_morph,word/27/lemma/analysis/@_morph,word/8/lemma/analysis/2/@_morph,word/8/lemma/analysis/3/@_morph,word/15/lemma/analysis/2/@_morph,word/15/lemma/analysis/3/@_morph,word/18/lemma/analysis/2/@_morph,word/18/lemma/analysis/3/@_morph,word/1/lemma/analysis/0/@_morph,word/1/lemma/analysis/1/@_morph,word/9/lemma/analysis/2/@_morph,word/17/lemma/analysis/0/@_morph,word/17/lemma/analysis/1/@_morph,word/17/lemma/analysis/2/@_morph,word/23/lemma/analysis/2/@_morph,word/@_form,word/@_id,word/lemma/@_id,word/lemma/@_entry,word/lemma/@_POS,word/lemma/@_TreeTagger,word/lemma/@_disambiguated,word/lemma/analysis/@_morph,word/30/lemma/analysis/0/@_morph,word/30/lemma/analysis/1/@_morph,word/37/lemma/analysis/0/@_morph,word/37/lemma/analysis/1/@_morph,word/37/lemma/analysis/2/@_morph,word/37/lemma/analysis/3/@_morph,word/39/lemma/analysis/@_morph,word/40/lemma/analysis/0/@_morph,word/40/lemma/analysis/1/@_morph,word/23/lemma/analysis/3/@_morph,word/29/lemma/analysis/0/@_morph,word/29/lemma/analysis/1/@_morph,word/35/lemma/analysis/@_morph,word/28/lemma/analysis/0/@_morph,word/28/lemma/analysis/1/@_morph,word/32/lemma/analysis/0/@_morph,word/32/lemma/analysis/1/@_morph,word/11/lemma/analysis/2/@_morph,word/6/lemma/analysis/3/@_morph,word/6/lemma/analysis/4/@_morph,word/33/lemma/analysis/0/@_morph,word/33/lemma/analysis/1/@_morph,word/14/lemma/analysis/2/@_morph,word/14/lemma/analysis/3/@_morph,word/14/lemma/analysis/4/@_morph,word/12/lemma/analysis/2/@_morph,word/0/lemma/analysis/2/@_morph,word/0/lemma/analysis/3/@_morph,word/0/lemma/analysis/4/@_morph,word/20/lemma/analysis/2/@_morph,word/30/lemma/analysis/2/@_morph,word/31/lemma/analysis/0/@_morph,word/31/lemma/analysis/1/@_morph,word/34/lemma/analysis/0/@_morph,word/34/lemma/analysis/1/@_morph,word/38/lemma/analysis/0/@_morph,word/38/lemma/analysis/1/@_morph,word/41/lemma/analysis/0/@_morph,word/41/lemma/analysis/1/@_morph,word/42/lemma/analysis/0/@_morph,word/42/lemma/analysis/1/@_morph,word/43/lemma/analysis/0/@_morph,word/43/lemma/analysis/1/@_morph,word/44/lemma/analysis/@_morph,punct/6/@_mark
1,hypothesis,to\n,1,71882,ὁ,article,false,n/a,masc acc sg,*)erxi/ewn,2,unknown,false,n/a,dh=mon,3,24436,δῆμος,noun,false,n/a,masc acc sg,ei)s,4,31235,εἰς,preposition,false,n/a,proclitic indeclform (prep),to\,5,71882,ὁ,article,false,n/a,neut nom/voc/acc sg,dikasth/rion,6,26920,δικαστήριον,noun,false,n/a,neut nom/voc/acc sg,proskalei=tai/,7,89485,προσκαλέω,verb,false,n/a,pres ind mp 3rd sg (attic epic),fut ind mid 3rd sg (attic epic),pres ind mp 3rd sg (attic epic),tis,8,104051,τις,pronoun,false,n/a,masc/fem nom sg,tw=n,9,71882,ὁ,article,false,n/a,fem gen pl,masc/neut gen pl,a)poyhfisqe/ntwn,10,14362,ἀποψηφίζομαι,verb,false,n/a,aor part mp masc/neut gen pl,aor part pass masc/neut gen pl,w(s,11,116401,ὡς,conjunction,false,n/a,proclitic indeclform (conj),a)di/kws,12,1397,ἄδικος,adjective,false,n/a,adverbial,masc/fem acc pl (doric),th=s,13,71882,ὁ,article,false,n/a,fem gen sg (attic epic ionic),politei/as,14,84505,πολιτεία,noun,false,n/a,fem acc pl,fem gen sg (attic doric aeolic),a)pelauno/menos,15,11807,ἀπελαύνω,verb,false,n/a,pres part mp masc nom sg,pres part mp masc nom sg,.,,,,,,,,,,,,,,,,,,,,,,,,,,,,,,,,,,,,,,,,,,,,,,,,,,,,,,,,,,,,,,,,,,,,,,,,,,,,,,,,,,,,,,,,,,,,,,,,,,,,,,,,,,,,,,,,,,,,,,,,,,,,,,,,,,,,,,,,,,,,,,,,,,,,,,,,,,,,,,,,,,,,,,,,,,,,,,,,,,,,,,,,,,,,,,,,,,,,,,,,,,,,,,,,,,,,,,,,,,,,,,,,,,,,,,,,,,,,,,,,,,,,,,,,,,,,,,,,,,,,,,,,,,,,,,,,,,,,,,,,,,,,,,,,,,,,,,,,,,,,,,,,,,,,,,,,,,,,,,,,,,,,,,,,,,,,,,,,,,,,,,,,,,,,,,,,,,,,,,,,,,,,,,,,,,,,,,,,,,,,,,,,,,,,,,,,,,,,,,,,,,,,
2,hypothesis,e)gra/fh,1,22825,γράφω,verb,false,n/a,aor ind pass 3rd sg,ga\r,2,21618,false,n/a,dh/,3,24295,δή,particle,false,n/a,indeclform (particle),tis,4,104051,τις,pronoun,false,n/a,masc/fem nom sg,u(po\,5,108092,ὑπό,preposition,false,n/a,indeclform (prep),tw=n,6,71882,ὁ,article,false,n/a,,*)aqhnai/wn,7,1984,Ἀθήναια,proper,false,0.25,,,,no/mos,8,nlsj76838,νόμος,noun,false,n/a,masc nom sg,e)ce/tasin,9,37214,ἐξέτασις,noun,false,n/a,,,gene/sqai,10,22209,γίγνομαι,verb,false,n/a,,,tw=n,11,71882,ὁ,article,false,n/a,,politw=n,12,84511,πολίτης,noun,false,n/a,,,kata\,13,53647,κατά,preposition,false,n/a,indeclform (prep),dh/mous,14,24436,δῆμος,noun,false,n/a,,,to\n,15,71882,ὁ,article,false,n/a,,,,γάρ,particle,indeclform (particle),fem gen pl,masc/neut gen pl,neut gen pl,fem acc sg,aor inf mid,fem gen pl,masc/neut gen pl,masc gen pl,masc acc pl,masc acc sg,de\,16,23596,δέ,particle,false,n/a,indeclform (particle),a)poyhfisqe/nta,17,14362,ἀποψηφίζομαι,verb,false,n/a,aor part mp neut nom/voc/acc pl,aor part mp masc acc sg,aor part pass neut nom/voc/acc pl,aor part pass masc acc sg,u(po\,18,108092,ὑπό,preposition,false,n/a,indeclform (prep),tw=n,19,71882,ὁ,article,false,n/a,fem gen pl,masc/neut gen pl,dhmotw=n,20,24460,δημότης,noun,false,n/a,masc gen pl,th=s,21,71882,ὁ,article,false,n/a,fem gen sg (attic epic ionic),politei/as,22,84505,πολιτεία,noun,false,n/a,fem acc pl,fem gen sg (attic doric aeolic),mh\,23,67283,μή,conjunction,false,n/a,indeclform (conj),mete/xein,24,67132,μετέχω,verb,false,n/a,pres inf act (attic epic),toi=s,25,71882,ὁ,article,false,n/a,masc/neut dat pl,de\,26,23596,δέ,particle,false,n/a,indeclform (particle),a)di/kws,27,1397,ἄδικος,adjective,false,n/a,adverbial,masc/fem acc pl (doric),a)poyhfisqei=sin,28,14362,ἀποψηφίζομαι,verb,false,n/a,aor part mp masc/neut dat pl,aor part pass masc/neut dat pl,e)/fesin,29,45674,ἔφεσις,noun,false,n/a,fem acc sg,ei)s,30,31235,εἰς,preposition,false,n/a,proclitic indeclform (prep),to\,31,71882,ὁ,article,false,n/a,neut nom/voc/acc sg,dikasth/rion,32,26920,δικαστήριον,noun,false,n/a,neut nom/voc/acc sg,ei)=nai,33,31130,εἰμί,verb,false,n/a,pres inf act,proskalesame/nois,34,89485,προσκαλέω,verb,false,n/a,aor part mid masc/neut dat pl,tou\s,35,71882,ὁ,article,false,n/a,masc acc pl,dhmo/tas,36,24460,δημότης,noun,false,n/a,masc acc pl,masc nom sg (epic doric aeolic),kai\,37,51951,καί,conjunction,false,n/a,indeclform (conj),e)a\n,38,29859,ἐάν,conjunction,false,n/a,indeclform (conj),to\,39,71882,ὁ,article,false,n/a,neut nom/voc/acc sg,deu/teron,40,24261,δεύτερος,adjective,false,n/a,masc acc sg,neut nom/voc/acc sg,e)celegxqw=si,41,37097,ἐξελέγχω,verb,false,n/a,aor subj pass 3rd pl (attic epic doric),pepra=sqai,42,83251,πιπράσκω,verb,false,n/a,perf inf mp (epic doric aeolic),au)tou\s,43,17907,αὐτός,pronoun,false,n/a,masc acc pl,kai\,44,51951,καί,conjunction,false,n/a,indeclform (conj),ta\,45,71882,ὁ,article,1.0,true,neut acc pl,neut nom/voc/acc pl,fem acc dual,fem nom/voc/acc dual,xrh/mata,46,114624,χρῆμα,adjective,false,n/a,neut nom/voc/acc pl,ei)=nai,47,31130,εἰμί,verb,false,n/a,pres inf act,dhmo/sia,48,24444,δημόσιος,adjective,false,n/a,neut nom/voc/acc pl,",",",",",",",",",",.,,,,,,,,,,,,,,,,,,,,,,,,,,,,,,,,,,,,,,,,,,,,,,,,,,,,,,,,,,,,,,,,,,,,,,,,,,,,,,,,,,,,,,,,,,,,,,,,,,,,,,,,,,,,,
3,hypothesis,kata\,1,53647,κατά,preposition,false,n/a,indeclform (prep),tou=ton,2,76062,false,n/a,to\n,3,71882,ὁ,article,false,n/a,masc acc sg,no/mon,4,nlsj76838,νόμος,noun,false,n/a,masc acc sg,o(,5,71882,ὁ,article,false,n/a,masc nom sg,*eu)fi/lhtos,6,nlsj5093,Εὐφίλητος,proper,false,n/a,masc nom sg,proskalesa/menos,7,89485,προσκαλέω,verb,false,n/a,,,,tou\s,8,71882,ὁ,article,false,n/a,masc acc pl,*)erxie/as,9,unknown,,,false,n/a,,,w(s,10,116401,ὡς,conjunction,false,n/a,,,a)di/kws,11,1397,ἄδικος,adjective,false,n/a,,katayhfisame/nous,12,55675,καταψηφίζομαι,verb,false,n/a,aor part mp masc acc pl,aor part mid masc acc pl,au(tou=,13,29881,ἑαυτοῦ,pronoun,false,n/a,,to\n,14,71882,ὁ,article,false,n/a,,,a)gw=na,15,1093,ἀγών,noun,false,n/a,,,,οὗτος,pronoun,masc acc sg,,,aor part mid masc nom sg,,proclitic indeclform (conj),adverbial,masc/fem acc pl (doric),,masc acc sg,masc acc sg,to/nde,16,72010,ὅδε,pronoun,false,n/a,,diati/qetai,17,26061,διατίθημι,verb,false,n/a,,,,,,,,,,,,,,,,,,,,,,,,,,,,,,,,,,,,,,,,,,,,,,,,,,,,,,,,,,,,,,,,,,,,,,,,,,,,,,,,,,,,,,,,,,,,,,,,,,,,,,,,,,,,,,,,,,,,,,,,,,,,,,,,,,,,,,,,,,,,,,,,,,,,,,,,,,,,,,,,,,,,,,,,,,,,,,,,,,,,,,,,,,,,,,,,,,,,,,,,,,,,,,,,,,,,,,,,,,,,,,,,,,,,,,,,,,,,,,,,,,,,,,,,,,,,,,,,,,,,,,",",",",.,,,,neut gen sg,masc gen sg,masc acc sg,neut acc sg,pres ind mp 3rd sg,,,,,,,,,,,,,,,,,,,,,,,,,,,,,,,,,,,,,,,,,,,,,,,,,,,,,,,,,,,,,,,,,,,,,,,,,,,,,,,,,,,,,,,,,,,,,,,,,,,,,,,,
4,hypothesis,proei/rhtai,1,87413,προερέω,verb,false,n/a,perf ind mp 3rd sg (epic ionic),me\n,2,66260,false,n/a,dh\,3,24295,δή,particle,false,n/a,indeclform (particle),ta\,4,71882,ὁ,article,true,1.0,,pra/gmata,5,86112,πρᾶγμα,noun,false,n/a,neut nom/voc/acc pl,tau=t',6,76062,οὗτος,pronoun,false,n/a,neut nom/voc/acc pl,a)kribw=s,7,nlsj15362,ἀκριβῶς,adverb,true,1.0,,,,kai\,8,51951,καί,conjunction,false,n/a,indeclform (conj),pepi/stwtai,9,83330,πιστόω,verb,false,n/a,,,dia\,10,24517,διά,preposition,false,n/a,,,tw=n,11,71882,ὁ,article,false,n/a,,martu/rwn,12,65096,μάρτυρος,noun,true,0.5,,,,,,,,,,,,,,,,,,,,,,,,,,,,,:,μέν,particle,indeclform (particle),,,indeclform (adverb),perf ind mp 3rd sg,indeclform (prep),fem gen pl,masc/neut gen pl,masc gen pl,,,,,,,,,,,,,,,,,,,,,,,,,,,,,,,,,,,,,,,,,,,,,,,,,,,,,,,,,,,,,,,,,,,,,,,,,,,,,,,,,,,,,,,,,,,,,,,,,,,,,,,,,,,,,,,,,,,,,,,,,,,,,,,,,,,,,,,,,,,,,,,,,,,,,,,,,,,,,,,,,,,,,,,,,,,,,,,,,,,,,,,,,,,,,,,,,,,,,,,,,,,,,,,,,,,,,,,,,,,,,,,,,,,,,,,,,,,,,,,,,,,,,,,,,,,,,,,,,,,,,,,,,,,,,,,,,,,,,,,,,,,,,,,,,,neut acc pl,neut nom/voc/acc pl,fem acc dual,fem nom/voc/acc dual,,,,,,,,,,,,,,,,,,,,,,,,,,,,,,,,,,,,,,,,,,,,,,,,,,,,,,,,,,,,,,,,,,,,,,,,,,,,,,,,,,,,,,,,,,,,,,,,,,,,
5,hypothesis,oi(=s,1,75512,ὅς,pronoun,false,n/a,masc/neut dat pl,de\,2,23596,false,n/a,bebai/ws,3,19719,βέβαιος,adjective,true,1.0,,bou/letai,4,20621,βούλομαι,verb,false,n/a,pres ind mp 3rd sg,poih=sai,5,84234,ποιέω,verb,false,n/a,aor inf act,ta\s,6,71882,ὁ,article,false,n/a,fem acc pl,marturi/as,7,65088,μαρτυρία,noun,false,n/a,fem acc pl,fem gen sg (attic doric aeolic),,ta/d',8,72010,ὅδε,pronoun,false,n/a,,e)sti/n,9,31130,εἰμί,verb,false,n/a,,,w(s,10,116401,ὡς,conjunction,false,n/a,,,me\n,11,66260,μέν,particle,false,n/a,indeclform (particle),e)gw\,12,30657,ἐγώ,pronoun,false,n/a,,,do/chs,13,28002,δόξα,noun,true,0.5,fem gen sg (attic epic ionic),e)/xw,14,45996,ἔχω,verb,true,0.5,pres subj act 1st sg,pres ind act 1st sg,pa/nt',15,79904,πᾶς,adjective,true,1.0,masc acc sg,neut nom/voc/acc pl,,δέ,particle,indeclform (particle),,,,pres ind act 3rd sg,proclitic indeclform (conj),,,masc/fem nom/voc 1st sg,,,a)kribw=s,16,nlsj15362,ἀκριβῶς,adverb,true,1.0,indeclform (adverb),e)ceirgasme/na,17,37155,ἐξεργάζομαι,verb,false,n/a,perf part mp neut nom/voc/acc pl,perf part mp fem nom/voc/acc dual,perf part mp fem nom/voc sg (doric aeolic),,krine/tw,18,60003,κρίνω,verb,false,n/a,pres imperat act 3rd sg,de\,19,23596,δέ,particle,false,n/a,,,o(,20,71882,ὁ,article,false,n/a,masc nom sg,boulo/menos,21,20621,βούλομαι,verb,false,n/a,pres part mp masc nom sg,ei),22,30817,εἰ,conjunction,false,n/a,,,ta\,23,71882,ὁ,article,true,1.0,,prosh/konta,24,89366,προσήκω,verb,false,n/a,,e)/gnwka,25,22210,γιγνώσκω,verb,false,n/a,perf ind act 1st sg,peri\,26,81017,περί,preposition,false,n/a,indeclform (prep),au)tw=n,27,17907,αὐτός,pronoun,false,n/a,neut gen pl,fem gen pl,,,,,,,,,,,,,,,,,,,,,,,,,,,,,,,,,,,,,,,,,,,,,,,,,,,,,,,,,,,,,,,,,,,,,,,,,,,,,,,,,,,,,,,,,,,,,,,,,,,,,,,,,,,,,,,,,,,,,,,,,,,,,,,,,,,,,,,,,,,,,,,,,,,,,,,,,,,,,,,,,,,,,,,,,,,,,,,",",",",",",",",.,,,,,,,,,,,adverbial,masc acc pl (doric),adverbial,masc/fem acc pl (doric),neut acc pl,neut nom pl,fem acc dual,fem nom/voc dual,indeclform (particle),proclitic indeclform (conj),neut acc pl,neut nom/voc/acc pl,fem acc dual,fem nom/voc/acc dual,pres part act neut nom/voc/acc pl,pres part act masc acc sg,masc gen pl,,,,,,,,,,,,,,,,,,,,,,,,,,,,,,,,,,,,,,,,,,,,,,,,,,,,,,,,,,,,,,,,,,,,,,,,,,,,,,,,,,,
6,1,o(/ti,1,75598,ὅστις,pronoun,false,0.33,neut nom/acc sg,me\n,2,66260,false,n/a,toi/nun,3,104163,τοίνυν,particle,false,n/a,indeclform (particle),w)=,4,116027,ὦ,interjection,true,1.0,indeclform (exclam),a)/ndres,5,8665,ἀνήρ,noun,false,n/a,masc nom/voc pl,dikastai/,6,26921,δικαστής,noun,false,n/a,masc nom/voc pl,a)delfo\s,7,1211,ἀδελφός,adjective,false,n/a,,,,h(mi=n,8,30657,ἐγώ,pronoun,false,n/a,masc/fem dat 1st pl,e)stin,9,31130,εἰμί,verb,false,n/a,,,ou(tosi\,10,76062,οὗτος,pronoun,false,n/a,,,*eu)fi/lhtos,11,nlsj5093,Εὐφίλητος,proper,false,n/a,masc nom sg,ou),12,75730,οὐ,adverb,false,n/a,,,mo/non,13,68641,μόνος,adjective,false,n/a,,h(mw=n,14,30657,ἐγώ,pronoun,true,1.0,,,a)lla\,15,4357,ἀλλά,adverb,false,n/a,,,,μέν,particle,indeclform (particle),,,masc nom sg,pres ind act 3rd sg,masc nom/voc sg,,,proclitic indeclform (adverb),masc/fem gen 1st pl,indeclform (adverb),kai\,16,51951,καί,conjunction,false,n/a,indeclform (conj),tw=n,17,71882,ὁ,article,false,n/a,fem gen pl,masc/neut gen pl,,,suggenw=n,18,97507,συγγενής,adverb,false,n/a,masc/fem/neut gen pl (attic epic doric),a(pa/ntwn,19,11583,ἅπας,adjective,false,n/a,,,a)khko/ate,20,3398,ἀκούω,verb,false,n/a,perf ind act 2nd pl,marturou/ntwn,21,65083,μαρτυρέω,verb,false,n/a,,,,,,,,,,,,,,,,,,,,,,,,,,,,,,,,,,,,,,,,,,,,,,,,,,,,,,,,,,,,,,,,,,,,,,,,,,,,,,,,,,,,,,,,,,,,,,,,,,,,,,,,,,,,,,,,,,,,,,,,,,,,,,,,,,,,,,,,,,,,,,,,,,,,,,,,,,,,,,,,,,,,,,,,,,,,,,,,,,,,,,,,,,,,,,,,,,,,,,,,,,,,,,,,,,,,,,,,,,,,,,,,,,",",",",",",.,,,masc acc sg,neut nom/voc/acc sg,,,,,,,,,,,,,,,,masc/neut gen pl,,,,,,,,,pres part act masc/neut gen pl (attic epic doric),pres imperat act 3rd pl (attic epic doric),,,,,,,,,,,,,,,,,,,,,,,,,,,,,,,,,,,,,,,,,,,,,,,,,,,,,,,,,,,,,,,,,,,,,,,,,,,,,,,,,
7,1,ske/yasqe,1,94711,σκέπτομαι,verb,false,n/a,,de\,2,23596,false,n/a,prw=ton,3,90504,πρότερος,adjective,true,0.5,,to\n,4,71882,ὁ,article,false,n/a,masc acc sg,pate/ra,5,80011,πατήρ,noun,false,n/a,masc acc sg,h(mw=n,6,30657,ἐγώ,pronoun,true,1.0,masc/fem gen 1st pl,ti/nos,7,nlsj65910,τίς,pronoun,true,0.5,,,,e(/neken,8,35364,ἕνεκα,preposition,false,n/a,indeclform (prep),a)\n,9,6207,ἄν,particle,false,0.25,,,yeu/doito,10,115586,ψεύδω,verb,false,n/a,,,kai\,11,51951,καί,conjunction,false,n/a,indeclform (conj),tou=ton,12,76062,οὗτος,pronoun,false,n/a,,,mh\,13,67283,μή,conjunction,false,n/a,indeclform (conj),o)/nta,14,31130,εἰμί,verb,true,1.0,pres part act masc acc sg,pres part act neut nom/voc/acc pl,au)tou=,15,17907,αὐτός,pronoun,true,1.0,neut gen sg,masc gen sg,,δέ,particle,indeclform (particle),,,gen sg,indeclform (particle),pres opt mp 3rd sg,,,masc acc sg,,,u(o\n,16,106566,υἱός,noun,false,n/a,masc acc sg,ei)sepoiei=to,17,31506,εἰσποιέω,verb,false,n/a,,,,,,,,,,,,,,,,,,,,,,,,,,,,,,,,,,,,,,,,,,,,,,,,,,,,,,,,,,,,,,,,,,,,,,,,,,,,,,,,,,,,,,,,,,,,,,,,,,,,,,,,,,,,,,,,,,,,,,,,,,,,,,,,,,,,,,,,,,,,,,,,,,,,,,,,,,,,,,,,,,,,,,,,,,,,,,,,,,,,,,,,,,,,,,,,,,,,,,,,,,,,,,,,,,,,,,,,,,,,,,,,,,,,,,,,,,,,,,,,,,,,,,,,,,,,,,,,,,,,,,",",.,,,,,,,,,imperf ind mp 3rd sg (attic epic),,,,,masc acc sg,neut nom/voc/acc sg,,,,,,,,,,,,,,,,,,aor imperat mp 2nd pl,aor ind mp 2nd pl (homeric ionic),,,,,,,,,,,,,,,,,,,,,,,,,,,,,,,,,,,,,,,,,,,,,,,,,,,,,,,,,,,,,,,,,,,,,,,,,,,,,,,
8,2,pa/ntas,1,79904,πᾶς,adjective,false,n/a,masc acc pl,ga\r,2,21618,false,n/a,eu(rh/sete,3,44964,εὑρίσκω,verb,false,n/a,fut ind act 2nd pl,tou\s,4,71882,ὁ,article,false,n/a,masc acc pl,ta\,5,71882,ὁ,article,true,1.0,,toiau=ta,6,104169,τοιοῦτος,adjective,false,n/a,neut nom/voc/acc pl,pra/ttontas,7,86219,πράσσω,verb,false,n/a,,,,h)\,8,46568,ἠέ,conjunction,true,1.0,indeclform (conj),ou)k,9,75730,οὐ,adverb,false,n/a,,,o)/ntwn,10,31130,εἰμί,verb,false,n/a,pres imperat act 3rd pl (attic),pres part act masc/neut gen pl,au(toi=s,11,29881,ἑαυτοῦ,pronoun,false,n/a,,gnhsi/wn,12,22483,γνήσιος,adjective,true,1.0,fem gen pl,masc/neut gen pl,pai/dwn,13,76703,παῖς,adjective,false,n/a,masc/fem gen pl,h)\,14,46568,ἠέ,conjunction,true,1.0,,,dia\,15,24517,διά,preposition,false,n/a,,,,γάρ,particle,indeclform (particle),,,pres part act masc acc pl (attic),proclitic indeclform (adverb),,neut dat pl,masc dat pl,,indeclform (conj),indeclform (prep),peni/an,16,80610,πενία,noun,false,n/a,fem acc sg (attic doric aeolic),a)nagkazome/nous,17,6325,ἀναγκάζω,verb,false,n/a,,,,,ce/nous,18,71492,ξένος,noun,false,0.33,masc acc pl,a)nqrw/pous,19,8909,ἄνθρωπος,noun,false,n/a,,,ei)spoiei=sqai,20,31506,εἰσποιέω,verb,false,n/a,,o(/pws,21,74713,ὅπως,conjunction,false,n/a,indeclform (conj),w)felw=ntai/,22,116470,ὠφελέω,verb,false,n/a,,,ti,23,104051,τις,pronoun,false,n/a,neut nom/voc/acc sg,a)p',24,12243,ἀπό,preposition,false,n/a,,au)tw=n,25,17907,αὐτός,pronoun,false,n/a,,di',26,24517,διά,preposition,true,1.0,,au(tou\s,27,29881,ἑαυτοῦ,pronoun,false,n/a,,,*)aqhnai/wn,28,1984,Ἀθήναια,proper,false,0.25,,,gegono/twn,29,22209,γίγνομαι,verb,false,n/a,perf part act masc/neut gen pl,,,,,,,,,,,,,,,,,,,,,,,,,,,,,,,,,,,,,,,,,,,,,,,,,,,,,,,,,,,,,,,,,,,,,,,,,,,,,,,,,,,,,,,,,,,,,,,,,,,,,,,,,,,,,,,,,,,,,,,,,,,,,,,,,,,,,,,,,,,,,,,,,,,,,,,,,,,,,,",",.,,,,,,,,,pres part mp masc acc pl,,,,,,,,,,,,,masc acc pl,pres subj mp 3rd pl (attic epic doric),,,,,indeclform (prep),poetic indeclform (prep),,,,,,neut acc pl,neut nom/voc/acc pl,fem acc dual,fem nom/voc/acc dual,pres inf mp (attic epic),pres inf mp (attic epic),neut gen pl,fem gen pl,masc gen pl,indeclform (prep),poetic indeclform (prep),masc acc pl,neut gen pl,,,,,,,,,,,,,,,,,,,,,,,,,,,,,,,,,,,,,,,,,,,,,,,,,,,,,,,,,,,,,,,,,,
9,2,tw=|,1,71882,ὁ,article,true,1.0,masc/neut dat sg,toi/nun,2,104163,false,n/a,patri\,3,80011,πατήρ,noun,true,1.0,masc dat sg,tou/twn,4,76062,οὗτος,pronoun,false,n/a,masc/fem/neut gen pl,ou)de/teron,5,75777,οὐδέτερος,adjective,false,n/a,,u(pa/rxei,6,106974,ὑπάρχω,verb,false,n/a,,,,,,,,,,,,,,,,,,,,,,,,,,,,,,,,,,,,,,,,,,,,,,,,,,,,,,,,,,,,,,,,,,,,,,,,,,,,,,,,,:,τοίνυν,particle,indeclform (particle),pres ind mp 2nd sg,pres ind act 3rd sg,,,,,,,,,,,,,,,,,,,,,,,,,,,,,,,,,,,,,,,,,,,,,,,,,,,,,,,,,,,,,,,,,,,,,,,,,,,,,,,,,,,,,,,,,,,,,,,,,,,,,,,,,,,,,,,,,,,,,,,,,,,,,,,,,,,,,,,,,,,,,,,,,,,,,,,,,,,,,,,,,,,,,,,,,,,,,,,,,,,,,,,,,,,,,,,,,,,,,,,,,,,,,,,,,,,,,,,,,,,,,,,,,,,,,,,,,,,,,,,,,,,,,,,,,,,,,,,,,,,,,,,,,,,,,,,,,,,,,,,,,,,,,,,,,,,,,,,,,,,,,,,,,,,,,,,,,,,,,,,,,masc acc sg,neut nom/voc/acc sg,,,,,,,,,,,,,,,,,,,,,,,,,,,,,,,,,,,,,,,,,,,,,,,,,,,,,,,,,,,,,,,,,,,,,,,,,,,,,
10,2,gnh/sioi,1,22483,γνήσιος,adjective,false,n/a,masc nom/voc pl,me\n,2,66260,false,n/a,ga\r,3,21618,γάρ,particle,false,n/a,indeclform (particle),au)tw=|,4,17907,αὐτός,pronoun,false,n/a,,h(mei=s,5,30657,ἐγώ,pronoun,false,n/a,masc/fem nom/voc 1st pl,du/o,6,28592,δύο,adjective,false,n/a,indeclform (numeral),u(ei=s,7,106566,υἱός,noun,false,n/a,masc acc pl,masc nom/voc pl (parad_form),,e)smen,8,31130,εἰμί,verb,false,n/a,pres ind act 1st pl,w(/ste,9,116421,ὥστε,conjunction,false,n/a,,,ou)k,10,75730,οὐ,adverb,false,n/a,,,a)/n,11,6207,ἄν,particle,true,1.0,indeclform (particle),ge,12,21705,γε,particle,false,n/a,,,di',13,24517,διά,preposition,true,1.0,,e)rhmi/an,14,42366,ἐρημία,noun,false,n/a,,,tou=ton,15,76062,οὗτος,pronoun,false,n/a,,,,μέν,particle,indeclform (particle),,,,indeclform (adverb),proclitic indeclform (adverb),,,enclitic indeclform (particle),fem acc sg (attic doric aeolic),masc acc sg,ei)sepoiei=to,16,31506,εἰσποιέω,verb,false,n/a,imperf ind mp 3rd sg (attic epic),,,,,,,,,,,,,,,,,,,,,,,,,,,,,,,,,,,,,,,,,,,,,,,,,,,,,,,,,,,,,,,,,,,,,,,,,,,,,,,,,,,,,,,,,,,,,,,,,,,,,,,,,,,,,,,,,,,,,,,,,,,,,,,,,,,,,,,,,,,,,,,,,,,,,,,,,,,,,,,,,,,,,,,,,,,,,,,,,,,,,,,,,,,,,,,,,,,,,,,,,,,,,,,,,,,,,,,,,,,,,,,,,,,,,,,,,,,,,,,,,,,,,,,,,,,,,,,,,,,,,,,,,,,,,",",.,,,,,indeclform (prep),poetic indeclform (prep),,,,neut dat sg,masc dat sg,,,,,,,,,,,,,,,,,,,,,,,,,,,,,,,,,,,,,,,,,,,,,,,,,,,,,,,,,,,,,,,,,,,,,,,,,,,,,,,,,,,,,,,,,,,,,,,,,,,,,,
11,3,a)lla\,1,4357,ἀλλά,adverb,false,n/a,indeclform (adverb),mh\n,2,67461,true,1.0,ou)de\,3,75764,οὐδέ,particle,false,0.33,indeclform (particle),trofh=s,4,105548,τροφεύς,noun,true,0.5,,te,5,102752,τε,particle,false,n/a,enclitic indeclform (particle),kai\,6,51951,καί,conjunction,false,n/a,indeclform (conj),eu)pori/as,7,44831,εὐπορία,noun,false,n/a,fem acc pl,fem gen sg (attic doric aeolic),,th=s,8,71882,ὁ,article,false,n/a,fem gen sg (attic epic ionic),para\,9,77763,παρά,preposition,true,1.0,,,tou/tou,10,76062,οὗτος,pronoun,false,n/a,,,deo/menos,11,nlsj32160,δέομαι,verb,true,0.33,pres part mp masc nom sg (epic doric ionic aeolic),,,,,,,,,,,,,,,,,,,,,,,,,,,,,,,,,,,,:,μήν,particle,indeclform (particle),,,,indeclform (prep),masc/neut gen sg,,,,,,,,,,,,,,,,,,,,,,,,,,,,,,,,,,,,,,,,,,,,,,,,,,,,,,,,,,,,,,,,,,,,,,,,,,,,,,,,,,,,,,,,,,,,,,,,,,,,,,,,,,,,,,,,,,,,,,,,,,,,,,,,,,,,,,,,,,,,,,,,,,,,,,,,,,,,,,,,,,,,,,,,,,,,,,,,,,,,,,,,,,,,,,,,,,,,,,,,,,,,,,,,,,,,,,,,,,,,,,,,,,,,,,,,,,,,,,,,,,,,,,,,,,,,,,,,,,,,,,,,,,,,,,,,,,,,,,,,,,,,,,,,,,,,,masc nom pl,masc nom/voc pl,,,,,,,,,,,,,,,,,,,,,,,,,,,,,,,,,,,,,,,,,,,,,,,,,,,,,,,,,,,,,,,,,,,,,,,,,,,,,,,,,,,,,,,,,,,,,,,,,,,,,,
12,3,e)/sti,1,31130,εἰμί,verb,false,n/a,pres ind act 3rd sg,ga\r,2,21618,false,n/a,au)tw=|,3,17907,αὐτός,pronoun,false,n/a,,ltbi/osgt,4,unknown,,,false,n/a,,i(kano/s,5,50236,ἱκανός,adjective,false,n/a,masc nom sg,kai\,6,51951,καί,conjunction,false,n/a,indeclform (conj),xwri\s,7,115213,χωρίς,adverb,false,n/a,,,,tou/tou,8,76062,οὗτος,pronoun,false,n/a,masc/neut gen sg,memartu/rhtai,9,65083,μαρτυρέω,verb,false,n/a,,,u(mi=n,10,97456,σύ,pronoun,false,n/a,,,tou=ton,11,76062,οὗτος,pronoun,false,n/a,masc acc sg,e)k,12,31575,ἐκ,preposition,false,n/a,,,paidi/ou,13,76596,παίδιον,noun,true,0.5,neut gen sg,tre/fwn,14,104690,τρέφω,verb,false,n/a,,,kai\,15,51951,καί,conjunction,false,n/a,,,,γάρ,particle,indeclform (particle),,,indeclform (adverb),perf ind mp 3rd sg,dat 2nd pl,,,proclitic indeclform (prep),pres part act masc nom sg,indeclform (conj),a)skw=n,16,16266,ἀσκέω,verb,true,1.0,pres part act masc nom sg (attic epic doric),kai\,17,51951,καί,conjunction,false,n/a,,,,,ei)s,18,31235,εἰς,preposition,false,n/a,proclitic indeclform (prep),lttou\sgt,19,unknown,,,false,n/a,,,fra/toras,20,112237,φράτηρ,noun,true,0.5,masc acc pl,ei)sa/gwn,21,31246,εἰσάγω,verb,false,n/a,pres part act masc nom sg,kai\,22,51951,καί,conjunction,false,n/a,,,tau=ta,23,76062,οὗτος,pronoun,false,n/a,neut nom/voc/acc pl,ou),24,75730,οὐ,adverb,false,n/a,proclitic indeclform (adverb),mikra\,25,67762,μικρός,adjective,true,0.5,,dapanh/mata/,26,23445,δαπάνημα,noun,false,n/a,neut nom/voc/acc pl,e)stin,27,31130,εἰμί,verb,false,n/a,,,,,,,,,,,,,,,,,,,,,,,,,,,,,,,,,,,,,,,,,,,,,,,,,,,,,,,,,,,,,,,,,,,,,,,,,,,,,,,,,,,,,,,,,,,,,,,,,,,,,,,,,,,,,,,,,,,,,,,,,,,,,,,,,,,,,,,,,,,,,,,,,,,,,,,,,,,,,,,,,,,,,,,,,,,,,,,,,",",",",.,,,,,,,,indeclform (conj),,,,,neut dat sg,masc dat sg,,,,,,,,indeclform (conj),,,,,,,,,,,,,,,,,,neut nom/voc/acc pl,fem nom/voc/acc dual,fem nom/voc sg (attic doric aeolic),,,pres ind act 3rd sg,,,,,,,,,,,,,,,,,,,,,,,,,,,,,,,,,,,,,,,,,,,,,,,,,,,,,,,,,,,,,,,,,,,
13,3,w(/ste,1,116421,ὥστε,conjunction,false,n/a,indeclform (adverb),to/n,2,71882,false,n/a,ge,3,21705,γε,particle,false,n/a,enclitic indeclform (particle),pate/ra,4,80011,πατήρ,noun,false,n/a,masc acc sg,h(mw=n,5,30657,ἐγώ,pronoun,true,1.0,masc/fem gen 1st pl,ou)k,6,75730,οὐ,adverb,false,n/a,proclitic indeclform (adverb),ei)ko/s,7,37776,ἔοικα,verb,true,0.5,,,,e)stin,8,31130,εἰμί,verb,false,n/a,pres ind act 3rd sg,w)=,9,116027,ὦ,interjection,true,1.0,,,a)/ndres,10,8665,ἀνήρ,noun,false,n/a,,,dikastai/,11,26921,δικαστής,noun,false,n/a,masc nom/voc pl,mhde\n,12,67302,μηδείς,pronoun,false,n/a,,,w)felou/menon,13,116470,ὠφελέω,verb,false,n/a,,ou(/tws,14,76063,οὕτως,adverb,false,n/a,,,a)di/kw|,15,1397,ἄδικος,adjective,false,n/a,,,,ὁ,article,masc acc sg,,,perf part act neut nom/voc/acc sg,indeclform (exclam),masc nom/voc pl,,,neut nom/voc/acc sg,indeclform (adverb),masc/fem/neut dat sg,pra/gmati,16,86112,πρᾶγμα,noun,false,n/a,neut dat sg,e)pixeirh=sai,17,41619,ἐπιχειρέω,verb,false,n/a,,,,,,,,,,,,,,,,,,,,,,,,,,,,,,,,,,,,,,,,,,,,,,,,,,,,,,,,,,,,,,,,,,,,,,,,,,,,,,,,,,,,,,,,,,,,,,,,,,,,,,,,,,,,,,,,,,,,,,,,,,,,,,,,,,,,,,,,,,,,,,,,,,,,,,,,,,,,,,,,,,,,,,,,,,,,,,,,,,,,,,,,,,,,,,,,,,,,,,,,,,,,,,,,,,,,,,,,,,,,,,,,,,,,,,,,,,,,,,,,,,,,,,,,,,,,,,,,,,,,,,",",",",.,,,,pres part mp masc acc sg (attic epic doric),pres part mp neut nom/voc/acc sg (attic epic doric),,,aor inf act,,,,,,,,,,,,,,,,,,,,,,,,,,,,,,,,,,,,,,,,,,,,,,,,,,,,,,,,,,,,,,,,,,,,,,,,,,,,,,,,,,,,,,,,,,,,,,,,,,,,,,,,
14,4,a)lla\,1,4357,ἀλλά,adverb,false,n/a,indeclform (adverb),mh\n,2,67461,true,1.0,ou)d',3,75764,οὐδέ,particle,false,0.33,indeclform (particle),e)me/,4,30657,ἐγώ,pronoun,true,1.0,masc/fem acc 1st sg,ge,5,21705,γε,particle,false,n/a,enclitic indeclform (particle),ou)dei\s,6,75765,οὐδείς,pronoun,false,n/a,masc nom/voc sg,a)nqrw/pwn,7,8909,ἄνθρωπος,noun,false,n/a,,,,ou(/tw,8,76063,οὕτως,adverb,false,n/a,indeclform (adverb),tele/ws,9,102930,τέλειος,adjective,true,1.0,adverbial,masc acc pl (doric),a)\n,10,6207,ἄν,particle,false,0.25,,,a)/frona,11,18550,ἄφρων,adjective,false,n/a,,u(pola/boi,12,108660,ὑπολαμβάνω,verb,false,n/a,,,w(/ste,13,116421,ὥστε,conjunction,false,n/a,indeclform (adverb),tou/tw|,14,76062,οὗτος,pronoun,false,n/a,,,marturei=n,15,65083,μαρτυρέω,verb,false,n/a,,,,μήν,particle,indeclform (particle),,,masc gen pl,,indeclform (particle),neut nom/voc/acc pl,masc/fem acc sg,aor opt act 3rd sg,masc/neut dat sg,pres inf act (attic epic doric),ta\,16,71882,ὁ,article,true,1.0,,yeudh=,17,115471,ψευδής,adverb,false,n/a,neut nom/voc/acc pl (attic epic doric),masc/fem/neut nom/voc/acc dual (doric aeolic),masc/fem acc sg (attic epic doric),,o(/pws,18,74713,ὅπως,conjunction,false,n/a,indeclform (conj),ta\,19,71882,ὁ,article,true,1.0,neut acc pl,neut nom/voc/acc pl,patrw=|a,20,80107,πατρῷος,adjective,false,n/a,,dia\,21,24517,διά,preposition,false,n/a,indeclform (prep),pleio/nwn,22,83669,πλείων,verb,false,n/a,gen comp pl,neut gen comp pl,dianei/mwmai,23,25373,διανέμω,verb,false,n/a,aor subj mid 1st sg,,,,,,,,,,,,,,,,,,,,,,,,,,,,,,,,,,,,,,,,,,,,,,,,,,,,,,,,,,,,,,,,,,,,,,,,,,,,,,,,,,,,,,,,,,,,,,,,,,,,,,,,,,,,,,,,,,,,,,,,,,,,,,,,,,,,,,,,,,,,,,,,,,,,,,,,,,,,,,,,,,,,,,,,,,,,,,,,,,,,,,,,,,,,,,,,,,,,,,,,,,,,,,,,",",",",.,,,,,,neut acc pl,neut nom/voc/acc pl,,,,,,,,,,,,,,,,,,,,,,,,,,,,,,,neut nom/voc/acc pl,neut nom/voc/acc pl,,,,,,,,adverbial (attic),masc/fem acc pl (attic doric),fem acc dual,fem nom/voc/acc dual,fem acc dual,fem nom/voc/acc dual,,,,,,,,,,,,,,,,,,,,,,,,,,,,,,,,,,,,,,,,,,,,,,,,,,,,,,,,,,,,
15,4,kai\,1,51951,καί,conjunction,false,n/a,indeclform (conj),ga\r,2,21618,false,n/a,ou)d',3,75764,οὐδέ,particle,false,0.33,indeclform (particle),a)mfisbhth=sai/,4,6058,ἀμφισβητέω,verb,false,n/a,aor inf act,moi,5,30657,ἐγώ,pronoun,false,n/a,masc/fem dat 1st sg,e)cousi/a,6,37650,ἐξουσία,noun,false,n/a,,ge/noit',7,22209,γίγνομαι,verb,false,n/a,,,,a)\n,8,6207,ἄν,particle,false,0.25,indeclform (particle),u(/steron,9,109757,ὕστερος,adjective,true,1.0,masc acc sg,neut nom/voc/acc sg,w(s,10,116401,ὡς,conjunction,false,n/a,,,ou)k,11,75730,οὐ,adverb,false,n/a,proclitic indeclform (adverb),e)/stin,12,31130,εἰμί,verb,false,n/a,,,a)delfo\s,13,1211,ἀδελφός,adjective,false,n/a,masc nom sg,ou(=tos,14,76062,οὗτος,pronoun,false,n/a,,,e)mou=,15,30657,ἐγώ,pronoun,true,1.0,,,:,γάρ,particle,indeclform (particle),fem nom/voc/acc dual,fem nom/voc sg (attic doric aeolic),aor opt mid 3rd sg,,proclitic indeclform (conj),,,pres ind act 3rd sg,masc nom/voc sg,masc/fem gen 1st sg,,,,,,,,,,,,,,,,,,,,,,,,,,,,,,,,,,,,,,,,,,,,,,,,,,,,,,,,,,,,,,,,,,,,,,,,,,,,,,,,,,,,,,,,,,,,,,,,,,,,,,,,,,,,,,,,,,,,,,,,,,,,,,,,,,,,,,,,,,,,,,,,,,,,,,,,,,,,,,,,,,,,,,,,,,,,,,,,,,,,,,,,,,,,,,,,,,,,,,,,,,,,,,,,,,,,,,,,,,,,,,,,,,,,,,,,,,,,,,,,,,,,,,,,,,,,,,,,,,,,,,,,,,,,,,,,,,,,,,,,,,,,,,,,,,,,,,,,,,,,,,,,,,,,,,,,,,,,,,,,,,,,,,,,,,,,,,,,,,,,,,,,,,,,,,,,,,,,,,,,,,,,,,,,,,,,,,,,,,,,,,,,,,,,,,,
16,4,ou)dei\s,1,75765,οὐδείς,pronoun,false,n/a,masc nom/voc sg,ga\r,2,21618,false,n/a,a)\n,3,6207,ἄν,particle,true,1.0,indeclform (particle),u(mw=n,4,97456,σύ,pronoun,true,1.0,gen 2nd pl,th\n,5,71882,ὁ,article,false,n/a,fem acc sg (attic epic ionic),lte)mh\ngt,6,unknown,,,false,n/a,,fwnh\n,7,112833,φωνή,noun,false,n/a,,,,a)na/sxoit',8,8575,ἀνέχω,verb,false,n/a,,a)\n,9,6207,ἄν,particle,false,0.25,,,a)kou/wn,10,3398,ἀκούω,verb,false,n/a,,,ltei)gt,11,unknown,,,false,n/a,,nu=n,12,71308,νῦν,adverb,false,n/a,,,me\n,13,66260,μέν,particle,false,n/a,indeclform (particle),u(po/dikon,14,108318,ὑπόδικος,adjective,false,n/a,masc/fem acc sg,neut nom/voc/acc sg,e)mauto\n,15,33935,ἐμαυτοῦ,pronoun,false,n/a,masc acc sg,neut acc sg,,γάρ,particle,indeclform (particle),,,fem acc sg (attic epic ionic),indeclform (particle),pres part act masc nom sg,,,enclitic indeclform (adverb),,,kaqista\s,16,51849,καθίστημι,verb,false,n/a,pres part act masc nom/voc sg,marturw=,17,65091,μαρτύρομαι,verb,true,0.5,,,,,w(s,18,116401,ὡς,conjunction,false,n/a,proclitic indeclform (conj),e)/stin,19,31130,εἰμί,verb,false,n/a,,,a)delfo\s,20,1211,ἀδελφός,adjective,false,n/a,masc nom sg,h(me/teros,21,47030,ἡμέτερος,adjective,false,n/a,masc nom sg,u(/steron,22,109757,ὕστερος,adjective,true,1.0,masc acc sg,neut nom/voc/acc sg,de\,23,23596,δέ,particle,false,n/a,indeclform (particle),fainoi/mhn,24,110114,φαίνω,verb,false,n/a,pres opt mp 1st sg,tou/tois,25,76062,οὗτος,pronoun,false,n/a,masc/neut dat pl,a)ntile/gwn,26,10090,ἀντιλέγω,verb,false,n/a,pres part act masc nom sg,,,,,,,,,,,,,,,,,,,,,,,,,,,,,,,,,,,,,,,,,,,,,,,,,,,,,,,,,,,,,,,,,,,,,,,,,,,,,,,,,,,,,,,,,,,,,,,,,,,,,,,,,,,,,,,,,,,,,,,,,,,,,,,,,,,,,,,,,,,,,,,,,,,,,,,,,,,,,,,,,,,,,,,,,,,,,,,,,,,,,,,,",",",",.,,,,,,,,aor subj mp 1st sg (attic epic doric),,,,,,,,,aor opt mid 3rd sg,aor opt act 2nd pl,,,pres ind act 3rd sg,,,,,,,,,,,,,,,,,,,,,,,,,,,,,,,,,,,,,,,,,,,,,,,,,,,,,,,,,,,,,,,,,,,,,,,,,,,,,,,,,,,,,,,,,,,
17,5,ou),1,75730,οὐ,adverb,false,n/a,proclitic indeclform (adverb),mo/non,2,68641,false,n/a,toi/nun,3,104163,τοίνυν,particle,false,n/a,indeclform (particle),h(ma=s,4,30657,ἐγώ,pronoun,true,1.0,masc/fem acc 1st pl,w)=,5,116027,ὦ,interjection,true,1.0,indeclform (exclam),a)/ndres,6,8665,ἀνήρ,noun,false,n/a,masc nom/voc pl,dikastai/,7,26921,δικαστής,noun,false,n/a,,,,ei)ko/s,8,37776,ἔοικα,verb,true,0.5,perf part act neut nom/voc/acc sg,e)sti,9,31130,εἰμί,verb,false,n/a,,,ta)lhqh=,10,4076,ἀληθής,adjective,false,n/a,neut nom/voc/acc pl (attic epic doric),masc/fem/neut nom/voc/acc dual (doric aeolic),memarturhke/nai,11,65083,μαρτυρέω,verb,false,n/a,perf inf act,a)lla\,12,4357,ἀλλά,adverb,false,n/a,,,kai\,13,51951,καί,conjunction,false,n/a,indeclform (conj),tou\s,14,71882,ὁ,article,false,n/a,,,a)/llous,15,4490,ἄλλος,adjective,false,n/a,,,,μόνος,adjective,,,,masc nom/voc pl,pres ind act 3rd sg,,,,indeclform (adverb),masc acc pl,masc acc pl,suggenei=s,16,97505,συγγενεύς,noun,false,0.5,,,,,,,,,,,,,,,,,,,,,,,,,,,,,,,,,,,,,,,,,,,,,,,,,,,,,,,,,,,,,,,,,,,,,,,,,,,,,,,,,,,,,,,,,,,,,,,,,,,,,,,,,,,,,,,,,,,,,,,,,,,,,,,,,,,,,,,,,,,,,,,,,,,,,,,,,,,,,,,,,,,,,,,,,,,,,,,,,,,,,,,,,,,,,,,,,,,,,,,,,,,,,,,,,,,,,,,,,,,,,,,,,,,,,,,,,,,,,,,,,,,,,,,,,,,,,,,,,,,,,,,,,,,,,,",",",",",",.,,,,,masc acc pl,masc nom/voc pl (parad_form),,,,,,,,,,,,,,,,,,,,,,,,,,,,,,,,,,,,,,,,,,,,,,masc acc sg,neut nom/voc/acc sg,masc/fem acc sg (attic epic doric),,,,,,,,,,,,,,,,,,,,,,,,,,,,,,,,,,,,,,,,,,,,,,,,,,,,,,,,,
18,5,e)nqumh/qhte,1,35642,ἐνθυμέομαι,verb,false,n/a,,ga\r,2,21618,false,n/a,prw=ton,3,90504,πρότερος,adjective,true,0.5,,me\n,4,66260,μέν,particle,false,n/a,indeclform (particle),o(/ti,5,75598,ὅστις,pronoun,false,0.33,neut nom/acc sg,oi(,6,29856,ἕ,pronoun,true,1.0,masc/fem dat sg (epic ionic),ta\s,7,71882,ὁ,article,false,n/a,,,,a)delfa\s,8,1192,ἀδελφή,noun,false,n/a,fem acc pl,h(mw=n,9,30657,ἐγώ,pronoun,true,1.0,,,e)/xontes,10,45996,ἔχω,verb,false,n/a,,,ou)k,11,75730,οὐ,adverb,false,n/a,proclitic indeclform (adverb),a)/n,12,6207,ἄν,particle,false,0.25,,,pote,13,nlsj67563,ποτέ,particle,false,n/a,enclitic indeclform (particle),e)martu/roun,14,65083,μαρτυρέω,verb,false,n/a,imperf ind act 3rd pl (attic epic doric),imperf ind act 1st sg (attic epic doric),peri\,15,81017,περί,preposition,false,n/a,,,:,γάρ,particle,indeclform (particle),,,fem acc pl,masc/fem gen 1st pl,pres part act masc nom/voc pl,,,indeclform (particle),,indeclform (prep),tou/tou,16,76062,οὗτος,pronoun,false,n/a,masc/neut gen sg,ta\,17,71882,ὁ,article,true,1.0,neut acc pl,neut nom/voc/acc pl,fem acc dual,fem nom/voc/acc dual,yeudh=,18,115471,ψευδής,adverb,false,n/a,,,,,,,,,,,,,,,,,,,,,,,,,,,,,,,,,,,,,,,,,,,,,,,,,,,,,,,,,,,,,,,,,,,,,,,,,,,,,,,,,,,,,,,,,,,,,,,,,,,,,,,,,,,,,,,,,,,,,,,,,,,,,,,,,,,,,,,,,,,,,,,,,,,,,,,,,,,,,,,,,,,,,,,,,,,,,,,,,,,,,,,,,,,,,,,,,,,,,,,,,,,,,,,,,,,,,,,,,,,,,,,,,,,,,,,,,,,,,,,,,,,,,,,,,,,,,,,,,,,,,,,,,,masc acc sg,neut nom/voc/acc sg,,,,,,,,,,,,,,,,,,aor ind mp 2nd pl (homeric ionic),aor ind pass 2nd pl (homeric ionic),,,,,,,,,,,,,,,,,,,,,,,neut nom/voc/acc pl (attic epic doric),masc/fem/neut nom/voc/acc dual (doric aeolic),masc/fem acc sg (attic epic doric),,,,,,,,,,,,,,,,,,,,,,,,,,,,,,,,,,,,,,,,,,,,,,,,,,,,,,
19,5,mhtruia\,1,67602,μητρυιά,noun,false,n/a,,ga\r,2,21618,false,n/a,h(,3,71882,ὁ,article,false,n/a,fem nom/voc sg,tou/tou,4,76062,οὗτος,pronoun,false,n/a,masc/neut gen sg,mh/thr,5,67543,μήτηρ,noun,false,n/a,fem nom sg,e)gege/nhto,6,22209,γίγνομαι,verb,false,n/a,plup ind mp 3rd sg,tai=s,7,71882,ὁ,article,false,n/a,,,,h(mete/rais,8,47030,ἡμέτερος,adjective,false,n/a,fem dat pl,a)delfai=s,9,1192,ἀδελφή,noun,false,n/a,,,ei)w/qasi,10,30814,ἔθω,verb,false,n/a,,,de/,11,23596,δέ,particle,false,n/a,indeclform (particle),pws,12,nlsj69523,πως,particle,false,n/a,,,w(s,13,116401,ὡς,conjunction,false,n/a,proclitic indeclform (conj),e)pi\,14,nlsj126,ἐπί,preposition,false,n/a,,,to\,15,71882,ὁ,article,false,n/a,,,,γάρ,particle,indeclform (particle),,,fem dat pl,fem dat pl,perf ind act 3rd pl,,,enclitic indeclform (particle),indeclform (prep),neut nom/voc/acc sg,polu\,16,85306,πολύς,adjective,false,n/a,neut nom/voc/acc sg (attic epic),diafe/resqai,17,26197,διαφέρω,verb,false,n/a,,,,,a)llh/lais,18,4430,ἀλλήλων,pronoun,false,n/a,fem dat pl,ai(/,19,75512,ὅς,pronoun,true,1.0,,,te,20,102752,τε,particle,false,n/a,enclitic indeclform (particle),mhtruiai\,21,67602,μητρυιά,noun,false,n/a,fem nom/voc pl (ionic),kai\,22,51951,καί,conjunction,false,n/a,,,ai(,23,71882,ὁ,article,false,n/a,fem nom/voc pl,pro/gonoi,24,86917,πρόγονος,adjective,false,n/a,masc nom/voc pl,,,,,,,,,,,,,,,,,,,,,,,,,,,,,,,,,,,,,,,,,,,,,,,,,,,,,,,,,,,,,,,,,,,,,,,,,,,,,,,,,,,,,,,,,,,,,,,,,,,,,,,,,,,,,,,,,,,,,,,,,,,,,,,,,,,,,,,,,,,,,,,,,,,,,,,,,,,,,,,,,,,,,,,,,,,,,,,,,,,,,,,,,,,,,,,,,,,,,,,,",",:,,,,,,,,,pres inf mp,,,,,,,,,,,,,fem nom pl,indeclform (conj),,,,,,,,,,fem nom/voc/acc dual (ionic),fem nom/voc sg (attic doric ionic aeolic),,,,,,,,,,,,,,,,,,,,,,,,,,,,,,,,,,,,,,,,,,,,,,,,,,,,,,,,,,,,,,,,,,,,,,,,,,,,,,,
20,5,w(/ste,1,116421,ὥστε,conjunction,false,n/a,indeclform (adverb),ei),2,30817,false,n/a,ou(=tos,3,76062,οὗτος,pronoun,false,n/a,masc nom/voc sg,e)c,4,31575,ἐκ,preposition,false,n/a,proclitic indeclform (prep),a)/llou,5,4490,ἄλλος,adjective,true,1.0,,tino\s,6,104051,τις,pronoun,false,n/a,gen sg,a)ndro\s,7,8665,ἀνήρ,noun,false,n/a,,,,h)=n,8,31130,εἰμί,verb,true,0.5,,th=|,9,71882,ὁ,article,true,1.0,,,mhtruia=|,10,67602,μητρυιά,noun,true,1.0,,,kai\,11,51951,καί,conjunction,false,n/a,indeclform (conj),ou)k,12,75730,οὐ,adverb,false,n/a,,,e)k,13,31575,ἐκ,preposition,false,n/a,proclitic indeclform (prep),tou=,14,71882,ὁ,article,true,1.0,,,h(mete/rou,15,47030,ἡμέτερος,adjective,false,n/a,,,,εἰ,conjunction,proclitic indeclform (conj),,,masc gen sg,fem dat sg (attic epic ionic),fem dat sg (attic doric ionic aeolic),,,proclitic indeclform (adverb),masc/neut gen sg,masc/neut gen sg,patro/s,16,80011,πατήρ,noun,false,n/a,masc gen sg,ou)k,17,75730,οὐ,adverb,false,n/a,,,,,a)/n,18,6207,ἄν,particle,true,1.0,indeclform (particle),pote,19,nlsj67563,ποτέ,particle,false,n/a,,,w)=,20,116027,ὦ,interjection,true,1.0,indeclform (exclam),a)/ndres,21,8665,ἀνήρ,noun,false,n/a,masc nom/voc pl,dikastai/,22,26921,δικαστής,noun,false,n/a,,,tou\s,23,71882,ὁ,article,false,n/a,masc acc pl,e(autw=n,24,29881,ἑαυτοῦ,pronoun,false,n/a,,a)/ndras,25,8665,ἀνήρ,noun,false,n/a,masc acc pl,ai(,26,71882,ὁ,article,false,n/a,fem nom/voc pl,a)delfai\,27,1192,ἀδελφή,noun,false,n/a,,,marturei=n,28,65083,μαρτυρέω,verb,false,n/a,,,ei)/asan,29,29883,ἀίω,verb,true,0.5,aor ind act 3rd pl (attic epic doric aeolic),,,,,,,,,,,,,,,,,,,,,,,,,,,,,,,,,,,,,,,,,,,,,,,,,,,,,,,,,,,,,,,,,,,,,,,,,,,,,,,,,,,,,,,,,,,,,,,,,,,,,,,,,,,,,,,,,,,,,,,,,,,,,,,,,,,,,,,,,,,,,,,,,,,,,,,,,,,,,,",",",",",",;εἴασαν,,,,,,,proclitic indeclform (adverb),,,,,,,,,imperf ind act 1st sg,imperf ind act 3rd pl (epic doric aeolic),imperf ind act 3rd sg,,enclitic indeclform (particle),masc nom/voc pl,,,,,neut gen pl,fem gen pl,,,,,,neut gen sg,masc gen sg,,,,,,,,,,fem nom/voc pl,pres inf act (attic epic doric),,,,,,,,,,,,,masc gen pl,,,,,,,,,,,,,,,,,,,,,,,,,,,,,,,,,,,,,,,,,,,,,,,,,,,,,
21,5,,,,,,,,,,,,,,,,,,,,,,,,,,,,,,,,,,,,,,,,,,,,,,,,,,,,,,,,,,,,,,,,,,,,,,,,,,,,,,,,,,,,,,,,,,,,,,,,,,,,,,,,,,,,,,,,,,,,,,,,,,,,,;,,,,,,,,,,,,,,,,,,,,,,,,,,,,,,,,,,,,,,,,,,,,,,,,,,,,,,,,,,,,,,,,,,,,,,,,,,,,,,,,,,,,,,,,,,,,,,,,,,,,,,,,,,,,,,,,,,,,,,,,,,,,,,,,,,,,,,,,,,,,,,,,,,,,,,,,,,,,,,,,,,,,,,,,,,,,,,,,,,,,,,,,,,,,,,,,,,,,,,,,,,,,,,,,,,,,,,,,,,,,,,,,,,,,,,,,,,,,,,,,,,,,,,,,,,,,,,,,,,,,,,,,,,,,,,,,,,,,,,,,,,,,,,,,,,,,,,,,,,,,,,,,,,,,,,,,,,,,,,,,,,,,,,,,,,,,,,,,,,,,,,,,,,,,,,,,kai\,1,51951,καί,conjunction,false,n/a,indeclform (conj),,,,,,,,,,,,,,,,,,,,,,,,,,,,,,,,,,,,,,,,,,,,,
22,5,,,,,,,,,,,,,,,,,,,,,,,,,,,,,,,,,,,,,,,,,,,,,,,,,,,,,,,,,,,,,,,,,,,,,,,,,,,,,,,,,,,,,,,,,,,,,,,,,,,,,,,,,,,,,,,,,,,,,,,,,,,,,.,,,,,,,,,,,,,,,,,,,,,,,,,,,,,,,,,,,,,,,,,,,,,,,,,,,,,,,,,,,,,,,,,,,,,,,,,,,,,,,,,,,,,,,,,,,,,,,,,,,,,,,,,,,,,,,,,,,,,,,,,,,,,,,,,,,,,,,,,,,,,,,,,,,,,,,,,,,,,,,,,,,,,,,,,,,,,,,,,,,,,,,,,,,,,,,,,,,,,,,,,,,,,,,,,,,,,,,,,,,,,,,,,,,,,,,,,,,,,,,,,,,,,,,,,,,,,,,,,,,,,,,,,,,,,,,,,,,,,,,,,,,,,,,,,,,,,,,,,,,,,,,,,,,,,,,,,,,,,,,,,,,,,,,,,,,,,,,,,,,,,,,,,,,,,,,,e)pe/treyan,1,41416,ἐπιτρέπω,verb,false,n/a,aor ind act 3rd pl,,,,,,,,,,,,,,,,,,,,,,,,,,,,,,,,,,,,,,,,,,,,,
23,6,kai\,1,51951,καί,conjunction,false,n/a,indeclform (conj),mh\n,2,67461,true,1.0,ou)d',3,75764,οὐδέ,particle,false,0.33,indeclform (particle),a)\n,4,6207,ἄν,particle,false,0.25,indeclform (particle),o(,5,71882,ὁ,article,false,n/a,masc nom sg,qei=os,6,48052,θεῖος,noun,true,1.0,masc nom sg,pro\s,7,88443,πρός,preposition,false,n/a,,,,mhtro\s,8,67543,μήτηρ,noun,false,n/a,,h(mi=n,9,30657,ἐγώ,pronoun,false,n/a,,,w)/n,10,31130,εἰμί,verb,false,n/a,,,tou/tw|,11,76062,οὗτος,pronoun,false,n/a,masc/neut dat sg,de\,12,23596,δέ,particle,false,n/a,,,ou)de\n,13,75765,οὐδείς,pronoun,false,n/a,neut nom/voc/acc sg,prosh/kwn,14,89366,προσήκω,verb,false,n/a,,,dh/pou,15,24493,δήπου,particle,false,n/a,,,,μήν,particle,indeclform (particle),,,indeclform (prep),masc/fem dat 1st pl,pres part act masc nom sg,,,indeclform (particle),pres part act masc nom sg,indeclform (particle),th=|,16,71882,ὁ,article,true,1.0,fem dat sg (attic epic ionic),tou/tou,17,76062,οὗτος,pronoun,false,n/a,,,,,mhtri\,18,67543,μήτηρ,noun,true,0.5,,h)qe/lhsen,19,30790,ἐθέλω,verb,false,n/a,,,a)/n,20,6207,ἄν,particle,false,0.25,indeclform (particle),w)=,21,116027,ὦ,interjection,true,1.0,indeclform (exclam),a)/ndres,22,8665,ἀνήρ,noun,false,n/a,,,dikastai/,23,26921,δικαστής,noun,false,n/a,masc nom/voc pl,marturh=sai,24,65083,μαρτυρέω,verb,false,n/a,aor inf act,yeudh=,25,115471,ψευδής,adverb,false,n/a,,marturi/an,26,65088,μαρτυρία,noun,false,n/a,fem acc sg (attic doric aeolic),di',27,24517,διά,preposition,true,1.0,indeclform (prep),poetic indeclform (prep),h(\n,28,75512,ὅς,pronoun,false,n/a,,,h(mi=n,29,30657,ἐγώ,pronoun,false,n/a,masc/fem dat 1st pl,gi/gnetai,30,22209,γίγνομαι,verb,false,n/a,pres ind mp 3rd sg,bla/bh,31,20023,βλάβος,noun,true,1.0,,perifanh/s,32,82444,περιφανής,adverb,false,n/a,masc/fem nom sg,ei)/,33,30817,εἰ,conjunction,false,n/a,proclitic indeclform (conj),per,34,nlsj84271,πέρ,particle,false,n/a,enclitic indeclform (particle),ce/non,35,71492,ξένος,noun,false,0.5,masc acc sg,o)/nta,36,31130,εἰμί,verb,true,1.0,pres part act masc acc sg,pres part act neut nom/voc/acc pl,tou=ton,37,76062,οὗτος,pronoun,false,n/a,masc acc sg,ei)spoiou=men,38,31506,εἰσποιέω,verb,false,n/a,,a)delfo\n,39,1211,ἀδελφός,adjective,false,n/a,masc acc sg,h(mi=n,40,30657,ἐγώ,pronoun,false,n/a,,,au)toi=s,41,17907,αὐτός,pronoun,false,n/a,,,,,,,,,,,,,,,,,,,,,,,,,,,,,,,,,,,,,,,,,,,,,,,,,,,,,,,,,,,,,",",",",",",",",",",.,,,,,masc/neut gen sg,,,,,,,,,fem gen sg,fem gen sg,,,aor ind act 3rd sg,masc nom/voc pl,,,,,,,,,,,,,,,,,,neut nom/voc/acc pl (attic epic doric),masc/fem/neut nom/voc/acc dual (doric aeolic),masc/fem acc sg (attic epic doric),,,,fem acc sg (attic homeric ionic),,,,,,,,,,fem dat sg,fem dat sg,,,,,,,,,,,neut nom/voc/acc pl (attic epic doric),neut nom/voc/acc dual (doric aeolic),pres ind act 1st pl (attic epic doric),pres ind act 1st pl (attic epic doric),imperf ind act 1st pl (attic epic doric),imperf ind act 1st pl (attic epic doric),masc/fem dat 1st pl,neut dat pl,masc dat pl,,,,,,,,,,,,,,,,,,,,,,,,,,,,,,,,,,,,
24,6,e)/ti,1,43266,ἔτι,adverb,false,n/a,indeclform (adverb),toi/nun,2,104163,false,n/a,w)=,3,116027,ὦ,interjection,true,1.0,indeclform (exclam),a)/ndres,4,8665,ἀνήρ,noun,false,n/a,masc nom/voc pl,dikastai/,5,26921,δικαστής,noun,false,n/a,masc nom/voc pl,pro\s,6,88443,πρός,preposition,false,n/a,indeclform (prep),tou/tois,7,76062,οὗτος,pronoun,false,n/a,,,,ltpw=sgt,8,unknown,,,false,n/a,,a)/n,9,6207,ἄν,particle,false,0.25,,,tis,10,104051,τις,pronoun,false,n/a,,,u(mw=n,11,97456,σύ,pronoun,true,1.0,gen 2nd pl,katagnoi/h,12,53784,καταγιγνώσκω,verb,false,n/a,,,yeudomarturi/wn,13,115524,ψευδομαρτυρέω,verb,false,n/a,pres part act masc nom sg (doric),*dhmara/tou,14,nlsj4654,Δημάρατος,proper,true,0.5,masc gen sg,masc gen sg,toutoui\,15,76062,οὗτος,pronoun,false,n/a,,,,τοίνυν,particle,indeclform (particle),,,masc/neut dat pl,indeclform (particle),masc/fem nom sg,,,aor opt act 3rd sg,,masc gen sg,kai\,16,51951,καί,conjunction,false,n/a,indeclform (conj),*(hgh/monos,17,nlsj1088,Ἡγήμων,proper,false,n/a,,,,,kai\,18,51951,καί,conjunction,false,n/a,indeclform (conj),*nikostra/tou,19,nlsj8252,Νικόστρατος,proper,false,n/a,,,oi(\,20,29856,ἕ,pronoun,true,0.5,masc/fem dat sg (epic ionic),prw=ton,21,90504,πρότερος,adjective,true,0.5,,me\n,22,66260,μέν,particle,false,n/a,,,ou)de\n,23,75765,οὐδείς,pronoun,false,n/a,neut nom/voc/acc sg,ai)sxro\n,24,2731,αἰσχρός,adjective,false,n/a,,ou)de/pote,25,75774,οὐδέποτε,adverb,false,n/a,indeclform (adverb),fanh/sontai,26,110114,φαίνω,verb,true,0.5,fut ind pass 3rd pl,e)pithdeu/santes,27,41345,ἐπιτηδεύω,verb,false,n/a,,,ei)=ta,28,31562,εἶτα,adverb,false,n/a,,,d',29,23596,δέ,particle,false,n/a,indeclform (particle),oi)kei=oi,30,72254,οἰκεῖος,adjective,false,n/a,,o)/ntes,31,31130,εἰμί,verb,false,n/a,pres part act masc nom/voc pl,h(mi=n,32,30657,ἐγώ,pronoun,false,n/a,masc/fem dat 1st pl,kai\,33,51951,καί,conjunction,false,n/a,indeclform (conj),ei)do/tes,34,72202,οἶδα,verb,false,n/a,perf part act masc nom/voc pl,h(ma=s,35,30657,ἐγώ,pronoun,true,1.0,masc/fem acc 1st pl,a(/pantas,36,11583,ἅπας,adjective,false,n/a,,,memarturh/kasin,37,65083,μαρτυρέω,verb,false,n/a,perf ind act 3rd pl,*eu)filh/tw|,38,nlsj5093,Εὐφίλητος,proper,false,n/a,masc dat sg,toutw|i\,39,76062,οὗτος,pronoun,false,n/a,masc dat sg,th\n,40,71882,ὁ,article,false,n/a,,,au(tou=,41,29881,ἑαυτοῦ,pronoun,false,n/a,,sugge/neian,42,97502,συγγένεια,noun,false,n/a,fem acc sg,e(/kastos,43,31598,ἕκαστος,adjective,false,n/a,masc nom sg,,,,,,,,,,,,,,,,,,,,,,,,,,,,,,,,,,,,,,,,,,,,",",",",",",",",;,,,,,,masc gen sg,,,,,,,,,,,,,masc gen sg,indeclform (particle),,,,,masc acc sg,neut nom/voc/acc sg,,masc acc sg,neut nom/voc/acc sg,,,,,,,,,,,,,,aor part act masc nom/voc pl,indeclform (adverb),,,,,,,,,,,,,masc/fem acc sg,,,,,,,,,,,,,,,fem acc sg (attic epic ionic),neut gen sg,masc gen sg,neut nom/voc/acc sg,masc nom/voc pl,masc/fem nom/voc pl,masc acc pl,,,,,,,,,,,,,,,,,,,,,,,,,,,,,,,,
25,7,w(/ste,1,116421,ὥστε,conjunction,false,n/a,indeclform (adverb),h(de/ws,2,46645,true,1.0,ka)\n,3,nlsj61279,κἀν,conjunction,false,n/a,indeclform (conj),tw=n,4,71882,ὁ,article,false,n/a,,a)ntidikou/ntwn,5,9900,ἀντιδικέω,verb,false,n/a,,h(mi=n,6,30657,ἐγώ,pronoun,false,n/a,masc/fem dat 1st pl,tou=,7,71882,ὁ,article,true,1.0,,,,semnota/tou,8,93711,σεμνός,adjective,false,n/a,masc/neut gen superl sg,puqoi/mhn,9,91391,πύθω,verb,true,0.5,,,ei),10,30817,εἰ,conjunction,false,n/a,,,a)/lloqe/n,11,4455,ἄλλοθεν,adverb,false,n/a,indeclform (adverb),poqen,12,nlsj67509,ποθεν,particle,false,n/a,,,e)/xoi,13,45996,ἔχω,verb,false,n/a,pres opt act 3rd sg,a)\n,14,6207,ἄν,particle,false,0.25,,,e)pidei=cai,15,39125,ἐπιδείκνυμι,verb,false,n/a,,,,ἡδέως,adverb,indeclform (adverb),,,masc/neut gen sg,pres opt pass 1st sg,proclitic indeclform (conj),,,enclitic indeclform (particle),indeclform (particle),aor inf act,au(to\n,16,29881,ἑαυτοῦ,pronoun,false,n/a,masc acc sg,*)aqhnai=on,17,nlsj2565,Ἀθηναῖος,proper,false,n/a,masc acc sg,neut nom/voc/acc sg,,,h)\,18,46568,ἠέ,conjunction,true,1.0,indeclform (conj),e)k,19,31575,ἐκ,preposition,false,n/a,,,tou/twn,20,76062,οὗτος,pronoun,false,n/a,masc/fem/neut gen pl,w(=n,21,75512,ὅς,pronoun,false,n/a,,kai\,22,51951,καί,conjunction,false,n/a,,,h(mei=s,23,30657,ἐγώ,pronoun,false,n/a,masc/fem nom/voc 1st pl,*eu)fi/lhton,24,nlsj5093,Εὐφίλητος,proper,false,n/a,masc acc sg,e)pidei/knumen,25,39125,ἐπιδείκνυμι,verb,false,n/a,,,,,,,,,,,,,,,,,,,,,,,,,,,,,,,,,,,,,,,,,,,,,,,,,,,,,,,,,,,,,,,,,,,,,,,,,,,,,,,,,,,,,,,,,,,,,,,,,,,,,,,,,,,,,,,,,,,,,,,,,,,,,,,,,,,,,,,,,,,,,,,,,,,,,,,,,,,,,,,,,,,,,,,,,,,,,,,,,,,,,,,,,,,,,,,,,",",.,,,,,,,,,,fem gen pl,masc/neut gen pl,,,,,,,,,,,proclitic indeclform (prep),indeclform (conj),,,,,,,,fem gen pl,masc/neut gen pl,,,pres part act masc/neut gen pl (attic epic doric),pres imperat act 3rd pl (attic epic doric),pres part act masc/neut gen pl (attic epic doric),pres imperat act 3rd pl (attic epic doric),,,pres ind act 1st pl,imperf ind act 1st pl (homeric ionic),,,,,,,,,,,,,,,,,,,,,,,,,,,,,,,,,,,,,,,,,,,,,,,,,,,,,,,,,,,,,,,,,,,,,,,
26,7,e)gw\,1,30657,ἐγώ,pronoun,false,n/a,masc/fem nom/voc 1st sg,me\n,2,66260,false,n/a,ga\r,3,21618,γάρ,particle,false,n/a,indeclform (particle),ou)k,4,75730,οὐ,adverb,false,n/a,proclitic indeclform (adverb),oi)=mai,5,72610,οἴομαι,verb,true,1.0,pres ind mp 1st sg,a)/llo,6,4490,ἄλλος,adjective,false,n/a,neut nom/voc/acc sg,ti,7,104051,τις,pronoun,false,n/a,,,,a)\n,8,6207,ἄν,particle,false,0.25,indeclform (particle),au)to\n,9,17907,αὐτός,pronoun,false,n/a,,,ltei)pei=ngt,10,unknown,,,false,n/a,,,h)\,11,46568,ἠέ,conjunction,true,1.0,indeclform (conj),o(/ti,12,75598,ὅστις,pronoun,false,0.33,,,h(,13,71882,ὁ,article,false,n/a,fem nom/voc sg,mh/thr,14,67543,μήτηρ,noun,false,n/a,,,a)sth/,15,16522,ἀστή,noun,false,n/a,,,,μέν,particle,indeclform (particle),,,neut nom/voc/acc sg,masc acc sg,,,,neut nom/acc sg,fem nom sg,fem nom/voc sg (attic epic ionic),te/,16,102752,τε,particle,true,1.0,enclitic indeclform (particle),e)sti,17,31130,εἰμί,verb,false,n/a,,,,,kai\,18,51951,καί,conjunction,false,n/a,indeclform (conj),ltgameth\,19,unknown,,,false,n/a,,,kai\,20,51951,καί,conjunction,false,n/a,indeclform (conj),a)sto\sgt,21,unknown,,,false,n/a,,o(,22,71882,ὁ,article,false,n/a,,,path/r,23,80011,πατήρ,noun,false,n/a,masc nom sg,kai\,24,51951,καί,conjunction,false,n/a,indeclform (conj),w(s,25,116401,ὡς,conjunction,false,n/a,proclitic indeclform (conj),tau=t',26,76062,οὗτος,pronoun,false,n/a,neut nom/voc/acc pl,a)lhqh=,27,4076,ἀληθής,adjective,false,n/a,neut nom/voc/acc pl (attic epic doric),masc/fem/neut nom/voc/acc dual (doric aeolic),le/gei,28,62204,λέγω,verb,true,0.33,pres ind mp 2nd sg,pres ind act 3rd sg,pare/xoit',29,79526,παρέχω,verb,false,n/a,,a)\n,30,6207,ἄν,particle,true,1.0,indeclform (particle),au)tw=|,31,17907,αὐτός,pronoun,false,n/a,,tou\s,32,71882,ὁ,article,false,n/a,masc acc pl,suggenei=s,33,97505,συγγενεύς,noun,false,0.5,,ma/rturas,34,65097,μάρτυς,noun,false,n/a,masc/fem acc pl,,,,,,,,,,,,,,,,,,,,,,,,,,,,,,,,,,,,,,,,,,,,,,,,,,,,,,,,,,,,,,,,,,,,,,,,,,,,,,,,,,,,,,,,,,,,,,,,,,,,,,,,,,,,,,,,,,,,,,",",",",.,,,,,,,,pres ind act 3rd sg,,,,,,,,,,,,,,masc nom sg,,,,,,,masc/fem acc sg (attic epic doric),,,,,,,,,,,,,,,,,,,,,,,,,,,,,,,,,,,,,,,neut dat sg,masc dat sg,,,,,,,,,,,,pres opt mp 3rd sg,pres opt act 2nd pl,masc acc pl,masc nom/voc pl (parad_form),,,,,,,,,,,,,,,,,,,,,,,,,,,,
27,8,ei)=ta,1,31562,εἶτα,adverb,false,n/a,indeclform (adverb),w)=,2,116027,true,1.0,a)/ndres,3,8665,ἀνήρ,noun,false,n/a,masc nom/voc pl,dikastai/,4,26921,δικαστής,noun,false,n/a,masc nom/voc pl,ei),5,30817,εἰ,conjunction,false,n/a,proclitic indeclform (conj),me\n,6,66260,μέν,particle,false,n/a,indeclform (particle),ou(=toi,7,76062,οὗτος,pronoun,false,n/a,,,,e)kindu/neuon,8,57456,κινδυνεύω,verb,false,n/a,,h)ci/oun,9,11072,ἀξιόω,verb,true,0.5,imperf ind act 3rd pl (attic epic ionic),imperf ind act 1st sg (attic epic ionic),a)\n,10,6207,ἄν,particle,false,0.25,,,toi=s,11,71882,ὁ,article,false,n/a,masc/neut dat pl,au(tw=n,12,29881,ἑαυτοῦ,pronoun,false,n/a,neut gen pl,fem gen pl,oi)kei/ois,13,72254,οἰκεῖος,adjective,true,1.0,,u(ma=s,14,97456,σύ,pronoun,true,1.0,,,pisteu/ein,15,83310,πιστεύω,verb,false,n/a,,,,ὦ,interjection,indeclform (exclam),,,masc nom/voc pl,,indeclform (particle),,,,acc 2nd pl,pres inf act (attic epic),marturou=si,16,65091,μαρτύρομαι,verb,true,0.5,aor subj mp 3rd pl (epic),ma=llon,17,64866,μᾶλλον,adverb,false,n/a,,,,,h)\,18,46568,ἠέ,conjunction,true,1.0,indeclform (conj),toi=s,19,71882,ὁ,article,false,n/a,,,kathgo/rois,20,55919,κατήγορος,noun,false,n/a,masc/fem/neut dat pl,,,,,,,,,,,,,,,,,,,,,,,,,,,,,,,,,,,,,,,,,,,,,,,,,,,,,,,,,,,,,,,,,,,,,,,,,,,,,,,,,,,,,,,,,,,,,,,,,,,,,,,,,,,,,,,,,,,,,,,,,,,,,,,,,,,,,,,,,,,,,,,,,,,,,,,,,,,,,,,,,,,,,,,,,,,,,,,,,,,,,,,,,,,,,,,,,,,,,,,,,,,,,,,,,,,,,,,,,,,,,,,,,,,,,,,,,",",",",",",:,,,masc/neut dat pl,masc/fem/neut dat pl,,,indeclform (adverb),,,,,,,,,imperf ind act 3rd pl,imperf ind act 1st sg,,,masc/neut dat pl,,,,,,,,,,,,,,,,,,,,,,,,,,,,,,,,,,,,,,,,,,,,,,,,,,,,,,,,,,,,,,,,masc gen pl,,,,,,,,,,,,,,,,,,,,,,,,,,,
28,8,nuni\,1,71312,νυνί,adverb,false,n/a,indeclform (adverb),de\,2,23596,false,n/a,h(mw=n,3,30657,ἐγώ,pronoun,true,1.0,masc/fem gen 1st pl,pa/nta,4,79904,πᾶς,adjective,false,n/a,,tau=ta,5,76062,οὗτος,pronoun,false,n/a,neut nom/voc/acc pl,parexome/nwn,6,79526,παρέχω,verb,false,n/a,,a)ciw/sousin,7,11072,ἀξιόω,verb,false,n/a,aor subj act 3rd pl (epic),fut part act masc/neut dat pl (attic epic doric ionic),fut ind act 3rd pl (attic epic doric ionic aeolic),u(ma=s,8,97456,σύ,pronoun,true,1.0,acc 2nd pl,toi=s,9,71882,ὁ,article,false,n/a,,,au(tw=n,10,29881,ἑαυτοῦ,pronoun,false,n/a,neut gen pl,fem gen pl,pei/qesqai,11,80327,πείθω,verb,false,n/a,pres inf mp,lo/gois,12,63772,λόγος,noun,false,n/a,,,ma=llon,13,64866,μᾶλλον,adverb,false,n/a,indeclform (adverb),h)\,14,46568,ἠέ,conjunction,true,1.0,,,tw=|,15,71882,ὁ,article,true,1.0,,,;,δέ,particle,indeclform (particle),pres part mp fem gen pl,pres part mp masc/neut gen pl,,masc/neut dat pl,,,,masc dat pl,indeclform (conj),masc/neut dat sg,patri\,16,80011,πατήρ,noun,true,1.0,masc dat sg,tw=|,17,71882,ὁ,article,true,1.0,,,,,*eu)filh/tou,18,nlsj5093,Εὐφίλητος,proper,false,n/a,masc gen sg,kai\,19,51951,καί,conjunction,false,n/a,,,e)moi\,20,30657,ἐγώ,pronoun,true,1.0,masc/fem dat 1st sg,kai\,21,51951,καί,conjunction,false,n/a,indeclform (conj),tw=|,22,71882,ὁ,article,true,1.0,,,a)delfw=|,23,1211,ἀδελφός,adjective,false,n/a,masc dat sg,kai\,24,51951,καί,conjunction,false,n/a,indeclform (conj),toi=s,25,71882,ὁ,article,false,n/a,masc/neut dat pl,fra/torsi,26,112237,φράτηρ,noun,true,0.5,masc dat pl,kai\,27,51951,καί,conjunction,false,n/a,,,pa/sh|,28,79904,πᾶς,adjective,true,1.0,,,th=|,29,71882,ὁ,article,true,1.0,fem dat sg (attic epic ionic),h(mete/ra,30,47030,ἡμέτερος,adjective,false,n/a,,suggenei/a|,31,97502,συγγένεια,noun,false,n/a,fem dat sg (attic doric aeolic),,,,,,,,,,,,,,,,,,,,,,,,,,,,,,,,,,,,,,,,,,,,,,,,,,,,,,,,,,,,,,,,,,,,,,,,,,,,,,,,,,,,,,,,,,,,,,,,,,,,,,,,,,,,,,,,,,,,,,,,,,,,,,,,,,,,,,,,,,,,,,,,,,,,,,,,masc/neut dat sg,masc acc sg,neut nom/voc/acc pl,,,,,,,,,,,indeclform (conj),masc/neut dat sg,,,,,,,,,,,,,,,,,,,,,,,indeclform (conj),fem dat sg (attic epic ionic),,,,,,,,,masc gen pl,,,,,,,,,,,,,,,,,,,,,,,fem nom/voc/acc dual,fem nom/voc sg (attic doric aeolic),,,,,,,futperf ind act masc/neut dat pl (attic epic doric ionic aeolic),futperf ind act 3rd pl (attic epic doric ionic aeolic),,,,,,,,,,,,,,,,,,,,,,,,,
29,8,kai\,1,51951,καί,conjunction,false,n/a,indeclform (conj),mh\n,2,67461,true,1.0,ou(=toi,3,76062,οὗτος,pronoun,false,n/a,masc nom/voc pl,me\n,4,66260,μέν,particle,false,n/a,indeclform (particle),ou)d',5,75764,οὐδέ,particle,false,0.33,indeclform (particle),e)n,6,34700,ἐν,preposition,true,0.5,proclitic indeclform (prep),e(ni\,7,31236,εἷς,adjective,false,n/a,,,,kinduneu/ontes,8,57456,κινδυνεύω,verb,false,n/a,pres part act masc nom/voc pl,i)di/as,9,49875,ἴδιος,adjective,false,n/a,fem acc pl,fem gen sg (attic doric aeolic),e)/xqras,10,45936,ἔχθρα,noun,true,0.5,fem acc pl,fem gen sg (attic doric aeolic),e(/neka,11,35364,ἕνεκα,preposition,false,n/a,indeclform (prep),poiou=sin,12,84234,ποιέω,verb,true,0.5,pres part act masc/neut dat pl (attic epic doric),pres ind act 3rd pl (attic epic doric),h(mei=s,13,30657,ἐγώ,pronoun,false,n/a,masc/fem nom/voc 1st pl,de\,14,23596,δέ,particle,false,n/a,,,pa/ntas,15,79904,πᾶς,adjective,false,n/a,,,,μήν,particle,indeclform (particle),,,masc/neut dat sg,,,,,,indeclform (particle),masc acc pl,u(podi/kous,16,108318,ὑπόδικος,adjective,false,n/a,masc/fem acc pl,h(ma=s,17,30657,ἐγώ,pronoun,true,1.0,,,,,au)tou\s,18,17907,αὐτός,pronoun,false,n/a,masc acc pl,kaqista/ntes,19,51849,καθίστημι,verb,false,n/a,,,marturou=men,20,65091,μαρτύρομαι,verb,true,0.5,aor subj mp 1st pl (epic),,,,,,,,,,,,,,,,,,,,,,,,,,,,,,,,,,,,,,,,,,,,,,,,,,,,,,,,,,,,,,,,,,,,,,,,,,,,,,,,,,,,,,,,,,,,,,,,,,,,,,,,,,,,,,,,,,,,,,,,,,,,,,,,,,,,,,,,,,,,,,,,,,,,,,,,,,,,,,,,,,,,,,,,,,,,,,,,,,,,,,,,,,,,,,,,,,,,,,,,,,,,,,,,,,,,,,,,,,,,,,,,,,,,,,,,,",",.,,,,,,,,,masc/fem acc 1st pl,,,,,,,,,,,,,pres part act masc nom/voc pl,,,,,,,,,,,,,,,,,,,,,,,,,,,,,,,,,,,,,,,,,,,,,,,,,,,,,,,,,,,,,,,,,,,,,,,,,,,,,,,,,,,,,,,,,,,
30,9,kai\,1,51951,καί,conjunction,false,n/a,indeclform (conj),pro\s,2,88443,false,n/a,tai=s,3,71882,ὁ,article,false,n/a,fem dat pl,marturi/ais,4,65088,μαρτυρία,noun,false,n/a,fem dat pl,w)=,5,116027,ὦ,interjection,true,1.0,indeclform (exclam),a)/ndres,6,8665,ἀνήρ,noun,false,n/a,masc nom/voc pl,dikastai/,7,26921,δικαστής,noun,false,n/a,,,,prw=ton,8,90504,πρότερος,adjective,true,0.5,,me\n,9,66260,μέν,particle,false,n/a,,,h(,10,71882,ὁ,article,false,n/a,,,tou=,11,71882,ὁ,article,true,1.0,masc/neut gen sg,*eu)filh/tou,12,nlsj5093,Εὐφίλητος,proper,false,n/a,,,mh/thr,13,67543,μήτηρ,noun,false,n/a,fem nom sg,h(\n,14,75512,ὅς,pronoun,false,n/a,,,ou(=toi,15,76062,οὗτος,pronoun,false,n/a,,,,πρός,preposition,indeclform (prep),,,masc nom/voc pl,indeclform (particle),fem nom/voc sg,,,masc gen sg,fem acc sg (attic homeric ionic),masc nom/voc pl,o(mologou=sin,16,73742,ὁμολογέω,verb,false,n/a,,a)sth\n,17,16522,ἀστή,noun,false,n/a,,,,,ei)=nai,18,31130,εἰμί,verb,false,n/a,pres inf act,o(/rkon,19,75127,ὅρκος,noun,false,n/a,,,o)mo/sai,20,73530,ὄμνυμι,verb,false,n/a,,e)pi\,21,nlsj126,ἐπί,preposition,false,n/a,indeclform (prep),tou=,22,71882,ὁ,article,true,1.0,,,diaithtou=,23,24867,διαιτητής,noun,false,n/a,masc gen sg,e)bou/leto,24,20621,βούλομαι,verb,false,n/a,imperf ind mp 3rd sg,e)pi\,25,nlsj126,ἐπί,preposition,false,n/a,indeclform (prep),*delfini/w|,26,nlsj4606,Δελφίνιον,proper,true,0.5,neut dat sg,h)=,27,46571,ἦ,adverb,true,1.0,,,mh\n,28,65757,μείς,adjective,true,1.0,,,toutoni\,29,76062,οὗτος,pronoun,false,n/a,masc acc sg,*eu)fi/lhton,30,nlsj5093,Εὐφίλητος,proper,false,n/a,masc acc sg,ei)=nai,31,31130,εἰμί,verb,false,n/a,pres inf act,e)c,32,31575,ἐκ,preposition,false,n/a,proclitic indeclform (prep),au(th=s,33,29881,ἑαυτοῦ,pronoun,false,n/a,fem gen sg (attic epic ionic),kai\,34,51951,καί,conjunction,false,n/a,indeclform (conj),tou=,35,71882,ὁ,article,true,1.0,masc/neut gen sg,h(mete/rou,36,47030,ἡμέτερος,adjective,false,n/a,,,patro/s,37,80011,πατήρ,noun,false,n/a,masc gen sg,,,,,,,,,,,,,,,,,,,,,,,,,,,,,,,,,,,,,,,,,,,,,,,,,,,,,,,,,,,,,,,,,,,,,,,,,,,,,,,,,,,,,,,,,,,,,",",",",",",",",.,,,,pres part act masc/neut dat pl (attic epic doric),pres ind act 3rd pl (attic epic doric),fem acc sg (attic epic ionic),,,,,,,,,masc acc sg,neut nom/voc/acc sg,,,masc acc sg,masc/neut gen sg,,,,,,,,,,,,,,,,aor inf act,aor opt act 3rd sg,,,,,,indeclform (adverb),masc nom/voc sg,,,,,,,,,,,,,,,,,,,,,,,,,,,,,,,,,,masc/neut gen sg,,,,,,,,,,,,,,,,,,,,,,,,,,,,,,,,
31,9,kai/toi,1,nlsj61636,καίτοι,particle,false,n/a,indeclform (particle),ti/na,2,nlsj65910,true,0.5,prosh=ke,3,89366,προσήκω,verb,true,0.5,imperf ind act 3rd sg,ma=llon,4,64866,μᾶλλον,adverb,false,n/a,indeclform (adverb),au)th=s,5,17907,αὐτός,pronoun,false,n/a,fem gen sg (attic epic ionic),e)kei/nhs,6,31951,ἐκεῖνος,pronoun,false,n/a,fem gen sg (attic epic ionic),tou=to,7,76062,οὗτος,pronoun,false,n/a,,,,ei)de/nai,8,72202,οἶδα,verb,false,n/a,perf inf act,,,,,,,,,,,,,,,,,,,,,,,,,,,,,,,,,,,,,,,,,,,,,,,,,,,,,,,,,,,,,,;,τίς,pronoun,,,,neut nom/voc/acc sg,,,,,,,,,,,,,,,,,,,,,,,,,,,,,,,,,,,,,,,,,,,,,,,,,,,,,,,,,,,,,,,,,,,,,,,,,,,,,,,,,,,,,,,,,,,,,,,,,,,,,,,,,,,,,,,,,,,,,,,,,,,,,,,,,,,,,,,,,,,,,,,,,,,,,,,,,,,,,,,,,,,,,,,,,,,,,,,,,,,,,,,,,,,,,,,,,,,,,,,,,,,,,,,,,,,,,,,,,,,,,,,,,,,,,,,,,,,,,,,,,,,,,,,,,,,,,,,,,,,,,,,,,,,,,,,,,,,,,,,,,,,,,,,,,,,,,,,,,,,,,,,,,,,,,,,,,,,,,,,,,,,,,,,,,,,,,,,,,,,masc/fem acc sg,neut nom/voc/acc pl,,,,,,,,,,,,,,,,,,,,,,,,,,,,,,,,,,,,,,,,,,,,,,,,,,,,,,,,,,
32,9,e)/peita,1,38547,ἔπειτα,adverb,false,n/a,indeclform (adverb),w)=,2,116027,true,1.0,a)/ndres,3,8665,ἀνήρ,noun,false,n/a,masc nom/voc pl,dikastai/,4,26921,δικαστής,noun,false,n/a,masc nom/voc pl,o(,5,71882,ὁ,article,false,n/a,masc nom sg,path\r,6,80011,πατήρ,noun,false,n/a,masc nom sg,o(,7,71882,ὁ,article,false,n/a,,,,h(me/teros,8,47030,ἡμέτερος,adjective,false,n/a,masc nom sg,o(\n,9,75512,ὅς,pronoun,false,n/a,masc acc sg,neut acc sg,ei)ko/s,10,37776,ἔοικα,verb,true,0.5,,,e)sti,11,31130,εἰμί,verb,false,n/a,pres ind act 3rd sg,meta\,12,66572,μετά,preposition,false,n/a,,,th\n,13,71882,ὁ,article,false,n/a,fem acc sg (attic epic ionic),tou/tou,14,76062,οὗτος,pronoun,false,n/a,,,mhte/ra,15,67543,μήτηρ,noun,false,n/a,,,,ὦ,interjection,indeclform (exclam),,,masc nom sg,,perf part act neut nom/voc/acc sg,,,indeclform (prep),masc/neut gen sg,fem acc sg,a)/rista,16,15133,ἄριστος,adjective,true,1.0,neut nom/voc/acc pl,to\n,17,71882,ὁ,article,false,n/a,,,,,au(tou=,18,29881,ἑαυτοῦ,pronoun,false,n/a,,u(o\n,19,106566,υἱός,noun,false,n/a,,,gignw/skein,20,22210,γιγνώσκω,verb,false,n/a,pres inf act (attic epic),ou(=tos,21,76062,οὗτος,pronoun,false,n/a,masc nom/voc sg,kai\,22,51951,καί,conjunction,false,n/a,,,to/te,23,104429,τότε,adverb,false,n/a,indeclform (adverb),kai\,24,51951,καί,conjunction,false,n/a,indeclform (conj),nuni\,25,71312,νυνί,adverb,false,n/a,indeclform (adverb),bou/letai,26,20621,βούλομαι,verb,false,n/a,pres ind mp 3rd sg,o)mo/sai,27,73530,ὄμνυμι,verb,false,n/a,aor inf act,aor opt act 3rd sg,h)=,28,46571,ἦ,adverb,true,1.0,,,mh\n,29,65757,μείς,adjective,true,1.0,masc nom/voc sg,*eu)fi/lhton,30,nlsj5093,Εὐφίλητος,proper,false,n/a,masc acc sg,toutoni\,31,76062,οὗτος,pronoun,false,n/a,masc acc sg,u(o\n,32,106566,υἱός,noun,false,n/a,masc acc sg,ei)=nai,33,31130,εἰμί,verb,false,n/a,pres inf act,au(tou=,34,29881,ἑαυτοῦ,pronoun,false,n/a,,e)c,35,31575,ἐκ,preposition,false,n/a,proclitic indeclform (prep),a)sth=s,36,16522,ἀστή,noun,false,n/a,,,kai\,37,51951,καί,conjunction,false,n/a,indeclform (conj),gameth=s,38,21553,γαμετή,noun,false,n/a,fem gen sg (attic epic ionic),gunaiko/s,39,23069,γυνή,noun,false,n/a,fem gen sg,,,,,,,,,,,,,,,,,,,,,,,,,,,,,,,,,,,,,,,,,,,,,,,,,,,,,,,,,,,,,,,,,,,,,,,,,,,,,",",",",",",",",.,,,,,,masc acc sg,,,,,,,,,,,,,masc acc sg,indeclform (conj),,,,,,,,,,,,,,,,,,,,,,,,indeclform (adverb),,,,,,,,,,neut gen sg,masc gen sg,,,,,,,,,,,,,,,,,,,,,,,fem gen sg (attic epic ionic),,,,,,,,neut gen sg,masc gen sg,,,,,,,,,,,,,,,,,,,,,,,
33,10,pro\s,1,88443,πρός,preposition,false,n/a,indeclform (prep),tou/tois,2,76062,false,n/a,toi/nun,3,104163,τοίνυν,particle,false,n/a,indeclform (particle),w)=,4,116027,ὦ,interjection,true,1.0,indeclform (exclam),a)/ndres,5,8665,ἀνήρ,noun,false,n/a,masc nom/voc pl,dikastai/,6,26921,δικαστής,noun,false,n/a,masc nom/voc pl,e)gw\,7,30657,ἐγώ,pronoun,false,n/a,,,,e)tu/gxanon,8,105829,τυγχάνω,verb,false,n/a,,me\n,9,66260,μέν,particle,false,n/a,,,triskaidekae/ths,10,nlsj107484,τρισκαιδεκαέτης,noun,false,n/a,masc/fem acc pl (attic epic doric),masc/fem nom/voc pl (doric aeolic),w)/n,11,31130,εἰμί,verb,false,n/a,pres part act masc nom sg,w(/sper,12,116416,ὥσπερ,adverb,false,n/a,,,kai\,13,51951,καί,conjunction,false,n/a,indeclform (conj),pro/teron,14,90504,πρότερος,adjective,false,n/a,masc acc sg,neut nom/voc/acc sg,ei)=pon,15,31161,εἶπον,verb,true,1.0,aor imperat act 2nd sg (epic ionic),aor ind act 3rd pl,,οὗτος,pronoun,masc/neut dat pl,,,masc/fem nom/voc 1st sg,indeclform (particle),,,,indeclform (adverb),,,o(/te,16,75688,ὅτε,conjunction,true,1.0,indeclform (conj),ou(=tos,17,76062,οὗτος,pronoun,false,n/a,,,,,e)ge/neto,18,22209,γίγνομαι,verb,false,n/a,aor ind mid 3rd sg,e(/toimos,19,43287,ἑτοῖμος,adjective,false,n/a,masc nom sg (attic),masc/fem nom sg (attic),d',20,23596,δέ,particle,false,n/a,indeclform (particle),ei)mi\,21,31130,εἰμί,verb,false,n/a,pres ind act 1st sg,o)mo/sai,22,73530,ὄμνυμι,verb,false,n/a,aor inf act,aor opt act 3rd sg,h)=,23,46571,ἦ,adverb,true,1.0,indeclform (adverb),mh\n,24,65757,μείς,adjective,true,1.0,masc nom/voc sg,*eu)fi/lhton,25,nlsj5093,Εὐφίλητος,proper,false,n/a,masc acc sg,toutoni\,26,76062,οὗτος,pronoun,false,n/a,masc acc sg,a)delfo\n,27,1211,ἀδελφός,adjective,false,n/a,,,ei)=nai,28,31130,εἰμί,verb,false,n/a,,,e)mautou=,29,33935,ἐμαυτοῦ,pronoun,false,n/a,masc/neut gen sg,o(mopa/trion,30,73782,ὁμοπάτριος,adjective,false,n/a,,,,,,,,,,,,,,,,,,,,,,,,,,,,,,,,,,,,,,,,,,,,,,,,,,,,,,,,,,,,,,,,,,,,,,,,,,,,,,,,,,,,,,,,,,,,,,,,,,,,,,,,,,,,,,,,,,,,,,,,,,,,,,,,,,,,,,,,,,,,,,,,,,,,,,,",",",",",",",",",",.,,,,,masc nom/voc sg,,,,,,,,,imperf ind act 3rd pl,imperf ind act 1st sg,,,,,,,,,,,,,,,,,,,,,,,,,,,masc acc sg,pres inf act,,,,,,,,,masc/fem nom sg,,,,,,,,,,,,,,,,,,,,,,,masc acc sg,neut nom/voc/acc sg,,,,,,,,,,,aor ind act 1st sg,aor ind act 3rd pl (homeric ionic),aor ind act 1st sg (homeric ionic),,,,,,,,,,,,,,,,,,,,
34,10,w(/ste,1,116421,ὥστε,conjunction,false,n/a,indeclform (adverb),w)=,2,116027,true,1.0,a)/ndres,3,8665,ἀνήρ,noun,false,n/a,masc nom/voc pl,dikastai/,4,26921,δικαστής,noun,false,n/a,masc nom/voc pl,dikai/ws,5,26886,δίκαιος,adjective,true,1.0,,a)\n,6,6207,ἄν,particle,true,1.0,indeclform (particle),kai\,7,51951,καί,conjunction,false,n/a,,,,tou\s,8,71882,ὁ,article,false,n/a,masc acc pl,h(mete/rous,9,47030,ἡμέτερος,adjective,false,n/a,,,o(/rkous,10,75127,ὅρκος,noun,true,1.0,,,pistote/rous,11,83324,πιστός,adjective,true,0.5,masc acc comp pl,nomi/zoite,12,70958,νομίζω,verb,false,n/a,,,h)\,13,46568,ἠέ,conjunction,true,1.0,indeclform (conj),tou\s,14,71882,ὁ,article,false,n/a,,,tou/twn,15,76062,οὗτος,pronoun,false,n/a,,,,ὦ,interjection,indeclform (exclam),,,indeclform (conj),masc acc pl,masc acc pl,,,pres opt act 2nd pl,masc acc pl,masc/fem/neut gen pl,lo/gous,16,63772,λόγος,noun,true,1.0,masc acc pl,,,,,,,,,,,,,,,,,,,,,,,,,,,,,,,,,,,,,,,,,,,,,,,,,,,,,,,,,,,,,,,,,,,,,,,,,,,,,,,,,,,,,,,,,,,,,,,,,,,,,,,,,,,,,,,,,,,,,,,,,,,,,,,,,,,,,,,,,,,,,,,,,,,,,,,,,,,,,,,,,,,,,,,,,,,,,,,,,,,,,,,,,,,,,,,,,,,,,,,,,,,,,,,,,,,,,,,,,,,,,,,,,,,,,,,,,,,,,,,,,,,,,,,,,,,,,,,,,,,,,,,,,,,,,",",",",:,,,,,,,,,,,,,,,,,,,,,,,,,,,,,,,,,,adverbial,masc acc pl (doric),adverbial,masc/fem acc pl (doric),,,,,,,,,,,,,,,,,,,,,,,,,,,,,,,,,,,,,,,,,,,,,,,,,,,,,,,,,,,,,,,,,,,,,,,,,,,
35,10,h(mei=s,1,30657,ἐγώ,pronoun,false,n/a,masc/fem nom/voc 1st pl,me\n,2,66260,false,n/a,ga\r,3,21618,γάρ,particle,false,n/a,indeclform (particle),a)kribw=s,4,nlsj15362,ἀκριβῶς,adverb,true,1.0,indeclform (adverb),ei)do/tes,5,72202,οἶδα,verb,false,n/a,perf part act masc nom/voc pl,o)mo/sai,6,73530,ὄμνυμι,verb,false,n/a,,peri\,7,81017,περί,preposition,false,n/a,,,,au)tou=,8,17907,αὐτός,pronoun,true,1.0,,qe/lomen,9,30790,ἐθέλω,verb,false,n/a,pres ind act 1st pl,imperf ind act 1st pl (homeric ionic),ou(=toi,10,76062,οὗτος,pronoun,false,n/a,,,de\,11,23596,δέ,particle,false,n/a,indeclform (particle),tau=ta,12,76062,οὗτος,pronoun,false,n/a,,,a)khkoo/tes,13,3398,ἀκούω,verb,false,n/a,perf part act masc nom/voc pl,para\,14,77763,παρά,preposition,true,1.0,,,tw=n,15,71882,ὁ,article,false,n/a,fem gen pl,masc/neut gen pl,,μέν,particle,indeclform (particle),aor inf act,aor opt act 3rd sg,indeclform (prep),,masc nom/voc pl,,,neut nom/voc/acc pl,indeclform (prep),,tou/tou,16,76062,οὗτος,pronoun,false,n/a,masc/neut gen sg,diafo/rwn,17,26233,διάφορος,adjective,false,n/a,,,,,h)\,18,46568,ἠέ,conjunction,true,1.0,indeclform (conj),au)toi\,19,17907,αὐτός,pronoun,false,n/a,,,pla/ttontes,20,83495,πλάσσω,verb,true,0.5,pres part act masc nom/voc pl (attic),le/gousi,21,62204,λέγω,verb,true,0.33,,,,,,,,,,,,,,,,,,,,,,,,,,,,,,,,,,,,,,,,,,,,,,,,,,,,,,,,,,,,,,,,,,,,,,,,,,,,,,,,,,,,,,,,,,,,,,,,,,,,,,,,,,,,,,,,,,,,,,,,,,,,,,,,,,,,,,,,,,,,,,,,,,,,,,,,,,,,,,,,,,,,,,,,,,,,,,,,,,,,,,,,,,,,,,,,,,,,,,,,,,,,,,,,,,,,,,,,,,,,,,,,,,",",.,,,,,,,,,masc/fem/neut gen pl,,,,,,,,,neut gen sg,masc gen sg,,,masc nom/voc pl,,,,,,,,,pres part act masc/neut dat pl (attic epic doric ionic),pres ind act 3rd pl (attic epic doric ionic),,,,,,,,,,,,,,,,,,,,,,,,,,,,,,,,,,,,,,,,,,,,,,,,,,,,,,,,,,,,,,,,,,,,,,,,,,,,,,,,,
36,11,pro\s,1,88443,πρός,preposition,false,n/a,indeclform (prep),de\,2,23596,false,n/a,tou/tois,3,76062,οὗτος,pronoun,false,n/a,masc/neut dat pl,w)=,4,116027,ὦ,interjection,true,1.0,indeclform (exclam),a)/ndres,5,8665,ἀνήρ,noun,false,n/a,masc nom/voc pl,dikastai/,6,26921,δικαστής,noun,false,n/a,masc nom/voc pl,h(mei=s,7,30657,ἐγώ,pronoun,false,n/a,,,,me\n,8,66260,μέν,particle,false,n/a,indeclform (particle),tou\s,9,71882,ὁ,article,false,n/a,,,suggenei=s,10,97505,συγγενεύς,noun,false,0.5,masc acc pl,masc nom/voc pl (parad_form),ma/rturas,11,65097,μάρτυς,noun,false,n/a,masc/fem acc pl,kai\,12,51951,καί,conjunction,false,n/a,,,e)pi\,13,nlsj126,ἐπί,preposition,false,n/a,indeclform (prep),tw=n,14,71882,ὁ,article,false,n/a,fem gen pl,masc/neut gen pl,diaithtw=n,15,24867,διαιτητής,noun,false,n/a,,,,δέ,particle,indeclform (particle),,,masc/fem nom/voc 1st pl,masc acc pl,,,,indeclform (conj),,masc gen pl,kai\,16,51951,καί,conjunction,false,n/a,indeclform (conj),e)f',17,nlsj126,ἐπί,preposition,false,n/a,,,,,u(mw=n,18,97456,σύ,pronoun,true,1.0,gen 2nd pl,parexo/meqa,19,79526,παρέχω,verb,false,n/a,pres ind mp 1st pl,imperf ind mp 1st pl (homeric ionic),oi(=s,20,75512,ὅς,pronoun,false,n/a,masc/neut dat pl,ou)k,21,75730,οὐ,adverb,false,n/a,proclitic indeclform (adverb),a)/cion,22,11058,ἄξιος,adjective,false,n/a,masc acc sg,neut nom/voc/acc sg,a)pistei=n,23,12133,ἀπιστέω,verb,false,n/a,pres inf act (attic epic doric),,,,,,,,,,,,,,,,,,,,,,,,,,,,,,,,,,,,,,,,,,,,,,,,,,,,,,,,,,,,,,,,,,,,,,,,,,,,,,,,,,,,,,,,,,,,,,,,,,,,,,,,,,,,,,,,,,,,,,,,,,,,,,,,,,,,,,,,,,,,,,,,,,,,,,,,,,,,,,,,,,,,,,,,,,,,,,,,,,,,,,,,,,,,,,,,,,,,,,,,,,,,,,,,",",",",",",:,,,,,,,indeclform (prep),,,,,,,,,,,,,,,,,,,,,,,,,,,,,,,,,,,,,,,,,,,,,,,,,,,,,,,,,,,,,,,,,,,,,,,,,,,,,,,,,,,,,,,,,,,,,,,,,,,,,,,,
37,11,ou(=toi,1,76062,οὗτος,pronoun,false,n/a,masc nom/voc pl,de/,2,23596,false,n/a,e)peidh\,3,38466,ἐπεί,conjunction,false,n/a,indeclform (conj),e)/laxen,4,61542,λαγχάνω,verb,false,n/a,aor ind act 3rd sg,o(,5,71882,ὁ,article,false,n/a,masc nom sg,*eu)fi/lhtos,6,nlsj5093,Εὐφίλητος,proper,false,n/a,masc nom sg,th\n,7,71882,ὁ,article,false,n/a,,,,di/khn,8,26943,δίκη,adjective,false,n/a,fem acc sg (attic epic ionic),th\n,9,71882,ὁ,article,false,n/a,,,prote/ran,10,90504,πρότερος,adjective,false,n/a,,,tw=|,11,71882,ὁ,article,true,1.0,masc/neut dat sg,koinw=|,12,58429,κοινός,adjective,true,1.0,masc/neut dat sg,masc/fem/neut dat sg,tw=n,13,71882,ὁ,article,false,n/a,,dhmotw=n,14,24460,δημότης,noun,false,n/a,,,kai\,15,51951,καί,conjunction,false,n/a,,,,δέ,particle,indeclform (particle),,,fem acc sg (attic epic ionic),fem acc sg (attic epic ionic),fem acc sg (attic doric aeolic),,,,masc gen pl,indeclform (conj),tw=|,16,71882,ὁ,article,true,1.0,masc/neut dat sg,to/te,17,104429,τότε,adverb,false,n/a,,,,,dhmarxou=nti,18,24355,δημαρχέω,verb,false,n/a,,o(\s,19,75512,ὅς,pronoun,false,n/a,,,nu=n,20,71308,νῦν,adverb,false,n/a,enclitic indeclform (adverb),teteleu/thke,21,102992,τελευτάω,verb,false,n/a,,du/o,22,28592,δύο,adjective,false,n/a,,,e)/th,23,43260,ἔτης,noun,true,0.5,masc voc sg,tou=,24,71882,ὁ,article,true,1.0,masc/neut gen sg,diaithtou=,25,24867,διαιτητής,noun,false,n/a,masc gen sg,th\n,26,71882,ὁ,article,false,n/a,fem acc sg (attic epic ionic),di/aitan,27,24856,δίαιτα,noun,false,n/a,,,e)/xontos,28,45996,ἔχω,verb,false,n/a,,,ou)k,29,75730,οὐ,adverb,false,n/a,proclitic indeclform (adverb),e)dunh/qhsan,30,28566,δύναμαι,verb,false,n/a,aor ind pass 3rd pl (attic),ou)demi/an,31,75765,οὐδείς,pronoun,false,n/a,,marturi/an,32,65088,μαρτυρία,noun,false,n/a,fem acc sg (attic doric aeolic),eu(rei=n,33,44964,εὑρίσκω,verb,false,n/a,aor inf act (attic epic doric),w(s,34,116401,ὡς,conjunction,false,n/a,proclitic indeclform (conj),ou(tosi\,35,76062,οὗτος,pronoun,false,n/a,masc nom/voc sg,a)/llou,36,4490,ἄλλος,adjective,true,1.0,neut gen sg,masc gen sg,tino\s,37,104051,τις,pronoun,false,n/a,gen sg,patro/s,38,80011,πατήρ,noun,false,n/a,masc gen sg,e)stin,39,31130,εἰμί,verb,false,n/a,pres ind act 3rd sg,h)\,40,46568,ἠέ,conjunction,true,1.0,,,tou=,41,71882,ὁ,article,true,1.0,masc/neut gen sg,h(mete/rou,42,47030,ἡμέτερος,adjective,false,n/a,masc/neut gen sg,,,,,,,,,,,,,,,,,,,,,,,,,,,,,,,,,,,,,,,,,,,,,,,,,,,,",",",",",",.,,,fem gen pl,masc/neut gen pl,,,indeclform (adverb),,,,,,,,,,,,,masc nom sg,indeclform (numeral),,,,,,,,perf imperat act 2nd sg (attic ionic),perf ind act 3rd sg (attic ionic),,,,,,,,,,,,,,fem acc sg,pres part act masc/neut gen sg,,,,,,,,,,pres part act masc/neut dat sg (attic epic doric),pres ind act 3rd pl (doric),,,,,,,,,,,fem acc sg,fem acc sg (attic doric aeolic),,,,,indeclform (conj),,,,,,,,,,,,,,,,,,,,,,,,,,,,,,,,,,,,,,
38,11,toi=s,1,71882,ὁ,article,false,n/a,masc/neut dat pl,de\,2,23596,false,n/a,diaitw=si,3,24859,διαιτάω,verb,true,0.5,,me/gista,4,65552,μέγας,adverb,false,n/a,neut nom/voc/acc pl,lttau=tagt,5,unknown,,,false,n/a,,shmei=a,6,93812,σημεῖον,noun,false,n/a,neut nom/voc/acc pl,h)=n,7,31130,εἰμί,verb,true,0.5,imperf ind act 1st sg,imperf ind act 3rd pl (epic doric aeolic),imperf ind act 3rd sg,tou=,8,71882,ὁ,article,true,1.0,masc/neut gen sg,yeu/desqai,9,115586,ψεύδω,verb,false,n/a,,,tou/tous,10,76062,οὗτος,pronoun,false,n/a,,,kai\,11,51951,καί,conjunction,false,n/a,indeclform (conj),katedih/|thsan,12,53906,καταδιαιτάω,verb,false,n/a,,,au)tw=n,13,17907,αὐτός,pronoun,false,n/a,,a)mfo/teroi,14,6174,ἀμφότερος,adjective,false,n/a,,,,,,,,,,,,,δέ,particle,indeclform (particle),,,,pres inf mp,masc acc pl,,,aor ind act 3rd pl,masc nom/voc pl,,,,,,,,,,,,,,,,,,,,,,,,,,,,,,,,,,,,,,,,,,,,,,,,,,,,,,,,,,,,,,,,,,,,,,,,,,,,,,,,,,,,,,,,,,,,,,,,,,,,,,,,,,,,,,,,,,,,,,,,,,,,,,,,,,,,,,,,,,,,,,,,,,,,,,,,,,,,,,,,,,,,,,,,,,,,,,,,,,,,,,,,,,,,,,,,,,,,,,,,,,,,,,,,,,,,,,,,,,,,,,,,,,,,,,,,,,,,,,,,,,,,,,,,,,,,,,,,,,,,,,,,,,,,,,,,,,,,,,",",.,,,,,neut gen pl,fem gen pl,,,,,,,,pres part act masc/neut dat pl (attic epic doric ionic),pres subj act 3rd pl (attic epic ionic),pres ind act 3rd pl (attic epic doric ionic),pres subj act 3rd pl (attic epic doric ionic),,,,,,,,,,,,,,,,,,,,,,,,,,,,,,,,,,,,,,,,,,,,,,,,,,,,,,,,,,,,,,,,,,,,,,,,,,,,,masc gen pl,,,,,,,,,,,,,,,,,,,
39,11,kai/,1,51951,καί,conjunction,false,n/a,indeclform (conj),moi,2,30657,false,n/a,labe\,3,61791,λαμβάνω,verb,false,n/a,aor imperat act 2nd sg,th=s,4,71882,ὁ,article,false,n/a,fem gen sg (attic epic ionic),prote/ras,5,90504,πρότερος,adjective,false,n/a,,diai/ths,6,24856,δίαιτα,noun,true,1.0,fem gen sg (attic epic ionic),th\n,7,71882,ὁ,article,false,n/a,,,,marturi/an,8,65088,μαρτυρία,noun,false,n/a,fem acc sg (attic doric aeolic),,,,,,,,,,,,,,,,,,,,,,,,,,,,,,,,,,,,,,,,,,,,,,,,,,,,,,,,,,,,,,.,ἐγώ,pronoun,masc/fem dat 1st sg,,,fem acc sg (attic epic ionic),,,,,,,,,,,,,,,,,,,,,,,,,,,,,,,,,,,,,,,,,,,,,,,,,,,,,,,,,,,,,,,,,,,,,,,,,,,,,,,,,,,,,,,,,,,,,,,,,,,,,,,,,,,,,,,,,,,,,,,,,,,,,,,,,,,,,,,,,,,,,,,,,,,,,,,,,,,,,,,,,,,,,,,,,,,,,,,,,,,,,,,,,,,,,,,,,,,,,,,,,,,,,,,,,,,,,,,,,,,,,,,,,,,,,,,,,,,,,,,,,,,,,,,,,,,,,,,,,,,,,,,,,,,,,,,,,,,,,,,,,,,,,,,,,,,,,,,,,,,,,,,,,,,,,,,,,,,,,,,,fem acc pl,fem gen sg (attic doric aeolic),,,,,,,,,,,,,,,,,,,,,,,,,,,,,,,,,,,,,,,,,,,,,,,,,,,,,,,,,,,,,,,,,,,,,,,,,,,,,
40,12,w(s,1,116401,ὡς,conjunction,false,n/a,proclitic indeclform (conj),me\n,2,66260,false,n/a,toi/nun,3,104163,τοίνυν,particle,false,n/a,indeclform (particle),kai\,4,51951,καί,conjunction,false,n/a,indeclform (conj),to/te,5,104429,τότε,adverb,false,n/a,indeclform (adverb),w)=flon,6,76166,ὀφλισκάνω,verb,false,n/a,,th\n,7,71882,ὁ,article,false,n/a,,,,di/aitan,8,24856,δίαιτα,noun,false,n/a,fem acc sg,a)khko/ate,9,3398,ἀκούω,verb,false,n/a,,,,,,,,,,,,,,,,,,,,,,,,,,,,,,,,,,,,,,,,,,,,,,,,,,,,,,,,μέν,particle,indeclform (particle),aor ind act 3rd pl,aor ind act 1st sg,fem acc sg (attic epic ionic),perf ind act 2nd pl,,,,,,,,,,,,,,,,,,,,,,,,,,,,,,,,,,,,,,,,,,,,,,,,,,,,,,,,,,,,,,,,,,,,,,,,,,,,,,,,,,,,,,,,,,,,,,,,,,,,,,,,,,,,,,,,,,,,,,,,,,,,,,,,,,,,,,,,,,,,,,,,,,,,,,,,,,,,,,,,,,,,,,,,,,,,,,,,,,,,,,,,,,,,,,,,,,,,,,,,,,,,,,,,,,,,,,,,,,,,,,,,,,,,,,,,,,,,,,,,,,,,,,,,,,,,,,,,,,,,,,,,,,,,,,,,,,,,,,,,,,,",",.,,,,,,,,,,,,,,,,,,,,,,,,,,,,,,,,,,,,,,,,,,,,,,,,,,,,,,,,,,,,,,,,,,,,,,,,,,,,,,,,,,,,,,,,,,,,,,,,,,,,,,,,,,,,,,,,,
41,12,a)ciw=,1,11004,ἀξιάω,verb,true,0.5,,de/,2,23596,false,n/a,w)=,3,116027,ὦ,interjection,true,1.0,indeclform (exclam),a)/ndres,4,8665,ἀνήρ,noun,false,n/a,masc nom/voc pl,dikastai/,5,26921,δικαστής,noun,false,n/a,masc nom/voc pl,w(/sper,6,116416,ὥσπερ,adverb,false,n/a,indeclform (adverb),ou(=toi,7,76062,οὗτος,pronoun,false,n/a,,,,me/ga,8,65552,μέγας,adverb,false,n/a,neut nom/voc/acc sg,tou=t',9,76062,οὗτος,pronoun,false,n/a,,,a)\n,10,6207,ἄν,particle,false,0.25,,,e)/fhsan,11,110639,φημί,verb,false,n/a,aor ind act 3rd pl,ei)=nai,12,31130,εἰμί,verb,false,n/a,,,shmei=on,13,93812,σημεῖον,noun,false,n/a,neut nom/voc/acc sg,w(s,14,116401,ὡς,conjunction,false,n/a,,,ou)k,15,75730,οὐ,adverb,false,n/a,,,,δέ,particle,indeclform (particle),,,masc nom/voc pl,neut nom/voc/acc sg,indeclform (particle),,,pres inf act,proclitic indeclform (conj),proclitic indeclform (adverb),e)/stin,16,31130,εἰμί,verb,false,n/a,pres ind act 3rd sg,*(hghsi/ppou,17,unknown,,,false,n/a,,,,,ei),18,30817,εἰ,conjunction,false,n/a,proclitic indeclform (conj),oi(,19,71882,ὁ,article,true,1.0,,,diaithtai\,20,24867,διαιτητής,noun,false,n/a,masc nom/voc pl,au)tw=n,21,17907,αὐτός,pronoun,false,n/a,,a)pedih/|thsan,22,12464,ἀποδιαιτάω,verb,false,n/a,,,ou(/tw,23,76063,οὕτως,adverb,false,n/a,indeclform (adverb),to\,24,71882,ὁ,article,false,n/a,neut nom/voc/acc sg,nu=n,25,71308,νῦν,adverb,false,n/a,enclitic indeclform (adverb),h(mi=n,26,30657,ἐγώ,pronoun,false,n/a,masc/fem dat 1st pl,tou)nanti/on,27,34848,ἐναντίον,adverb,true,1.0,,,ei)=nai,28,31130,εἰμί,verb,false,n/a,,,martu/rion,29,65089,μαρτύριον,adjective,true,1.0,neut nom/voc/acc sg,o(/ti,30,75598,ὅστις,pronoun,false,0.33,neut nom/acc sg,a)lhqh=,31,4076,ἀληθής,adjective,false,n/a,,le/gomen,32,62204,λέγω,verb,true,0.33,,e)pei\,33,38466,ἐπεί,conjunction,false,n/a,indeclform (conj),e)/docan,34,27847,δοκέω,verb,false,n/a,aor ind act 3rd pl,au)toi=s,35,17907,αὐτός,pronoun,false,n/a,,a)dikei=n,36,1377,ἀδικέω,verb,false,n/a,,,tou=ton,37,76062,οὗτος,pronoun,false,n/a,masc acc sg,*)aqhnai=on,38,nlsj2565,Ἀθηναῖος,proper,false,n/a,,o)/nta,39,31130,εἰμί,verb,true,1.0,,kai\,40,51951,καί,conjunction,false,n/a,,,kuri/ws,41,61064,κυρίως,adverb,true,1.0,indeclform (adverb),prw=ton,42,90504,πρότερος,adjective,true,0.5,,e)ggrafe/nta,43,30006,ἐγγράφω,verb,false,n/a,,u(/steron,44,109757,ὕστερος,adjective,true,1.0,,e)calei/yantes,45,36644,ἐξαλείφω,verb,n/a,false,,,,,,,,,,,,,,,,,,,,,,,,,,,,,",",",",",",",",",",",",,,,,,,,,,,,,,,,,,masc nom/voc pl,aor ind act 3rd pl,,,,,,,,neut gen pl,fem gen pl,imperf ind mp 2nd sg (doric aeolic),pres imperat mp 2nd sg,,,,,,,,,,,,indeclform (adverb),pres inf act,,,,,,,,,,,,,,,,,,,,,,neut nom/voc/acc pl (attic epic doric),masc/fem/neut nom/voc/acc dual (doric aeolic),masc acc sg,neut nom/voc/acc sg,,,indeclform (conj),,,,,,pres inf act (attic epic doric),,,,,,,,,,,,,,pres subj act 1st sg (attic epic ionic),pres ind act 1st sg (attic epic doric ionic aeolic),imperf ind mp 2nd sg (homeric ionic),masc gen pl,masc/fem acc sg (attic epic doric),pres ind act 1st pl,imperf ind act 1st pl (homeric ionic),neut dat pl,masc dat pl,pres part act masc acc sg,pres part act neut nom/voc/acc pl,masc acc sg,neut nom/voc/acc sg,aor part pass neut nom/voc/acc pl,aor part pass masc acc sg,masc acc sg,neut nom/voc/acc sg,aor part act masc nom/voc pl,.
42,12,o(/ti,1,75598,ὅστις,pronoun,false,0.33,neut nom/acc sg,me\n,2,66260,false,n/a,ou)=n,3,75887,οὖν,particle,false,n/a,indeclform (particle),a)delfo\s,4,1211,ἀδελφός,adjective,false,n/a,masc nom sg,h(mw=n,5,30657,ἐγώ,pronoun,true,1.0,masc/fem gen 1st pl,e)stin,6,31130,εἰμί,verb,false,n/a,pres ind act 3rd sg,ou(tosi\,7,76062,οὗτος,pronoun,false,n/a,,,,*eu)fi/lhtos,8,nlsj5093,Εὐφίλητος,proper,false,n/a,masc nom sg,kai\,9,51951,καί,conjunction,false,n/a,,,poli/ths,10,84511,πολίτης,noun,false,n/a,,,u(me/teros,11,106696,ὑμέτερος,adjective,false,n/a,masc nom sg,kai\,12,51951,καί,conjunction,false,n/a,,,a)di/kws,13,1397,ἄδικος,adjective,false,n/a,,u(bri/sqh,14,106175,ὑβρίζω,verb,false,n/a,aor ind pass 3rd sg,aor ind pass 3rd sg (homeric ionic),u(po\,15,108092,ὑπό,preposition,false,n/a,,,,μέν,particle,indeclform (particle),,,masc nom/voc sg,indeclform (conj),masc nom sg,,,indeclform (conj),,indeclform (prep),tw=n,16,71882,ὁ,article,false,n/a,,e)n,17,34700,ἐν,preposition,true,0.5,,,,,tw=|,18,71882,ὁ,article,true,1.0,masc/neut dat sg,dh/mw|,19,24436,δῆμος,noun,false,n/a,,,susta/ntwn,20,100693,συνίστημι,verb,false,n/a,,i(kanw=s,21,50236,ἱκανός,adjective,true,1.0,adverbial,oi)/omai,22,72610,οἴομαι,verb,false,n/a,,,u(ma=s,23,97456,σύ,pronoun,true,1.0,acc 2nd pl,w)=,24,116027,ὦ,interjection,true,1.0,indeclform (exclam),a)/ndres,25,8665,ἀνήρ,noun,false,n/a,masc nom/voc pl,dikastai/,26,26921,δικαστής,noun,false,n/a,masc nom/voc pl,a)khkoe/nai,27,3398,ἀκούω,verb,false,n/a,,,,,,,,,,,,,,,,,,,,,,,,,,,,,,,,,,,,,,,,,,,,,,,,,,,,,,,,,,,,,,,,,,,,,,,,,,,,,,,,,,,,,,,,,,,,,,,,,,,,,,,,,,,,,,,,,,,,,,,,,,,,,,,,,,,,,,,,,,,,,,,,,,,,,,,,,,,,,,,,,,,,,,,,,,,,,,,,,",",",",",",",",.,,adverbial,masc/fem acc pl (doric),fem gen pl,masc/neut gen pl,proclitic indeclform (prep),,,,,,,,,,,,,masc dat sg,pres ind mp 1st sg,,,,,,,,,,,,,,,,aor part act masc/neut gen pl,aor imperat act 3rd pl,,,,,,perf inf act,,,,,,,,,,,,,,,,,,,,,,,,,,,,,,,,,,,,,,,,,,,,,,,,,,,,,,,,,,,,,,,,,,,

